id,strategy,gen,completed_at,elapsed_seconds,avg_he,avg_ne,avg_na,avg_ho,avg_fis,avg_oi,avg_ir,band_infr,band_norm,band_hfreq,num_breeders,num_breeding_sires,breed_suffix,replicate_num,total_alleles,litter_size,sires_per_dam,sire_mode
1,OI,1,"2026-07-13 08:34:03",5.9,0.536394,2.46312,6.0909,0.53863636,-0.00461818,0.277276,-0.026892,0.59701,0.11443,0.28856,200,100,dp,1,201,10,1,random
2,OI,2,"2026-07-13 08:34:08",10.7,0.564436,2.63965,5.9697,0.56378788,0.00056061,0.286264,-0.020508,0.57868,0.1066,0.31472,200,100,dp,1,197,10,1,random
3,OI,3,"2026-07-13 08:34:12",15.5,0.593927,2.82633,5.9091,0.59030303,0.00201818,0.308418,-0.015297,0.54359,0.13846,0.31795,200,100,dp,1,195,10,1,random
4,OI,4,"2026-07-13 08:34:17",20.3,0.620188,3.0106,5.8182,0.62212121,-0.00561515,0.353204,-0.02184,0.51563,0.16667,0.31771,200,100,dp,1,192,10,1,random
5,OI,5,"2026-07-13 08:34:22",25.3,0.644048,3.20481,5.7273,0.65015152,-0.01147273,0.405136,-0.025213,0.47619,0.1746,0.34921,200,100,dp,1,189,10,1,random
6,OI,6,"2026-07-13 08:34:27",30.3,0.667494,3.4032,5.6667,0.66590909,-0.00132121,0.401108,-0.012792,0.44385,0.22995,0.3262,200,100,dp,1,187,10,1,random
7,OI,7,"2026-07-13 08:34:34",36.8,0.689809,3.60243,5.6364,0.68106061,0.01303939,0.499272,-0.000548,0.41398,0.24731,0.33871,200,100,dp,1,186,10,1,random
8,OI,8,"2026-07-13 08:34:40",43.3,0.708021,3.78748,5.6364,0.71257576,-0.00361212,0.515496,-0.017111,0.39247,0.29032,0.3172,200,100,dp,1,186,10,1,random
9,OI,9,"2026-07-13 08:34:47",49.9,0.72577,4.01444,5.6364,0.72878788,-0.0046,0.593193,-0.014026,0.36022,0.30108,0.33871,200,100,dp,1,186,10,1,random
10,OI,10,"2026-07-13 08:34:54",56.7,0.739536,4.22599,5.6364,0.74924242,-0.01329394,0.607116,-0.020475,0.3172,0.34946,0.33333,200,100,dp,1,186,10,1,random
11,OI,11,"2026-07-13 08:35:00",63.5,0.751039,4.42299,5.6364,0.75515151,-0.00609697,0.654503,-0.011072,0.30108,0.41398,0.28495,200,100,dp,1,186,10,1,random
12,OI,12,"2026-07-13 08:35:07",70.4,0.76113,4.60748,5.6364,0.76590909,-0.00607273,0.762192,-0.011013,0.26344,0.44086,0.2957,200,100,dp,1,186,10,1,random
13,OI,13,"2026-07-13 08:35:14",77.2,0.768442,4.75225,5.6364,0.77318182,-0.0062303,0.779173,-0.009198,0.22581,0.50538,0.26882,200,100,dp,1,186,10,1,random
14,OI,14,"2026-07-13 08:35:21",84.2,0.776415,4.93744,5.6364,0.77545454,0.0018303,0.836389,-0.001932,0.19355,0.62366,0.1828,200,100,dp,1,186,10,1,random
15,OI,15,"2026-07-13 08:35:28",91,0.782439,5.08276,5.6364,0.78015151,0.00301515,1.10052,0.000776,0.16129,0.68817,0.15054,200,100,dp,1,186,10,1,random
16,OI,16,"2026-07-13 08:35:35",97.8,0.786688,5.19032,5.6364,0.7869697,-0.00079091,1.25316,-0.001306,0.12903,0.72043,0.15054,200,100,dp,1,186,10,1,random
17,OI,17,"2026-07-13 08:35:42",104.6,0.790527,5.29898,5.6364,0.79454546,-0.00544849,1.20954,-0.005917,0.10753,0.80108,0.0914,200,100,dp,1,186,10,1,random
18,OI,18,"2026-07-13 08:35:48",111.5,0.792458,5.35526,5.6364,0.78924242,0.00444848,1.66821,0.004409,0.09677,0.80108,0.10215,200,100,dp,1,186,10,1,random
19,OI,19,"2026-07-13 08:35:55",118.3,0.79437,5.42729,5.6364,0.78439394,0.0128,1.5292,0.012935,0.05914,0.88172,0.05914,200,100,dp,1,186,10,1,random
20,OI,20,"2026-07-13 08:36:02",125.1,0.795397,5.45056,5.6364,0.79348485,0.00180909,1.75979,0.003142,0.06989,0.86022,0.06989,200,100,dp,1,186,10,1,random
21,IR,1,"2026-07-13 08:36:11",5.8,0.520036,2.37637,6.1515,0.58151515,-0.1095,0.243692,-0.127808,0.62069,0.12315,0.25616,200,100,dp,1,203,10,1,random
22,IR,2,"2026-07-13 08:36:16",10.6,0.533403,2.43472,5.8182,0.59984848,-0.11643939,0.279517,-0.135185,0.59896,0.11979,0.28125,200,100,dp,1,192,10,1,random
23,IR,3,"2026-07-13 08:36:21",15.5,0.541833,2.46903,5.7273,0.61045454,-0.12235757,0.272614,-0.133083,0.59259,0.12169,0.28571,200,100,dp,1,189,10,1,random
24,IR,4,"2026-07-13 08:36:26",20.3,0.5524,2.52158,5.6061,0.61909091,-0.11428485,0.280246,-0.129508,0.58919,0.11351,0.2973,200,100,dp,1,185,10,1,random
25,IR,5,"2026-07-13 08:36:31",25.2,0.560718,2.55158,5.4848,0.62666667,-0.1127697,0.286105,-0.123797,0.58011,0.12155,0.29834,200,100,dp,1,181,10,1,random
26,IR,6,"2026-07-13 08:36:36",30.1,0.569397,2.58898,5.4242,0.63742424,-0.1157303,0.303618,-0.126494,0.55307,0.13966,0.30726,200,100,dp,1,179,10,1,random
27,IR,7,"2026-07-13 08:36:42",36.6,0.577164,2.63304,5.303,0.64833334,-0.12062727,0.297754,-0.129297,0.54857,0.13714,0.31429,200,100,dp,1,175,10,1,random
28,IR,8,"2026-07-13 08:36:49",43.1,0.586242,2.67794,5.2121,0.66060606,-0.12651515,0.315169,-0.133852,0.52907,0.13953,0.3314,200,100,dp,1,172,10,1,random
29,IR,9,"2026-07-13 08:36:56",50,0.595352,2.71407,5.1515,0.66636364,-0.11844849,0.3107,-0.126124,0.52353,0.15882,0.31765,200,100,dp,1,170,10,1,random
30,IR,10,"2026-07-13 08:37:03",56.8,0.601991,2.76293,5.1212,0.67772727,-0.1243697,0.340099,-0.130284,0.50888,0.1716,0.31953,200,100,dp,1,169,10,1,random
31,IR,11,"2026-07-13 08:37:09",63.5,0.609191,2.80265,5.1212,0.68090909,-0.11430909,0.354786,-0.122741,0.50888,0.14793,0.3432,200,100,dp,1,169,10,1,random
32,IR,12,"2026-07-13 08:37:16",70.3,0.614824,2.8346,5.0606,0.68772728,-0.11752424,0.317212,-0.12213,0.50299,0.16168,0.33533,200,100,dp,1,167,10,1,random
33,IR,13,"2026-07-13 08:37:23",76.9,0.620739,2.85956,5.0606,0.69878788,-0.12845455,0.36299,-0.129464,0.49701,0.17365,0.32934,200,100,dp,1,167,10,1,random
34,IR,14,"2026-07-13 08:37:29",83.6,0.623097,2.87299,5.0303,0.70090909,-0.12485455,0.372456,-0.12565,0.49398,0.1747,0.33133,200,100,dp,1,166,10,1,random
35,IR,15,"2026-07-13 08:37:36",90.3,0.627958,2.89504,5.0303,0.70939394,-0.13020606,0.380989,-0.132509,0.51205,0.14458,0.34337,200,100,dp,1,166,10,1,random
36,IR,16,"2026-07-13 08:37:43",97,0.632164,2.9176,4.9394,0.70393939,-0.11122424,0.381962,-0.115818,0.48466,0.17178,0.34356,200,100,dp,1,163,10,1,random
37,IR,17,"2026-07-13 08:37:50",103.8,0.63683,2.94814,4.9394,0.7239394,-0.13661515,0.397955,-0.139909,0.47853,0.16564,0.35583,200,100,dp,1,163,10,1,random
38,IR,18,"2026-07-13 08:37:56",110.6,0.639948,2.97021,4.8788,0.71121212,-0.11240909,0.386153,-0.112987,0.47205,0.16149,0.36646,200,100,dp,1,161,10,1,random
39,IR,19,"2026-07-13 08:38:03",117.3,0.644609,3.00264,4.8485,0.72075757,-0.12055455,0.385813,-0.121295,0.475,0.15625,0.36875,200,100,dp,1,160,10,1,random
40,IR,20,"2026-07-13 08:38:10",124.2,0.649867,3.04161,4.7879,0.72818182,-0.11990909,0.396464,-0.124191,0.4557,0.17089,0.37342,200,100,dp,1,158,10,1,random
41,AGR,1,"2026-07-13 08:38:19",8,0.531618,2.45268,6.0606,0.49045454,0.07254242,0.258589,0.061831,0.615,0.095,0.29,200,100,dp,1,200,10,1,random
42,AGR,2,"2026-07-13 08:38:26",15.2,0.555376,2.5887,5.9091,0.51333333,0.0693697,0.262377,0.059244,0.58974,0.11282,0.29744,200,100,dp,1,195,10,1,random
43,AGR,3,"2026-07-13 08:38:33",22.4,0.576655,2.75001,5.8788,0.53363637,0.06807576,0.298109,0.061089,0.57216,0.12371,0.30412,200,100,dp,1,194,10,1,random
44,AGR,4,"2026-07-13 08:38:41",29.8,0.596164,2.9018,5.8485,0.55924242,0.05887273,0.318263,0.049625,0.55959,0.11399,0.32642,200,100,dp,1,193,10,1,random
45,AGR,5,"2026-07-13 08:38:48",37.1,0.615782,3.06021,5.8182,0.57287879,0.0638303,0.325159,0.057619,0.54167,0.11979,0.33854,200,100,dp,1,192,10,1,random
46,AGR,6,"2026-07-13 08:38:55",44.3,0.634139,3.22152,5.7273,0.59409091,0.06076061,0.340369,0.051876,0.5291,0.12169,0.34921,200,100,dp,1,189,10,1,random
47,AGR,7,"2026-07-13 08:39:04",53.3,0.652521,3.41311,5.7273,0.60106061,0.07509091,0.379093,0.068222,0.49735,0.13757,0.36508,200,100,dp,1,189,10,1,random
48,AGR,8,"2026-07-13 08:39:13",62.4,0.668721,3.59382,5.7273,0.63075757,0.05751515,0.383267,0.047233,0.47619,0.1746,0.34921,200,100,dp,1,189,10,1,random
49,AGR,9,"2026-07-13 08:39:22",71.4,0.685473,3.79449,5.7273,0.64166667,0.06617576,0.448665,0.054311,0.42328,0.21693,0.35979,200,100,dp,1,189,10,1,random
50,AGR,10,"2026-07-13 08:39:32",80.6,0.699258,3.99385,5.697,0.65318181,0.06645151,0.454331,0.058548,0.40426,0.24468,0.35106,200,100,dp,1,188,10,1,random
51,AGR,11,"2026-07-13 08:39:41",89.7,0.71207,4.17188,5.697,0.67984849,0.0432303,0.519613,0.038406,0.37766,0.28191,0.34043,200,100,dp,1,188,10,1,random
52,AGR,12,"2026-07-13 08:39:50",98.8,0.723942,4.35705,5.697,0.67939394,0.06584849,0.554321,0.055427,0.3617,0.29255,0.34574,200,100,dp,1,188,10,1,random
53,AGR,13,"2026-07-13 08:39:59",108.1,0.734203,4.49816,5.697,0.69181818,0.05912727,0.576167,0.052831,0.33511,0.33511,0.32979,200,100,dp,1,188,10,1,random
54,AGR,14,"2026-07-13 08:40:09",118,0.745006,4.66469,5.697,0.70106061,0.06423939,0.628298,0.053525,0.30319,0.3883,0.30851,200,100,dp,1,188,10,1,random
55,AGR,15,"2026-07-13 08:40:18",127.3,0.756218,4.83096,5.697,0.71181818,0.05938788,0.711702,0.053247,0.26064,0.46277,0.2766,200,100,dp,1,188,10,1,random
56,AGR,16,"2026-07-13 08:40:28",136.6,0.764576,4.97462,5.697,0.72181818,0.0600697,0.792988,0.052336,0.24468,0.5266,0.22872,200,100,dp,1,188,10,1,random
57,AGR,17,"2026-07-13 08:40:37",145.9,0.772691,5.09809,5.697,0.74151516,0.04133333,0.914917,0.036926,0.22872,0.58511,0.18617,200,100,dp,1,188,10,1,random
58,AGR,18,"2026-07-13 08:40:46",155.2,0.779336,5.21522,5.697,0.74287879,0.04882424,1.06646,0.044103,0.19681,0.64894,0.15426,200,100,dp,1,188,10,1,random
59,AGR,19,"2026-07-13 08:40:56",164.6,0.785149,5.32718,5.697,0.73333333,0.06851818,1.20862,0.063692,0.14362,0.71809,0.1383,200,100,dp,1,188,10,1,random
60,AGR,20,"2026-07-13 08:41:05",174.4,0.790012,5.41892,5.697,0.73909091,0.06843939,1.2031,0.063013,0.12766,0.78723,0.08511,200,100,dp,1,188,10,1,random
61,RANDOM,1,"2026-07-13 08:41:16",5.5,0.510942,2.32229,5.9697,0.51106061,0.00479091,0.232025,0.000182,0.61929,0.10152,0.27919,200,100,dp,1,197,10,1,random
62,RANDOM,2,"2026-07-13 08:41:20",9.9,0.513197,2.34523,5.8182,0.50848485,0.00462727,0.232447,0.010386,0.60938,0.09896,0.29167,200,100,dp,1,192,10,1,random
63,RANDOM,3,"2026-07-13 08:41:25",14.6,0.503109,2.28946,5.697,0.50484848,-0.0034,0.218199,0.00996,0.62234,0.09043,0.28723,200,100,dp,1,188,10,1,random
64,RANDOM,4,"2026-07-13 08:41:29",19,0.504452,2.30377,5.5152,0.50969697,-0.01370909,0.238358,-0.007835,0.60989,0.0989,0.29121,200,100,dp,1,182,10,1,random
65,RANDOM,5,"2026-07-13 08:41:34",23.5,0.506521,2.30278,5.303,0.50560606,-0.00179697,0.246161,0.003759,0.58857,0.12,0.29143,200,100,dp,1,175,10,1,random
66,RANDOM,6,"2026-07-13 08:41:38",28,0.50593,2.30101,5.2121,0.51015152,-0.01014545,0.25557,-0.005108,0.5814,0.12791,0.2907,200,100,dp,1,172,10,1,random
67,RANDOM,7,"2026-07-13 08:41:44",34.3,0.502167,2.28195,5.0909,0.50651515,-0.00457273,0.259444,-0.001702,0.58333,0.11905,0.29762,200,100,dp,1,168,10,1,random
68,RANDOM,8,"2026-07-13 08:41:51",40.4,0.499433,2.26168,5.0606,0.49787879,0.00342424,0.256918,0.008791,0.58084,0.12575,0.29341,200,100,dp,1,167,10,1,random
69,RANDOM,9,"2026-07-13 08:41:57",46.8,0.497415,2.25032,5.0606,0.49287879,0.01114849,0.265605,0.013994,0.5988,0.11377,0.28743,200,100,dp,1,167,10,1,random
70,RANDOM,10,"2026-07-13 08:42:03",53.2,0.4956,2.24936,4.8788,0.48984848,0.00642727,0.277046,0.01748,0.60248,0.09938,0.29814,200,100,dp,1,161,10,1,random
71,RANDOM,11,"2026-07-13 08:42:10",59.6,0.497033,2.25904,4.8182,0.5,-0.00955455,0.289089,-0.004134,0.59748,0.10063,0.30189,200,100,dp,1,159,10,1,random
72,RANDOM,12,"2026-07-13 08:42:16",66,0.497739,2.27167,4.8182,0.49863636,-0.00760606,0.291217,0.001662,0.57233,0.13208,0.2956,200,100,dp,1,159,10,1,random
73,RANDOM,13,"2026-07-13 08:42:23",72.5,0.492876,2.25051,4.7576,0.49893939,-0.01084545,0.30274,-0.00433,0.58599,0.12102,0.29299,200,100,dp,1,157,10,1,random
74,RANDOM,14,"2026-07-13 08:42:29",78.7,0.490645,2.23246,4.7576,0.48893939,0.00575758,0.30376,0.00817,0.57325,0.14013,0.28662,200,100,dp,1,157,10,1,random
75,RANDOM,15,"2026-07-13 08:42:35",85.1,0.488648,2.23036,4.7576,0.48515151,0.01180909,0.319673,0.013606,0.59236,0.10828,0.29936,200,100,dp,1,157,10,1,random
76,RANDOM,16,"2026-07-13 08:42:42",91.5,0.483767,2.22871,4.6667,0.47787879,0.01306061,0.292566,0.020931,0.58442,0.11039,0.30519,200,100,dp,1,154,10,1,random
77,RANDOM,17,"2026-07-13 08:42:48",97.9,0.482088,2.22968,4.5758,0.48590909,-0.01007576,0.286083,-0.001853,0.5894,0.09272,0.31788,200,100,dp,1,151,10,1,random
78,RANDOM,18,"2026-07-13 08:42:54",104.3,0.479945,2.22885,4.5455,0.48181818,-0.00985455,0.281217,0.002282,0.58,0.11333,0.30667,200,100,dp,1,150,10,1,random
79,RANDOM,19,"2026-07-13 08:43:01",110.8,0.480979,2.23693,4.5455,0.48333333,-0.0038697,0.296903,-0.002365,0.57333,0.13333,0.29333,200,100,dp,1,150,10,1,random
80,RANDOM,20,"2026-07-13 08:43:07",117.4,0.482048,2.24415,4.4242,0.48121212,0.0092303,0.326019,0.003937,0.55479,0.15753,0.28767,200,100,dp,1,146,10,1,random
81,OI,1,"2026-07-13 08:46:48",4.9,0.538367,2.50896,5.9091,0.54969697,-0.01503636,0.283432,-0.045644,0.6,0.10769,0.29231,200,100,dp,2,195,10,1,random
82,OI,2,"2026-07-13 08:46:52",9.3,0.566361,2.67694,5.7576,0.56878788,-0.00450606,0.314581,-0.025729,0.55263,0.14211,0.30526,200,100,dp,2,190,10,1,random
83,OI,3,"2026-07-13 08:46:57",13.8,0.597294,2.86651,5.5758,0.59863636,-0.00133939,0.362061,-0.025336,0.53261,0.15217,0.31522,200,100,dp,2,184,10,1,random
84,OI,4,"2026-07-13 08:47:01",18.3,0.621785,3.04329,5.5152,0.62484848,-0.00687576,0.419749,-0.021803,0.50549,0.15385,0.34066,200,100,dp,2,182,10,1,random
85,OI,5,"2026-07-13 08:47:06",22.9,0.64567,3.24659,5.4848,0.65060606,-0.00469091,0.414898,-0.02373,0.46961,0.22099,0.30939,200,100,dp,2,181,10,1,random
86,OI,6,"2026-07-13 08:47:11",27.5,0.666964,3.46256,5.4545,0.66454545,0.00365758,0.535241,-0.009683,0.43333,0.21667,0.35,200,100,dp,2,180,10,1,random
87,OI,7,"2026-07-13 08:47:17",33.7,0.686209,3.69472,5.4545,0.69333333,-0.01199394,0.508455,-0.022263,0.39444,0.25556,0.35,200,100,dp,2,180,10,1,random
88,OI,8,"2026-07-13 08:47:23",39.8,0.704033,3.90933,5.4545,0.70772727,-0.00531212,0.537477,-0.015908,0.36111,0.31667,0.32222,200,100,dp,2,180,10,1,random
89,OI,9,"2026-07-13 08:47:29",46.2,0.718909,4.10434,5.4545,0.71969697,-0.00166061,0.638948,-0.009334,0.33889,0.37222,0.28889,200,100,dp,2,180,10,1,random
90,OI,10,"2026-07-13 08:47:36",52.7,0.733739,4.30652,5.4545,0.74196969,-0.01101212,0.736759,-0.018972,0.27778,0.45,0.27222,200,100,dp,2,180,10,1,random
91,OI,11,"2026-07-13 08:47:42",59.1,0.743958,4.48336,5.4545,0.74439394,0.00006667,0.761467,-0.005371,0.24444,0.52222,0.23333,200,100,dp,2,180,10,1,random
92,OI,12,"2026-07-13 08:47:49",65.5,0.7536,4.63458,5.4545,0.75939394,-0.00699697,0.84054,-0.012275,0.20556,0.58889,0.20556,200,100,dp,2,180,10,1,random
93,OI,13,"2026-07-13 08:47:55",71.9,0.762033,4.79306,5.4545,0.75545454,0.009,0.926392,0.005193,0.18889,0.6,0.21111,200,100,dp,2,180,10,1,random
94,OI,14,"2026-07-13 08:48:01",78.1,0.767812,4.90638,5.4545,0.78303031,-0.01873333,0.965636,-0.021777,0.13889,0.72778,0.13333,200,100,dp,2,180,10,1,random
95,OI,15,"2026-07-13 08:48:08",84.5,0.774288,5.0041,5.4545,0.77242424,0.00234545,1.14354,-0.000099,0.14444,0.7,0.15556,200,100,dp,2,180,10,1,random
96,OI,16,"2026-07-13 08:48:14",91.1,0.778739,5.10218,5.4545,0.77848485,0.00071212,1.19509,-0.00104,0.11667,0.78889,0.09444,200,100,dp,2,180,10,1,random
97,OI,17,"2026-07-13 08:48:21",97.5,0.781997,5.17338,5.4545,0.79090909,-0.00948788,1.54931,-0.011853,0.08333,0.83333,0.08333,200,100,dp,2,180,10,1,random
98,OI,18,"2026-07-13 08:48:27",104,0.784652,5.23965,5.4545,0.79136364,-0.00924242,1.49172,-0.008692,0.06111,0.85556,0.08333,200,100,dp,2,180,10,1,random
99,OI,19,"2026-07-13 08:48:33",110.4,0.786161,5.28122,5.4545,0.78469697,0.00281515,1.42763,0.002768,0.06111,0.86111,0.07778,200,100,dp,2,180,10,1,random
100,OI,20,"2026-07-13 08:48:40",116.8,0.788176,5.34139,5.4545,0.79454545,-0.00762424,1.55717,-0.007727,0.03333,0.94444,0.02222,200,100,dp,2,180,10,1,random
101,IR,1,"2026-07-13 08:48:50",5.2,0.520658,2.40381,5.9394,0.5809091,-0.10449697,0.246219,-0.125098,0.63265,0.07653,0.29082,200,100,dp,2,196,10,1,random
102,IR,2,"2026-07-13 08:48:55",10.1,0.530206,2.44664,5.697,0.5980303,-0.11633636,0.250465,-0.135984,0.60638,0.09043,0.30319,200,100,dp,2,188,10,1,random
103,IR,3,"2026-07-13 08:49:00",15.1,0.537194,2.48181,5.6364,0.60333333,-0.11511818,0.249626,-0.128816,0.60753,0.08602,0.30645,200,100,dp,2,186,10,1,random
104,IR,4,"2026-07-13 08:49:05",20,0.545721,2.5183,5.5455,0.61666667,-0.12337576,0.259805,-0.137422,0.60109,0.08197,0.31694,200,100,dp,2,183,10,1,random
105,IR,5,"2026-07-13 08:49:10",25,0.556152,2.57964,5.5152,0.62560606,-0.11686364,0.268072,-0.133859,0.58791,0.08791,0.32418,200,100,dp,2,182,10,1,random
106,IR,6,"2026-07-13 08:49:15",29.9,0.564236,2.63492,5.3939,0.62909091,-0.11134545,0.269364,-0.121257,0.57303,0.10112,0.32584,200,100,dp,2,178,10,1,random
107,IR,7,"2026-07-13 08:49:21",36.4,0.573942,2.68915,5.2727,0.64166667,-0.10982727,0.301035,-0.125645,0.56322,0.11494,0.32184,200,100,dp,2,174,10,1,random
108,IR,8,"2026-07-13 08:49:27",42.8,0.579239,2.72496,5.2727,0.64469697,-0.10883939,0.327155,-0.116486,0.55172,0.1092,0.33908,200,100,dp,2,174,10,1,random
109,IR,9,"2026-07-13 08:49:34",49.6,0.587064,2.76022,5.2121,0.65969696,-0.12330303,0.309563,-0.12948,0.53488,0.13953,0.32558,200,100,dp,2,172,10,1,random
110,IR,10,"2026-07-13 08:49:41",56.3,0.5935,2.78971,5.1818,0.66909091,-0.12387879,0.341374,-0.131693,0.52047,0.15789,0.32164,200,100,dp,2,171,10,1,random
111,IR,11,"2026-07-13 08:49:48",63,0.601812,2.83344,5.0909,0.67636364,-0.12251212,0.355622,-0.129976,0.51786,0.14881,0.33333,200,100,dp,2,168,10,1,random
112,IR,12,"2026-07-13 08:49:54",69.8,0.60927,2.86712,5.0606,0.68106061,-0.11790303,0.359548,-0.123308,0.50299,0.16168,0.33533,200,100,dp,2,167,10,1,random
113,IR,13,"2026-07-13 08:50:01",76.7,0.615152,2.89866,5.0303,0.69530303,-0.12935758,0.368807,-0.134674,0.50602,0.14458,0.3494,200,100,dp,2,166,10,1,random
114,IR,14,"2026-07-13 08:50:09",84.5,0.620955,2.92686,5.0303,0.69287879,-0.11592727,0.349503,-0.119826,0.49398,0.16265,0.34337,200,100,dp,2,166,10,1,random
115,IR,15,"2026-07-13 08:50:16",91.5,0.63013,2.97562,5,0.70969697,-0.12738788,0.381134,-0.13337,0.47879,0.19394,0.32727,200,100,dp,2,165,10,1,random
116,IR,16,"2026-07-13 08:50:23",98.2,0.637324,3.01595,4.9394,0.70893939,-0.11464545,0.447375,-0.117325,0.45399,0.20859,0.33742,200,100,dp,2,163,10,1,random
117,IR,17,"2026-07-13 08:50:30",105.1,0.642642,3.02201,4.9091,0.72212121,-0.12721515,0.424419,-0.126669,0.44444,0.24074,0.31481,200,100,dp,2,162,10,1,random
118,IR,18,"2026-07-13 08:50:37",112.1,0.647739,3.04684,4.8788,0.72651515,-0.12493939,0.477436,-0.124674,0.43478,0.2236,0.34161,200,100,dp,2,161,10,1,random
119,IR,19,"2026-07-13 08:50:44",119,0.651376,3.06228,4.8485,0.73045454,-0.12429697,0.430342,-0.123312,0.43125,0.225,0.34375,200,100,dp,2,160,10,1,random
120,IR,20,"2026-07-13 08:50:51",125.9,0.656276,3.09291,4.8485,0.72242424,-0.10291515,0.436669,-0.10372,0.43125,0.23125,0.3375,200,100,dp,2,160,10,1,random
121,AGR,1,"2026-07-13 08:51:01",6.9,0.528936,2.45283,5.9394,0.48909091,0.06692727,0.261145,0.062267,0.62245,0.08163,0.29592,200,100,dp,2,196,10,1,random
122,AGR,2,"2026-07-13 08:51:07",13.5,0.55283,2.60475,5.8182,0.51015151,0.06949091,0.278899,0.060373,0.59896,0.08333,0.31771,200,100,dp,2,192,10,1,random
123,AGR,3,"2026-07-13 08:51:14",20.3,0.571882,2.75408,5.7273,0.52318182,0.07808485,0.281223,0.073505,0.57143,0.09524,0.33333,200,100,dp,2,189,10,1,random
124,AGR,4,"2026-07-13 08:51:21",27,0.588736,2.8994,5.7273,0.54727273,0.06695455,0.290023,0.060016,0.56085,0.09524,0.34392,200,100,dp,2,189,10,1,random
125,AGR,5,"2026-07-13 08:51:28",33.7,0.606821,3.06066,5.697,0.54833334,0.0857303,0.307831,0.085686,0.54787,0.10106,0.35106,200,100,dp,2,188,10,1,random
126,AGR,6,"2026-07-13 08:51:34",40.4,0.622224,3.21149,5.6364,0.58469697,0.05692727,0.328089,0.051001,0.52688,0.10753,0.36559,200,100,dp,2,186,10,1,random
127,AGR,7,"2026-07-13 08:51:43",49,0.641364,3.4048,5.6364,0.59166667,0.07719697,0.356243,0.066119,0.47849,0.16129,0.36022,200,100,dp,2,186,10,1,random
128,AGR,8,"2026-07-13 08:51:51",57.4,0.657273,3.58246,5.6364,0.62090909,0.05542424,0.391443,0.045986,0.48387,0.13978,0.37634,200,100,dp,2,186,10,1,random
129,AGR,9,"2026-07-13 08:52:00",66.1,0.671488,3.75195,5.6364,0.62954545,0.05988182,0.406753,0.054848,0.44086,0.19355,0.36559,200,100,dp,2,186,10,1,random
130,AGR,10,"2026-07-13 08:52:09",75,0.684227,3.93225,5.6364,0.62863636,0.08407879,0.448783,0.074651,0.43011,0.19892,0.37097,200,100,dp,2,186,10,1,random
131,AGR,11,"2026-07-13 08:52:18",83.8,0.695848,4.0823,5.6364,0.63909091,0.08559091,0.478617,0.075755,0.37634,0.26882,0.35484,200,100,dp,2,186,10,1,random
132,AGR,12,"2026-07-13 08:52:27",92.7,0.709212,4.23047,5.6364,0.66060606,0.06871212,0.515503,0.061363,0.34409,0.3172,0.33871,200,100,dp,2,186,10,1,random
133,AGR,13,"2026-07-13 08:52:35",101.6,0.719821,4.36948,5.6364,0.66924243,0.07322424,0.566737,0.064809,0.32258,0.3871,0.29032,200,100,dp,2,186,10,1,random
134,AGR,14,"2026-07-13 08:52:44",110.3,0.731936,4.50191,5.6364,0.68636363,0.06750303,0.694089,0.056057,0.30108,0.3871,0.31183,200,100,dp,2,186,10,1,random
135,AGR,15,"2026-07-13 08:52:53",119.1,0.743794,4.65731,5.6364,0.70742424,0.04944242,0.703292,0.043096,0.27419,0.47312,0.25269,200,100,dp,2,186,10,1,random
136,AGR,16,"2026-07-13 08:53:02",128,0.752297,4.78722,5.6364,0.7,0.07387273,0.833334,0.065828,0.25269,0.5,0.24731,200,100,dp,2,186,10,1,random
137,AGR,17,"2026-07-13 08:53:11",137,0.759782,4.91558,5.6364,0.71378788,0.06307273,0.903583,0.057242,0.22043,0.58065,0.19892,200,100,dp,2,186,10,1,random
138,AGR,18,"2026-07-13 08:53:20",145.8,0.76623,5.02966,5.6364,0.71575758,0.06956364,1.02768,0.063261,0.18817,0.65054,0.16129,200,100,dp,2,186,10,1,random
139,AGR,19,"2026-07-13 08:53:29",154.6,0.773088,5.13717,5.6364,0.72651515,0.06349091,1.12944,0.05732,0.16667,0.69892,0.13441,200,100,dp,2,186,10,1,random
140,AGR,20,"2026-07-13 08:53:37",163.4,0.777915,5.22997,5.6364,0.73181819,0.0626,1.24771,0.057512,0.12366,0.76344,0.1129,200,100,dp,2,186,10,1,random
141,RANDOM,1,"2026-07-13 08:53:46",4.6,0.506909,2.33109,5.6667,0.50712121,0.00286667,0.234824,0.004505,0.62567,0.08021,0.29412,200,100,dp,2,187,10,1,random
142,RANDOM,2,"2026-07-13 08:53:50",8.6,0.508879,2.33739,5.4848,0.50878788,0.00148485,0.240764,0.001289,0.60221,0.1105,0.28729,200,100,dp,2,181,10,1,random
143,RANDOM,3,"2026-07-13 08:53:54",12.8,0.508997,2.33222,5.2424,0.49954545,0.02143939,0.259095,0.021135,0.59538,0.12139,0.28324,200,100,dp,2,173,10,1,random
144,RANDOM,4,"2026-07-13 08:53:58",17.1,0.510158,2.33177,5.2121,0.51333333,-0.0035697,0.289313,-0.004664,0.59302,0.12209,0.28488,200,100,dp,2,172,10,1,random
145,RANDOM,5,"2026-07-13 08:54:03",21.3,0.508409,2.31851,5.0606,0.50681818,-0.00002727,0.286943,0.007939,0.58683,0.11377,0.2994,200,100,dp,2,167,10,1,random
146,RANDOM,6,"2026-07-13 08:54:07",25.6,0.507982,2.31943,5,0.51030303,-0.00724848,0.271938,-0.000958,0.58182,0.11515,0.30303,200,100,dp,2,165,10,1,random
147,RANDOM,7,"2026-07-13 08:54:13",31.4,0.508682,2.32102,4.8182,0.51181818,-0.00317273,0.274772,-0.003752,0.58491,0.12579,0.28931,200,100,dp,2,159,10,1,random
148,RANDOM,8,"2026-07-13 08:54:18",37.2,0.506476,2.31862,4.7576,0.50393939,0.00638788,0.315783,0.010447,0.59236,0.10191,0.30573,200,100,dp,2,157,10,1,random
149,RANDOM,9,"2026-07-13 08:54:24",43.2,0.502503,2.30481,4.7273,0.50484848,-0.00308182,0.290319,0.001392,0.59615,0.08974,0.3141,200,100,dp,2,156,10,1,random
150,RANDOM,10,"2026-07-13 08:54:31",49.3,0.503091,2.30433,4.7273,0.49378788,0.01947879,0.28317,0.020934,0.58974,0.09615,0.3141,200,100,dp,2,156,10,1,random
151,RANDOM,11,"2026-07-13 08:54:37",55.5,0.501597,2.29187,4.6667,0.49757576,0.00665151,0.277339,0.012273,0.57792,0.1039,0.31818,200,100,dp,2,154,10,1,random
152,RANDOM,12,"2026-07-13 08:54:43",61.8,0.501927,2.28803,4.6667,0.50606061,-0.01299697,0.273953,-0.005264,0.59091,0.09091,0.31818,200,100,dp,2,154,10,1,random
153,RANDOM,13,"2026-07-13 08:54:49",67.9,0.503527,2.30008,4.6667,0.5080303,-0.0104303,0.28414,-0.007554,0.58442,0.0974,0.31818,200,100,dp,2,154,10,1,random
154,RANDOM,14,"2026-07-13 08:54:55",73.9,0.503079,2.30032,4.6364,0.50893939,-0.01594849,0.281726,-0.009186,0.58824,0.10458,0.30719,200,100,dp,2,153,10,1,random
155,RANDOM,15,"2026-07-13 08:55:01",80.1,0.503006,2.31914,4.6364,0.5110606,-0.01649394,0.303934,-0.013293,0.5817,0.10458,0.31373,200,100,dp,2,153,10,1,random
156,RANDOM,16,"2026-07-13 08:55:08",86.4,0.502164,2.32329,4.5758,0.50969697,-0.0123303,0.295957,-0.010922,0.57616,0.10596,0.31788,200,100,dp,2,151,10,1,random
157,RANDOM,17,"2026-07-13 08:55:14",92.5,0.503088,2.32265,4.5758,0.50454545,0.0085,0.297364,-0.001207,0.58278,0.10596,0.31126,200,100,dp,2,151,10,1,random
158,RANDOM,18,"2026-07-13 08:55:20",98.6,0.501091,2.33274,4.4848,0.49818181,0.0004303,0.311159,0.0109,0.57432,0.08784,0.33784,200,100,dp,2,148,10,1,random
159,RANDOM,19,"2026-07-13 08:55:26",104.8,0.499555,2.33602,4.4242,0.50106061,-0.00835758,0.280501,0.001163,0.55479,0.10959,0.33562,200,100,dp,2,146,10,1,random
160,RANDOM,20,"2026-07-13 08:55:32",110.9,0.503736,2.34885,4.3939,0.50590909,-0.00306364,0.29706,-0.005996,0.56552,0.08966,0.34483,200,100,dp,2,145,10,1,random
161,OI,1,"2026-07-13 09:02:30",5.3,0.5313,2.44579,5.9394,0.54530303,-0.02372121,0.281753,-0.050364,0.59184,0.13265,0.27551,200,100,dp,3,196,10,1,random
162,OI,2,"2026-07-13 09:02:35",10.1,0.563518,2.61687,5.8485,0.56181818,-0.00308182,0.331967,-0.021893,0.56995,0.1399,0.29016,200,100,dp,3,193,10,1,random
163,OI,3,"2026-07-13 09:02:40",14.9,0.592373,2.79897,5.8182,0.59742424,-0.00657576,0.364456,-0.029802,0.55208,0.14063,0.30729,200,100,dp,3,192,10,1,random
164,OI,4,"2026-07-13 09:02:45",19.7,0.617064,2.96979,5.8182,0.6230303,-0.00933636,0.386152,-0.027441,0.52604,0.1875,0.28646,200,100,dp,3,192,10,1,random
165,OI,5,"2026-07-13 09:02:50",24.5,0.642906,3.16333,5.7576,0.63984849,0.00757879,0.478188,-0.012227,0.51579,0.15789,0.32632,200,100,dp,3,190,10,1,random
166,OI,6,"2026-07-13 09:02:54",29.4,0.667518,3.39645,5.7273,0.66060606,0.00739697,0.465106,-0.005304,0.46561,0.19048,0.34392,200,100,dp,3,189,10,1,random
167,OI,7,"2026-07-13 09:03:01",36,0.68963,3.66207,5.7273,0.68833333,0.00011818,0.479676,-0.011376,0.4127,0.26455,0.32275,200,100,dp,3,189,10,1,random
168,OI,8,"2026-07-13 09:03:08",42.6,0.710285,3.92184,5.697,0.70621212,0.00416061,0.577822,-0.006201,0.37766,0.27128,0.35106,200,100,dp,3,188,10,1,random
169,OI,9,"2026-07-13 09:03:15",49.5,0.725545,4.13094,5.697,0.73106061,-0.00825454,0.567482,-0.016198,0.36702,0.27128,0.3617,200,100,dp,3,188,10,1,random
170,OI,10,"2026-07-13 09:03:21",56.4,0.738151,4.33993,5.697,0.74590909,-0.01241515,0.589598,-0.017171,0.34574,0.32979,0.32447,200,100,dp,3,188,10,1,random
171,OI,11,"2026-07-13 09:03:28",63.3,0.750755,4.56446,5.697,0.75878788,-0.01332727,0.695041,-0.017156,0.28723,0.45745,0.25532,200,100,dp,3,188,10,1,random
172,OI,12,"2026-07-13 09:03:35",70.2,0.761279,4.78202,5.697,0.76621212,-0.00659394,0.8718,-0.011463,0.26596,0.48404,0.25,200,100,dp,3,188,10,1,random
173,OI,13,"2026-07-13 09:03:42",77,0.768994,4.93721,5.697,0.77363636,-0.00670909,0.925052,-0.009407,0.21277,0.59043,0.19681,200,100,dp,3,188,10,1,random
174,OI,14,"2026-07-13 09:03:49",83.8,0.776591,5.09617,5.697,0.76742424,0.01034848,1.02806,0.008656,0.19681,0.65957,0.14362,200,100,dp,3,188,10,1,random
175,OI,15,"2026-07-13 09:03:56",90.6,0.781764,5.24715,5.697,0.78484848,-0.00443939,1.3134,-0.005777,0.17021,0.69149,0.1383,200,100,dp,3,188,10,1,random
176,OI,16,"2026-07-13 09:04:03",97.5,0.786327,5.37729,5.697,0.79242425,-0.0075,1.36168,-0.009194,0.09574,0.78723,0.11702,200,100,dp,3,188,10,1,random
177,OI,17,"2026-07-13 09:04:09",104.3,0.789594,5.4626,5.697,0.78,0.01175152,1.27455,0.011654,0.08511,0.83511,0.07979,200,100,dp,3,188,10,1,random
178,OI,18,"2026-07-13 09:04:16",111.2,0.792,5.50545,5.697,0.78742425,0.00705151,1.65268,0.006,0.05851,0.89362,0.04787,200,100,dp,3,188,10,1,random
179,OI,19,"2026-07-13 09:04:23",118,0.793303,5.54649,5.697,0.79651515,-0.00279697,2.06131,-0.003556,0.04255,0.92021,0.03723,200,100,dp,3,188,10,1,random
180,OI,20,"2026-07-13 09:04:30",124.9,0.794291,5.55793,5.697,0.78181818,0.01529091,2.19911,0.017024,0.05319,0.90957,0.03723,200,100,dp,3,188,10,1,random
181,IR,1,"2026-07-13 09:04:40",5.5,0.510745,2.34351,5.8485,0.57151515,-0.10886364,0.24268,-0.125805,0.6114,0.11917,0.26943,200,100,dp,3,193,10,1,random
182,IR,2,"2026-07-13 09:04:45",10.6,0.525109,2.39152,5.7879,0.58590909,-0.1059697,0.278818,-0.128106,0.60733,0.11518,0.27749,200,100,dp,3,191,10,1,random
183,IR,3,"2026-07-13 09:04:50",15.6,0.536715,2.43436,5.7576,0.60318182,-0.11629697,0.288108,-0.133781,0.61053,0.10526,0.28421,200,100,dp,3,190,10,1,random
184,IR,4,"2026-07-13 09:04:55",20.7,0.549745,2.49939,5.6667,0.61772727,-0.11318788,0.298201,-0.134836,0.59358,0.1123,0.29412,200,100,dp,3,187,10,1,random
185,IR,5,"2026-07-13 09:05:00",25.9,0.559748,2.55146,5.6364,0.62257576,-0.10768485,0.296673,-0.119798,0.59677,0.0914,0.31183,200,100,dp,3,186,10,1,random
186,IR,6,"2026-07-13 09:05:06",31,0.567264,2.58148,5.5152,0.64075758,-0.12281212,0.284772,-0.135343,0.57692,0.12088,0.3022,200,100,dp,3,182,10,1,random
187,IR,7,"2026-07-13 09:05:12",37.7,0.575518,2.62384,5.4848,0.64060606,-0.10928182,0.324691,-0.119754,0.55249,0.1547,0.29282,200,100,dp,3,181,10,1,random
188,IR,8,"2026-07-13 09:05:19",44.5,0.585985,2.67081,5.4545,0.66393939,-0.1290697,0.347081,-0.141083,0.56111,0.13333,0.30556,200,100,dp,3,180,10,1,random
189,IR,9,"2026-07-13 09:05:26",51.6,0.594358,2.70632,5.3333,0.66909091,-0.12400909,0.3414,-0.131433,0.5625,0.13068,0.30682,200,100,dp,3,176,10,1,random
190,IR,10,"2026-07-13 09:05:33",58.6,0.603855,2.7552,5.2727,0.67742424,-0.12181212,0.373763,-0.129291,0.55747,0.13793,0.3046,200,100,dp,3,174,10,1,random
191,IR,11,"2026-07-13 09:05:40",65.7,0.614518,2.82212,5.2727,0.67969697,-0.10300303,0.394155,-0.114142,0.54023,0.14368,0.31609,200,100,dp,3,174,10,1,random
192,IR,12,"2026-07-13 09:05:47",72.8,0.62303,2.87616,5.2424,0.68939394,-0.10783939,0.384677,-0.112056,0.53757,0.14451,0.31792,200,100,dp,3,173,10,1,random
193,IR,13,"2026-07-13 09:05:54",79.9,0.628497,2.91385,5.2121,0.70227273,-0.11874546,0.388698,-0.120961,0.52907,0.15116,0.31977,200,100,dp,3,172,10,1,random
194,IR,14,"2026-07-13 09:06:02",87,0.636706,2.9637,5.1515,0.71590909,-0.12367273,0.404523,-0.130162,0.50588,0.17059,0.32353,200,100,dp,3,170,10,1,random
195,IR,15,"2026-07-13 09:06:09",94.1,0.642621,3.0125,5.1515,0.715,-0.11109394,0.411973,-0.116442,0.49412,0.17059,0.33529,200,100,dp,3,170,10,1,random
196,IR,16,"2026-07-13 09:06:16",101.3,0.651521,3.0929,5.1515,0.7169697,-0.10241515,0.412115,-0.106507,0.47647,0.17647,0.34706,200,100,dp,3,170,10,1,random
197,IR,17,"2026-07-13 09:06:23",108.4,0.658061,3.1635,5.1212,0.73212121,-0.11506364,0.408468,-0.116647,0.46746,0.20118,0.33136,200,100,dp,3,169,10,1,random
198,IR,18,"2026-07-13 09:06:30",115.5,0.661348,3.19567,5.0909,0.73636363,-0.11461818,0.446939,-0.115036,0.45833,0.18452,0.35714,200,100,dp,3,168,10,1,random
199,IR,19,"2026-07-13 09:06:37",122.6,0.665745,3.22401,5.0303,0.74772727,-0.12630303,0.410837,-0.125728,0.44578,0.21687,0.33735,200,100,dp,3,166,10,1,random
200,IR,20,"2026-07-13 09:06:44",129.7,0.672173,3.28606,5,0.75227273,-0.12146061,0.461267,-0.123134,0.44848,0.20606,0.34545,200,100,dp,3,165,10,1,random
201,AGR,1,"2026-07-13 09:06:53",7.9,0.528718,2.45356,5.9697,0.48863637,0.06359091,0.26893,0.058218,0.60406,0.12183,0.27411,200,100,dp,3,197,10,1,random
202,AGR,2,"2026-07-13 09:07:01",15.4,0.553673,2.62372,5.9394,0.50909091,0.06636061,0.310698,0.063905,0.58673,0.10204,0.31122,200,100,dp,3,196,10,1,random
203,AGR,3,"2026-07-13 09:07:08",23.1,0.574306,2.79036,5.8182,0.53333333,0.07009697,0.274893,0.057787,0.57292,0.10417,0.32292,200,100,dp,3,192,10,1,random
204,AGR,4,"2026-07-13 09:07:16",30.8,0.592309,2.95745,5.7879,0.55090909,0.06387576,0.310128,0.05804,0.55497,0.12565,0.31937,200,100,dp,3,191,10,1,random
205,AGR,5,"2026-07-13 09:07:23",38.3,0.610658,3.13617,5.7879,0.56530303,0.06355455,0.357194,0.062385,0.54974,0.10471,0.34555,200,100,dp,3,191,10,1,random
206,AGR,6,"2026-07-13 09:07:31",45.6,0.628861,3.33385,5.7576,0.5839394,0.06016061,0.353343,0.060354,0.53158,0.12105,0.34737,200,100,dp,3,190,10,1,random
207,AGR,7,"2026-07-13 09:07:40",54.4,0.646173,3.51441,5.7576,0.60151515,0.07147273,0.391829,0.058943,0.5,0.15789,0.34211,200,100,dp,3,190,10,1,random
208,AGR,8,"2026-07-13 09:07:48",63.2,0.659645,3.7095,5.7576,0.60560606,0.07940909,0.43879,0.074562,0.46842,0.18947,0.34211,200,100,dp,3,190,10,1,random
209,AGR,9,"2026-07-13 09:07:58",72.5,0.672885,3.887,5.7576,0.63272727,0.05702121,0.466893,0.052275,0.43158,0.23684,0.33158,200,100,dp,3,190,10,1,random
210,AGR,10,"2026-07-13 09:08:07",81.7,0.684791,4.07146,5.7576,0.65045455,0.04867273,0.508464,0.044013,0.41579,0.25263,0.33158,200,100,dp,3,190,10,1,random
211,AGR,11,"2026-07-13 09:08:16",90.9,0.698479,4.2398,5.7273,0.65318182,0.06146061,0.562003,0.057455,0.39683,0.30688,0.2963,200,100,dp,3,189,10,1,random
212,AGR,12,"2026-07-13 09:08:25",100.1,0.710533,4.41129,5.6364,0.66712121,0.06375152,0.6698,0.054514,0.34946,0.36559,0.28495,200,100,dp,3,186,10,1,random
213,AGR,13,"2026-07-13 09:08:35",109.4,0.723852,4.57353,5.6364,0.68060606,0.06283636,0.73813,0.053011,0.32796,0.38172,0.29032,200,100,dp,3,186,10,1,random
214,AGR,14,"2026-07-13 09:08:44",118.5,0.733345,4.72842,5.6364,0.685,0.06951212,0.749812,0.061561,0.2957,0.4086,0.2957,200,100,dp,3,186,10,1,random
215,AGR,15,"2026-07-13 09:08:53",127.8,0.741136,4.86719,5.6364,0.69560606,0.06182121,0.76829,0.057867,0.24731,0.52688,0.22581,200,100,dp,3,186,10,1,random
216,AGR,16,"2026-07-13 09:09:02",137.2,0.749033,4.9857,5.6364,0.70424242,0.0635303,0.887267,0.055999,0.20968,0.60753,0.1828,200,100,dp,3,186,10,1,random
217,AGR,17,"2026-07-13 09:09:12",146.5,0.756679,5.09408,5.6364,0.70969697,0.06472727,0.977301,0.058856,0.17742,0.66129,0.16129,200,100,dp,3,186,10,1,random
218,AGR,18,"2026-07-13 09:09:21",155.6,0.762379,5.17909,5.6364,0.71484848,0.06712727,1.04069,0.060246,0.14516,0.71505,0.13978,200,100,dp,3,186,10,1,random
219,AGR,19,"2026-07-13 09:09:30",165,0.767024,5.25557,5.6364,0.71272727,0.07085758,1.0811,0.069229,0.13441,0.76344,0.10215,200,100,dp,3,186,10,1,random
220,AGR,20,"2026-07-13 09:09:40",174.4,0.771191,5.34065,5.6364,0.71469697,0.07714242,1.24813,0.071932,0.12366,0.79032,0.08602,200,100,dp,3,186,10,1,random
221,RANDOM,1,"2026-07-13 09:09:49",5.1,0.501652,2.30064,5.7879,0.50030303,0.0051,0.235123,0.005818,0.60733,0.12042,0.27225,200,100,dp,3,191,10,1,random
222,RANDOM,2,"2026-07-13 09:09:53",9.7,0.501218,2.30022,5.6667,0.50363637,0.00115455,0.252325,-0.001226,0.63102,0.09091,0.27807,200,100,dp,3,187,10,1,random
223,RANDOM,3,"2026-07-13 09:09:58",14.3,0.506461,2.30513,5.5152,0.51742424,-0.01954848,0.26803,-0.023516,0.61538,0.11538,0.26923,200,100,dp,3,182,10,1,random
224,RANDOM,4,"2026-07-13 09:10:03",19.1,0.503003,2.29661,5.3636,0.50742424,-0.01012424,0.285042,-0.00252,0.61582,0.10169,0.28249,200,100,dp,3,177,10,1,random
225,RANDOM,5,"2026-07-13 09:10:08",24.2,0.501788,2.29165,5.2424,0.49787879,0.00599091,0.277261,0.012634,0.60116,0.12717,0.27168,200,100,dp,3,173,10,1,random
226,RANDOM,6,"2026-07-13 09:10:13",29.2,0.504691,2.30272,5.1818,0.50121212,0.004,0.303607,0.006353,0.60234,0.11111,0.28655,200,100,dp,3,171,10,1,random
227,RANDOM,7,"2026-07-13 09:10:19",35.6,0.500161,2.27715,5.0606,0.49818182,0.01216667,0.278408,0.01072,0.60479,0.09581,0.2994,200,100,dp,3,167,10,1,random
228,RANDOM,8,"2026-07-13 09:10:26",42,0.500715,2.29004,5,0.51363637,-0.02512424,0.274761,-0.022855,0.6,0.09697,0.30303,200,100,dp,3,165,10,1,random
229,RANDOM,9,"2026-07-13 09:10:32",48.5,0.500912,2.29154,4.9697,0.50984848,-0.01718182,0.279392,-0.014968,0.59146,0.09756,0.31098,200,100,dp,3,164,10,1,random
230,RANDOM,10,"2026-07-13 09:10:39",55.1,0.499948,2.28855,4.9091,0.50803031,-0.01677273,0.262974,-0.012419,0.60494,0.08642,0.30864,200,100,dp,3,162,10,1,random
231,RANDOM,11,"2026-07-13 09:10:45",61.5,0.498033,2.28091,4.8485,0.4930303,0.00994242,0.277688,0.014316,0.6,0.08125,0.31875,200,100,dp,3,160,10,1,random
232,RANDOM,12,"2026-07-13 09:10:52",68.2,0.496703,2.26902,4.7576,0.50212122,-0.00984545,0.267649,-0.006016,0.61146,0.07006,0.31847,200,100,dp,3,157,10,1,random
233,RANDOM,13,"2026-07-13 09:10:59",74.8,0.502539,2.29139,4.7576,0.505,-0.00973636,0.285636,-0.007774,0.59873,0.08917,0.3121,200,100,dp,3,157,10,1,random
234,RANDOM,14,"2026-07-13 09:11:05",81.3,0.505364,2.30118,4.697,0.50666667,-0.0092697,0.291062,-0.001642,0.5871,0.09032,0.32258,200,100,dp,3,155,10,1,random
235,RANDOM,15,"2026-07-13 09:11:12",87.9,0.5053,2.30714,4.6667,0.50424243,0.0025,0.280124,0.005224,0.57792,0.09091,0.33117,200,100,dp,3,154,10,1,random
236,RANDOM,16,"2026-07-13 09:11:18",94.5,0.505045,2.31462,4.5758,0.50136364,0.00942727,0.273809,0.010196,0.56954,0.09934,0.33113,200,100,dp,3,151,10,1,random
237,RANDOM,17,"2026-07-13 09:11:25",101,0.509818,2.34173,4.5455,0.5119697,-0.0052,0.285637,-0.005891,0.56,0.10667,0.33333,200,100,dp,3,150,10,1,random
238,RANDOM,18,"2026-07-13 09:11:31",107.6,0.5094,2.33675,4.5455,0.5080303,0.00026061,0.283556,0.006124,0.56,0.10667,0.33333,200,100,dp,3,150,10,1,random
239,RANDOM,19,"2026-07-13 09:11:38",114.2,0.507461,2.32826,4.5152,0.5019697,0.00613636,0.278645,0.014805,0.55705,0.10738,0.33557,200,100,dp,3,149,10,1,random
240,RANDOM,20,"2026-07-13 09:11:45",120.9,0.508067,2.32848,4.4848,0.51106061,0.00130909,0.282712,-0.003279,0.56757,0.10135,0.33108,200,100,dp,3,148,10,1,random
241,OI,1,"2026-07-13 09:18:34",4.9,0.53067,2.45642,5.8182,0.53666666,-0.00648485,0.26091,-0.035566,0.59896,0.09896,0.30208,200,100,dp,4,192,10,1,random
242,OI,2,"2026-07-13 09:18:39",9.5,0.559203,2.62903,5.7879,0.56212121,0.00052121,0.295737,-0.027997,0.55497,0.12565,0.31937,200,100,dp,4,191,10,1,random
243,OI,3,"2026-07-13 09:18:44",14,0.586539,2.82072,5.6364,0.59166667,-0.01308788,0.299598,-0.029352,0.53763,0.12903,0.33333,200,100,dp,4,186,10,1,random
244,OI,4,"2026-07-13 09:18:48",18.5,0.611461,3.01336,5.5758,0.61560606,-0.00665758,0.336419,-0.024541,0.52717,0.13043,0.34239,200,100,dp,4,184,10,1,random
245,OI,5,"2026-07-13 09:18:53",23.1,0.635152,3.21858,5.5455,0.64590909,-0.01401818,0.380018,-0.032753,0.48634,0.19126,0.3224,200,100,dp,4,183,10,1,random
246,OI,6,"2026-07-13 09:18:57",27.9,0.658615,3.43791,5.5152,0.66696969,-0.01501212,0.444663,-0.02819,0.45055,0.17582,0.37363,200,100,dp,4,182,10,1,random
247,OI,7,"2026-07-13 09:19:04",34.1,0.67777,3.63772,5.4848,0.68575757,-0.01413636,0.406586,-0.023539,0.40331,0.24862,0.34807,200,100,dp,4,181,10,1,random
248,OI,8,"2026-07-13 09:19:10",40.4,0.696082,3.8493,5.4848,0.69287879,0.00497879,0.484752,-0.006361,0.38122,0.30939,0.30939,200,100,dp,4,181,10,1,random
249,OI,9,"2026-07-13 09:19:16",46.8,0.712494,4.05489,5.4848,0.72242424,-0.01562424,0.604352,-0.023584,0.35912,0.33702,0.30387,200,100,dp,4,181,10,1,random
250,OI,10,"2026-07-13 09:19:23",53.2,0.727555,4.27994,5.4545,0.72454545,0.00609697,0.662176,-0.003813,0.30556,0.4,0.29444,200,100,dp,4,180,10,1,random
251,OI,11,"2026-07-13 09:19:29",59.7,0.740539,4.43691,5.4545,0.74681818,-0.00898788,0.716189,-0.015118,0.26667,0.48333,0.25,200,100,dp,4,180,10,1,random
252,OI,12,"2026-07-13 09:19:36",66.1,0.751203,4.6031,5.4545,0.75045455,0.00134242,0.835392,-0.004002,0.25556,0.55,0.19444,200,100,dp,4,180,10,1,random
253,OI,13,"2026-07-13 09:19:42",72.5,0.762494,4.76141,5.4545,0.76666667,-0.00555152,1.03103,-0.011132,0.22222,0.58889,0.18889,200,100,dp,4,180,10,1,random
254,OI,14,"2026-07-13 09:19:48",78.9,0.772033,4.88773,5.4545,0.77090909,0.00221515,1.1024,-0.002846,0.2,0.63889,0.16111,200,100,dp,4,180,10,1,random
255,OI,15,"2026-07-13 09:19:55",85.5,0.780727,5.01605,5.4545,0.77727273,0.00477879,1.27545,0.000822,0.13333,0.75,0.11667,200,100,dp,4,180,10,1,random
256,OI,16,"2026-07-13 09:20:02",92,0.786694,5.11189,5.4545,0.76893939,0.02226667,1.37198,0.020806,0.13333,0.75556,0.11111,200,100,dp,4,180,10,1,random
257,OI,17,"2026-07-13 09:20:09",99.2,0.790855,5.18066,5.4545,0.78757576,0.00396061,1.46886,0.00323,0.1,0.82222,0.07778,200,100,dp,4,180,10,1,random
258,OI,18,"2026-07-13 09:20:16",106,0.793479,5.2377,5.4545,0.79469697,-0.00183636,1.77796,-0.001557,0.05,0.87778,0.07222,200,100,dp,4,180,10,1,random
259,OI,19,"2026-07-13 09:20:22",112.6,0.795442,5.28951,5.4545,0.8030303,-0.01039394,1.33441,-0.009106,0.05,0.88889,0.06111,200,100,dp,4,180,10,1,random
260,OI,20,"2026-07-13 09:20:29",119.2,0.795867,5.3105,5.4545,0.79484849,0.00306061,1.87677,0.002499,0.05556,0.90556,0.03889,200,100,dp,4,180,10,1,random
261,IR,1,"2026-07-13 09:20:38",5.3,0.508612,2.32744,5.697,0.56651515,-0.10419697,0.222666,-0.119527,0.60638,0.10106,0.29255,200,100,dp,4,188,10,1,random
262,IR,2,"2026-07-13 09:20:43",10.1,0.519376,2.38035,5.4242,0.58984848,-0.12323939,0.241588,-0.145091,0.58101,0.11173,0.30726,200,100,dp,4,179,10,1,random
263,IR,3,"2026-07-13 09:20:47",15,0.526403,2.40446,5.3333,0.59393939,-0.11657576,0.245825,-0.134141,0.5625,0.125,0.3125,200,100,dp,4,176,10,1,random
264,IR,4,"2026-07-13 09:20:52",19.7,0.532703,2.43591,5.3333,0.59636364,-0.1096697,0.253338,-0.124282,0.57386,0.11364,0.3125,200,100,dp,4,176,10,1,random
265,IR,5,"2026-07-13 09:20:57",24.5,0.541403,2.46941,5.2121,0.60545455,-0.11376061,0.265644,-0.125576,0.55814,0.11628,0.32558,200,100,dp,4,172,10,1,random
266,IR,6,"2026-07-13 09:21:02",29.4,0.546524,2.49555,5.0909,0.615,-0.11752121,0.268684,-0.128792,0.54167,0.14286,0.31548,200,100,dp,4,168,10,1,random
267,IR,7,"2026-07-13 09:21:08",35.9,0.555527,2.52302,5.0606,0.62984848,-0.12974242,0.309615,-0.140868,0.5509,0.10778,0.34132,200,100,dp,4,167,10,1,random
268,IR,8,"2026-07-13 09:21:15",42.4,0.561749,2.54759,5.0303,0.63060606,-0.11523939,0.286755,-0.127592,0.53614,0.12651,0.33735,200,100,dp,4,166,10,1,random
269,IR,9,"2026-07-13 09:21:22",49.3,0.569721,2.59395,4.9697,0.63954546,-0.11731818,0.303537,-0.129139,0.53049,0.13415,0.33537,200,100,dp,4,164,10,1,random
270,IR,10,"2026-07-13 09:21:28",56,0.577482,2.63048,4.9091,0.64575758,-0.11587273,0.317551,-0.124392,0.50617,0.16049,0.33333,200,100,dp,4,162,10,1,random
271,IR,11,"2026-07-13 09:21:35",62.8,0.584306,2.65747,4.7879,0.65984848,-0.12334242,0.330276,-0.134607,0.50633,0.14557,0.3481,200,100,dp,4,158,10,1,random
272,IR,12,"2026-07-13 09:21:42",69.8,0.589203,2.68437,4.7576,0.66606061,-0.12609091,0.331654,-0.133705,0.50955,0.14013,0.35032,200,100,dp,4,157,10,1,random
273,IR,13,"2026-07-13 09:21:49",76.5,0.5928,2.70257,4.697,0.67166667,-0.13180303,0.33878,-0.134909,0.50323,0.14194,0.35484,200,100,dp,4,155,10,1,random
274,IR,14,"2026-07-13 09:21:56",83.3,0.595209,2.71885,4.6061,0.67227272,-0.12851212,0.34383,-0.130591,0.48684,0.15132,0.36184,200,100,dp,4,152,10,1,random
275,IR,15,"2026-07-13 09:22:02",90,0.6004,2.73826,4.5758,0.67515151,-0.12160909,0.354354,-0.127771,0.49007,0.13907,0.37086,200,100,dp,4,151,10,1,random
276,IR,16,"2026-07-13 09:22:09",96.8,0.605761,2.76673,4.5152,0.68848485,-0.13377273,0.361614,-0.140495,0.47651,0.16779,0.3557,200,100,dp,4,149,10,1,random
277,IR,17,"2026-07-13 09:22:16",103.5,0.611015,2.79767,4.4545,0.68939394,-0.13069697,0.394619,-0.132049,0.46939,0.17687,0.35374,200,100,dp,4,147,10,1,random
278,IR,18,"2026-07-13 09:22:23",110.2,0.618739,2.8322,4.4545,0.69666667,-0.12728788,0.417597,-0.131214,0.47619,0.15646,0.36735,200,100,dp,4,147,10,1,random
279,IR,19,"2026-07-13 09:22:29",116.9,0.618948,2.81549,4.4545,0.69590909,-0.12381515,0.403426,-0.123476,0.44898,0.17687,0.37415,200,100,dp,4,147,10,1,random
280,IR,20,"2026-07-13 09:22:36",123.6,0.625627,2.84658,4.4242,0.70454546,-0.12717576,0.387142,-0.130526,0.45205,0.19178,0.35616,200,100,dp,4,146,10,1,random
281,AGR,1,"2026-07-13 09:22:45",7.9,0.524655,2.44082,5.7273,0.48560606,0.07004545,0.243687,0.058221,0.59788,0.10053,0.30159,200,100,dp,4,189,10,1,random
282,AGR,2,"2026-07-13 09:22:52",15.5,0.543773,2.55814,5.5758,0.49878788,0.07224849,0.266978,0.069837,0.57065,0.11413,0.31522,200,100,dp,4,184,10,1,random
283,AGR,3,"2026-07-13 09:23:00",23.3,0.56417,2.71362,5.5758,0.53136364,0.05443333,0.286248,0.043802,0.54891,0.11957,0.33152,200,100,dp,4,184,10,1,random
284,AGR,4,"2026-07-13 09:23:07",30.7,0.585476,2.87662,5.5758,0.53181818,0.08059091,0.294503,0.078896,0.54348,0.13043,0.32609,200,100,dp,4,184,10,1,random
285,AGR,5,"2026-07-13 09:23:15",38.4,0.603712,3.02962,5.5455,0.56651516,0.05500909,0.336021,0.050196,0.53005,0.13115,0.3388,200,100,dp,4,183,10,1,random
286,AGR,6,"2026-07-13 09:23:23",46.1,0.622279,3.20842,5.5455,0.57348485,0.07753333,0.362922,0.066566,0.49727,0.16393,0.3388,200,100,dp,4,183,10,1,random
287,AGR,7,"2026-07-13 09:23:33",56.2,0.638739,3.3886,5.5152,0.58969697,0.07451818,0.392726,0.067223,0.47802,0.16484,0.35714,200,100,dp,4,182,10,1,random
288,AGR,8,"2026-07-13 09:23:43",66.2,0.657085,3.57785,5.5152,0.62030303,0.06401212,0.421962,0.044721,0.45055,0.19231,0.35714,200,100,dp,4,182,10,1,random
289,AGR,9,"2026-07-13 09:23:53",75.8,0.673691,3.72934,5.5152,0.62863637,0.06443333,0.456327,0.057647,0.41758,0.24176,0.34066,200,100,dp,4,182,10,1,random
290,AGR,10,"2026-07-13 09:24:02",85.4,0.688476,3.91007,5.4848,0.64954545,0.05480303,0.51001,0.048579,0.37569,0.28729,0.33702,200,100,dp,4,181,10,1,random
291,AGR,11,"2026-07-13 09:24:12",94.9,0.699955,4.04834,5.4848,0.65272727,0.06877273,0.54367,0.061843,0.35359,0.30387,0.34254,200,100,dp,4,181,10,1,random
292,AGR,12,"2026-07-13 09:24:21",104.4,0.713576,4.20932,5.4848,0.65712121,0.07885152,0.571526,0.072385,0.33149,0.38122,0.28729,200,100,dp,4,181,10,1,random
293,AGR,13,"2026-07-13 09:24:31",114.3,0.725382,4.34914,5.4848,0.68257576,0.05825455,0.692052,0.053064,0.31492,0.40331,0.28177,200,100,dp,4,181,10,1,random
294,AGR,14,"2026-07-13 09:24:41",123.8,0.7354,4.48592,5.4848,0.68772728,0.06762727,0.73024,0.059974,0.29834,0.42541,0.27624,200,100,dp,4,181,10,1,random
295,AGR,15,"2026-07-13 09:24:50",133.7,0.744279,4.62092,5.4545,0.69636364,0.06862424,0.774234,0.060123,0.26111,0.51111,0.22778,200,100,dp,4,180,10,1,random
296,AGR,16,"2026-07-13 09:25:01",144.4,0.753145,4.73661,5.4545,0.70954545,0.05798788,0.874944,0.054081,0.23333,0.51667,0.25,200,100,dp,4,180,10,1,random
297,AGR,17,"2026-07-13 09:25:11",154.6,0.760597,4.84551,5.4545,0.71439394,0.06399697,0.831981,0.057506,0.20556,0.57778,0.21667,200,100,dp,4,180,10,1,random
298,AGR,18,"2026-07-13 09:25:21",164.6,0.766736,4.95262,5.4545,0.71636364,0.06727576,0.909563,0.063061,0.17778,0.61111,0.21111,200,100,dp,4,180,10,1,random
299,AGR,19,"2026-07-13 09:25:32",174.9,0.772879,5.04284,5.4545,0.725,0.06414545,0.94938,0.059716,0.14444,0.69444,0.16111,200,100,dp,4,180,10,1,random
300,AGR,20,"2026-07-13 09:25:42",185,0.777739,5.11699,5.4545,0.72545455,0.0683697,1.02621,0.065504,0.12778,0.76667,0.10556,200,100,dp,4,180,10,1,random
301,RANDOM,1,"2026-07-13 09:25:52",4.8,0.501312,2.29496,5.5758,0.50318182,-0.00230606,0.21486,-0.001619,0.60326,0.10326,0.29348,200,100,dp,4,184,10,1,random
302,RANDOM,2,"2026-07-13 09:25:56",8.9,0.498921,2.28181,5.3636,0.48515152,0.02245758,0.240376,0.0331,0.58757,0.11864,0.29379,200,100,dp,4,177,10,1,random
303,RANDOM,3,"2026-07-13 09:26:00",13.2,0.497209,2.27623,5.2727,0.49818182,-0.00318485,0.247733,0.002744,0.5977,0.11494,0.28736,200,100,dp,4,174,10,1,random
304,RANDOM,4,"2026-07-13 09:26:04",17.5,0.494548,2.25869,5.2121,0.49636364,-0.00218182,0.263816,0.001408,0.59884,0.11047,0.2907,200,100,dp,4,172,10,1,random
305,RANDOM,5,"2026-07-13 09:26:09",21.9,0.494445,2.26642,5.1212,0.50212122,-0.01484242,0.267209,-0.013221,0.60355,0.09467,0.30178,200,100,dp,4,169,10,1,random
306,RANDOM,6,"2026-07-13 09:26:13",26.3,0.494218,2.26897,5.1212,0.5010606,-0.01377879,0.260228,-0.011256,0.59172,0.10651,0.30178,200,100,dp,4,169,10,1,random
307,RANDOM,7,"2026-07-13 09:26:19",32.3,0.493309,2.27174,5.0606,0.48424242,0.01516364,0.257871,0.023054,0.5988,0.10778,0.29341,200,100,dp,4,167,10,1,random
308,RANDOM,8,"2026-07-13 09:26:25",38.4,0.488982,2.25176,5.0303,0.4880303,0.00047576,0.271581,0.00984,0.59036,0.10843,0.3012,200,100,dp,4,166,10,1,random
309,RANDOM,9,"2026-07-13 09:26:31",44.5,0.490579,2.26109,4.9697,0.49136363,-0.00044849,0.261888,-0.000229,0.59756,0.09756,0.30488,200,100,dp,4,164,10,1,random
310,RANDOM,10,"2026-07-13 09:26:38",50.7,0.493097,2.2703,4.8788,0.50060606,-0.01585151,0.265171,-0.014405,0.60248,0.08696,0.31056,200,100,dp,4,161,10,1,random
311,RANDOM,11,"2026-07-13 09:26:44",56.9,0.490921,2.25083,4.8485,0.48590909,0.00830909,0.274131,0.015488,0.59375,0.1,0.30625,200,100,dp,4,160,10,1,random
312,RANDOM,12,"2026-07-13 09:26:50",63.2,0.488255,2.24373,4.7879,0.48136364,0.01555938,0.277115,0.019148,0.58228,0.12025,0.29747,200,100,dp,4,158,10,1,random
313,RANDOM,13,"2026-07-13 09:26:56",69.4,0.485661,2.2114,4.7576,0.4869697,-0.00260938,0.317573,0.003179,0.58599,0.11465,0.29936,200,100,dp,4,157,10,1,random
314,RANDOM,14,"2026-07-13 09:27:03",75.6,0.485997,2.21985,4.6061,0.48575758,0.00064063,0.317437,0.003567,0.57895,0.125,0.29605,200,100,dp,4,152,10,1,random
315,RANDOM,15,"2026-07-13 09:27:09",81.7,0.48273,2.20788,4.5758,0.47909091,0.004625,0.336867,0.01471,0.58278,0.11258,0.30464,200,100,dp,4,151,10,1,random
316,RANDOM,16,"2026-07-13 09:27:15",87.9,0.478645,2.19496,4.5152,0.48136364,-0.0107625,0.327408,0.002026,0.57047,0.15436,0.27517,200,100,dp,4,149,10,1,random
317,RANDOM,17,"2026-07-13 09:27:21",94.2,0.478848,2.20407,4.4242,0.47318182,0.00690938,0.375968,0.015367,0.55479,0.15068,0.29452,200,100,dp,4,146,10,1,random
318,RANDOM,18,"2026-07-13 09:27:27",100.5,0.47057,2.16334,4.3333,0.4719697,0.00173125,0.331452,0.007957,0.57343,0.11189,0.31469,200,100,dp,4,143,10,1,random
319,RANDOM,19,"2026-07-13 09:27:34",106.7,0.471015,2.16801,4.2727,0.47090909,0.00433125,0.318178,0.002777,0.57447,0.10638,0.31915,200,100,dp,4,141,10,1,random
320,RANDOM,20,"2026-07-13 09:27:40",112.9,0.468797,2.16834,4.2121,0.46712121,0.00724375,0.322392,0.009175,0.56835,0.11511,0.31655,200,100,dp,4,139,10,1,random
321,OI,1,"2026-07-13 23:26:55",5.1,0.533764,2.49159,5.6667,0.54121212,-0.01517879,0.304333,-0.037747,0.56684,0.12299,0.31016,200,100,dp,5,187,10,1,random
322,OI,2,"2026-07-13 23:27:00",9.6,0.562415,2.66554,5.5152,0.56075758,0.00502727,0.296231,-0.019826,0.54396,0.13187,0.32418,200,100,dp,5,182,10,1,random
323,OI,3,"2026-07-13 23:27:04",14.1,0.586091,2.83121,5.4848,0.58424242,0.00383939,0.340472,-0.014038,0.53039,0.1326,0.33702,200,100,dp,5,181,10,1,random
324,OI,4,"2026-07-13 23:27:09",18.6,0.610206,3.01481,5.4545,0.61363637,-0.0068,0.367389,-0.0225,0.5,0.16111,0.33889,200,100,dp,5,180,10,1,random
325,OI,5,"2026-07-13 23:27:14",23.3,0.634351,3.22396,5.4545,0.64318182,-0.01396364,0.402049,-0.030284,0.46111,0.2,0.33889,200,100,dp,5,180,10,1,random
326,OI,6,"2026-07-13 23:27:18",28.1,0.653039,3.42494,5.3939,0.64924242,0.00484242,0.4344,-0.006089,0.42697,0.23034,0.3427,200,100,dp,5,178,10,1,random
327,OI,7,"2026-07-13 23:27:25",34.4,0.673915,3.64095,5.3939,0.67363636,-0.00139091,0.473989,-0.012681,0.38202,0.26966,0.34831,200,100,dp,5,178,10,1,random
328,OI,8,"2026-07-13 23:27:31",40.7,0.690018,3.82257,5.3939,0.69712121,-0.01123333,0.486295,-0.019697,0.35393,0.30899,0.33708,200,100,dp,5,178,10,1,random
329,OI,9,"2026-07-13 23:27:37",47.1,0.704542,4.00174,5.3636,0.71181818,-0.01191515,0.558234,-0.018863,0.32768,0.34463,0.32768,200,100,dp,5,177,10,1,random
330,OI,10,"2026-07-13 23:27:44",53.5,0.718206,4.17913,5.3636,0.71590909,0.00188485,0.595441,-0.004284,0.28814,0.41808,0.29379,200,100,dp,5,177,10,1,random
331,OI,11,"2026-07-13 23:27:50",59.9,0.730167,4.33113,5.3636,0.73378788,-0.0041303,0.709809,-0.010926,0.26554,0.41808,0.31638,200,100,dp,5,177,10,1,random
332,OI,12,"2026-07-13 23:27:57",66.4,0.73993,4.48369,5.3636,0.74545455,-0.00891212,0.671453,-0.011917,0.23729,0.51412,0.24859,200,100,dp,5,177,10,1,random
333,OI,13,"2026-07-13 23:28:03",72.8,0.749015,4.61378,5.3636,0.7519697,-0.00181515,0.793846,-0.008121,0.22034,0.53107,0.24859,200,100,dp,5,177,10,1,random
334,OI,14,"2026-07-13 23:28:10",79.2,0.756742,4.74522,5.3636,0.76166667,-0.00590909,0.865888,-0.009586,0.20904,0.58192,0.20904,200,100,dp,5,177,10,1,random
335,OI,15,"2026-07-13 23:28:16",85.7,0.763521,4.86119,5.3636,0.77727273,-0.01845758,0.983901,-0.020683,0.18079,0.67232,0.14689,200,100,dp,5,177,10,1,random
336,OI,16,"2026-07-13 23:28:22",92.1,0.769067,4.96686,5.3636,0.77924243,-0.01370303,1.19917,-0.0151,0.12429,0.72316,0.15254,200,100,dp,5,177,10,1,random
337,OI,17,"2026-07-13 23:28:29",98.6,0.773773,5.04626,5.3636,0.77712121,-0.00374848,1.07911,-0.00537,0.10734,0.77401,0.11864,200,100,dp,5,177,10,1,random
338,OI,18,"2026-07-13 23:28:35",105.1,0.778018,5.13021,5.3636,0.79075758,-0.01913636,1.22513,-0.017443,0.10169,0.83616,0.06215,200,100,dp,5,177,10,1,random
339,OI,19,"2026-07-13 23:28:42",111.7,0.781797,5.1867,5.3636,0.78484848,-0.00409091,1.93441,-0.004618,0.08475,0.83616,0.0791,200,100,dp,5,177,10,1,random
340,OI,20,"2026-07-13 23:28:49",118.5,0.7851,5.24414,5.3636,0.78681818,-0.0024,1.74237,-0.002541,0.05085,0.9096,0.03955,200,100,dp,5,177,10,1,random
341,IR,1,"2026-07-13 23:28:58",5.5,0.517855,2.38585,5.6667,0.57515151,-0.10150606,0.27192,-0.123057,0.59893,0.10695,0.29412,200,100,dp,5,187,10,1,random
342,IR,2,"2026-07-13 23:29:03",10.6,0.528267,2.43662,5.5152,0.59090909,-0.11361818,0.266648,-0.126997,0.58242,0.10989,0.30769,200,100,dp,5,182,10,1,random
343,IR,3,"2026-07-13 23:29:08",15.6,0.539612,2.4801,5.5152,0.605,-0.11496364,0.271781,-0.130828,0.57692,0.1044,0.31868,200,100,dp,5,182,10,1,random
344,IR,4,"2026-07-13 23:29:13",20.6,0.548255,2.52598,5.4545,0.61924242,-0.11992121,0.268556,-0.136697,0.58333,0.09444,0.32222,200,100,dp,5,180,10,1,random
345,IR,5,"2026-07-13 23:29:18",25.6,0.557488,2.57566,5.4242,0.62878788,-0.12587576,0.28448,-0.135288,0.56983,0.10615,0.32402,200,100,dp,5,179,10,1,random
346,IR,6,"2026-07-13 23:29:23",30.7,0.566733,2.61657,5.3939,0.62893939,-0.10720606,0.288032,-0.116949,0.55618,0.10674,0.33708,200,100,dp,5,178,10,1,random
347,IR,7,"2026-07-13 23:29:30",37.3,0.577518,2.67023,5.3333,0.64666667,-0.1196697,0.27563,-0.128095,0.55114,0.11364,0.33523,200,100,dp,5,176,10,1,random
348,IR,8,"2026-07-13 23:29:36",43.9,0.585888,2.72725,5.3333,0.65560606,-0.11454545,0.301373,-0.125518,0.55114,0.11364,0.33523,200,100,dp,5,176,10,1,random
349,IR,9,"2026-07-13 23:29:43",50.7,0.594851,2.75242,5.2727,0.67590909,-0.13426364,0.317501,-0.143005,0.53448,0.12069,0.34483,200,100,dp,5,174,10,1,random
350,IR,10,"2026-07-13 23:29:50",57.6,0.601473,2.79916,5.1818,0.67454545,-0.12269091,0.323907,-0.125894,0.51462,0.14035,0.34503,200,100,dp,5,171,10,1,random
351,IR,11,"2026-07-13 23:29:57",64.4,0.610794,2.86793,5.1212,0.6780303,-0.1109697,0.331777,-0.117079,0.49704,0.15385,0.34911,200,100,dp,5,169,10,1,random
352,IR,12,"2026-07-13 23:30:04",71.5,0.616609,2.90261,5.0909,0.69348486,-0.12496667,0.338698,-0.128452,0.49405,0.15476,0.35119,200,100,dp,5,168,10,1,random
353,IR,13,"2026-07-13 23:30:11",78.9,0.619721,2.9319,5.0606,0.69121212,-0.11466667,0.35353,-0.116619,0.49102,0.17365,0.33533,200,100,dp,5,167,10,1,random
354,IR,14,"2026-07-13 23:30:18",85.7,0.621797,2.93569,5.0303,0.70045455,-0.12588788,0.384905,-0.127036,0.48795,0.1747,0.33735,200,100,dp,5,166,10,1,random
355,IR,15,"2026-07-13 23:30:25",92.7,0.627833,2.9808,4.9394,0.70742424,-0.12802121,0.399839,-0.130852,0.48466,0.17178,0.34356,200,100,dp,5,163,10,1,random
356,IR,16,"2026-07-13 23:30:32",99.6,0.636645,3.03897,4.8788,0.71030303,-0.11612424,0.410942,-0.121733,0.45963,0.18012,0.36025,200,100,dp,5,161,10,1,random
357,IR,17,"2026-07-13 23:30:39",106.5,0.646142,3.11,4.8788,0.71636364,-0.10844242,0.404259,-0.115381,0.45342,0.18012,0.36646,200,100,dp,5,161,10,1,random
358,IR,18,"2026-07-13 23:30:46",113.4,0.65343,3.16322,4.8788,0.73196969,-0.12086061,0.413979,-0.125017,0.44099,0.19876,0.36025,200,100,dp,5,161,10,1,random
359,IR,19,"2026-07-13 23:30:53",120.4,0.656679,3.16978,4.8485,0.73742424,-0.12611212,0.420032,-0.124438,0.4375,0.21875,0.34375,200,100,dp,5,160,10,1,random
360,IR,20,"2026-07-13 23:31:00",127.4,0.660442,3.19224,4.8485,0.73924242,-0.12118485,0.459242,-0.121358,0.4375,0.20625,0.35625,200,100,dp,5,160,10,1,random
361,AGR,1,"2026-07-13 23:31:11",7.6,0.526212,2.44922,5.7273,0.48651515,0.07149697,0.281857,0.060769,0.59788,0.1164,0.28571,200,100,dp,5,189,10,1,random
362,AGR,2,"2026-07-13 23:31:19",14.9,0.551036,2.59538,5.6667,0.50636364,0.07321212,0.297208,0.063894,0.5615,0.13369,0.30481,200,100,dp,5,187,10,1,random
363,AGR,3,"2026-07-13 23:31:26",22,0.569694,2.74073,5.6364,0.52893939,0.06901818,0.295356,0.05948,0.55376,0.11828,0.32796,200,100,dp,5,186,10,1,random
364,AGR,4,"2026-07-13 23:31:33",29.3,0.592,2.91337,5.6364,0.54909091,0.07009091,0.304756,0.05808,0.53763,0.10753,0.35484,200,100,dp,5,186,10,1,random
365,AGR,5,"2026-07-13 23:31:40",36.6,0.609939,3.08676,5.6061,0.56772727,0.06554242,0.296133,0.058264,0.53514,0.1027,0.36216,200,100,dp,5,185,10,1,random
366,AGR,6,"2026-07-13 23:31:48",44,0.630433,3.26062,5.5758,0.58272727,0.07490909,0.330318,0.062794,0.50543,0.11957,0.375,200,100,dp,5,184,10,1,random
367,AGR,7,"2026-07-13 23:31:57",52.9,0.6473,3.43489,5.5455,0.59969697,0.06844849,0.341793,0.063389,0.48087,0.13115,0.38798,200,100,dp,5,183,10,1,random
368,AGR,8,"2026-07-13 23:32:06",62,0.662536,3.60483,5.5152,0.62272728,0.06094545,0.370923,0.051068,0.45055,0.17582,0.37363,200,100,dp,5,182,10,1,random
369,AGR,9,"2026-07-13 23:32:15",71.1,0.675352,3.75911,5.5152,0.63742424,0.05605455,0.411185,0.0493,0.41209,0.21429,0.37363,200,100,dp,5,182,10,1,random
370,AGR,10,"2026-07-13 23:32:24",80.4,0.691312,3.94251,5.5152,0.65121212,0.06067273,0.441071,0.049322,0.3956,0.23626,0.36813,200,100,dp,5,182,10,1,random
371,AGR,11,"2026-07-13 23:32:33",89.5,0.703976,4.10225,5.4848,0.66181818,0.05886667,0.489086,0.053304,0.37017,0.28729,0.34254,200,100,dp,5,181,10,1,random
372,AGR,12,"2026-07-13 23:32:43",98.8,0.715327,4.26082,5.4848,0.6589394,0.07790606,0.562392,0.073048,0.33702,0.33149,0.33149,200,100,dp,5,181,10,1,random
373,AGR,13,"2026-07-13 23:32:52",108.1,0.724485,4.3797,5.4848,0.67878787,0.0666697,0.58954,0.058687,0.32597,0.37569,0.29834,200,100,dp,5,181,10,1,random
374,AGR,14,"2026-07-13 23:33:01",117.3,0.73413,4.52318,5.4848,0.685,0.06886667,0.687807,0.062463,0.28729,0.44751,0.26519,200,100,dp,5,181,10,1,random
375,AGR,15,"2026-07-13 23:33:10",126.8,0.742155,4.62044,5.4848,0.69666667,0.06425455,0.741249,0.057816,0.28729,0.46961,0.24309,200,100,dp,5,181,10,1,random
376,AGR,16,"2026-07-13 23:33:20",136.1,0.7499,4.7262,5.4848,0.705,0.06130303,0.834355,0.056165,0.24862,0.50829,0.24309,200,100,dp,5,181,10,1,random
377,AGR,17,"2026-07-13 23:33:29",145.5,0.756636,4.82812,5.4848,0.70560607,0.07260909,0.838067,0.06454,0.20442,0.60773,0.18785,200,100,dp,5,181,10,1,random
378,AGR,18,"2026-07-13 23:33:39",154.9,0.764021,4.92615,5.4848,0.71909091,0.06197879,0.963537,0.055824,0.17127,0.66851,0.16022,200,100,dp,5,181,10,1,random
379,AGR,19,"2026-07-13 23:33:48",164.4,0.768888,5.00571,5.4848,0.72287879,0.06301515,0.994138,0.05794,0.1326,0.72928,0.13812,200,100,dp,5,181,10,1,random
380,AGR,20,"2026-07-13 23:33:58",173.9,0.774067,5.06945,5.4848,0.72409091,0.06709697,0.997715,0.062765,0.12707,0.73481,0.13812,200,100,dp,5,181,10,1,random
381,RANDOM,1,"2026-07-13 23:34:06",4.6,0.50397,2.3207,5.5758,0.50984848,-0.00298182,0.253398,-0.007787,0.59783,0.1087,0.29348,200,100,dp,5,184,10,1,random
382,RANDOM,2,"2026-07-13 23:34:10",8.8,0.504142,2.31926,5.4848,0.50181818,0.00124848,0.233801,0.007207,0.59116,0.12155,0.28729,200,100,dp,5,181,10,1,random
383,RANDOM,3,"2026-07-13 23:34:14",12.9,0.503355,2.31157,5.2121,0.50515152,-0.00260909,0.247937,0.000743,0.58721,0.10465,0.30814,200,100,dp,5,172,10,1,random
384,RANDOM,4,"2026-07-13 23:34:18",17.1,0.501724,2.31205,5.0909,0.49939394,0.00677879,0.242657,0.00952,0.57738,0.10119,0.32143,200,100,dp,5,168,10,1,random
385,RANDOM,5,"2026-07-13 23:34:22",21.3,0.496409,2.28988,5.0606,0.49151515,0.00985455,0.230094,0.017637,0.57485,0.12575,0.2994,200,100,dp,5,167,10,1,random
386,RANDOM,6,"2026-07-13 23:34:27",25.5,0.493279,2.2718,5,0.49969697,-0.00871515,0.255537,-0.006951,0.58788,0.10909,0.30303,200,100,dp,5,165,10,1,random
387,RANDOM,7,"2026-07-13 23:34:32",31.3,0.49097,2.26555,4.9394,0.4980303,-0.01075758,0.262285,-0.009008,0.58896,0.09816,0.31288,200,100,dp,5,163,10,1,random
388,RANDOM,8,"2026-07-13 23:34:38",37.2,0.491197,2.25682,4.7879,0.49424242,-0.00213636,0.253009,-0.003687,0.57595,0.11392,0.31013,200,100,dp,5,158,10,1,random
389,RANDOM,9,"2026-07-13 23:34:44",43.3,0.488758,2.24411,4.7879,0.48757576,0.00267879,0.27024,0.007269,0.58228,0.11392,0.3038,200,100,dp,5,158,10,1,random
390,RANDOM,10,"2026-07-13 23:34:51",49.5,0.484388,2.21871,4.7879,0.48530303,-0.00668788,0.27154,0.005062,0.58861,0.10759,0.3038,200,100,dp,5,158,10,1,random
391,RANDOM,11,"2026-07-13 23:34:57",55.6,0.487791,2.23632,4.6364,0.49378788,-0.0104697,0.282491,-0.012704,0.56863,0.13725,0.29412,200,100,dp,5,153,10,1,random
392,RANDOM,12,"2026-07-13 23:35:03",61.7,0.489288,2.23954,4.5758,0.49227273,-0.00688485,0.307691,-0.004325,0.58278,0.11921,0.29801,200,100,dp,5,151,10,1,random
393,RANDOM,13,"2026-07-13 23:35:09",67.7,0.49283,2.25258,4.4848,0.49181818,0.00513333,0.310403,0.001093,0.58108,0.11486,0.30405,200,100,dp,5,148,10,1,random
394,RANDOM,14,"2026-07-13 23:35:15",73.8,0.491645,2.24126,4.3939,0.48681818,0.00439697,0.310626,0.013268,0.55862,0.13793,0.30345,200,100,dp,5,145,10,1,random
395,RANDOM,15,"2026-07-13 23:35:21",79.9,0.484221,2.20498,4.2727,0.4880303,-0.00875758,0.310802,0.003767,0.57447,0.12057,0.30496,200,100,dp,5,141,10,1,random
396,RANDOM,16,"2026-07-13 23:35:27",86.2,0.486252,2.21773,4.2727,0.49,-0.00740606,0.32994,-0.006289,0.57447,0.11348,0.31206,200,100,dp,5,141,10,1,random
397,RANDOM,17,"2026-07-13 23:35:33",92.3,0.48727,2.21609,4.1818,0.49287879,-0.00275758,0.31631,-0.009451,0.55797,0.13043,0.31159,200,100,dp,5,138,10,1,random
398,RANDOM,18,"2026-07-13 23:35:40",98.5,0.483321,2.20683,4.1818,0.48515152,-0.00522121,0.322769,0.003303,0.55072,0.13043,0.31884,200,100,dp,5,138,10,1,random
399,RANDOM,19,"2026-07-13 23:35:46",104.6,0.485212,2.21325,4.1515,0.48560606,0.00021212,0.309054,0.000631,0.54745,0.13869,0.31387,200,100,dp,5,137,10,1,random
400,RANDOM,20,"2026-07-13 23:35:52",110.8,0.48577,2.22102,4.1212,0.48954546,-0.00188485,0.320959,-0.005563,0.56618,0.11765,0.31618,200,100,dp,5,136,10,1,random
401,OI,1,"2026-07-13 23:42:44",5.2,0.528176,2.44468,5.4848,0.53045455,-0.00672424,0.317504,-0.026978,0.58564,0.11602,0.29834,200,100,dp,6,181,10,1,random
402,OI,2,"2026-07-13 23:42:49",10.1,0.556988,2.60964,5.3333,0.55681818,0.00069091,0.325207,-0.022268,0.55114,0.13068,0.31818,200,100,dp,6,176,10,1,random
403,OI,3,"2026-07-13 23:42:54",15.1,0.58343,2.78242,5.3333,0.5869697,-0.00562121,0.368875,-0.025376,0.52841,0.11932,0.35227,200,100,dp,6,176,10,1,random
404,OI,4,"2026-07-13 23:42:59",20.1,0.607785,2.94704,5.3333,0.61727273,-0.01327576,0.347516,-0.033033,0.51136,0.15909,0.32955,200,100,dp,6,176,10,1,random
405,OI,5,"2026-07-13 23:43:04",25,0.633042,3.14128,5.303,0.62742424,0.01309697,0.4315,-0.008007,0.47429,0.18857,0.33714,200,100,dp,6,175,10,1,random
406,OI,6,"2026-07-13 23:43:09",30,0.656388,3.34298,5.303,0.66696969,-0.01715455,0.470581,-0.031701,0.45143,0.2,0.34857,200,100,dp,6,175,10,1,random
407,OI,7,"2026-07-13 23:43:15",36.5,0.675994,3.56522,5.303,0.66681819,0.01633333,0.497702,0.002023,0.39429,0.26286,0.34286,200,100,dp,6,175,10,1,random
408,OI,8,"2026-07-13 23:43:22",43.1,0.694206,3.78378,5.303,0.70287879,-0.01435758,0.549108,-0.023114,0.36,0.33143,0.30857,200,100,dp,6,175,10,1,random
409,OI,9,"2026-07-13 23:43:29",49.8,0.709324,3.9717,5.303,0.69984848,0.01466667,0.651444,0.005033,0.34286,0.34286,0.31429,200,100,dp,6,175,10,1,random
410,OI,10,"2026-07-13 23:43:35",56.6,0.724176,4.15678,5.303,0.73348485,-0.01663939,0.697206,-0.020973,0.30857,0.40571,0.28571,200,100,dp,6,175,10,1,random
411,OI,11,"2026-07-13 23:43:42",63.4,0.735621,4.31661,5.303,0.74075757,-0.00539697,0.767619,-0.012718,0.28,0.43429,0.28571,200,100,dp,6,175,10,1,random
412,OI,12,"2026-07-13 23:43:49",70.3,0.746176,4.47545,5.303,0.74939394,-0.00482424,0.793956,-0.009394,0.23429,0.53714,0.22857,200,100,dp,6,175,10,1,random
413,OI,13,"2026-07-13 23:43:56",77,0.754018,4.61344,5.303,0.75969697,-0.00591212,0.937507,-0.01078,0.2,0.58857,0.21143,200,100,dp,6,175,10,1,random
414,OI,14,"2026-07-13 23:44:02",83.7,0.762512,4.76585,5.303,0.76636364,-0.00506364,1.024,-0.008541,0.18286,0.66286,0.15429,200,100,dp,6,175,10,1,random
415,OI,15,"2026-07-13 23:44:09",90.5,0.769391,4.87082,5.303,0.77363636,-0.00513939,1.25958,-0.008024,0.14857,0.76571,0.08571,200,100,dp,6,175,10,1,random
416,OI,16,"2026-07-13 23:44:16",97.3,0.774152,4.96748,5.303,0.78348485,-0.01208182,1.73977,-0.013443,0.10857,0.80571,0.08571,200,100,dp,6,175,10,1,random
417,OI,17,"2026-07-13 23:44:23",104.1,0.777121,5.03696,5.303,0.78015152,-0.0043,1.44053,-0.004313,0.08571,0.81714,0.09714,200,100,dp,6,175,10,1,random
418,OI,18,"2026-07-13 23:44:30",110.9,0.780348,5.11721,5.303,0.78060606,-0.00129394,1.37846,-0.0007,0.08571,0.85714,0.05714,200,100,dp,6,175,10,1,random
419,OI,19,"2026-07-13 23:44:36",117.6,0.781382,5.15097,5.303,0.78651515,-0.0055303,2.4963,-0.005675,0.06286,0.87429,0.06286,200,100,dp,6,175,10,1,random
420,OI,20,"2026-07-13 23:44:43",124.4,0.782345,5.17145,5.303,0.78666667,-0.00522727,1.84382,-0.004264,0.04571,0.90857,0.04571,200,100,dp,6,175,10,1,random
421,IR,1,"2026-07-13 23:44:52",5.4,0.509236,2.34869,5.4242,0.57575757,-0.11331818,0.277712,-0.137627,0.60335,0.09497,0.30168,200,100,dp,6,179,10,1,random
422,IR,2,"2026-07-13 23:44:57",10.3,0.519512,2.39198,5.303,0.58848485,-0.12390909,0.256799,-0.141412,0.58286,0.10286,0.31429,200,100,dp,6,175,10,1,random
423,IR,3,"2026-07-13 23:45:02",15.2,0.529849,2.45154,5.2424,0.5930303,-0.11208788,0.267863,-0.12813,0.57803,0.09249,0.32948,200,100,dp,6,173,10,1,random
424,IR,4,"2026-07-13 23:45:07",20.2,0.541155,2.50829,5.2424,0.61151515,-0.11765455,0.261546,-0.139331,0.57803,0.08671,0.33526,200,100,dp,6,173,10,1,random
425,IR,5,"2026-07-13 23:45:12",25.2,0.54707,2.53887,5.1212,0.61681818,-0.11546667,0.268211,-0.131301,0.55621,0.09467,0.34911,200,100,dp,6,169,10,1,random
426,IR,6,"2026-07-13 23:45:17",30.2,0.557082,2.59083,5.1212,0.61575758,-0.09556667,0.258779,-0.113648,0.56213,0.08876,0.34911,200,100,dp,6,169,10,1,random
427,IR,7,"2026-07-13 23:45:23",36.8,0.565252,2.61793,5.0606,0.63439394,-0.11803333,0.272392,-0.129005,0.55689,0.09581,0.34731,200,100,dp,6,167,10,1,random
428,IR,8,"2026-07-13 23:45:30",43.4,0.573797,2.65527,4.9394,0.64727273,-0.12412424,0.290413,-0.135015,0.53988,0.11656,0.34356,200,100,dp,6,163,10,1,random
429,IR,9,"2026-07-13 23:45:37",50.3,0.579906,2.68685,4.9394,0.65227273,-0.11715152,0.316037,-0.129272,0.53988,0.11043,0.34969,200,100,dp,6,163,10,1,random
430,IR,10,"2026-07-13 23:45:44",57.1,0.590142,2.74032,4.9394,0.66651515,-0.12296061,0.32237,-0.137984,0.53988,0.11656,0.34356,200,100,dp,6,163,10,1,random
431,IR,11,"2026-07-13 23:45:51",63.9,0.599388,2.8048,4.9394,0.66696969,-0.11141212,0.352127,-0.119869,0.51534,0.12883,0.35583,200,100,dp,6,163,10,1,random
432,IR,12,"2026-07-13 23:45:57",70.8,0.606591,2.84727,4.9091,0.67772727,-0.11778182,0.338706,-0.122097,0.50617,0.11111,0.38272,200,100,dp,6,162,10,1,random
433,IR,13,"2026-07-13 23:46:04",77.6,0.613818,2.90489,4.9091,0.69075758,-0.12198182,0.31373,-0.130599,0.49383,0.12963,0.37654,200,100,dp,6,162,10,1,random
434,IR,14,"2026-07-13 23:46:11",84.5,0.620382,2.94048,4.9091,0.69045455,-0.10810606,0.340142,-0.117466,0.48148,0.14815,0.37037,200,100,dp,6,162,10,1,random
435,IR,15,"2026-07-13 23:46:18",91.4,0.625006,2.96272,4.8485,0.69742424,-0.11253333,0.351215,-0.118924,0.4875,0.14375,0.36875,200,100,dp,6,160,10,1,random
436,IR,16,"2026-07-13 23:46:25",98.3,0.627964,2.96972,4.8182,0.70469697,-0.12430909,0.3632,-0.123905,0.49686,0.13836,0.36478,200,100,dp,6,159,10,1,random
437,IR,17,"2026-07-13 23:46:32",105.2,0.633324,2.99068,4.7879,0.71469697,-0.13073636,0.382109,-0.13189,0.49367,0.13924,0.36709,200,100,dp,6,158,10,1,random
438,IR,18,"2026-07-13 23:46:39",112.1,0.637436,3.01732,4.7879,0.71469697,-0.12048182,0.394015,-0.123473,0.48101,0.1519,0.36709,200,100,dp,6,158,10,1,random
439,IR,19,"2026-07-13 23:46:46",119.1,0.643173,3.06522,4.7879,0.72106061,-0.12295152,0.395896,-0.124778,0.46835,0.17089,0.36076,200,100,dp,6,158,10,1,random
440,IR,20,"2026-07-13 23:46:53",126.1,0.646624,3.08621,4.7879,0.71924242,-0.1156303,0.408132,-0.113868,0.44937,0.16456,0.38608,200,100,dp,6,158,10,1,random
441,AGR,1,"2026-07-13 23:47:01",7.8,0.521867,2.42881,5.303,0.47833333,0.07800909,0.296677,0.068371,0.58286,0.12,0.29714,200,100,dp,6,175,10,1,random
442,AGR,2,"2026-07-13 23:47:09",15.2,0.542645,2.57038,5.2424,0.51136364,0.04539394,0.319763,0.043167,0.56069,0.12139,0.31792,200,100,dp,6,173,10,1,random
443,AGR,3,"2026-07-13 23:47:16",22.6,0.562376,2.71005,5.2424,0.50954545,0.09148182,0.327846,0.081062,0.54913,0.12139,0.32948,200,100,dp,6,173,10,1,random
444,AGR,4,"2026-07-13 23:47:24",29.9,0.580618,2.83641,5.1818,0.53166666,0.07684848,0.326085,0.073038,0.52632,0.1345,0.33918,200,100,dp,6,171,10,1,random
445,AGR,5,"2026-07-13 23:47:31",37.3,0.597142,2.98603,5.1515,0.55121212,0.07395758,0.34965,0.067018,0.51176,0.15294,0.33529,200,100,dp,6,170,10,1,random
446,AGR,6,"2026-07-13 23:47:38",44.8,0.615303,3.13822,5.1212,0.57181818,0.06548182,0.398522,0.059484,0.47929,0.15976,0.36095,200,100,dp,6,169,10,1,random
447,AGR,7,"2026-07-13 23:47:48",54.3,0.63173,3.29197,5.1212,0.58272728,0.07806667,0.384957,0.067963,0.45562,0.18343,0.36095,200,100,dp,6,169,10,1,random
448,AGR,8,"2026-07-13 23:47:57",63.5,0.645994,3.43646,5.1212,0.61060606,0.05380606,0.412357,0.046435,0.43195,0.22485,0.3432,200,100,dp,6,169,10,1,random
449,AGR,9,"2026-07-13 23:48:07",72.9,0.660585,3.60473,5.1212,0.5980303,0.09285758,0.484927,0.086594,0.4142,0.22485,0.36095,200,100,dp,6,169,10,1,random
450,AGR,10,"2026-07-13 23:48:16",82.2,0.672818,3.75266,5.0909,0.62681818,0.07668788,0.492433,0.061514,0.40476,0.2619,0.33333,200,100,dp,6,168,10,1,random
451,AGR,11,"2026-07-13 23:48:25",91.7,0.684739,3.89269,5.0909,0.63227272,0.07490606,0.581878,0.070201,0.35714,0.32738,0.31548,200,100,dp,6,168,10,1,random
452,AGR,12,"2026-07-13 23:48:35",101.1,0.697936,4.04391,5.0909,0.65257576,0.06488182,0.644212,0.058125,0.33929,0.3869,0.27381,200,100,dp,6,168,10,1,random
453,AGR,13,"2026-07-13 23:48:45",110.9,0.708661,4.15656,5.0909,0.64909091,0.08431515,0.734834,0.078757,0.30952,0.41071,0.27976,200,100,dp,6,168,10,1,random
454,AGR,14,"2026-07-13 23:48:54",120.5,0.718679,4.27129,5.0909,0.67712121,0.06100303,0.744493,0.052631,0.27381,0.45833,0.26786,200,100,dp,6,168,10,1,random
455,AGR,15,"2026-07-13 23:49:04",129.9,0.730185,4.39526,5.0909,0.67969697,0.0700697,0.788251,0.063488,0.2381,0.52976,0.23214,200,100,dp,6,168,10,1,random
456,AGR,16,"2026-07-13 23:49:13",139.5,0.737518,4.4908,5.0909,0.685,0.07605758,0.877365,0.067651,0.18452,0.6131,0.20238,200,100,dp,6,168,10,1,random
457,AGR,17,"2026-07-13 23:49:23",149.1,0.743336,4.58051,5.0909,0.69757576,0.0657697,0.896279,0.059421,0.14881,0.67262,0.17857,200,100,dp,6,168,10,1,random
458,AGR,18,"2026-07-13 23:49:32",158.7,0.749376,4.66172,5.0909,0.69484848,0.07601515,0.911422,0.070491,0.125,0.75595,0.11905,200,100,dp,6,168,10,1,random
459,AGR,19,"2026-07-13 23:49:42",168.4,0.75343,4.71555,5.0909,0.69606061,0.08009697,1.04701,0.074801,0.08929,0.79167,0.11905,200,100,dp,6,168,10,1,random
460,AGR,20,"2026-07-13 23:49:52",178.1,0.757579,4.7786,5.0909,0.69909091,0.08332727,0.977969,0.075594,0.08333,0.82143,0.09524,200,100,dp,6,168,10,1,random
461,RANDOM,1,"2026-07-13 23:50:00",5,0.494851,2.28554,5.3636,0.50272727,-0.01444545,0.263569,-0.007074,0.60452,0.0904,0.30508,200,100,dp,6,177,10,1,random
462,RANDOM,2,"2026-07-13 23:50:05",10,0.494245,2.28145,5.2727,0.50090909,-0.01505758,0.234662,-0.009204,0.5977,0.0977,0.3046,200,100,dp,6,174,10,1,random
463,RANDOM,3,"2026-07-13 23:50:10",14.8,0.496594,2.28769,5.1818,0.50060606,-0.0014,0.247467,-0.007511,0.5848,0.12281,0.2924,200,100,dp,6,171,10,1,random
464,RANDOM,4,"2026-07-13 23:50:15",19.2,0.495903,2.29394,5.1515,0.50257575,-0.01313939,0.270474,-0.010367,0.58235,0.13529,0.28235,200,100,dp,6,170,10,1,random
465,RANDOM,5,"2026-07-13 23:50:19",24,0.492464,2.27931,5.0909,0.48772727,0.00814545,0.279881,0.016256,0.58333,0.1369,0.27976,200,100,dp,6,168,10,1,random
466,RANDOM,6,"2026-07-13 23:50:24",28.9,0.489206,2.26422,5,0.48848485,0.00176667,0.286354,0.008073,0.58182,0.12727,0.29091,200,100,dp,6,165,10,1,random
467,RANDOM,7,"2026-07-13 23:50:30",35.1,0.493106,2.285,4.9091,0.4869697,0.01554242,0.283294,0.011703,0.57407,0.14198,0.28395,200,100,dp,6,162,10,1,random
468,RANDOM,8,"2026-07-13 23:50:37",41.3,0.491552,2.27714,4.9091,0.49318182,-0.00374848,0.300654,0.0006,0.57407,0.1358,0.29012,200,100,dp,6,162,10,1,random
469,RANDOM,9,"2026-07-13 23:50:43",47.7,0.492185,2.2689,4.8788,0.49560606,-0.00910606,0.286694,-0.004781,0.58385,0.13043,0.28571,200,100,dp,6,161,10,1,random
470,RANDOM,10,"2026-07-13 23:50:50",54.1,0.490273,2.25492,4.8182,0.48909091,0.0035697,0.294985,0.006869,0.59119,0.12579,0.28302,200,100,dp,6,159,10,1,random
471,RANDOM,11,"2026-07-13 23:50:56",60.4,0.490115,2.25928,4.7879,0.48909091,0.00094849,0.308748,0.004325,0.59494,0.11392,0.29114,200,100,dp,6,158,10,1,random
472,RANDOM,12,"2026-07-13 23:51:02",66.8,0.489752,2.25015,4.7576,0.48909091,-0.00015152,0.30877,0.004658,0.58599,0.11465,0.29936,200,100,dp,6,157,10,1,random
473,RANDOM,13,"2026-07-13 23:51:09",73.4,0.489109,2.24223,4.6667,0.49272727,-0.00530606,0.294834,-0.004943,0.57792,0.13636,0.28571,200,100,dp,6,154,10,1,random
474,RANDOM,14,"2026-07-13 23:51:15",79.8,0.490291,2.24496,4.6061,0.50181818,-0.02299091,0.32218,-0.021633,0.56579,0.13816,0.29605,200,100,dp,6,152,10,1,random
475,RANDOM,15,"2026-07-13 23:51:22",86.3,0.489412,2.23629,4.5758,0.4959091,-0.01143939,0.305743,-0.009297,0.5894,0.10596,0.30464,200,100,dp,6,151,10,1,random
476,RANDOM,16,"2026-07-13 23:51:28",92.7,0.492185,2.24361,4.4545,0.50075758,-0.019,0.310567,-0.016838,0.57823,0.10204,0.31973,200,100,dp,6,147,10,1,random
477,RANDOM,17,"2026-07-13 23:51:35",99.1,0.49377,2.2487,4.4242,0.50030303,-0.01281818,0.297152,-0.010568,0.56849,0.13014,0.30137,200,100,dp,6,146,10,1,random
478,RANDOM,18,"2026-07-13 23:51:41",105.7,0.494106,2.25076,4.3636,0.5030303,-0.01955455,0.332035,-0.015517,0.54861,0.15278,0.29861,200,100,dp,6,144,10,1,random
479,RANDOM,19,"2026-07-13 23:51:48",112.2,0.491633,2.2392,4.303,0.49166667,0.00221818,0.344806,0.005172,0.57746,0.10563,0.3169,200,100,dp,6,142,10,1,random
480,RANDOM,20,"2026-07-13 23:51:54",118.6,0.489027,2.24055,4.2727,0.49863637,-0.02021818,0.321007,-0.013961,0.56738,0.11348,0.31915,200,100,dp,6,141,10,1,random
481,OI,1,"2026-07-13 23:52:51",5.4,0.533955,2.46798,5.7879,0.53530303,0.00187879,0.287279,-0.02707,0.58639,0.12042,0.29319,200,100,dp,7,191,10,1,random
482,OI,2,"2026-07-13 23:52:56",10.2,0.564882,2.65281,5.6667,0.56121212,0.00284545,0.322387,-0.017234,0.55615,0.13369,0.31016,200,100,dp,7,187,10,1,random
483,OI,3,"2026-07-13 23:53:01",14.9,0.593618,2.83835,5.6364,0.59181818,-0.00084545,0.346672,-0.017733,0.52688,0.15054,0.32258,200,100,dp,7,186,10,1,random
484,OI,4,"2026-07-13 23:53:06",19.8,0.621418,3.0362,5.6061,0.62560606,-0.00843636,0.370036,-0.026304,0.51351,0.16216,0.32432,200,100,dp,7,185,10,1,random
485,OI,5,"2026-07-13 23:53:11",24.8,0.644218,3.21771,5.5758,0.65015152,-0.01030909,0.432512,-0.0242,0.47826,0.18478,0.33696,200,100,dp,7,184,10,1,random
486,OI,6,"2026-07-13 23:53:15",29.6,0.666921,3.42698,5.5758,0.65257576,0.02470303,0.460852,0.006709,0.45652,0.20109,0.34239,200,100,dp,7,184,10,1,random
487,OI,7,"2026-07-13 23:53:22",36.1,0.681564,3.59407,5.5758,0.68818182,-0.01120303,0.491867,-0.017985,0.45109,0.23913,0.30978,200,100,dp,7,184,10,1,random
488,OI,8,"2026-07-13 23:53:29",42.8,0.703136,3.8437,5.5758,0.71030303,-0.01112424,0.607663,-0.023256,0.40761,0.28261,0.30978,200,100,dp,7,184,10,1,random
489,OI,9,"2026-07-13 23:53:35",49.5,0.722006,4.07427,5.5758,0.73151515,-0.01486061,0.641235,-0.024529,0.36413,0.32065,0.31522,200,100,dp,7,184,10,1,random
490,OI,10,"2026-07-13 23:53:42",56.3,0.737015,4.29411,5.5758,0.74015151,-0.00390303,0.654668,-0.012627,0.33696,0.34783,0.31522,200,100,dp,7,184,10,1,random
491,OI,11,"2026-07-13 23:53:49",62.9,0.748409,4.49413,5.5758,0.73969697,0.01144848,0.689958,0.006163,0.29348,0.46739,0.23913,200,100,dp,7,184,10,1,random
492,OI,12,"2026-07-13 23:53:55",69.7,0.758203,4.67551,5.5758,0.76045455,-0.00214849,0.896331,-0.007696,0.25,0.53804,0.21196,200,100,dp,7,184,10,1,random
493,OI,13,"2026-07-13 23:54:02",76.4,0.768206,4.8705,5.5758,0.76045454,0.01152727,0.989214,0.005472,0.21196,0.61413,0.17391,200,100,dp,7,184,10,1,random
494,OI,14,"2026-07-13 23:54:09",83.3,0.775294,5.01013,5.5758,0.77515151,0.00120606,1.1365,-0.002838,0.16848,0.66848,0.16304,200,100,dp,7,184,10,1,random
495,OI,15,"2026-07-13 23:54:16",90.1,0.782564,5.1449,5.5758,0.79045455,-0.01035758,1.15626,-0.012999,0.16304,0.71739,0.11957,200,100,dp,7,184,10,1,random
496,OI,16,"2026-07-13 23:54:23",96.8,0.788279,5.26651,5.5758,0.77969697,0.01230606,1.44185,0.008825,0.09783,0.82609,0.07609,200,100,dp,7,184,10,1,random
497,OI,17,"2026-07-13 23:54:29",103.5,0.791697,5.33428,5.5758,0.79560606,-0.00486061,1.54484,-0.005553,0.08152,0.83152,0.08696,200,100,dp,7,184,10,1,random
498,OI,18,"2026-07-13 23:54:36",110.3,0.794842,5.39332,5.5758,0.79848485,-0.00519394,1.46827,-0.004851,0.07065,0.86413,0.06522,200,100,dp,7,184,10,1,random
499,OI,19,"2026-07-13 23:54:43",117.1,0.796706,5.42416,5.5758,0.79454546,0.00299394,1.8958,0.003333,0.03804,0.91848,0.04348,200,100,dp,7,184,10,1,random
500,OI,20,"2026-07-13 23:54:50",124,0.796976,5.43748,5.5758,0.79318182,0.00398182,1.81254,0.005979,0.02717,0.92391,0.04891,200,100,dp,7,184,10,1,random
501,IR,1,"2026-07-13 23:54:59",5,0.518097,2.37009,5.8182,0.58181818,-0.11387273,0.25549,-0.135466,0.60938,0.11458,0.27604,200,100,dp,7,192,10,1,random
502,IR,2,"2026-07-13 23:55:04",9.6,0.525282,2.40602,5.6364,0.5930303,-0.11974546,0.263689,-0.134653,0.5914,0.12366,0.28495,200,100,dp,7,186,10,1,random
503,IR,3,"2026-07-13 23:55:08",14.1,0.535464,2.45828,5.5152,0.5980303,-0.10853636,0.281307,-0.124774,0.57143,0.14835,0.28022,200,100,dp,7,182,10,1,random
504,IR,4,"2026-07-13 23:55:13",18.6,0.547127,2.51734,5.4242,0.615,-0.11674849,0.31102,-0.134125,0.55866,0.13966,0.30168,200,100,dp,7,179,10,1,random
505,IR,5,"2026-07-13 23:55:17",23.1,0.553573,2.5552,5.3333,0.62409091,-0.1193303,0.296106,-0.132448,0.55114,0.13636,0.3125,200,100,dp,7,176,10,1,random
506,IR,6,"2026-07-13 23:55:22",27.8,0.561433,2.59799,5.2727,0.62530303,-0.10636061,0.298494,-0.119774,0.54023,0.14368,0.31609,200,100,dp,7,174,10,1,random
507,IR,7,"2026-07-13 23:55:28",34.1,0.568388,2.63888,5.2121,0.63590909,-0.11255455,0.315672,-0.12391,0.5407,0.13953,0.31977,200,100,dp,7,172,10,1,random
508,IR,8,"2026-07-13 23:55:35",40.3,0.574682,2.66812,5.1818,0.64424243,-0.11893939,0.324059,-0.125243,0.53801,0.12865,0.33333,200,100,dp,7,171,10,1,random
509,IR,9,"2026-07-13 23:55:41",46.8,0.580012,2.69884,5.0909,0.64666667,-0.10805152,0.314846,-0.11824,0.5119,0.14881,0.33929,200,100,dp,7,168,10,1,random
510,IR,10,"2026-07-13 23:55:47",53.2,0.585315,2.72921,5.0303,0.65545455,-0.11598485,0.305013,-0.123547,0.50602,0.16265,0.33133,200,100,dp,7,166,10,1,random
511,IR,11,"2026-07-13 23:55:54",59.6,0.590915,2.74266,5.0303,0.66484848,-0.12374849,0.323089,-0.128871,0.50602,0.16867,0.3253,200,100,dp,7,166,10,1,random
512,IR,12,"2026-07-13 23:56:00",66,0.597185,2.77229,5,0.66969697,-0.11981818,0.344846,-0.125782,0.50909,0.15758,0.33333,200,100,dp,7,165,10,1,random
513,IR,13,"2026-07-13 23:56:07",72.4,0.60097,2.80998,4.9697,0.67590909,-0.12066667,0.343649,-0.126913,0.5061,0.16463,0.32927,200,100,dp,7,164,10,1,random
514,IR,14,"2026-07-13 23:56:13",78.8,0.607852,2.85499,4.9394,0.67424243,-0.1078697,0.368801,-0.114199,0.50307,0.14724,0.34969,200,100,dp,7,163,10,1,random
515,IR,15,"2026-07-13 23:56:19",85.3,0.613218,2.88781,4.8788,0.68909091,-0.12254545,0.353569,-0.127437,0.49068,0.16149,0.34783,200,100,dp,7,161,10,1,random
516,IR,16,"2026-07-13 23:56:26",91.8,0.621567,2.94756,4.8788,0.69590909,-0.12202424,0.364149,-0.125772,0.47205,0.1677,0.36025,200,100,dp,7,161,10,1,random
517,IR,17,"2026-07-13 23:56:32",98.2,0.629621,3.00328,4.8182,0.70863637,-0.12748485,0.35956,-0.131325,0.45912,0.18239,0.35849,200,100,dp,7,159,10,1,random
518,IR,18,"2026-07-13 23:56:39",104.7,0.634058,3.03452,4.8182,0.70954546,-0.12289697,0.36945,-0.122039,0.45283,0.18868,0.35849,200,100,dp,7,159,10,1,random
519,IR,19,"2026-07-13 23:56:45",111,0.640397,3.08199,4.7879,0.71590909,-0.11858485,0.381355,-0.122104,0.46203,0.17089,0.36709,200,100,dp,7,158,10,1,random
520,IR,20,"2026-07-13 23:56:52",117.5,0.645124,3.10495,4.7576,0.71969697,-0.11969394,0.389117,-0.118645,0.43949,0.19745,0.36306,200,100,dp,7,157,10,1,random
521,AGR,1,"2026-07-13 23:57:00",7.3,0.529403,2.44378,5.8485,0.49272727,0.05987576,0.271509,0.050581,0.60622,0.10363,0.29016,200,100,dp,7,193,10,1,random
522,AGR,2,"2026-07-13 23:57:07",14.1,0.5507,2.58512,5.8182,0.50560606,0.07126667,0.282983,0.067496,0.58333,0.10938,0.30729,200,100,dp,7,192,10,1,random
523,AGR,3,"2026-07-13 23:57:14",21.2,0.568961,2.73216,5.7273,0.52878787,0.06615152,0.292114,0.05782,0.56085,0.12169,0.31746,200,100,dp,7,189,10,1,random
524,AGR,4,"2026-07-13 23:57:21",28.2,0.58907,2.89474,5.6667,0.54939394,0.06849697,0.322584,0.053779,0.5508,0.11765,0.33155,200,100,dp,7,187,10,1,random
525,AGR,5,"2026-07-13 23:57:28",35.3,0.609452,3.06969,5.6061,0.56863637,0.0638,0.34701,0.054217,0.52432,0.15135,0.32432,200,100,dp,7,185,10,1,random
526,AGR,6,"2026-07-13 23:57:35",42.3,0.627191,3.23345,5.6061,0.57863637,0.07497576,0.387094,0.066395,0.5027,0.17297,0.32432,200,100,dp,7,185,10,1,random
527,AGR,7,"2026-07-13 23:57:44",51,0.645064,3.42545,5.5455,0.61030303,0.05309697,0.42803,0.04304,0.48087,0.16393,0.35519,200,100,dp,7,183,10,1,random
528,AGR,8,"2026-07-13 23:57:53",59.9,0.661991,3.6038,5.4848,0.62,0.0662697,0.426171,0.053963,0.46409,0.18232,0.35359,200,100,dp,7,181,10,1,random
529,AGR,9,"2026-07-13 23:58:02",69,0.677594,3.79773,5.4848,0.63848484,0.05863939,0.480605,0.048727,0.41989,0.23757,0.34254,200,100,dp,7,181,10,1,random
530,AGR,10,"2026-07-13 23:58:11",78.1,0.692609,3.98952,5.4242,0.64924243,0.06455455,0.531115,0.054161,0.38547,0.2905,0.32402,200,100,dp,7,179,10,1,random
531,AGR,11,"2026-07-13 23:58:20",87.1,0.705479,4.15613,5.4242,0.66333334,0.05975758,0.618123,0.053239,0.36872,0.32402,0.30726,200,100,dp,7,179,10,1,random
532,AGR,12,"2026-07-13 23:58:29",96.3,0.717297,4.31285,5.4242,0.67257576,0.06470606,0.681053,0.056601,0.32961,0.36872,0.30168,200,100,dp,7,179,10,1,random
533,AGR,13,"2026-07-13 23:58:39",105.8,0.729042,4.44805,5.4242,0.6780303,0.06867273,0.705454,0.064117,0.30168,0.43017,0.26816,200,100,dp,7,179,10,1,random
534,AGR,14,"2026-07-13 23:58:48",115.1,0.739906,4.59767,5.3939,0.69212121,0.06497576,0.80524,0.059005,0.24719,0.53371,0.2191,200,100,dp,7,178,10,1,random
535,AGR,15,"2026-07-13 23:58:57",124.4,0.749609,4.73495,5.3939,0.69833333,0.07159394,0.921781,0.063885,0.22472,0.58427,0.19101,200,100,dp,7,178,10,1,random
536,AGR,16,"2026-07-13 23:59:07",133.8,0.758773,4.84137,5.3939,0.70393939,0.07468485,1.00161,0.067938,0.2191,0.61798,0.16292,200,100,dp,7,178,10,1,random
537,AGR,17,"2026-07-13 23:59:16",143.4,0.765206,4.93944,5.3939,0.71439394,0.06959091,1.15567,0.063735,0.19101,0.69101,0.11798,200,100,dp,7,178,10,1,random
538,AGR,18,"2026-07-13 23:59:26",152.9,0.770633,5.01468,5.3939,0.72636363,0.06005455,1.33833,0.055514,0.14045,0.74719,0.11236,200,100,dp,7,178,10,1,random
539,AGR,19,"2026-07-13 23:59:35",162.2,0.775015,5.07884,5.3939,0.72651516,0.06532727,1.23443,0.060932,0.10112,0.80899,0.08989,200,100,dp,7,178,10,1,random
540,AGR,20,"2026-07-13 23:59:45",171.7,0.779239,5.1509,5.3939,0.72560606,0.07097273,1.24455,0.067393,0.09551,0.81461,0.08989,200,100,dp,7,178,10,1,random
541,RANDOM,1,"2026-07-13 23:59:53",5,0.502958,2.30258,5.6667,0.49878788,0.00642727,0.237639,0.012711,0.60428,0.13369,0.26203,200,100,dp,7,187,10,1,random
542,RANDOM,2,"2026-07-13 23:59:58",9.5,0.501682,2.29715,5.5152,0.50378788,-0.00855758,0.278025,-0.000034,0.6044,0.13187,0.26374,200,100,dp,7,182,10,1,random
543,RANDOM,3,"2026-07-14 00:00:03",14.1,0.501873,2.29817,5.3636,0.50909091,-0.01208788,0.287111,-0.01182,0.58757,0.14124,0.27119,200,100,dp,7,177,10,1,random
544,RANDOM,4,"2026-07-14 00:00:08",19.1,0.499233,2.28817,5.2727,0.49924242,0.00208788,0.27498,0.006038,0.60345,0.11494,0.28161,200,100,dp,7,174,10,1,random
545,RANDOM,5,"2026-07-14 00:00:12",23.7,0.496252,2.27688,5.2727,0.48878788,0.01698788,0.269736,0.02127,0.60345,0.12069,0.27586,200,100,dp,7,174,10,1,random
546,RANDOM,6,"2026-07-14 00:00:17",28.2,0.4988,2.29732,5.2121,0.50484849,-0.01360606,0.280477,-0.010232,0.59302,0.13953,0.26744,200,100,dp,7,172,10,1,random
547,RANDOM,7,"2026-07-14 00:00:23",34.3,0.498824,2.29715,5.1515,0.49742424,-0.00285151,0.291238,0.006603,0.6,0.12353,0.27647,200,100,dp,7,170,10,1,random
548,RANDOM,8,"2026-07-14 00:00:29",40.4,0.497094,2.28304,5.0606,0.49636364,0.00003333,0.286505,0.006995,0.58683,0.13772,0.27545,200,100,dp,7,167,10,1,random
549,RANDOM,9,"2026-07-14 00:00:35",46.8,0.497658,2.27097,4.9394,0.49924242,-0.00694848,0.290829,-0.001357,0.57669,0.14724,0.27607,200,100,dp,7,163,10,1,random
550,RANDOM,10,"2026-07-14 00:00:42",53.1,0.498215,2.277,4.9091,0.50393939,-0.01112424,0.302131,-0.009102,0.58025,0.12963,0.29012,200,100,dp,7,162,10,1,random
551,RANDOM,11,"2026-07-14 00:00:48",59.3,0.501715,2.30962,4.8485,0.50424242,-0.00394545,0.293888,-0.005289,0.5875,0.11875,0.29375,200,100,dp,7,160,10,1,random
552,RANDOM,12,"2026-07-14 00:00:54",65.7,0.500373,2.30798,4.8182,0.50257576,-0.00068788,0.298287,-0.000389,0.58491,0.11321,0.30189,200,100,dp,7,159,10,1,random
553,RANDOM,13,"2026-07-14 00:01:00",72,0.499564,2.2945,4.7576,0.49318182,0.01159394,0.288536,0.017774,0.59873,0.08917,0.3121,200,100,dp,7,157,10,1,random
554,RANDOM,14,"2026-07-14 00:01:07",78.5,0.495982,2.2814,4.697,0.49045455,0.00194242,0.27509,0.018051,0.6,0.09677,0.30323,200,100,dp,7,155,10,1,random
555,RANDOM,15,"2026-07-14 00:01:13",85,0.499773,2.29923,4.6061,0.50318182,-0.00944849,0.302557,-0.007791,0.59211,0.09868,0.30921,200,100,dp,7,152,10,1,random
556,RANDOM,16,"2026-07-14 00:01:20",91.3,0.498279,2.2839,4.5758,0.49424242,0.00934062,0.302551,0.012846,0.58278,0.11258,0.30464,200,100,dp,7,151,10,1,random
557,RANDOM,17,"2026-07-14 00:01:26",97.6,0.49787,2.26632,4.4848,0.49636364,0.00145625,0.336698,0.005514,0.58784,0.09459,0.31757,200,100,dp,7,148,10,1,random
558,RANDOM,18,"2026-07-14 00:01:32",103.9,0.497058,2.25852,4.4545,0.49363637,0.0073,0.331378,0.010256,0.59864,0.09524,0.30612,200,100,dp,7,147,10,1,random
559,RANDOM,19,"2026-07-14 00:01:39",110.2,0.498285,2.27207,4.4242,0.50166666,-0.00494063,0.361964,-0.004728,0.59589,0.08904,0.31507,200,100,dp,7,146,10,1,random
560,RANDOM,20,"2026-07-14 00:01:45",116.5,0.494521,2.25579,4.3636,0.5019697,-0.0158875,0.33552,-0.008457,0.58333,0.10417,0.3125,200,100,dp,7,144,10,1,random
561,OI,1,"2026-07-14 00:02:44",5.3,0.539491,2.51117,5.697,0.54045454,-0.00786061,0.315481,-0.028195,0.57979,0.11702,0.30319,200,100,dp,8,188,10,1,random
562,OI,2,"2026-07-14 00:02:49",10.1,0.568973,2.67659,5.697,0.57333333,0.00096364,0.314423,-0.030158,0.56915,0.09574,0.33511,200,100,dp,8,188,10,1,random
563,OI,3,"2026-07-14 00:02:54",15,0.595427,2.86399,5.5758,0.60924243,-0.02538485,0.316987,-0.042627,0.52717,0.13043,0.34239,200,100,dp,8,184,10,1,random
564,OI,4,"2026-07-14 00:02:59",19.9,0.622227,3.0401,5.5455,0.62075757,0.00141212,0.357577,-0.016846,0.49727,0.18579,0.31694,200,100,dp,8,183,10,1,random
565,OI,5,"2026-07-14 00:03:04",24.8,0.646818,3.22394,5.5455,0.65045455,-0.00554545,0.457478,-0.021826,0.46995,0.20765,0.3224,200,100,dp,8,183,10,1,random
566,OI,6,"2026-07-14 00:03:09",29.8,0.670161,3.42227,5.5455,0.67136364,-0.00306364,0.487753,-0.017356,0.43716,0.22951,0.33333,200,100,dp,8,183,10,1,random
567,OI,7,"2026-07-14 00:03:15",36.3,0.690479,3.62929,5.5455,0.69484849,-0.00837879,0.515714,-0.018719,0.40984,0.2623,0.32787,200,100,dp,8,183,10,1,random
568,OI,8,"2026-07-14 00:03:22",42.9,0.706833,3.83858,5.5152,0.70636363,0.00227879,0.576724,-0.009138,0.35714,0.26923,0.37363,200,100,dp,8,182,10,1,random
569,OI,9,"2026-07-14 00:03:29",49.6,0.720285,4.02877,5.5152,0.72257576,-0.00370909,0.524047,-0.010632,0.33516,0.38462,0.28022,200,100,dp,8,182,10,1,random
570,OI,10,"2026-07-14 00:03:35",56.5,0.734358,4.22924,5.4848,0.73469697,-0.00116667,0.738306,-0.008002,0.29282,0.39779,0.30939,200,100,dp,8,181,10,1,random
571,OI,11,"2026-07-14 00:03:42",63.4,0.746533,4.43867,5.4848,0.75242424,-0.00810606,0.721919,-0.014061,0.27072,0.48619,0.24309,200,100,dp,8,181,10,1,random
572,OI,12,"2026-07-14 00:03:49",70.1,0.757024,4.62494,5.4848,0.76121212,-0.00690909,0.90119,-0.01046,0.22652,0.54696,0.22652,200,100,dp,8,181,10,1,random
573,OI,13,"2026-07-14 00:03:56",77,0.766064,4.81605,5.4848,0.76015151,0.00646667,0.941732,0.003697,0.1989,0.59116,0.20994,200,100,dp,8,181,10,1,random
574,OI,14,"2026-07-14 00:04:03",83.6,0.772539,4.96269,5.4848,0.77136364,0.00194242,1.03868,-0.001036,0.16022,0.67403,0.16575,200,100,dp,8,181,10,1,random
575,OI,15,"2026-07-14 00:04:09",90.6,0.77817,5.08793,5.4848,0.78909091,-0.01668485,1.17942,-0.015971,0.14365,0.72928,0.12707,200,100,dp,8,181,10,1,random
576,OI,16,"2026-07-14 00:04:16",97.4,0.781327,5.18597,5.4848,0.79181818,-0.0135,1.4399,-0.013782,0.10497,0.8011,0.09392,200,100,dp,8,181,10,1,random
577,OI,17,"2026-07-14 00:04:23",104.3,0.784376,5.27305,5.4848,0.78227273,0.0035697,1.50157,0.002137,0.08287,0.85635,0.06077,200,100,dp,8,181,10,1,random
578,OI,18,"2026-07-14 00:04:30",111.1,0.786806,5.33594,5.4848,0.78409091,0.00352727,2.09544,0.003317,0.05525,0.89503,0.04972,200,100,dp,8,181,10,1,random
579,OI,19,"2026-07-14 00:04:37",117.9,0.787918,5.35985,5.4848,0.79015151,-0.00176061,1.98537,-0.001825,0.03315,0.9337,0.03315,200,100,dp,8,181,10,1,random
580,OI,20,"2026-07-14 00:04:43",124.6,0.788288,5.36565,5.4848,0.79666667,-0.01178182,2.41157,-0.00963,0.0442,0.90608,0.04972,200,100,dp,8,181,10,1,random
581,IR,1,"2026-07-14 00:04:53",5.3,0.513921,2.36072,5.7879,0.56621212,-0.09800606,0.270737,-0.106833,0.60209,0.10995,0.28796,200,100,dp,8,191,10,1,random
582,IR,2,"2026-07-14 00:04:57",10.2,0.52767,2.4185,5.7273,0.58742424,-0.1045303,0.259932,-0.125624,0.59788,0.09524,0.30688,200,100,dp,8,189,10,1,random
583,IR,3,"2026-07-14 00:05:02",15,0.539688,2.4663,5.6667,0.61196969,-0.12416667,0.249805,-0.144534,0.59893,0.09626,0.30481,200,100,dp,8,187,10,1,random
584,IR,4,"2026-07-14 00:05:07",19.8,0.552555,2.52823,5.5758,0.61878788,-0.11551818,0.27769,-0.130654,0.58152,0.08152,0.33696,200,100,dp,8,184,10,1,random
585,IR,5,"2026-07-14 00:05:12",24.7,0.563567,2.5899,5.3636,0.63469697,-0.1229303,0.24661,-0.134844,0.57062,0.09605,0.33333,200,100,dp,8,177,10,1,random
586,IR,6,"2026-07-14 00:05:17",29.6,0.572124,2.64194,5.2727,0.64075758,-0.1167,0.278225,-0.127046,0.55747,0.09195,0.35057,200,100,dp,8,174,10,1,random
587,IR,7,"2026-07-14 00:05:23",36.2,0.579064,2.67171,5.2727,0.6489394,-0.11821515,0.262892,-0.126145,0.56322,0.07471,0.36207,200,100,dp,8,174,10,1,random
588,IR,8,"2026-07-14 00:05:30",42.7,0.584194,2.69479,5.2727,0.66166667,-0.128,0.251863,-0.136273,0.54598,0.09195,0.36207,200,100,dp,8,174,10,1,random
589,IR,9,"2026-07-14 00:05:37",49.5,0.589188,2.70604,5.1212,0.65681818,-0.11137273,0.251467,-0.117733,0.53254,0.13609,0.33136,200,100,dp,8,169,10,1,random
590,IR,10,"2026-07-14 00:05:44",56.3,0.599318,2.76041,5.1212,0.66590909,-0.10930606,0.342063,-0.119273,0.53254,0.11243,0.35503,200,100,dp,8,169,10,1,random
591,IR,11,"2026-07-14 00:05:50",63,0.603876,2.78415,5.0909,0.68378788,-0.13069697,0.300603,-0.134908,0.51786,0.11905,0.3631,200,100,dp,8,168,10,1,random
592,IR,12,"2026-07-14 00:05:57",69.8,0.608282,2.80191,5.0909,0.67893939,-0.11473334,0.295505,-0.119239,0.51786,0.125,0.35714,200,100,dp,8,168,10,1,random
593,IR,13,"2026-07-14 00:06:04",76.6,0.60893,2.81298,5.0909,0.67712121,-0.11009697,0.305055,-0.111144,0.51786,0.1369,0.34524,200,100,dp,8,168,10,1,random
594,IR,14,"2026-07-14 00:06:10",83.3,0.61503,2.8497,5.0606,0.69378788,-0.12897879,0.323949,-0.132695,0.50898,0.14371,0.34731,200,100,dp,8,167,10,1,random
595,IR,15,"2026-07-14 00:06:17",90,0.620691,2.88558,5.0303,0.69424242,-0.11816667,0.343756,-0.12193,0.50602,0.13855,0.35542,200,100,dp,8,166,10,1,random
596,IR,16,"2026-07-14 00:06:24",96.8,0.624182,2.90323,4.9697,0.70181818,-0.1228394,0.348427,-0.126391,0.5,0.15244,0.34756,200,100,dp,8,164,10,1,random
597,IR,17,"2026-07-14 00:06:31",103.6,0.631533,2.95134,4.9697,0.71242424,-0.12808788,0.378777,-0.13308,0.48171,0.15244,0.36585,200,100,dp,8,164,10,1,random
598,IR,18,"2026-07-14 00:06:38",110.5,0.633461,2.94707,4.8788,0.70818182,-0.11832424,0.352386,-0.118275,0.48447,0.16149,0.35404,200,100,dp,8,161,10,1,random
599,IR,19,"2026-07-14 00:06:45",117.4,0.639,2.9869,4.8788,0.71651515,-0.12022121,0.40422,-0.124641,0.49068,0.14907,0.36025,200,100,dp,8,161,10,1,random
600,IR,20,"2026-07-14 00:06:51",124.2,0.641791,3.00209,4.8485,0.72318182,-0.12698788,0.389133,-0.128115,0.49375,0.14375,0.3625,200,100,dp,8,160,10,1,random
601,AGR,1,"2026-07-14 00:07:00",7.8,0.534245,2.46954,5.9091,0.48712121,0.07559091,0.297676,0.069075,0.60513,0.07692,0.31795,200,100,dp,8,195,10,1,random
602,AGR,2,"2026-07-14 00:07:07",15.2,0.554255,2.5996,5.8182,0.50757576,0.08058788,0.24154,0.070882,0.58854,0.08333,0.32813,200,100,dp,8,192,10,1,random
603,AGR,3,"2026-07-14 00:07:15",22.5,0.574567,2.74707,5.8182,0.54151515,0.05422727,0.264294,0.043812,0.56771,0.09896,0.33333,200,100,dp,8,192,10,1,random
604,AGR,4,"2026-07-14 00:07:22",30,0.592894,2.88431,5.697,0.54454546,0.079,0.288728,0.06943,0.55851,0.10638,0.33511,200,100,dp,8,188,10,1,random
605,AGR,5,"2026-07-14 00:07:30",37.5,0.611197,3.03655,5.6364,0.56333333,0.07301515,0.334476,0.067306,0.54301,0.10215,0.35484,200,100,dp,8,186,10,1,random
606,AGR,6,"2026-07-14 00:07:37",45,0.630464,3.21712,5.6364,0.58863636,0.06373636,0.343647,0.054618,0.52151,0.13441,0.34409,200,100,dp,8,186,10,1,random
607,AGR,7,"2026-07-14 00:07:46",54,0.649009,3.38714,5.6364,0.60560606,0.06883939,0.401482,0.055658,0.50538,0.13441,0.36022,200,100,dp,8,186,10,1,random
608,AGR,8,"2026-07-14 00:07:55",63.3,0.665421,3.55021,5.6364,0.62060606,0.06781818,0.396957,0.057961,0.46237,0.18817,0.34946,200,100,dp,8,186,10,1,random
609,AGR,9,"2026-07-14 00:08:05",72.8,0.680512,3.71831,5.6364,0.63833334,0.06110303,0.444402,0.05338,0.44086,0.2043,0.35484,200,100,dp,8,186,10,1,random
610,AGR,10,"2026-07-14 00:08:14",82.1,0.696115,3.88659,5.6364,0.65030304,0.0676,0.479602,0.057474,0.42473,0.22581,0.34946,200,100,dp,8,186,10,1,random
611,AGR,11,"2026-07-14 00:08:24",91.6,0.707712,4.04532,5.6364,0.66878788,0.05711515,0.529792,0.049188,0.3871,0.26882,0.34409,200,100,dp,8,186,10,1,random
612,AGR,12,"2026-07-14 00:08:33",101.1,0.72077,4.21918,5.6364,0.67833334,0.0608303,0.556848,0.051943,0.34946,0.33333,0.3172,200,100,dp,8,186,10,1,random
613,AGR,13,"2026-07-14 00:08:43",111,0.731515,4.38785,5.6364,0.6819697,0.06982424,0.623951,0.062589,0.33333,0.36022,0.30645,200,100,dp,8,186,10,1,random
614,AGR,14,"2026-07-14 00:08:53",120.4,0.741636,4.54736,5.6364,0.70469697,0.04971818,0.687236,0.044923,0.2957,0.43011,0.27419,200,100,dp,8,186,10,1,random
615,AGR,15,"2026-07-14 00:09:02",129.7,0.752348,4.69084,5.6364,0.695,0.07898485,0.767526,0.07106,0.2957,0.43548,0.26882,200,100,dp,8,186,10,1,random
616,AGR,16,"2026-07-14 00:09:11",139.2,0.759958,4.82947,5.6364,0.71348485,0.06043939,0.835392,0.057781,0.27419,0.51613,0.20968,200,100,dp,8,186,10,1,random
617,AGR,17,"2026-07-14 00:09:21",148.9,0.766976,4.94559,5.6364,0.72227273,0.06039394,0.978462,0.05548,0.25806,0.50538,0.23656,200,100,dp,8,186,10,1,random
618,AGR,18,"2026-07-14 00:09:30",158.4,0.774621,5.07964,5.6364,0.73606061,0.05316667,0.994542,0.046581,0.22581,0.57527,0.19892,200,100,dp,8,186,10,1,random
619,AGR,19,"2026-07-14 00:09:40",167.9,0.7807,5.19452,5.6061,0.73242424,0.06308182,1.13602,0.059417,0.16216,0.66486,0.17297,200,100,dp,8,185,10,1,random
620,AGR,20,"2026-07-14 00:09:50",177.6,0.785682,5.29389,5.6061,0.7339394,0.06930606,1.12895,0.064268,0.12973,0.74054,0.12973,200,100,dp,8,185,10,1,random
621,RANDOM,1,"2026-07-14 00:09:59",5,0.506385,2.32833,5.8182,0.51075757,-0.00950606,0.263391,-0.004535,0.60417,0.11458,0.28125,200,100,dp,8,192,10,1,random
622,RANDOM,2,"2026-07-14 00:10:04",10,0.508215,2.34612,5.6364,0.50742425,0.00194545,0.244401,0.002544,0.5914,0.11828,0.29032,200,100,dp,8,186,10,1,random
623,RANDOM,3,"2026-07-14 00:10:09",14.9,0.511306,2.36475,5.3939,0.51136363,-0.0010697,0.247071,-0.000509,0.57303,0.11798,0.30899,200,100,dp,8,178,10,1,random
624,RANDOM,4,"2026-07-14 00:10:13",19.6,0.509224,2.3415,5.3333,0.52166667,-0.0233,0.235593,-0.019234,0.56818,0.11932,0.3125,200,100,dp,8,176,10,1,random
625,RANDOM,5,"2026-07-14 00:10:18",24.2,0.508448,2.33475,5.303,0.51454545,-0.01164848,0.236357,-0.007501,0.56571,0.14286,0.29143,200,100,dp,8,175,10,1,random
626,RANDOM,6,"2026-07-14 00:10:23",28.8,0.507461,2.3276,5.1515,0.50242424,0.01097576,0.268889,0.014431,0.56471,0.13529,0.3,200,100,dp,8,170,10,1,random
627,RANDOM,7,"2026-07-14 00:10:29",34.9,0.50677,2.30986,5.0606,0.50530303,-0.00012727,0.270079,0.006084,0.56886,0.13772,0.29341,200,100,dp,8,167,10,1,random
628,RANDOM,8,"2026-07-14 00:10:35",41.2,0.502388,2.28841,5.0606,0.50166667,0.00433333,0.282695,0.009407,0.55689,0.1497,0.29341,200,100,dp,8,167,10,1,random
629,RANDOM,9,"2026-07-14 00:10:41",47.5,0.500842,2.27238,5.0303,0.50348485,-0.00204848,0.280503,-0.000792,0.57229,0.11446,0.31325,200,100,dp,8,166,10,1,random
630,RANDOM,10,"2026-07-14 00:10:48",54,0.499952,2.27859,5.0303,0.51075758,-0.01648182,0.256483,-0.018268,0.56024,0.14458,0.29518,200,100,dp,8,166,10,1,random
631,RANDOM,11,"2026-07-14 00:10:54",60.6,0.499436,2.27211,4.9697,0.50287878,-0.00923333,0.279354,-0.003258,0.54268,0.15854,0.29878,200,100,dp,8,164,10,1,random
632,RANDOM,12,"2026-07-14 00:11:01",67.2,0.500582,2.26967,4.8485,0.50545455,-0.00773333,0.272023,-0.007158,0.5375,0.15,0.3125,200,100,dp,8,160,10,1,random
633,RANDOM,13,"2026-07-14 00:11:07",73.6,0.501627,2.28179,4.7576,0.50333333,-0.0044697,0.264736,-0.002144,0.55414,0.12739,0.31847,200,100,dp,8,157,10,1,random
634,RANDOM,14,"2026-07-14 00:11:14",80,0.505342,2.29749,4.7273,0.50575757,-0.00611212,0.283683,-0.001167,0.55128,0.14744,0.30128,200,100,dp,8,156,10,1,random
635,RANDOM,15,"2026-07-14 00:11:20",86.6,0.50643,2.30289,4.7273,0.50681818,0.00322121,0.318197,0.00081,0.55128,0.14744,0.30128,200,100,dp,8,156,10,1,random
636,RANDOM,16,"2026-07-14 00:11:27",93.1,0.505436,2.29262,4.6061,0.50484848,0.00079394,0.31465,0.005296,0.54605,0.15132,0.30263,200,100,dp,8,152,10,1,random
637,RANDOM,17,"2026-07-14 00:11:33",99.6,0.506479,2.2868,4.5455,0.5130303,-0.01398182,0.327984,-0.010073,0.54,0.15333,0.30667,200,100,dp,8,150,10,1,random
638,RANDOM,18,"2026-07-14 00:11:40",106.1,0.502139,2.27399,4.4848,0.50166666,0.00536364,0.320361,0.007712,0.55405,0.12838,0.31757,200,100,dp,8,148,10,1,random
639,RANDOM,19,"2026-07-14 00:11:46",112.6,0.505024,2.27391,4.4242,0.51136363,-0.01306061,0.319566,-0.011441,0.5411,0.16438,0.29452,200,100,dp,8,146,10,1,random
640,RANDOM,20,"2026-07-14 00:11:53",119.1,0.502509,2.26451,4.3939,0.51121212,-0.01082424,0.352896,-0.011351,0.55172,0.17241,0.27586,200,100,dp,8,145,10,1,random
641,OI,1,"2026-07-14 00:25:11",5.1,0.533236,2.47492,6,0.54015151,-0.01073939,0.29565,-0.038176,0.60606,0.09091,0.30303,200,100,dp,9,198,10,1,random
642,OI,2,"2026-07-14 00:25:16",9.7,0.562545,2.66067,5.9091,0.56787879,-0.01192424,0.283031,-0.032479,0.56923,0.12821,0.30256,200,100,dp,9,195,10,1,random
643,OI,3,"2026-07-14 00:25:21",14.4,0.587855,2.82531,5.8485,0.585,0.00078182,0.331153,-0.013355,0.54404,0.12435,0.33161,200,100,dp,9,193,10,1,random
644,OI,4,"2026-07-14 00:25:25",19.1,0.615679,3.0229,5.8485,0.62621212,-0.02125455,0.351691,-0.036979,0.53368,0.12953,0.33679,200,100,dp,9,193,10,1,random
645,OI,5,"2026-07-14 00:25:30",23.9,0.640712,3.21435,5.7879,0.64878788,-0.0143303,0.402532,-0.029718,0.49215,0.20419,0.30366,200,100,dp,9,191,10,1,random
646,OI,6,"2026-07-14 00:25:35",28.7,0.662685,3.43668,5.7576,0.65909091,0.0067,0.498174,-0.008111,0.46842,0.2,0.33158,200,100,dp,9,190,10,1,random
647,OI,7,"2026-07-14 00:25:41",35,0.681015,3.63994,5.7576,0.68681818,-0.00911212,0.498059,-0.019783,0.43684,0.23684,0.32632,200,100,dp,9,190,10,1,random
648,OI,8,"2026-07-14 00:25:48",41.4,0.699655,3.83181,5.697,0.69833333,0.00160303,0.557486,-0.009297,0.39894,0.31383,0.28723,200,100,dp,9,188,10,1,random
649,OI,9,"2026-07-14 00:25:54",47.9,0.718676,4.08483,5.697,0.72136363,-0.00237576,0.65522,-0.014965,0.3617,0.35638,0.28191,200,100,dp,9,188,10,1,random
650,OI,10,"2026-07-14 00:26:01",54.3,0.734988,4.30164,5.697,0.72590909,0.01081818,0.69925,0.003746,0.31915,0.35638,0.32447,200,100,dp,9,188,10,1,random
651,OI,11,"2026-07-14 00:26:07",60.9,0.745991,4.47822,5.697,0.74606061,0.00060909,0.630201,-0.005578,0.28723,0.43085,0.28191,200,100,dp,9,188,10,1,random
652,OI,12,"2026-07-14 00:26:14",67.4,0.756773,4.67384,5.697,0.76015151,-0.00335455,0.722158,-0.009726,0.27128,0.51064,0.21809,200,100,dp,9,188,10,1,random
653,OI,13,"2026-07-14 00:26:20",73.9,0.76743,4.86507,5.697,0.76742424,0.00068485,0.918512,-0.005069,0.21809,0.55851,0.2234,200,100,dp,9,188,10,1,random
654,OI,14,"2026-07-14 00:26:27",80.4,0.776536,5.03612,5.697,0.78090909,-0.00632727,0.915395,-0.009864,0.20745,0.59574,0.19681,200,100,dp,9,188,10,1,random
655,OI,15,"2026-07-14 00:26:33",86.9,0.783597,5.19023,5.697,0.78530303,-0.00300303,1.06555,-0.005232,0.15426,0.71809,0.12766,200,100,dp,9,188,10,1,random
656,OI,16,"2026-07-14 00:26:40",93.5,0.788876,5.3086,5.697,0.79757576,-0.01077879,1.29668,-0.012673,0.12766,0.73404,0.1383,200,100,dp,9,188,10,1,random
657,OI,17,"2026-07-14 00:26:46",100.1,0.793024,5.38925,5.697,0.79484848,-0.00132727,1.25328,-0.002998,0.11702,0.78191,0.10106,200,100,dp,9,188,10,1,random
658,OI,18,"2026-07-14 00:26:53",106.6,0.795649,5.44187,5.697,0.80181818,-0.00795455,1.51236,-0.007778,0.07979,0.82979,0.09043,200,100,dp,9,188,10,1,random
659,OI,19,"2026-07-14 00:27:00",113.3,0.797539,5.48736,5.697,0.7969697,0.00104848,1.53349,0.001288,0.06383,0.85638,0.07979,200,100,dp,9,188,10,1,random
660,OI,20,"2026-07-14 00:27:06",119.9,0.799182,5.53473,5.697,0.80742424,-0.01099091,1.51634,-0.009809,0.04787,0.90957,0.04255,200,100,dp,9,188,10,1,random
661,IR,1,"2026-07-14 00:27:17",5.6,0.514485,2.36045,5.8788,0.57909091,-0.11606061,0.256884,-0.135753,0.6134,0.1134,0.2732,200,100,dp,9,194,10,1,random
662,IR,2,"2026-07-14 00:27:22",10.5,0.523827,2.40241,5.5758,0.59136364,-0.12006364,0.262304,-0.136305,0.59783,0.125,0.27717,200,100,dp,9,184,10,1,random
663,IR,3,"2026-07-14 00:27:27",15.6,0.536236,2.4636,5.4545,0.60712122,-0.12337273,0.293683,-0.142988,0.58889,0.11667,0.29444,200,100,dp,9,180,10,1,random
664,IR,4,"2026-07-14 00:27:32",20.6,0.546476,2.52762,5.4545,0.62060607,-0.12545152,0.290393,-0.143818,0.57222,0.12222,0.30556,200,100,dp,9,180,10,1,random
665,IR,5,"2026-07-14 00:27:37",25.6,0.55587,2.57202,5.4242,0.62015152,-0.10995455,0.29258,-0.12341,0.57542,0.10056,0.32402,200,100,dp,9,179,10,1,random
666,IR,6,"2026-07-14 00:27:42",30.6,0.561436,2.59793,5.4242,0.62818182,-0.11382121,0.278067,-0.122864,0.56425,0.11732,0.31844,200,100,dp,9,179,10,1,random
667,IR,7,"2026-07-14 00:27:49",37.2,0.570342,2.64603,5.3333,0.63772727,-0.11751818,0.295831,-0.125043,0.55682,0.125,0.31818,200,100,dp,9,176,10,1,random
668,IR,8,"2026-07-14 00:27:55",43.8,0.578824,2.67496,5.2727,0.65060606,-0.11957576,0.318162,-0.130679,0.55172,0.13218,0.31609,200,100,dp,9,174,10,1,random
669,IR,9,"2026-07-14 00:28:02",50.7,0.585764,2.71263,5.2121,0.66075758,-0.12343939,0.331262,-0.132893,0.52907,0.14535,0.32558,200,100,dp,9,172,10,1,random
670,IR,10,"2026-07-14 00:28:09",57.6,0.592258,2.76695,5.2121,0.66787879,-0.12627879,0.32303,-0.1326,0.52326,0.15116,0.32558,200,100,dp,9,172,10,1,random
671,IR,11,"2026-07-14 00:28:16",64.3,0.600942,2.79986,5.1818,0.67257576,-0.11743636,0.336765,-0.125392,0.51462,0.15205,0.33333,200,100,dp,9,171,10,1,random
672,IR,12,"2026-07-14 00:28:23",71.3,0.608794,2.84377,5.1212,0.67954546,-0.11635455,0.337696,-0.12221,0.48521,0.18343,0.33136,200,100,dp,9,169,10,1,random
673,IR,13,"2026-07-14 00:28:30",78.1,0.616785,2.88418,5.0303,0.69333333,-0.12570909,0.354469,-0.130007,0.46988,0.19277,0.33735,200,100,dp,9,166,10,1,random
674,IR,14,"2026-07-14 00:28:36",85,0.622927,2.92628,5,0.69590909,-0.11734242,0.364185,-0.121365,0.46061,0.18788,0.35152,200,100,dp,9,165,10,1,random
675,IR,15,"2026-07-14 00:28:43",91.9,0.628433,2.95843,4.9697,0.70651515,-0.12302727,0.354355,-0.127804,0.44512,0.20732,0.34756,200,100,dp,9,164,10,1,random
676,IR,16,"2026-07-14 00:28:50",98.8,0.636864,3.00351,4.9394,0.70984849,-0.11717879,0.369884,-0.1207,0.44172,0.20245,0.35583,200,100,dp,9,163,10,1,random
677,IR,17,"2026-07-14 00:28:57",105.8,0.639306,3.00938,4.9394,0.71590909,-0.12042424,0.359858,-0.121025,0.42945,0.20245,0.3681,200,100,dp,9,163,10,1,random
678,IR,18,"2026-07-14 00:29:04",112.7,0.640627,3.01078,4.9394,0.72060606,-0.12769394,0.33811,-0.124849,0.44172,0.19632,0.36196,200,100,dp,9,163,10,1,random
679,IR,19,"2026-07-14 00:29:11",119.7,0.642376,3.0143,4.8788,0.71666667,-0.11695152,0.353091,-0.116044,0.43478,0.2236,0.34161,200,100,dp,9,161,10,1,random
680,IR,20,"2026-07-14 00:29:18",126.7,0.646139,3.02422,4.8182,0.71833333,-0.11603333,0.404569,-0.113956,0.44654,0.19497,0.35849,200,100,dp,9,159,10,1,random
681,AGR,1,"2026-07-14 00:29:27",7.6,0.526288,2.43488,5.8485,0.48530303,0.07039697,0.27571,0.062056,0.62176,0.07772,0.30052,200,100,dp,9,193,10,1,random
682,AGR,2,"2026-07-14 00:29:34",14.8,0.545715,2.56775,5.7879,0.50454546,0.0724697,0.266079,0.062275,0.60209,0.0733,0.32461,200,100,dp,9,191,10,1,random
683,AGR,3,"2026-07-14 00:29:41",22,0.568524,2.73203,5.697,0.52893939,0.06083333,0.261566,0.054591,0.57979,0.08511,0.33511,200,100,dp,9,188,10,1,random
684,AGR,4,"2026-07-14 00:29:48",29.2,0.587242,2.87111,5.5758,0.54515152,0.06569091,0.289318,0.059384,0.54891,0.1087,0.34239,200,100,dp,9,184,10,1,random
685,AGR,5,"2026-07-14 00:29:56",36.6,0.604597,3.03228,5.5455,0.57090909,0.04857576,0.317228,0.044465,0.52459,0.13661,0.3388,200,100,dp,9,183,10,1,random
686,AGR,6,"2026-07-14 00:30:03",44.5,0.624455,3.22264,5.5152,0.56454545,0.09233939,0.363044,0.084838,0.49451,0.14835,0.35714,200,100,dp,9,182,10,1,random
687,AGR,7,"2026-07-14 00:30:13",54.2,0.639067,3.36606,5.4848,0.59515152,0.06416061,0.359159,0.059682,0.50276,0.12155,0.37569,200,100,dp,9,181,10,1,random
688,AGR,8,"2026-07-14 00:30:22",63.2,0.653273,3.51909,5.4848,0.59924243,0.08231212,0.369469,0.074123,0.48619,0.1326,0.38122,200,100,dp,9,181,10,1,random
689,AGR,9,"2026-07-14 00:30:31",72.5,0.667127,3.67843,5.4848,0.62590909,0.05736667,0.392407,0.053887,0.46961,0.16022,0.37017,200,100,dp,9,181,10,1,random
690,AGR,10,"2026-07-14 00:30:41",81.9,0.677494,3.81892,5.4848,0.625,0.07822424,0.438277,0.072006,0.44751,0.19337,0.35912,200,100,dp,9,181,10,1,random
691,AGR,11,"2026-07-14 00:30:50",91.2,0.691897,3.9888,5.4848,0.66121212,0.04036364,0.504823,0.03629,0.43094,0.21547,0.35359,200,100,dp,9,181,10,1,random
692,AGR,12,"2026-07-14 00:30:59",100.5,0.703588,4.15252,5.4848,0.65742424,0.06736364,0.562141,0.05973,0.38122,0.28177,0.33702,200,100,dp,9,181,10,1,random
693,AGR,13,"2026-07-14 00:31:09",109.9,0.713494,4.28984,5.4848,0.66469697,0.06921818,0.606409,0.063499,0.33149,0.35359,0.31492,200,100,dp,9,181,10,1,random
694,AGR,14,"2026-07-14 00:31:18",119.4,0.724673,4.45281,5.4848,0.67287879,0.07315455,0.650841,0.066221,0.29834,0.41989,0.28177,200,100,dp,9,181,10,1,random
695,AGR,15,"2026-07-14 00:31:28",128.8,0.735536,4.57869,5.4848,0.68121212,0.07483636,0.744905,0.068625,0.23757,0.54144,0.22099,200,100,dp,9,181,10,1,random
696,AGR,16,"2026-07-14 00:31:37",138.3,0.745867,4.70275,5.4848,0.70348485,0.05936061,0.869061,0.051947,0.22099,0.56906,0.20994,200,100,dp,9,181,10,1,random
697,AGR,17,"2026-07-14 00:31:47",147.8,0.753782,4.80156,5.4848,0.69469696,0.0801,0.909997,0.074725,0.20442,0.62431,0.17127,200,100,dp,9,181,10,1,random
698,AGR,18,"2026-07-14 00:31:56",157.5,0.761736,4.90111,5.4848,0.72484848,0.04951515,1.05065,0.044844,0.17127,0.69061,0.13812,200,100,dp,9,181,10,1,random
699,AGR,19,"2026-07-14 00:32:06",167,0.768621,5.00029,5.4848,0.71060606,0.08085758,1.15285,0.0728,0.14917,0.72376,0.12707,200,100,dp,9,181,10,1,random
700,AGR,20,"2026-07-14 00:32:16",176.6,0.772573,5.07561,5.4848,0.72045455,0.06828485,1.13585,0.066296,0.1326,0.76243,0.10497,200,100,dp,9,181,10,1,random
701,RANDOM,1,"2026-07-14 00:32:25",5.1,0.502448,2.3067,5.9394,0.51106061,-0.0113303,0.24371,-0.014297,0.62245,0.11224,0.26531,200,100,dp,9,196,10,1,random
702,RANDOM,2,"2026-07-14 00:32:30",9.7,0.502009,2.31312,5.6364,0.48878788,0.01919394,0.247761,0.029309,0.60753,0.12366,0.26882,200,100,dp,9,186,10,1,random
703,RANDOM,3,"2026-07-14 00:32:34",14.3,0.501921,2.31488,5.3939,0.49924243,0.00326364,0.267307,0.008813,0.59551,0.12921,0.27528,200,100,dp,9,178,10,1,random
704,RANDOM,4,"2026-07-14 00:32:39",18.8,0.504158,2.31189,5.2424,0.50666667,-0.00728485,0.277469,-0.004818,0.5896,0.12717,0.28324,200,100,dp,9,173,10,1,random
705,RANDOM,5,"2026-07-14 00:32:43",23.3,0.50177,2.30179,5.1818,0.50196969,-0.00093636,0.272838,0.005199,0.59064,0.12865,0.2807,200,100,dp,9,171,10,1,random
706,RANDOM,6,"2026-07-14 00:32:48",27.9,0.501627,2.2826,5.0606,0.50636364,-0.00445152,0.279134,-0.006213,0.58084,0.13772,0.28144,200,100,dp,9,167,10,1,random
707,RANDOM,7,"2026-07-14 00:32:54",34,0.502106,2.2898,4.9697,0.51151515,-0.01963333,0.290057,-0.017084,0.57927,0.12195,0.29878,200,100,dp,9,164,10,1,random
708,RANDOM,8,"2026-07-14 00:33:00",40.1,0.506364,2.30026,4.9091,0.49,0.02792424,0.277744,0.030729,0.58025,0.12346,0.2963,200,100,dp,9,162,10,1,random
709,RANDOM,9,"2026-07-14 00:33:07",46.6,0.502594,2.28082,4.8788,0.50833333,-0.00939394,0.280471,-0.004726,0.59006,0.1118,0.29814,200,100,dp,9,161,10,1,random
710,RANDOM,10,"2026-07-14 00:33:13",53,0.497552,2.26458,4.8485,0.50666667,-0.01302727,0.277914,-0.009606,0.58125,0.11875,0.3,200,100,dp,9,160,10,1,random
711,RANDOM,11,"2026-07-14 00:33:19",59.3,0.495461,2.25042,4.7879,0.50075757,-0.00528182,0.277164,-0.005638,0.57595,0.13924,0.28481,200,100,dp,9,158,10,1,random
712,RANDOM,12,"2026-07-14 00:33:26",65.7,0.492912,2.25331,4.7273,0.48803031,0.00691212,0.299078,0.015526,0.57051,0.13462,0.29487,200,100,dp,9,156,10,1,random
713,RANDOM,13,"2026-07-14 00:33:32",72,0.490891,2.25294,4.6667,0.48772727,0.00489091,0.289052,0.010862,0.55844,0.14935,0.29221,200,100,dp,9,154,10,1,random
714,RANDOM,14,"2026-07-14 00:33:38",78.3,0.491615,2.24852,4.6061,0.49681818,-0.00812121,0.295862,-0.008685,0.55921,0.15132,0.28947,200,100,dp,9,152,10,1,random
715,RANDOM,15,"2026-07-14 00:33:45",84.8,0.491873,2.24647,4.5455,0.49954545,-0.01324545,0.308853,-0.013349,0.54667,0.16,0.29333,200,100,dp,9,150,10,1,random
716,RANDOM,16,"2026-07-14 00:33:51",91.2,0.487361,2.23138,4.5455,0.49363636,-0.01057273,0.303991,-0.004866,0.56667,0.14,0.29333,200,100,dp,9,150,10,1,random
717,RANDOM,17,"2026-07-14 00:33:58",97.5,0.486685,2.22618,4.4848,0.48681818,0.00086061,0.304472,0.003163,0.56081,0.13514,0.30405,200,100,dp,9,148,10,1,random
718,RANDOM,18,"2026-07-14 00:34:04",104.1,0.488624,2.24058,4.4545,0.49606061,-0.01809697,0.295629,-0.014373,0.56463,0.13605,0.29932,200,100,dp,9,147,10,1,random
719,RANDOM,19,"2026-07-14 00:34:11",110.6,0.490591,2.24356,4.3636,0.49212121,0.00445455,0.311966,-0.003218,0.5625,0.14583,0.29167,200,100,dp,9,144,10,1,random
720,RANDOM,20,"2026-07-14 00:34:17",117.2,0.485442,2.21471,4.3333,0.48666666,0.00284242,0.338112,0.005028,0.56643,0.13986,0.29371,200,100,dp,9,143,10,1,random
721,OI,1,"2026-07-14 00:35:33",5.4,0.538045,2.49102,5.8485,0.55242424,-0.0297697,0.29468,-0.05416,0.6114,0.07772,0.31088,200,100,dp,10,193,10,1,random
722,OI,2,"2026-07-14 00:35:38",10.3,0.569142,2.68261,5.7879,0.56878788,0.00133939,0.293801,-0.02347,0.57068,0.12565,0.30366,200,100,dp,10,191,10,1,random
723,OI,3,"2026-07-14 00:35:42",15.2,0.596579,2.86956,5.7576,0.60151515,-0.01084848,0.363836,-0.028351,0.53158,0.14211,0.32632,200,100,dp,10,190,10,1,random
724,OI,4,"2026-07-14 00:35:47",20.1,0.621252,3.05529,5.7576,0.61636364,0.00719697,0.360883,-0.009257,0.50526,0.18421,0.31053,200,100,dp,10,190,10,1,random
725,OI,5,"2026-07-14 00:35:52",25.1,0.645518,3.26655,5.7273,0.64409091,0.00016667,0.428318,-0.014067,0.4709,0.21693,0.31217,200,100,dp,10,189,10,1,random
726,OI,6,"2026-07-14 00:35:57",30.1,0.669048,3.48448,5.7273,0.67939394,-0.01627273,0.485307,-0.030843,0.43386,0.2328,0.33333,200,100,dp,10,189,10,1,random
727,OI,7,"2026-07-14 00:36:04",36.8,0.690494,3.69985,5.6667,0.6889394,0.00199091,0.48082,-0.011076,0.39037,0.27807,0.33155,200,100,dp,10,187,10,1,random
728,OI,8,"2026-07-14 00:36:11",43.5,0.708676,3.90733,5.6667,0.71181818,-0.00377576,0.527473,-0.015304,0.37433,0.29947,0.3262,200,100,dp,10,187,10,1,random
729,OI,9,"2026-07-14 00:36:18",50.4,0.7238,4.11865,5.6364,0.72272727,0.00259394,0.603215,-0.007078,0.32796,0.36559,0.30645,200,100,dp,10,186,10,1,random
730,OI,10,"2026-07-14 00:36:24",57.3,0.739594,4.34165,5.6364,0.74712121,-0.0126,0.678427,-0.01879,0.2957,0.40323,0.30108,200,100,dp,10,186,10,1,random
731,OI,11,"2026-07-14 00:36:31",64.1,0.751712,4.54392,5.6364,0.75681818,-0.00767273,0.707874,-0.012736,0.26882,0.46237,0.26882,200,100,dp,10,186,10,1,random
732,OI,12,"2026-07-14 00:36:38",71,0.761867,4.74661,5.6364,0.7680303,-0.00871212,0.811372,-0.013103,0.23656,0.47849,0.28495,200,100,dp,10,186,10,1,random
733,OI,13,"2026-07-14 00:36:45",77.8,0.768942,4.89559,5.6364,0.78106061,-0.01624849,0.791882,-0.01858,0.22043,0.54839,0.23118,200,100,dp,10,186,10,1,random
734,OI,14,"2026-07-14 00:36:52",84.6,0.77523,5.03891,5.6364,0.78151515,-0.0087303,0.981498,-0.010526,0.19355,0.5914,0.21505,200,100,dp,10,186,10,1,random
735,OI,15,"2026-07-14 00:36:59",91.4,0.781239,5.17709,5.6364,0.77818182,0.00407879,1.0062,0.001627,0.14516,0.71505,0.13978,200,100,dp,10,186,10,1,random
736,OI,16,"2026-07-14 00:37:06",98.5,0.785839,5.25819,5.6364,0.78075758,0.0077,1.2546,0.005205,0.13978,0.74194,0.11828,200,100,dp,10,186,10,1,random
737,OI,17,"2026-07-14 00:37:13",105.4,0.790042,5.34095,5.6364,0.79909091,-0.01088485,1.65162,-0.012127,0.0914,0.80108,0.10753,200,100,dp,10,186,10,1,random
738,OI,18,"2026-07-14 00:37:20",112.4,0.791518,5.38131,5.6364,0.79666667,-0.00651818,1.51182,-0.005625,0.06989,0.84946,0.08065,200,100,dp,10,186,10,1,random
739,OI,19,"2026-07-14 00:37:27",119.3,0.792391,5.40414,5.6364,0.79803031,-0.00817879,1.76837,-0.005938,0.0914,0.82796,0.08065,200,100,dp,10,186,10,1,random
740,OI,20,"2026-07-14 00:37:34",126.4,0.794,5.46288,5.6364,0.80136364,-0.00933939,1.91246,-0.008775,0.04301,0.9086,0.04839,200,100,dp,10,186,10,1,random
741,IR,1,"2026-07-14 00:37:43",5.4,0.515867,2.35403,5.6667,0.57318182,-0.09888788,0.254841,-0.119785,0.60963,0.09091,0.29947,200,100,dp,10,187,10,1,random
742,IR,2,"2026-07-14 00:37:48",10.4,0.527218,2.39446,5.5455,0.59712122,-0.12360303,0.24684,-0.142674,0.60109,0.10929,0.28962,200,100,dp,10,183,10,1,random
743,IR,3,"2026-07-14 00:37:53",15.3,0.538403,2.44041,5.4848,0.60560606,-0.11871818,0.292719,-0.134823,0.59669,0.0884,0.31492,200,100,dp,10,181,10,1,random
744,IR,4,"2026-07-14 00:37:58",20.2,0.548597,2.47442,5.4848,0.61378788,-0.11057576,0.273108,-0.126942,0.59116,0.08287,0.32597,200,100,dp,10,181,10,1,random
745,IR,5,"2026-07-14 00:38:03",25.2,0.559918,2.54634,5.3636,0.62530303,-0.11537273,0.263029,-0.125724,0.57062,0.10169,0.32768,200,100,dp,10,177,10,1,random
746,IR,6,"2026-07-14 00:38:08",30.3,0.571115,2.59974,5.2727,0.645,-0.12662121,0.285689,-0.138792,0.55172,0.11494,0.33333,200,100,dp,10,174,10,1,random
747,IR,7,"2026-07-14 00:38:15",36.9,0.578361,2.63342,5.1515,0.645,-0.11279697,0.294186,-0.120759,0.52941,0.14118,0.32941,200,100,dp,10,170,10,1,random
748,IR,8,"2026-07-14 00:38:21",43.6,0.586555,2.67876,5.1212,0.65606061,-0.11806364,0.325037,-0.12414,0.53254,0.13609,0.33136,200,100,dp,10,169,10,1,random
749,IR,9,"2026-07-14 00:38:28",50.4,0.593633,2.69943,5.0909,0.66878788,-0.12121818,0.31993,-0.131496,0.51786,0.14286,0.33929,200,100,dp,10,168,10,1,random
750,IR,10,"2026-07-14 00:38:35",57.3,0.597906,2.7196,5.0303,0.66954545,-0.11925454,0.309521,-0.122054,0.51807,0.13253,0.3494,200,100,dp,10,166,10,1,random
751,IR,11,"2026-07-14 00:38:42",64.1,0.60443,2.7584,4.9697,0.68909091,-0.14154848,0.323491,-0.144183,0.5061,0.13415,0.35976,200,100,dp,10,164,10,1,random
752,IR,12,"2026-07-14 00:38:49",71,0.611679,2.80754,4.9394,0.68772727,-0.12409091,0.332063,-0.129632,0.50307,0.13497,0.36196,200,100,dp,10,163,10,1,random
753,IR,13,"2026-07-14 00:38:56",77.8,0.615461,2.82149,4.9091,0.6930303,-0.12563333,0.339845,-0.127862,0.5,0.16049,0.33951,200,100,dp,10,162,10,1,random
754,IR,14,"2026-07-14 00:39:02",84.5,0.622342,2.86018,4.9091,0.69742424,-0.11993939,0.392419,-0.125405,0.5,0.15432,0.34568,200,100,dp,10,162,10,1,random
755,IR,15,"2026-07-14 00:39:09",91.3,0.624573,2.86599,4.9091,0.69136363,-0.10586364,0.394925,-0.107199,0.50617,0.15432,0.33951,200,100,dp,10,162,10,1,random
756,IR,16,"2026-07-14 00:39:16",98.2,0.627912,2.88798,4.8788,0.70742424,-0.12820909,0.399517,-0.128142,0.50311,0.13043,0.36646,200,100,dp,10,161,10,1,random
757,IR,17,"2026-07-14 00:39:23",105.1,0.630994,2.91014,4.8485,0.70969697,-0.1257697,0.359141,-0.126438,0.4875,0.14375,0.36875,200,100,dp,10,160,10,1,random
758,IR,18,"2026-07-14 00:39:30",111.9,0.636655,2.94729,4.8485,0.71530303,-0.12709697,0.367236,-0.126734,0.46875,0.175,0.35625,200,100,dp,10,160,10,1,random
759,IR,19,"2026-07-14 00:39:37",118.8,0.6424,2.97689,4.8485,0.72030303,-0.12096667,0.400531,-0.125601,0.45625,0.175,0.36875,200,100,dp,10,160,10,1,random
760,IR,20,"2026-07-14 00:39:43",125.6,0.645388,2.99598,4.8485,0.72015151,-0.11561515,0.380799,-0.117362,0.45,0.18125,0.36875,200,100,dp,10,160,10,1,random
761,AGR,1,"2026-07-14 00:39:52",7.8,0.529391,2.45991,5.6061,0.48939394,0.0722303,0.277041,0.057497,0.57838,0.11351,0.30811,200,100,dp,10,185,10,1,random
762,AGR,2,"2026-07-14 00:39:59",15.1,0.550391,2.59711,5.5758,0.50166667,0.08832121,0.282004,0.074729,0.57065,0.11957,0.30978,200,100,dp,10,184,10,1,random
763,AGR,3,"2026-07-14 00:40:07",23.2,0.569958,2.74806,5.5758,0.52439394,0.07379394,0.312494,0.067179,0.56522,0.1087,0.32609,200,100,dp,10,184,10,1,random
764,AGR,4,"2026-07-14 00:40:15",30.9,0.588164,2.90281,5.5455,0.54348484,0.07150303,0.320066,0.063943,0.55191,0.10383,0.34426,200,100,dp,10,183,10,1,random
765,AGR,5,"2026-07-14 00:40:23",38.4,0.606339,3.07262,5.5152,0.55924242,0.07491515,0.322707,0.065942,0.54945,0.08791,0.36264,200,100,dp,10,182,10,1,random
766,AGR,6,"2026-07-14 00:40:30",46,0.621461,3.22548,5.5152,0.5730303,0.07161818,0.335141,0.068948,0.51648,0.12088,0.36264,200,100,dp,10,182,10,1,random
767,AGR,7,"2026-07-14 00:40:40",55.4,0.637085,3.4073,5.5152,0.60242425,0.04961515,0.364746,0.045101,0.5,0.13187,0.36813,200,100,dp,10,182,10,1,random
768,AGR,8,"2026-07-14 00:40:49",64.7,0.649548,3.56852,5.4545,0.60015151,0.06982727,0.386642,0.069246,0.43889,0.2,0.36111,200,100,dp,10,180,10,1,random
769,AGR,9,"2026-07-14 00:40:58",74.1,0.660433,3.70197,5.4545,0.61590909,0.06677879,0.42049,0.062089,0.41111,0.23889,0.35,200,100,dp,10,180,10,1,random
770,AGR,10,"2026-07-14 00:41:08",83.8,0.674306,3.87525,5.4545,0.63439394,0.05925455,0.465729,0.051743,0.38889,0.28333,0.32778,200,100,dp,10,180,10,1,random
771,AGR,11,"2026-07-14 00:41:18",93.4,0.687648,4.03972,5.4545,0.62621212,0.08725151,0.548071,0.081974,0.37778,0.32222,0.3,200,100,dp,10,180,10,1,random
772,AGR,12,"2026-07-14 00:41:27",102.9,0.703491,4.19522,5.4545,0.6580303,0.0631,0.653547,0.055866,0.35556,0.35,0.29444,200,100,dp,10,180,10,1,random
773,AGR,13,"2026-07-14 00:41:37",112.6,0.713612,4.33248,5.4545,0.67575757,0.05106364,0.689901,0.048553,0.33889,0.38333,0.27778,200,100,dp,10,180,10,1,random
774,AGR,14,"2026-07-14 00:41:46",122.1,0.72507,4.46997,5.4545,0.67060605,0.08085758,0.767777,0.069672,0.31111,0.42778,0.26111,200,100,dp,10,180,10,1,random
775,AGR,15,"2026-07-14 00:41:56",131.6,0.733961,4.60321,5.4545,0.68106061,0.07204848,0.810876,0.068255,0.28889,0.45556,0.25556,200,100,dp,10,180,10,1,random
776,AGR,16,"2026-07-14 00:42:06",141.3,0.743803,4.73247,5.4545,0.70727273,0.05035152,0.847113,0.044495,0.24444,0.52778,0.22778,200,100,dp,10,180,10,1,random
777,AGR,17,"2026-07-14 00:42:15",151,0.752188,4.8399,5.4545,0.71242424,0.05511515,0.899617,0.049002,0.21667,0.56667,0.21667,200,100,dp,10,180,10,1,random
778,AGR,18,"2026-07-14 00:42:25",160.8,0.761464,4.95127,5.4545,0.71818182,0.05898182,0.968493,0.052813,0.19444,0.62222,0.18333,200,100,dp,10,180,10,1,random
779,AGR,19,"2026-07-14 00:42:35",170.6,0.767533,5.03741,5.4242,0.71787879,0.06700303,1.07834,0.062332,0.13408,0.71508,0.15084,200,100,dp,10,179,10,1,random
780,AGR,20,"2026-07-14 00:42:45",180.3,0.773276,5.12963,5.4242,0.72621212,0.06178485,1.10685,0.058862,0.10056,0.80447,0.09497,200,100,dp,10,179,10,1,random
781,RANDOM,1,"2026-07-14 00:42:54",4.9,0.505482,2.30922,5.7576,0.50878788,0.00192121,0.243531,-0.004824,0.61053,0.10526,0.28421,200,100,dp,10,190,10,1,random
782,RANDOM,2,"2026-07-14 00:42:58",9.3,0.508312,2.31318,5.6364,0.51121212,-0.00731212,0.238875,-0.004449,0.60753,0.09677,0.2957,200,100,dp,10,186,10,1,random
783,RANDOM,3,"2026-07-14 00:43:03",13.6,0.507203,2.30151,5.3939,0.51303031,-0.00814849,0.228874,-0.007118,0.60112,0.11236,0.28652,200,100,dp,10,178,10,1,random
784,RANDOM,4,"2026-07-14 00:43:07",18.1,0.502455,2.2712,5.2424,0.50560606,-0.00537879,0.256998,0.001154,0.5896,0.12139,0.28902,200,100,dp,10,173,10,1,random
785,RANDOM,5,"2026-07-14 00:43:11",22.5,0.502782,2.27395,5.2121,0.50424242,-0.00396061,0.263891,-0.000638,0.59302,0.10465,0.30233,200,100,dp,10,172,10,1,random
786,RANDOM,6,"2026-07-14 00:43:16",27,0.501009,2.26222,5.0606,0.49727273,0.00768485,0.242418,0.011556,0.58683,0.11377,0.2994,200,100,dp,10,167,10,1,random
787,RANDOM,7,"2026-07-14 00:43:22",33,0.5026,2.26285,5,0.51651515,-0.02259091,0.263937,-0.026826,0.58788,0.11515,0.29697,200,100,dp,10,165,10,1,random
788,RANDOM,8,"2026-07-14 00:43:28",39.1,0.499133,2.24601,4.9394,0.49712121,0.00435152,0.270295,0.009981,0.59509,0.10429,0.30061,200,100,dp,10,163,10,1,random
789,RANDOM,9,"2026-07-14 00:43:34",45.4,0.494345,2.22502,4.8788,0.49772727,-0.00790303,0.262762,0.002077,0.59627,0.10559,0.29814,200,100,dp,10,161,10,1,random
790,RANDOM,10,"2026-07-14 00:43:41",51.6,0.494427,2.2189,4.8182,0.50166667,-0.01169091,0.270696,-0.011597,0.61006,0.09434,0.2956,200,100,dp,10,159,10,1,random
791,RANDOM,11,"2026-07-14 00:43:47",57.9,0.492194,2.21606,4.7576,0.4830303,0.01463333,0.281576,0.024674,0.59236,0.10191,0.30573,200,100,dp,10,157,10,1,random
792,RANDOM,12,"2026-07-14 00:43:53",64.2,0.490218,2.21256,4.7273,0.49060606,-0.00152121,0.265536,0.004326,0.59615,0.10256,0.30128,200,100,dp,10,156,10,1,random
793,RANDOM,13,"2026-07-14 00:44:00",70.6,0.489764,2.21524,4.697,0.48924243,-0.00001212,0.279073,0.004419,0.6,0.09677,0.30323,200,100,dp,10,155,10,1,random
794,RANDOM,14,"2026-07-14 00:44:06",76.9,0.491261,2.22764,4.6667,0.49333333,-0.00303636,0.28348,-0.001994,0.5974,0.0974,0.30519,200,100,dp,10,154,10,1,random
795,RANDOM,15,"2026-07-14 00:44:12",83.3,0.496918,2.24618,4.5758,0.50272728,-0.02034687,0.289656,-0.013804,0.5894,0.10596,0.30464,200,100,dp,10,151,10,1,random
796,RANDOM,16,"2026-07-14 00:44:19",89.6,0.493788,2.23946,4.4848,0.48333333,0.02151875,0.325703,0.027762,0.58784,0.10811,0.30405,200,100,dp,10,148,10,1,random
797,RANDOM,17,"2026-07-14 00:44:25",96,0.491961,2.23378,4.4848,0.49681818,-0.01124375,0.336057,-0.004778,0.60135,0.08784,0.31081,200,100,dp,10,148,10,1,random
798,RANDOM,18,"2026-07-14 00:44:31",102.3,0.492585,2.22286,4.4545,0.48681818,0.00921563,0.330803,0.0153,0.59864,0.09524,0.30612,200,100,dp,10,147,10,1,random
799,RANDOM,19,"2026-07-14 00:44:38",108.6,0.491679,2.21459,4.3939,0.48969697,0.0047875,0.339072,0.007576,0.57241,0.13103,0.29655,200,100,dp,10,145,10,1,random
800,RANDOM,20,"2026-07-14 00:44:44",115.1,0.492148,2.22525,4.3636,0.50060606,-0.01852187,0.354024,-0.014671,0.56944,0.13194,0.29861,200,100,dp,10,144,10,1,random
801,OI,1,"2026-07-14 00:53:59",5,0.535439,2.50159,5.8182,0.53575758,-0.00441515,0.278195,-0.026585,0.57292,0.14583,0.28125,200,100,dp,11,192,10,1,random
802,OI,2,"2026-07-14 00:54:03",9.5,0.564842,2.69166,5.7273,0.56363636,-0.00263939,0.327975,-0.020927,0.55026,0.12698,0.32275,200,100,dp,11,189,10,1,random
803,OI,3,"2026-07-14 00:54:08",14.1,0.589427,2.84805,5.697,0.59242425,-0.01061515,0.328204,-0.023253,0.52128,0.14362,0.33511,200,100,dp,11,188,10,1,random
804,OI,4,"2026-07-14 00:54:13",18.7,0.615015,3.01358,5.6364,0.62363636,-0.01521515,0.345269,-0.03218,0.50538,0.17204,0.32258,200,100,dp,11,186,10,1,random
805,OI,5,"2026-07-14 00:54:17",23.4,0.639073,3.20501,5.6061,0.64015151,-0.00268182,0.424318,-0.018158,0.47027,0.15676,0.37297,200,100,dp,11,185,10,1,random
806,OI,6,"2026-07-14 00:54:22",28.1,0.660873,3.39804,5.6061,0.6660606,-0.01257273,0.389746,-0.022018,0.45405,0.17297,0.37297,200,100,dp,11,185,10,1,random
807,OI,7,"2026-07-14 00:54:28",34.4,0.680594,3.59754,5.6061,0.67515151,0.01109394,0.430428,-0.004055,0.44865,0.17838,0.37297,200,100,dp,11,185,10,1,random
808,OI,8,"2026-07-14 00:54:35",40.7,0.697891,3.808,5.6061,0.69696969,0.00311515,0.476076,-0.008978,0.4,0.27027,0.32973,200,100,dp,11,185,10,1,random
809,OI,9,"2026-07-14 00:54:41",47.1,0.715282,4.02092,5.5758,0.72424242,-0.01406667,0.583188,-0.022595,0.36413,0.30435,0.33152,200,100,dp,11,184,10,1,random
810,OI,10,"2026-07-14 00:54:47",53.5,0.732194,4.22948,5.5455,0.73272727,0.00069697,0.605779,-0.010129,0.3224,0.36612,0.31148,200,100,dp,11,183,10,1,random
811,OI,11,"2026-07-14 00:54:54",59.9,0.745191,4.4093,5.5455,0.74015152,0.00582424,0.701944,0.000013,0.26776,0.45355,0.27869,200,100,dp,11,183,10,1,random
812,OI,12,"2026-07-14 00:55:00",66.4,0.757903,4.62107,5.5455,0.76318181,-0.00580303,0.752629,-0.013289,0.24044,0.5082,0.25137,200,100,dp,11,183,10,1,random
813,OI,13,"2026-07-14 00:55:07",72.8,0.767391,4.79919,5.5455,0.77393939,-0.00767879,0.822717,-0.012968,0.21858,0.55738,0.22404,200,100,dp,11,183,10,1,random
814,OI,14,"2026-07-14 00:55:13",79.2,0.77433,4.95107,5.5455,0.77424242,0.00086364,0.950426,-0.002403,0.18033,0.59016,0.22951,200,100,dp,11,183,10,1,random
815,OI,15,"2026-07-14 00:55:20",85.7,0.780003,5.07496,5.5455,0.7819697,-0.0032,0.93672,-0.004536,0.1694,0.66667,0.16393,200,100,dp,11,183,10,1,random
816,OI,16,"2026-07-14 00:55:26",92.2,0.785079,5.19636,5.5455,0.79196969,-0.00984848,1.19613,-0.010611,0.10383,0.75956,0.13661,200,100,dp,11,183,10,1,random
817,OI,17,"2026-07-14 00:55:33",98.8,0.788876,5.28948,5.5455,0.78969697,-0.00072424,1.20356,-0.001863,0.11475,0.80874,0.0765,200,100,dp,11,183,10,1,random
818,OI,18,"2026-07-14 00:55:39",105.3,0.790939,5.3367,5.5455,0.79454546,-0.00553636,1.82018,-0.004066,0.0765,0.85792,0.06557,200,100,dp,11,183,10,1,random
819,OI,19,"2026-07-14 00:55:46",111.9,0.792694,5.37222,5.5455,0.78378788,0.01188788,1.62665,0.011642,0.05464,0.85792,0.08743,200,100,dp,11,183,10,1,random
820,OI,20,"2026-07-14 00:55:52",118.4,0.794685,5.41579,5.5455,0.79878788,-0.00489394,1.36017,-0.004597,0.02732,0.92896,0.04372,200,100,dp,11,183,10,1,random
821,IR,1,"2026-07-14 00:56:02",5.4,0.511588,2.35897,5.7879,0.57757576,-0.11740303,0.233513,-0.134947,0.61257,0.10471,0.28272,200,100,dp,11,191,10,1,random
822,IR,2,"2026-07-14 00:56:07",10.3,0.522094,2.39548,5.5152,0.58984849,-0.1198697,0.2617,-0.13869,0.58791,0.12088,0.29121,200,100,dp,11,182,10,1,random
823,IR,3,"2026-07-14 00:56:12",15.2,0.530209,2.42012,5.3636,0.59954545,-0.12228182,0.274283,-0.137297,0.57627,0.14124,0.28249,200,100,dp,11,177,10,1,random
824,IR,4,"2026-07-14 00:56:17",20.2,0.541567,2.46524,5.303,0.60818182,-0.11495758,0.317422,-0.132836,0.56,0.14286,0.29714,200,100,dp,11,175,10,1,random
825,IR,5,"2026-07-14 00:56:22",25.2,0.549185,2.50141,5.2424,0.61848485,-0.12205758,0.308279,-0.132443,0.55491,0.13873,0.30636,200,100,dp,11,173,10,1,random
826,IR,6,"2026-07-14 00:56:27",30.2,0.562615,2.57,5.0909,0.62787879,-0.1065303,0.315345,-0.127577,0.54167,0.15476,0.30357,200,100,dp,11,168,10,1,random
827,IR,7,"2026-07-14 00:56:34",36.9,0.572679,2.63165,4.9697,0.64227273,-0.1155303,0.347969,-0.129615,0.5122,0.17683,0.31098,200,100,dp,11,164,10,1,random
828,IR,8,"2026-07-14 00:56:40",43.6,0.580988,2.67978,4.9697,0.65227273,-0.12063333,0.361241,-0.12918,0.5061,0.18293,0.31098,200,100,dp,11,164,10,1,random
829,IR,9,"2026-07-14 00:56:47",50.3,0.587942,2.72676,4.9394,0.66287879,-0.12365152,0.369616,-0.132185,0.50307,0.16564,0.33129,200,100,dp,11,163,10,1,random
830,IR,10,"2026-07-14 00:56:54",57.1,0.596527,2.77119,4.9091,0.66666666,-0.11539697,0.342121,-0.12412,0.5,0.16667,0.33333,200,100,dp,11,162,10,1,random
831,IR,11,"2026-07-14 00:57:01",64,0.605876,2.82709,4.8788,0.6819697,-0.12358182,0.35866,-0.132795,0.47826,0.19876,0.32298,200,100,dp,11,161,10,1,random
832,IR,12,"2026-07-14 00:57:08",70.9,0.615036,2.88205,4.8485,0.68727273,-0.11732121,0.385157,-0.124576,0.475,0.1875,0.3375,200,100,dp,11,160,10,1,random
833,IR,13,"2026-07-14 00:57:15",77.8,0.622173,2.93321,4.8182,0.69727272,-0.11774848,0.388214,-0.12547,0.46541,0.20126,0.33333,200,100,dp,11,159,10,1,random
834,IR,14,"2026-07-14 00:57:21",84.7,0.629318,2.98238,4.7576,0.69893939,-0.10997576,0.420225,-0.115633,0.44586,0.21019,0.34395,200,100,dp,11,157,10,1,random
835,IR,15,"2026-07-14 00:57:28",91.6,0.635509,3.01964,4.7576,0.71166666,-0.12095152,0.417356,-0.124598,0.42675,0.2293,0.34395,200,100,dp,11,157,10,1,random
836,IR,16,"2026-07-14 00:57:35",98.5,0.640094,3.0542,4.7576,0.71621212,-0.11933939,0.419344,-0.121506,0.42675,0.21656,0.35669,200,100,dp,11,157,10,1,random
837,IR,17,"2026-07-14 00:57:42",105.4,0.644994,3.07599,4.7576,0.72090909,-0.1122697,0.404124,-0.120429,0.43949,0.21019,0.35032,200,100,dp,11,157,10,1,random
838,IR,18,"2026-07-14 00:57:49",112.5,0.650382,3.11892,4.7576,0.725,-0.11611515,0.430805,-0.118338,0.42675,0.21019,0.36306,200,100,dp,11,157,10,1,random
839,IR,19,"2026-07-14 00:57:56",119.4,0.653176,3.13398,4.7273,0.73424243,-0.12567576,0.413433,-0.12536,0.44872,0.17949,0.37179,200,100,dp,11,156,10,1,random
840,IR,20,"2026-07-14 00:58:03",126.4,0.658358,3.17392,4.7273,0.73469697,-0.11721515,0.420303,-0.11915,0.42308,0.21154,0.36538,200,100,dp,11,156,10,1,random
841,AGR,1,"2026-07-14 00:58:15",7.7,0.526927,2.44905,5.7273,0.48712121,0.06402424,0.255846,0.059546,0.59259,0.12698,0.28042,200,100,dp,11,189,10,1,random
842,AGR,2,"2026-07-14 00:58:23",15,0.545879,2.56874,5.6364,0.50030303,0.08376667,0.300694,0.07165,0.57527,0.12366,0.30108,200,100,dp,11,186,10,1,random
843,AGR,3,"2026-07-14 00:58:30",22.3,0.568573,2.70472,5.5455,0.52424242,0.07227576,0.307231,0.061708,0.56831,0.12022,0.31148,200,100,dp,11,183,10,1,random
844,AGR,4,"2026-07-14 00:58:37",29.7,0.588039,2.8409,5.5455,0.53787879,0.08091818,0.337035,0.073701,0.54098,0.12568,0.33333,200,100,dp,11,183,10,1,random
845,AGR,5,"2026-07-14 00:58:45",37.1,0.607642,3.00532,5.5152,0.56212121,0.08136667,0.329848,0.06277,0.52198,0.13187,0.34615,200,100,dp,11,182,10,1,random
846,AGR,6,"2026-07-14 00:58:52",44.5,0.623458,3.16827,5.4848,0.57469697,0.07145758,0.351492,0.068775,0.50829,0.14365,0.34807,200,100,dp,11,181,10,1,random
847,AGR,7,"2026-07-14 00:59:01",53.5,0.641448,3.33769,5.4848,0.60515151,0.05401515,0.391354,0.045485,0.48619,0.14365,0.37017,200,100,dp,11,181,10,1,random
848,AGR,8,"2026-07-14 00:59:10",62.5,0.658091,3.48967,5.4848,0.61424242,0.06220909,0.387402,0.057035,0.46409,0.1547,0.38122,200,100,dp,11,181,10,1,random
849,AGR,9,"2026-07-14 00:59:20",72,0.674009,3.66252,5.4848,0.62651515,0.06914242,0.405502,0.062064,0.41989,0.22099,0.35912,200,100,dp,11,181,10,1,random
850,AGR,10,"2026-07-14 00:59:30",82.4,0.687312,3.82421,5.4848,0.63681818,0.07481515,0.475269,0.066527,0.39779,0.23757,0.36464,200,100,dp,11,181,10,1,random
851,AGR,11,"2026-07-14 00:59:40",92.5,0.700652,3.97818,5.4848,0.65257576,0.06958788,0.491871,0.061648,0.37017,0.26519,0.36464,200,100,dp,11,181,10,1,random
852,AGR,12,"2026-07-14 00:59:50",102,0.713224,4.1431,5.4848,0.6530303,0.08595152,0.511201,0.077642,0.35912,0.29282,0.34807,200,100,dp,11,181,10,1,random
853,AGR,13,"2026-07-14 00:59:59",111.4,0.726164,4.30441,5.4848,0.67045454,0.07924242,0.585693,0.069796,0.34254,0.32044,0.33702,200,100,dp,11,181,10,1,random
854,AGR,14,"2026-07-14 01:00:09",121.6,0.735445,4.44367,5.4848,0.69712121,0.0545303,0.643684,0.047645,0.30939,0.38674,0.30387,200,100,dp,11,181,10,1,random
855,AGR,15,"2026-07-14 01:00:19",131.3,0.743867,4.58649,5.4848,0.69363637,0.06734545,0.741048,0.063515,0.27624,0.44199,0.28177,200,100,dp,11,181,10,1,random
856,AGR,16,"2026-07-14 01:00:28",140.7,0.753464,4.73294,5.4848,0.71848485,0.0492697,0.795568,0.041826,0.24862,0.49724,0.25414,200,100,dp,11,181,10,1,random
857,AGR,17,"2026-07-14 01:00:38",150.4,0.761339,4.86755,5.4848,0.71409091,0.06774242,0.883953,0.058698,0.22652,0.55801,0.21547,200,100,dp,11,181,10,1,random
858,AGR,18,"2026-07-14 01:00:48",160,0.768852,5.01013,5.4848,0.71545455,0.06947576,1.03299,0.066477,0.19337,0.62431,0.18232,200,100,dp,11,181,10,1,random
859,AGR,19,"2026-07-14 01:00:57",169.6,0.774612,5.11859,5.4848,0.72681819,0.06494848,1.11392,0.059195,0.16575,0.71271,0.12155,200,100,dp,11,181,10,1,random
860,AGR,20,"2026-07-14 01:01:07",179.2,0.778955,5.20412,5.4848,0.73666666,0.05976061,1.40407,0.052887,0.12155,0.77348,0.10497,200,100,dp,11,181,10,1,random
861,RANDOM,1,"2026-07-14 01:01:17",5.2,0.506136,2.3466,5.697,0.51136363,-0.00434545,0.230073,-0.010026,0.60638,0.1117,0.28191,200,100,dp,11,188,10,1,random
862,RANDOM,2,"2026-07-14 01:01:21",9.9,0.504885,2.34635,5.5152,0.50151515,0.01378182,0.248443,0.011312,0.6044,0.11538,0.28022,200,100,dp,11,182,10,1,random
863,RANDOM,3,"2026-07-14 01:01:26",14.6,0.502697,2.34521,5.4242,0.50590909,-0.00584545,0.265804,-0.001659,0.59218,0.11732,0.2905,200,100,dp,11,179,10,1,random
864,RANDOM,4,"2026-07-14 01:01:31",19.2,0.502603,2.34466,5.303,0.50166667,0.00409091,0.256202,0.005158,0.58857,0.12571,0.28571,200,100,dp,11,175,10,1,random
865,RANDOM,5,"2026-07-14 01:01:36",24.1,0.501509,2.33048,5.2424,0.50757575,-0.00255758,0.269213,-0.008935,0.58382,0.13873,0.27746,200,100,dp,11,173,10,1,random
866,RANDOM,6,"2026-07-14 01:01:40",28.8,0.5011,2.32321,5.0606,0.50136364,0.00255455,0.282518,0.002703,0.58084,0.14371,0.27545,200,100,dp,11,167,10,1,random
867,RANDOM,7,"2026-07-14 01:01:47",35.1,0.501821,2.33439,5,0.50439394,-0.00553333,0.306096,-0.003461,0.5697,0.15758,0.27273,200,100,dp,11,165,10,1,random
868,RANDOM,8,"2026-07-14 01:01:53",41.4,0.503997,2.34954,4.8788,0.49712121,0.01820303,0.318046,0.013788,0.5528,0.17391,0.27329,200,100,dp,11,161,10,1,random
869,RANDOM,9,"2026-07-14 01:01:59",47.9,0.502758,2.34677,4.7879,0.50424243,-0.00519394,0.324583,0.001089,0.53797,0.17089,0.29114,200,100,dp,11,158,10,1,random
870,RANDOM,10,"2026-07-14 01:02:06",54.4,0.504712,2.35552,4.7576,0.515,-0.02042424,0.305119,-0.018802,0.52866,0.18471,0.28662,200,100,dp,11,157,10,1,random
871,RANDOM,11,"2026-07-14 01:02:12",60.8,0.506579,2.37389,4.7576,0.51575758,-0.01446364,0.323366,-0.017577,0.5414,0.15924,0.29936,200,100,dp,11,157,10,1,random
872,RANDOM,12,"2026-07-14 01:02:19",67.3,0.50557,2.3642,4.697,0.50878788,-0.00365152,0.311987,-0.002563,0.55484,0.14839,0.29677,200,100,dp,11,155,10,1,random
873,RANDOM,13,"2026-07-14 01:02:25",73.7,0.502473,2.35083,4.6364,0.50590909,-0.00588788,0.312246,-0.000983,0.55556,0.15686,0.28758,200,100,dp,11,153,10,1,random
874,RANDOM,14,"2026-07-14 01:02:32",80,0.504112,2.35581,4.6364,0.49969697,0.00847273,0.335451,0.009985,0.56209,0.15033,0.28758,200,100,dp,11,153,10,1,random
875,RANDOM,15,"2026-07-14 01:02:38",86.5,0.50623,2.35969,4.6364,0.50424242,-0.0015,0.342575,0.004687,0.54902,0.15033,0.30065,200,100,dp,11,153,10,1,random
876,RANDOM,16,"2026-07-14 01:02:44",92.8,0.50787,2.37105,4.6061,0.50969697,0.00064848,0.326412,-0.002562,0.56579,0.125,0.30921,200,100,dp,11,152,10,1,random
877,RANDOM,17,"2026-07-14 01:02:51",99.1,0.508152,2.37415,4.5455,0.51575758,-0.01288788,0.31423,-0.012184,0.56,0.13333,0.30667,200,100,dp,11,150,10,1,random
878,RANDOM,18,"2026-07-14 01:02:57",105.5,0.507545,2.36882,4.4848,0.50590909,-0.00190606,0.329178,0.005847,0.54054,0.14189,0.31757,200,100,dp,11,148,10,1,random
879,RANDOM,19,"2026-07-14 01:03:04",112,0.511124,2.37784,4.4848,0.51287879,-0.00779394,0.31635,-0.004054,0.5473,0.14189,0.31081,200,100,dp,11,148,10,1,random
880,RANDOM,20,"2026-07-14 01:03:10",118.4,0.509724,2.37792,4.4545,0.51212121,-0.00218788,0.337934,-0.001066,0.53741,0.14966,0.31293,200,100,dp,11,147,10,1,random
881,OI,1,"2026-07-14 01:12:03",5.5,0.533355,2.49022,6.1212,0.53621212,-0.0042697,0.28706,-0.027457,0.60396,0.09901,0.29703,200,100,dp,12,202,10,1,random
882,OI,2,"2026-07-14 01:12:08",10.5,0.563103,2.663,5.9697,0.57424242,-0.01800303,0.269735,-0.043358,0.5736,0.11675,0.30964,200,100,dp,12,197,10,1,random
883,OI,3,"2026-07-14 01:12:13",15.6,0.589379,2.85163,5.9697,0.58818181,0.00076364,0.30519,-0.017758,0.54822,0.1269,0.32487,200,100,dp,12,197,10,1,random
884,OI,4,"2026-07-14 01:12:18",20.6,0.616867,3.04596,5.9697,0.61878788,-0.00670909,0.314015,-0.023189,0.50761,0.16751,0.32487,200,100,dp,12,197,10,1,random
885,OI,5,"2026-07-14 01:12:23",25.8,0.6417,3.24663,5.9394,0.64863636,-0.01269091,0.350262,-0.02798,0.4898,0.15816,0.35204,200,100,dp,12,196,10,1,random
886,OI,6,"2026-07-14 01:12:28",30.9,0.662394,3.41134,5.9394,0.66636364,-0.00518182,0.352891,-0.019041,0.46939,0.18878,0.34184,200,100,dp,12,196,10,1,random
887,OI,7,"2026-07-14 01:12:35",37.5,0.684482,3.61354,5.8788,0.68666667,-0.00481212,0.420019,-0.016846,0.44845,0.19072,0.36082,200,100,dp,12,194,10,1,random
888,OI,8,"2026-07-14 01:12:41",44.1,0.705318,3.84272,5.8788,0.70924243,-0.00541515,0.443881,-0.018169,0.41753,0.21134,0.37113,200,100,dp,12,194,10,1,random
889,OI,9,"2026-07-14 01:12:48",50.9,0.72147,4.02528,5.8788,0.71681819,0.00615758,0.463918,-0.002648,0.3866,0.27835,0.33505,200,100,dp,12,194,10,1,random
890,OI,10,"2026-07-14 01:12:55",57.7,0.736309,4.23449,5.8788,0.74893939,-0.01891212,0.551191,-0.025396,0.36598,0.28866,0.34536,200,100,dp,12,194,10,1,random
891,OI,11,"2026-07-14 01:13:02",64.5,0.750064,4.45438,5.8788,0.755,-0.00765152,0.573927,-0.013351,0.32474,0.36082,0.31443,200,100,dp,12,194,10,1,random
892,OI,12,"2026-07-14 01:13:09",71.4,0.760052,4.63086,5.8788,0.75257576,0.01141212,0.668266,0.005133,0.29381,0.35567,0.35052,200,100,dp,12,194,10,1,random
893,OI,13,"2026-07-14 01:13:15",78.4,0.769118,4.81245,5.8788,0.77060606,0.00034545,0.607503,-0.005798,0.26804,0.42784,0.30412,200,100,dp,12,194,10,1,random
894,OI,14,"2026-07-14 01:13:22",85.2,0.777494,4.97574,5.8788,0.79166666,-0.02016667,0.711786,-0.021679,0.26804,0.45876,0.2732,200,100,dp,12,194,10,1,random
895,OI,15,"2026-07-14 01:13:29",92.2,0.78397,5.11835,5.8788,0.78424242,0.00023333,0.836997,-0.002687,0.23196,0.51031,0.25773,200,100,dp,12,194,10,1,random
896,OI,16,"2026-07-14 01:13:36",99,0.789194,5.25389,5.8788,0.80469697,-0.02112727,0.858406,-0.02153,0.18557,0.58763,0.2268,200,100,dp,12,194,10,1,random
897,OI,17,"2026-07-14 01:13:43",105.8,0.794588,5.39234,5.8788,0.80151516,-0.00874545,0.941165,-0.010451,0.1701,0.66495,0.16495,200,100,dp,12,194,10,1,random
898,OI,18,"2026-07-14 01:13:50",112.6,0.799612,5.50424,5.8788,0.80848485,-0.01251212,1.18538,-0.012504,0.12371,0.75773,0.11856,200,100,dp,12,194,10,1,random
899,OI,19,"2026-07-14 01:13:57",119.5,0.8039,5.59545,5.8788,0.81257576,-0.01156061,1.29499,-0.011816,0.1134,0.78351,0.10309,200,100,dp,12,194,10,1,random
900,OI,20,"2026-07-14 01:14:04",126.4,0.806521,5.66888,5.8788,0.80545455,0.00099394,1.56045,0.001415,0.07216,0.84536,0.08247,200,100,dp,12,194,10,1,random
901,IR,1,"2026-07-14 01:14:13",4.8,0.512452,2.35567,5.8788,0.57242424,-0.10822121,0.250465,-0.122595,0.60309,0.12887,0.26804,200,100,dp,12,194,10,1,random
902,IR,2,"2026-07-14 01:14:17",9.3,0.520048,2.38346,5.6061,0.58818181,-0.11932424,0.263008,-0.136733,0.58919,0.14054,0.27027,200,100,dp,12,185,10,1,random
903,IR,3,"2026-07-14 01:14:22",13.8,0.530336,2.42901,5.4848,0.5860606,-0.09302424,0.301793,-0.113813,0.60221,0.10497,0.29282,200,100,dp,12,181,10,1,random
904,IR,4,"2026-07-14 01:14:26",18.4,0.539755,2.47075,5.3636,0.59878788,-0.10031515,0.28926,-0.116978,0.58757,0.10169,0.31073,200,100,dp,12,177,10,1,random
905,IR,5,"2026-07-14 01:14:31",22.9,0.552667,2.53169,5.2121,0.62181818,-0.1218303,0.276286,-0.136243,0.58721,0.0814,0.3314,200,100,dp,12,172,10,1,random
906,IR,6,"2026-07-14 01:14:36",27.6,0.562833,2.57138,5.1818,0.63030303,-0.11395757,0.286899,-0.128256,0.5614,0.11111,0.32749,200,100,dp,12,171,10,1,random
907,IR,7,"2026-07-14 01:14:42",33.7,0.572564,2.61116,5.0909,0.64560606,-0.12348788,0.305124,-0.135807,0.57143,0.10714,0.32143,200,100,dp,12,168,10,1,random
908,IR,8,"2026-07-14 01:14:48",39.9,0.580567,2.65358,5,0.64954545,-0.11590909,0.341709,-0.124445,0.55152,0.12121,0.32727,200,100,dp,12,165,10,1,random
909,IR,9,"2026-07-14 01:14:54",46.4,0.58677,2.69348,4.9091,0.65727273,-0.11767576,0.352791,-0.124251,0.53704,0.11728,0.34568,200,100,dp,12,162,10,1,random
910,IR,10,"2026-07-14 01:15:01",52.8,0.595082,2.73527,4.7879,0.66878788,-0.12282727,0.337767,-0.130002,0.51899,0.13291,0.3481,200,100,dp,12,158,10,1,random
911,IR,11,"2026-07-14 01:15:07",59.2,0.604145,2.79687,4.7273,0.67924242,-0.12605758,0.366531,-0.131338,0.50641,0.12821,0.36538,200,100,dp,12,156,10,1,random
912,IR,12,"2026-07-14 01:15:14",65.7,0.613139,2.86204,4.697,0.68378788,-0.11828182,0.357602,-0.12181,0.49032,0.15484,0.35484,200,100,dp,12,155,10,1,random
913,IR,13,"2026-07-14 01:15:20",72.2,0.618088,2.90592,4.697,0.69272728,-0.12467273,0.379024,-0.123648,0.47742,0.15484,0.36774,200,100,dp,12,155,10,1,random
914,IR,14,"2026-07-14 01:15:27",78.6,0.622003,2.92947,4.6364,0.70227273,-0.13327879,0.362494,-0.13158,0.48366,0.14379,0.37255,200,100,dp,12,153,10,1,random
915,IR,15,"2026-07-14 01:15:33",85,0.628979,2.97406,4.5758,0.70818182,-0.12797273,0.385447,-0.130924,0.4702,0.15894,0.37086,200,100,dp,12,151,10,1,random
916,IR,16,"2026-07-14 01:15:39",91.5,0.636176,3.00808,4.5758,0.71378788,-0.12819394,0.421734,-0.127125,0.4702,0.17881,0.35099,200,100,dp,12,151,10,1,random
917,IR,17,"2026-07-14 01:15:46",97.9,0.639858,3.03454,4.5758,0.71060606,-0.11529697,0.47624,-0.112176,0.4702,0.16556,0.36424,200,100,dp,12,151,10,1,random
918,IR,18,"2026-07-14 01:15:52",104.3,0.641491,3.04507,4.5758,0.72666666,-0.13842727,0.456937,-0.133039,0.45033,0.19205,0.35762,200,100,dp,12,151,10,1,random
919,IR,19,"2026-07-14 01:15:59",110.8,0.644112,3.06142,4.5455,0.71484848,-0.11329697,0.468136,-0.110721,0.43333,0.20667,0.36,200,100,dp,12,150,10,1,random
920,IR,20,"2026-07-14 01:16:05",117.3,0.649964,3.1121,4.5152,0.72954546,-0.12834848,0.482428,-0.126504,0.4094,0.24832,0.34228,200,100,dp,12,149,10,1,random
921,AGR,1,"2026-07-14 01:16:14",7.6,0.52663,2.46087,6,0.47924243,0.07762424,0.270317,0.07448,0.59596,0.13131,0.27273,200,100,dp,12,198,10,1,random
922,AGR,2,"2026-07-14 01:16:21",14.7,0.547845,2.60002,5.7879,0.50575757,0.06531515,0.293331,0.062168,0.56545,0.12042,0.31414,200,100,dp,12,191,10,1,random
923,AGR,3,"2026-07-14 01:16:28",21.8,0.571479,2.76597,5.697,0.52515152,0.06618182,0.276586,0.065296,0.56383,0.10106,0.33511,200,100,dp,12,188,10,1,random
924,AGR,4,"2026-07-14 01:16:35",28.9,0.58933,2.90847,5.697,0.5480303,0.06599091,0.286818,0.058307,0.54787,0.10106,0.35106,200,100,dp,12,188,10,1,random
925,AGR,5,"2026-07-14 01:16:42",36,0.604839,3.04867,5.697,0.55924242,0.0709,0.28606,0.066289,0.5266,0.09574,0.37766,200,100,dp,12,188,10,1,random
926,AGR,6,"2026-07-14 01:16:49",43.2,0.623788,3.24052,5.697,0.58469697,0.06255455,0.282283,0.051402,0.5,0.11702,0.38298,200,100,dp,12,188,10,1,random
927,AGR,7,"2026-07-14 01:16:58",52.2,0.639464,3.40996,5.6667,0.60818182,0.04524242,0.296527,0.039693,0.48663,0.13369,0.37968,200,100,dp,12,187,10,1,random
928,AGR,8,"2026-07-14 01:17:07",61.2,0.657439,3.61035,5.6667,0.62363636,0.04822121,0.343546,0.040913,0.47594,0.13904,0.38503,200,100,dp,12,187,10,1,random
929,AGR,9,"2026-07-14 01:17:16",70.3,0.672448,3.77397,5.6667,0.63,0.0616,0.367149,0.054705,0.4492,0.18717,0.36364,200,100,dp,12,187,10,1,random
930,AGR,10,"2026-07-14 01:17:26",79.5,0.687539,3.9403,5.6667,0.64469697,0.06108182,0.431784,0.053472,0.43316,0.17647,0.39037,200,100,dp,12,187,10,1,random
931,AGR,11,"2026-07-14 01:17:35",88.8,0.700879,4.09933,5.6667,0.65484848,0.06890606,0.430426,0.058482,0.40642,0.18717,0.40642,200,100,dp,12,187,10,1,random
932,AGR,12,"2026-07-14 01:17:44",97.9,0.712545,4.23947,5.6667,0.66227272,0.07313333,0.432961,0.064605,0.37433,0.24064,0.38503,200,100,dp,12,187,10,1,random
933,AGR,13,"2026-07-14 01:17:53",107.1,0.723791,4.39267,5.6667,0.67075757,0.07517879,0.490073,0.067502,0.3369,0.3369,0.3262,200,100,dp,12,187,10,1,random
934,AGR,14,"2026-07-14 01:18:02",116.4,0.735485,4.54939,5.6667,0.67863636,0.07562424,0.604849,0.071034,0.31551,0.36898,0.31551,200,100,dp,12,187,10,1,random
935,AGR,15,"2026-07-14 01:18:12",125.6,0.746606,4.70371,5.6364,0.70984848,0.05015455,0.65854,0.043929,0.26344,0.48387,0.25269,200,100,dp,12,186,10,1,random
936,AGR,16,"2026-07-14 01:18:21",134.8,0.755745,4.84281,5.6364,0.70712122,0.06598485,0.783888,0.060099,0.25269,0.52688,0.22043,200,100,dp,12,186,10,1,random
937,AGR,17,"2026-07-14 01:18:30",144.1,0.763079,4.95564,5.6364,0.71636363,0.06586364,0.891715,0.057832,0.22043,0.5914,0.18817,200,100,dp,12,186,10,1,random
938,AGR,18,"2026-07-14 01:18:39",153.4,0.771609,5.08149,5.6364,0.72848485,0.05702727,1.01155,0.052104,0.1828,0.63978,0.17742,200,100,dp,12,186,10,1,random
939,AGR,19,"2026-07-14 01:18:49",163,0.778321,5.1859,5.6364,0.72666666,0.07205455,1.04539,0.063898,0.14516,0.69892,0.15591,200,100,dp,12,186,10,1,random
940,AGR,20,"2026-07-14 01:18:58",172.3,0.783558,5.26327,5.6364,0.73772727,0.06110909,1.05496,0.056546,0.13441,0.73118,0.13441,200,100,dp,12,186,10,1,random
941,RANDOM,1,"2026-07-14 01:19:08",5.2,0.507415,2.34852,5.8485,0.50984848,0.00351515,0.245465,-0.004724,0.62176,0.09845,0.27979,200,100,dp,12,193,10,1,random
942,RANDOM,2,"2026-07-14 01:19:13",9.7,0.508803,2.35334,5.7576,0.51439394,-0.01113333,0.244393,-0.010217,0.61053,0.10526,0.28421,200,100,dp,12,190,10,1,random
943,RANDOM,3,"2026-07-14 01:19:18",14.3,0.510997,2.36355,5.7273,0.50984849,-0.00256667,0.246333,0.003156,0.60847,0.1164,0.27513,200,100,dp,12,189,10,1,random
944,RANDOM,4,"2026-07-14 01:19:22",18.8,0.509621,2.35539,5.5758,0.51484848,-0.01321515,0.257642,-0.00576,0.60326,0.11413,0.28261,200,100,dp,12,184,10,1,random
945,RANDOM,5,"2026-07-14 01:19:27",23.5,0.510658,2.36069,5.4545,0.51606061,-0.01582121,0.261078,-0.008898,0.60556,0.11667,0.27778,200,100,dp,12,180,10,1,random
946,RANDOM,6,"2026-07-14 01:19:31",28.2,0.51357,2.36691,5.3636,0.52121212,-0.0144697,0.278669,-0.014829,0.61017,0.10169,0.28814,200,100,dp,12,177,10,1,random
947,RANDOM,7,"2026-07-14 01:19:38",34.4,0.513024,2.34977,5.303,0.51424242,-0.00222424,0.268181,0.002479,0.60571,0.10857,0.28571,200,100,dp,12,175,10,1,random
948,RANDOM,8,"2026-07-14 01:19:44",40.7,0.509924,2.32955,5.2727,0.51045454,-0.0024697,0.269483,0.004544,0.5977,0.11494,0.28736,200,100,dp,12,174,10,1,random
949,RANDOM,9,"2026-07-14 01:19:50",47.2,0.510212,2.32965,5.2424,0.52272727,-0.00761515,0.268767,-0.020862,0.59538,0.11561,0.28902,200,100,dp,12,173,10,1,random
950,RANDOM,10,"2026-07-14 01:19:57",53.7,0.516894,2.35549,5.1818,0.50909091,0.01341212,0.27521,0.011885,0.59064,0.11696,0.2924,200,100,dp,12,171,10,1,random
951,RANDOM,11,"2026-07-14 01:20:04",60.7,0.514276,2.34419,5.1515,0.51939394,-0.00665152,0.273341,-0.004876,0.59412,0.11765,0.28824,200,100,dp,12,170,10,1,random
952,RANDOM,12,"2026-07-14 01:20:11",67.8,0.517445,2.36147,5.1212,0.51393939,0.01132727,0.287077,0.00713,0.59172,0.11243,0.29586,200,100,dp,12,169,10,1,random
953,RANDOM,13,"2026-07-14 01:20:18",74.3,0.516406,2.342,5,0.51378788,0.00312424,0.276575,0.009306,0.58788,0.10909,0.30303,200,100,dp,12,165,10,1,random
954,RANDOM,14,"2026-07-14 01:20:24",80.9,0.515103,2.32922,4.9394,0.51651515,-0.00060606,0.278031,0.002007,0.59509,0.10429,0.30061,200,100,dp,12,163,10,1,random
955,RANDOM,15,"2026-07-14 01:20:31",87.5,0.513524,2.31359,4.9091,0.50863637,0.01020606,0.290859,0.013991,0.58642,0.11111,0.30247,200,100,dp,12,162,10,1,random
956,RANDOM,16,"2026-07-14 01:20:37",94.2,0.510224,2.30573,4.7879,0.51787879,-0.01890606,0.286589,-0.008859,0.57595,0.12025,0.3038,200,100,dp,12,158,10,1,random
957,RANDOM,17,"2026-07-14 01:20:44",100.7,0.506855,2.29667,4.7879,0.50984848,-0.00678182,0.288602,-0.000159,0.57595,0.11392,0.31013,200,100,dp,12,158,10,1,random
958,RANDOM,18,"2026-07-14 01:20:51",107.4,0.50387,2.28517,4.6667,0.50515152,-0.00491212,0.277506,0.001414,0.57792,0.1039,0.31818,200,100,dp,12,154,10,1,random
959,RANDOM,19,"2026-07-14 01:20:57",113.9,0.501633,2.26808,4.6061,0.49075758,0.02048485,0.276143,0.027204,0.57895,0.11184,0.30921,200,100,dp,12,152,10,1,random
960,RANDOM,20,"2026-07-14 01:21:04",120.4,0.499279,2.26085,4.5152,0.49909091,0.00291515,0.297211,0.005976,0.57718,0.10738,0.31544,200,100,dp,12,149,10,1,random
961,OI,1,"2026-07-14 01:23:22",5.6,0.53193,2.45804,5.5758,0.53515151,-0.00909091,0.28175,-0.03233,0.58696,0.08696,0.32609,200,100,dp,13,184,10,1,random
962,OI,2,"2026-07-14 01:23:28",10.8,0.562821,2.63909,5.5455,0.55469697,0.01790606,0.285607,-0.009607,0.55191,0.10929,0.3388,200,100,dp,13,183,10,1,random
963,OI,3,"2026-07-14 01:23:33",15.8,0.587779,2.79465,5.5455,0.58318181,0.01359394,0.305437,-0.010783,0.54098,0.10929,0.34973,200,100,dp,13,183,10,1,random
964,OI,4,"2026-07-14 01:23:38",21.1,0.613564,2.96766,5.5455,0.61651515,-0.00235758,0.343379,-0.022689,0.4918,0.17486,0.33333,200,100,dp,13,183,10,1,random
965,OI,5,"2026-07-14 01:23:43",26.1,0.639542,3.15691,5.4848,0.64636363,-0.0078303,0.395837,-0.028147,0.45304,0.20994,0.33702,200,100,dp,13,181,10,1,random
966,OI,6,"2026-07-14 01:23:48",31.3,0.663227,3.38234,5.4848,0.66833333,-0.00537576,0.430456,-0.023465,0.43646,0.24309,0.32044,200,100,dp,13,181,10,1,random
967,OI,7,"2026-07-14 01:23:55",38.1,0.685958,3.59758,5.4545,0.69090909,-0.00750303,0.524555,-0.021506,0.42222,0.21667,0.36111,200,100,dp,13,180,10,1,random
968,OI,8,"2026-07-14 01:24:02",44.8,0.703891,3.79825,5.4242,0.69984848,0.00519091,0.479465,-0.005181,0.40782,0.19553,0.39665,200,100,dp,13,179,10,1,random
969,OI,9,"2026-07-14 01:24:08",51.7,0.721388,4.0203,5.4242,0.72651515,-0.00757879,0.481857,-0.01703,0.37989,0.26816,0.35196,200,100,dp,13,179,10,1,random
970,OI,10,"2026-07-14 01:24:15",58.6,0.736106,4.21638,5.3939,0.74318182,-0.0086303,0.606421,-0.017773,0.32022,0.3764,0.30337,200,100,dp,13,178,10,1,random
971,OI,11,"2026-07-14 01:24:22",65.5,0.749376,4.40022,5.3939,0.75636364,-0.00954242,0.737847,-0.016304,0.29213,0.45506,0.25281,200,100,dp,13,178,10,1,random
972,OI,12,"2026-07-14 01:24:30",72.8,0.760979,4.58278,5.3939,0.74878788,0.01775455,0.91772,0.010573,0.24719,0.52247,0.23034,200,100,dp,13,178,10,1,random
973,OI,13,"2026-07-14 01:24:37",79.8,0.768897,4.74693,5.3939,0.77651515,-0.0098697,0.984125,-0.013296,0.20225,0.61236,0.18539,200,100,dp,13,178,10,1,random
974,OI,14,"2026-07-14 01:24:43",86.6,0.775733,4.90023,5.3939,0.77530303,-0.00005455,1.13349,-0.002156,0.16292,0.69101,0.14607,200,100,dp,13,178,10,1,random
975,OI,15,"2026-07-14 01:24:50",93.7,0.780285,5.00886,5.3939,0.78333333,-0.00472424,1.25077,-0.00505,0.1573,0.72472,0.11798,200,100,dp,13,178,10,1,random
976,OI,16,"2026-07-14 01:24:57",100.6,0.783909,5.10636,5.3939,0.78424242,0.00027576,1.56629,-0.000924,0.08427,0.82584,0.08989,200,100,dp,13,178,10,1,random
977,OI,17,"2026-07-14 01:25:05",107.8,0.786794,5.17564,5.3939,0.79378787,-0.00985455,1.32094,-0.009116,0.08427,0.87079,0.04494,200,100,dp,13,178,10,1,random
978,OI,18,"2026-07-14 01:25:12",114.8,0.788503,5.21082,5.3939,0.77893939,0.01254545,2.4227,0.013052,0.06742,0.85955,0.07303,200,100,dp,13,178,10,1,random
979,OI,19,"2026-07-14 01:25:19",121.8,0.790603,5.25683,5.3939,0.78833333,0.0041,1.7047,0.003417,0.05056,0.88764,0.0618,200,100,dp,13,178,10,1,random
980,OI,20,"2026-07-14 01:25:26",128.8,0.791758,5.29212,5.3939,0.8,-0.01072424,1.87431,-0.009308,0.01685,0.9382,0.04494,200,100,dp,13,178,10,1,random
981,IR,1,"2026-07-14 01:25:35",5.2,0.512906,2.34389,5.5455,0.5689394,-0.10066061,0.246229,-0.119649,0.60109,0.10383,0.29508,200,100,dp,13,183,10,1,random
982,IR,2,"2026-07-14 01:25:39",9.8,0.520594,2.35735,5.3939,0.5819697,-0.10414242,0.25348,-0.124071,0.57303,0.12921,0.29775,200,100,dp,13,178,10,1,random
983,IR,3,"2026-07-14 01:25:44",14.5,0.529748,2.40724,5.303,0.5919697,-0.1088697,0.265072,-0.125017,0.57143,0.13143,0.29714,200,100,dp,13,175,10,1,random
984,IR,4,"2026-07-14 01:25:49",19.1,0.539594,2.44801,5.303,0.61515151,-0.13021515,0.28808,-0.14902,0.57143,0.12571,0.30286,200,100,dp,13,175,10,1,random
985,IR,5,"2026-07-14 01:25:53",23.7,0.55223,2.49829,5.2424,0.61787878,-0.10685455,0.29777,-0.130222,0.56647,0.13295,0.30058,200,100,dp,13,173,10,1,random
986,IR,6,"2026-07-14 01:25:58",28.4,0.561921,2.5513,5.2121,0.63954546,-0.12911515,0.319234,-0.146463,0.54651,0.15116,0.30233,200,100,dp,13,172,10,1,random
987,IR,7,"2026-07-14 01:26:04",34.7,0.571179,2.58345,5.0909,0.64969697,-0.13365455,0.327283,-0.144836,0.55357,0.125,0.32143,200,100,dp,13,168,10,1,random
988,IR,8,"2026-07-14 01:26:11",41.2,0.580488,2.61485,5.0909,0.6519697,-0.12197576,0.32441,-0.129825,0.53571,0.1369,0.32738,200,100,dp,13,168,10,1,random
989,IR,9,"2026-07-14 01:26:17",47.8,0.590891,2.66914,5.0303,0.66212121,-0.11420909,0.328092,-0.128925,0.53012,0.15663,0.31325,200,100,dp,13,166,10,1,random
990,IR,10,"2026-07-14 01:26:24",54.2,0.600309,2.71652,4.9697,0.67348485,-0.12062727,0.375812,-0.128471,0.51829,0.17073,0.31098,200,100,dp,13,164,10,1,random
991,IR,11,"2026-07-14 01:26:30",60.8,0.604961,2.73788,4.9091,0.67712121,-0.12003636,0.394835,-0.122005,0.50617,0.15432,0.33951,200,100,dp,13,162,10,1,random
992,IR,12,"2026-07-14 01:26:37",67.3,0.608794,2.75087,4.8485,0.68590909,-0.12762727,0.34437,-0.128611,0.50625,0.16875,0.325,200,100,dp,13,160,10,1,random
993,IR,13,"2026-07-14 01:26:43",73.8,0.614597,2.77297,4.8485,0.69787879,-0.13533333,0.392445,-0.138997,0.49375,0.16875,0.3375,200,100,dp,13,160,10,1,random
994,IR,14,"2026-07-14 01:26:50",80.2,0.620545,2.80749,4.7879,0.69181818,-0.11494242,0.374545,-0.118873,0.46203,0.18354,0.35443,200,100,dp,13,158,10,1,random
995,IR,15,"2026-07-14 01:26:56",86.7,0.622179,2.81799,4.7576,0.6930303,-0.11243333,0.345907,-0.113856,0.47771,0.17197,0.35032,200,100,dp,13,157,10,1,random
996,IR,16,"2026-07-14 01:27:03",93.4,0.630164,2.85995,4.7576,0.70606061,-0.11999697,0.37509,-0.12649,0.47134,0.16561,0.36306,200,100,dp,13,157,10,1,random
997,IR,17,"2026-07-14 01:27:10",100.1,0.636464,2.89498,4.6667,0.70136364,-0.10188182,0.357574,-0.106505,0.46104,0.17532,0.36364,200,100,dp,13,154,10,1,random
998,IR,18,"2026-07-14 01:27:16",106.8,0.642739,2.94634,4.5758,0.71848485,-0.11890909,0.387786,-0.121903,0.45695,0.17219,0.37086,200,100,dp,13,151,10,1,random
999,IR,19,"2026-07-14 01:27:23",113.5,0.646473,2.97355,4.5758,0.72757576,-0.12429394,0.400098,-0.127862,0.44371,0.19868,0.35762,200,100,dp,13,151,10,1,random
1000,IR,20,"2026-07-14 01:27:30",120.2,0.651809,3.00358,4.5758,0.72681819,-0.11531515,0.428305,-0.11842,0.44371,0.21192,0.34437,200,100,dp,13,151,10,1,random
1001,AGR,1,"2026-07-14 01:27:39",8.4,0.525145,2.43593,5.697,0.47227273,0.08867879,0.263316,0.083843,0.59043,0.10106,0.30851,200,100,dp,13,188,10,1,random
1002,AGR,2,"2026-07-14 01:27:47",16.5,0.545755,2.56882,5.6667,0.50045455,0.07743636,0.258955,0.068643,0.5615,0.12299,0.31551,200,100,dp,13,187,10,1,random
1003,AGR,3,"2026-07-14 01:27:55",24.3,0.565339,2.71743,5.6364,0.5180303,0.07351212,0.277946,0.070524,0.55376,0.10753,0.33871,200,100,dp,13,186,10,1,random
1004,AGR,4,"2026-07-14 01:28:03",32.1,0.584121,2.86243,5.4848,0.53848485,0.07165455,0.27706,0.066261,0.53591,0.11602,0.34807,200,100,dp,13,181,10,1,random
1005,AGR,5,"2026-07-14 01:28:11",40.2,0.599648,3.00168,5.4545,0.55787879,0.06139697,0.30597,0.060079,0.51667,0.13333,0.35,200,100,dp,13,180,10,1,random
1006,AGR,6,"2026-07-14 01:28:19",48.2,0.615088,3.14257,5.4242,0.57772727,0.05344849,0.328048,0.051608,0.48603,0.16201,0.35196,200,100,dp,13,179,10,1,random
1007,AGR,7,"2026-07-14 01:28:28",57.9,0.632024,3.31109,5.4242,0.58348485,0.07662727,0.356717,0.066271,0.47486,0.18436,0.34078,200,100,dp,13,179,10,1,random
1008,AGR,8,"2026-07-14 01:28:38",67.5,0.649812,3.49263,5.4242,0.60287879,0.06694849,0.418998,0.061975,0.45251,0.2067,0.34078,200,100,dp,13,179,10,1,random
1009,AGR,9,"2026-07-14 01:28:48",77.5,0.664979,3.64497,5.4242,0.61424242,0.07919091,0.451499,0.067258,0.41899,0.22905,0.35196,200,100,dp,13,179,10,1,random
1010,AGR,10,"2026-07-14 01:28:58",87.5,0.679336,3.81137,5.3636,0.62348484,0.07920303,0.459535,0.074065,0.40678,0.23729,0.35593,200,100,dp,13,177,10,1,random
1011,AGR,11,"2026-07-14 01:29:08",97.6,0.693848,3.97942,5.3636,0.65166667,0.06060303,0.509928,0.053001,0.35593,0.29379,0.35028,200,100,dp,13,177,10,1,random
1012,AGR,12,"2026-07-14 01:29:19",107.9,0.70577,4.13257,5.3636,0.65590909,0.07231818,0.533335,0.064495,0.33898,0.32768,0.33333,200,100,dp,13,177,10,1,random
1013,AGR,13,"2026-07-14 01:29:29",118,0.7177,4.26955,5.3636,0.66787879,0.07403939,0.587723,0.063057,0.31638,0.38983,0.29379,200,100,dp,13,177,10,1,random
1014,AGR,14,"2026-07-14 01:29:39",128.4,0.729976,4.42753,5.3636,0.69060606,0.05755455,0.695196,0.047479,0.27684,0.46328,0.25989,200,100,dp,13,177,10,1,random
1015,AGR,15,"2026-07-14 01:29:49",138.4,0.740912,4.58349,5.3636,0.69166667,0.06998788,0.783287,0.060987,0.23164,0.51977,0.24859,200,100,dp,13,177,10,1,random
1016,AGR,16,"2026-07-14 01:29:59",148.4,0.748939,4.6906,5.3636,0.68651515,0.09005758,0.793682,0.079807,0.23164,0.57627,0.19209,200,100,dp,13,177,10,1,random
1017,AGR,17,"2026-07-14 01:30:10",159.8,0.756458,4.77862,5.3636,0.7080303,0.0665,0.97526,0.060809,0.21469,0.59322,0.19209,200,100,dp,13,177,10,1,random
1018,AGR,18,"2026-07-14 01:30:21",170.3,0.764264,4.88201,5.3636,0.72060606,0.06023333,0.992751,0.053509,0.20904,0.59887,0.19209,200,100,dp,13,177,10,1,random
1019,AGR,19,"2026-07-14 01:30:31",180.7,0.769355,4.96299,5.3636,0.71984849,0.06809697,1.05659,0.062498,0.16949,0.67797,0.15254,200,100,dp,13,177,10,1,random
1020,AGR,20,"2026-07-14 01:30:42",191.2,0.775897,5.05592,5.3636,0.72590909,0.06721515,1.17225,0.061419,0.12994,0.76271,0.10734,200,100,dp,13,177,10,1,random
1021,RANDOM,1,"2026-07-14 01:30:52",5.1,0.500645,2.27527,5.5152,0.50651515,-0.01060303,0.230684,-0.007895,0.5989,0.11538,0.28571,200,100,dp,13,182,10,1,random
1022,RANDOM,2,"2026-07-14 01:30:57",9.7,0.498824,2.27688,5.3636,0.49545455,0.00541515,0.246405,0.011694,0.59322,0.11299,0.29379,200,100,dp,13,177,10,1,random
1023,RANDOM,3,"2026-07-14 01:31:01",14.3,0.497742,2.26622,5.2727,0.50439395,-0.01226364,0.24642,-0.008799,0.59195,0.1092,0.29885,200,100,dp,13,174,10,1,random
1024,RANDOM,4,"2026-07-14 01:31:06",19,0.496242,2.25593,5.1212,0.49484849,0.00230303,0.249198,0.007485,0.5858,0.11834,0.29586,200,100,dp,13,169,10,1,random
1025,RANDOM,5,"2026-07-14 01:31:10",23.7,0.49397,2.25248,4.9394,0.49651515,-0.01580303,0.268347,0.000656,0.56442,0.14724,0.28834,200,100,dp,13,163,10,1,random
1026,RANDOM,6,"2026-07-14 01:31:15",28.4,0.491264,2.24107,4.7879,0.4939394,-0.00152727,0.28543,0.000947,0.57595,0.13924,0.28481,200,100,dp,13,158,10,1,random
1027,RANDOM,7,"2026-07-14 01:31:21",34.7,0.491191,2.24662,4.7576,0.49227273,-0.00982121,0.313027,0.001366,0.57962,0.13376,0.28662,200,100,dp,13,157,10,1,random
1028,RANDOM,8,"2026-07-14 01:31:28",40.9,0.489645,2.22607,4.7576,0.49090909,-0.00518182,0.311383,0.001234,0.57962,0.13376,0.28662,200,100,dp,13,157,10,1,random
1029,RANDOM,9,"2026-07-14 01:31:34",47.3,0.492645,2.23498,4.6364,0.48787879,0.01681515,0.316312,0.010206,0.56209,0.15686,0.28105,200,100,dp,13,153,10,1,random
1030,RANDOM,10,"2026-07-14 01:31:41",53.8,0.490621,2.22761,4.6061,0.49318182,-0.01022424,0.326809,0.000622,0.56579,0.16447,0.26974,200,100,dp,13,152,10,1,random
1031,RANDOM,11,"2026-07-14 01:31:47",60.3,0.494112,2.24434,4.5455,0.49666667,-0.00429091,0.354484,-0.006056,0.56667,0.13333,0.3,200,100,dp,13,150,10,1,random
1032,RANDOM,12,"2026-07-14 01:31:54",66.9,0.498224,2.25344,4.4545,0.49742424,-0.00101515,0.315053,0.001073,0.57143,0.13605,0.29252,200,100,dp,13,147,10,1,random
1033,RANDOM,13,"2026-07-14 01:32:00",73.5,0.497612,2.24724,4.4545,0.49954545,-0.00550303,0.341687,0.000165,0.55782,0.12245,0.31973,200,100,dp,13,147,10,1,random
1034,RANDOM,14,"2026-07-14 01:32:07",80.1,0.496809,2.24782,4.4242,0.49287879,0.00715152,0.300075,0.011988,0.55479,0.14384,0.30137,200,100,dp,13,146,10,1,random
1035,RANDOM,15,"2026-07-14 01:32:13",86.6,0.494515,2.23672,4.4242,0.50409091,-0.01685151,0.32411,-0.014855,0.55479,0.13014,0.31507,200,100,dp,13,146,10,1,random
1036,RANDOM,16,"2026-07-14 01:32:20",93.1,0.497088,2.23668,4.3939,0.50045455,-0.00024545,0.309625,-0.006109,0.56552,0.12414,0.31034,200,100,dp,13,145,10,1,random
1037,RANDOM,17,"2026-07-14 01:32:26",99.6,0.492955,2.22745,4.3333,0.48333334,0.02067879,0.324889,0.027263,0.55245,0.14685,0.3007,200,100,dp,13,143,10,1,random
1038,RANDOM,18,"2026-07-14 01:32:33",106.1,0.492791,2.22067,4.303,0.49318182,-0.0002697,0.332775,0.002732,0.53521,0.16197,0.30282,200,100,dp,13,142,10,1,random
1039,RANDOM,19,"2026-07-14 01:32:39",112.7,0.490527,2.20478,4.2727,0.48954545,-0.00103636,0.326808,0.008721,0.55319,0.14184,0.30496,200,100,dp,13,141,10,1,random
1040,RANDOM,20,"2026-07-14 01:32:46",119.3,0.489642,2.19754,4.2727,0.48742424,0.01110909,0.328321,0.008292,0.5461,0.15603,0.29787,200,100,dp,13,141,10,1,random
1041,OI,1,"2026-07-14 01:39:19",5.5,0.53957,2.49759,6.2424,0.54272727,-0.00842121,0.281832,-0.031366,0.61165,0.08738,0.30097,200,100,dp,14,206,10,1,random
1042,OI,2,"2026-07-14 01:39:24",10.6,0.565933,2.64357,6.1515,0.575,-0.01403939,0.269686,-0.036305,0.58621,0.1133,0.30049,200,100,dp,14,203,10,1,random
1043,OI,3,"2026-07-14 01:39:29",15.6,0.590655,2.82143,6.1212,0.58863636,0.00265455,0.310986,-0.013966,0.5495,0.14851,0.30198,200,100,dp,14,202,10,1,random
1044,OI,4,"2026-07-14 01:39:34",20.6,0.617091,3.03208,6.0909,0.61984849,-0.00709394,0.359967,-0.022614,0.51741,0.14428,0.33831,200,100,dp,14,201,10,1,random
1045,OI,5,"2026-07-14 01:39:39",25.8,0.641776,3.24082,6,0.63393939,0.01493636,0.344093,-0.003968,0.4697,0.18182,0.34848,200,100,dp,14,198,10,1,random
1046,OI,6,"2026-07-14 01:39:44",30.9,0.664673,3.46864,5.9697,0.66636364,-0.00598485,0.381463,-0.017451,0.45685,0.20305,0.3401,200,100,dp,14,197,10,1,random
1047,OI,7,"2026-07-14 01:39:51",37.8,0.682388,3.66564,5.8788,0.67560606,0.01371818,0.425467,-0.000958,0.43299,0.20619,0.36082,200,100,dp,14,194,10,1,random
1048,OI,8,"2026-07-14 01:39:58",44.4,0.700982,3.87286,5.8485,0.69863636,0.00488788,0.440578,-0.007908,0.39896,0.23834,0.36269,200,100,dp,14,193,10,1,random
1049,OI,9,"2026-07-14 01:40:05",52,0.717039,4.07935,5.8182,0.72651515,-0.01263636,0.468463,-0.02242,0.38021,0.23438,0.38542,200,100,dp,14,192,10,1,random
1050,OI,10,"2026-07-14 01:40:13",59.6,0.732258,4.27202,5.8182,0.72969697,0.00524849,0.493235,-0.004586,0.35938,0.27604,0.36458,200,100,dp,14,192,10,1,random
1051,OI,11,"2026-07-14 01:40:20",66.5,0.746797,4.47719,5.8182,0.74636364,0.00193333,0.580579,-0.007016,0.29688,0.40104,0.30208,200,100,dp,14,192,10,1,random
1052,OI,12,"2026-07-14 01:40:27",73.6,0.758718,4.66732,5.8182,0.75287879,0.00943636,0.67852,0.001915,0.27604,0.41667,0.30729,200,100,dp,14,192,10,1,random
1053,OI,13,"2026-07-14 01:40:34",80.6,0.769752,4.86834,5.8182,0.76878787,0.0017697,0.699326,-0.003864,0.26042,0.44792,0.29167,200,100,dp,14,192,10,1,random
1054,OI,14,"2026-07-14 01:40:41",87.5,0.777152,5.01737,5.8182,0.78530303,-0.0103,0.784969,-0.013754,0.21875,0.51563,0.26563,200,100,dp,14,192,10,1,random
1055,OI,15,"2026-07-14 01:40:48",94.7,0.785024,5.1784,5.8182,0.7930303,-0.01001818,0.858311,-0.013515,0.19792,0.63542,0.16667,200,100,dp,14,192,10,1,random
1056,OI,16,"2026-07-14 01:40:55",101.6,0.790676,5.29378,5.8182,0.78666667,0.00609697,1.15506,0.003401,0.1875,0.60417,0.20833,200,100,dp,14,192,10,1,random
1057,OI,17,"2026-07-14 01:41:02",108.5,0.795558,5.40668,5.8182,0.80560607,-0.01245152,1.0908,-0.014039,0.14063,0.72917,0.13021,200,100,dp,14,192,10,1,random
1058,OI,18,"2026-07-14 01:41:09",115.6,0.799394,5.5064,5.8182,0.79681818,0.0034697,1.38026,0.002681,0.08854,0.83333,0.07813,200,100,dp,14,192,10,1,random
1059,OI,19,"2026-07-14 01:41:16",122.6,0.801576,5.55955,5.8182,0.79545455,0.00789697,1.53892,0.007788,0.08333,0.84375,0.07292,200,100,dp,14,192,10,1,random
1060,OI,20,"2026-07-14 01:41:23",129.8,0.803206,5.59841,5.8182,0.80227273,0.00182727,1.6656,0.001546,0.07292,0.86979,0.05729,200,100,dp,14,192,10,1,random
1061,IR,1,"2026-07-14 01:41:33",5.1,0.516091,2.37172,6,0.58272727,-0.1207697,0.237004,-0.135993,0.61616,0.10101,0.28283,200,100,dp,14,198,10,1,random
1062,IR,2,"2026-07-14 01:41:38",9.7,0.5233,2.39325,5.7576,0.58969697,-0.1174,0.238237,-0.133001,0.60526,0.12105,0.27368,200,100,dp,14,190,10,1,random
1063,IR,3,"2026-07-14 01:41:42",14.4,0.534555,2.4421,5.6364,0.59772728,-0.11434848,0.28407,-0.127779,0.5914,0.12366,0.28495,200,100,dp,14,186,10,1,random
1064,IR,4,"2026-07-14 01:41:47",19,0.5481,2.48487,5.4848,0.62030303,-0.12542727,0.293221,-0.143277,0.56354,0.14917,0.28729,200,100,dp,14,181,10,1,random
1065,IR,5,"2026-07-14 01:41:52",23.8,0.557018,2.52968,5.3939,0.62712121,-0.12242121,0.306191,-0.133549,0.5618,0.14607,0.29213,200,100,dp,14,178,10,1,random
1066,IR,6,"2026-07-14 01:41:56",28.5,0.569397,2.5896,5.2727,0.64015152,-0.11964849,0.32397,-0.134727,0.54598,0.15517,0.29885,200,100,dp,14,174,10,1,random
1067,IR,7,"2026-07-14 01:42:03",34.8,0.57513,2.61847,5.2727,0.64015152,-0.10766667,0.326683,-0.117217,0.56322,0.12644,0.31034,200,100,dp,14,174,10,1,random
1068,IR,8,"2026-07-14 01:42:09",41.1,0.585591,2.68046,5.2424,0.65227273,-0.11358485,0.333435,-0.121953,0.56069,0.10405,0.33526,200,100,dp,14,173,10,1,random
1069,IR,9,"2026-07-14 01:42:16",47.7,0.592145,2.72586,5.1212,0.66121212,-0.11633939,0.315299,-0.121019,0.54438,0.10651,0.34911,200,100,dp,14,169,10,1,random
1070,IR,10,"2026-07-14 01:42:22",54.3,0.600549,2.77555,5,0.67272727,-0.11977273,0.313061,-0.126573,0.52121,0.13333,0.34545,200,100,dp,14,165,10,1,random
1071,IR,11,"2026-07-14 01:42:29",60.9,0.604718,2.80623,4.9091,0.68136364,-0.12461818,0.350742,-0.129302,0.49383,0.15432,0.35185,200,100,dp,14,162,10,1,random
1072,IR,12,"2026-07-14 01:42:35",67.4,0.608921,2.82718,4.8485,0.68939394,-0.13525152,0.343748,-0.134327,0.4875,0.15,0.3625,200,100,dp,14,160,10,1,random
1073,IR,13,"2026-07-14 01:42:42",73.9,0.61397,2.86038,4.8182,0.68515152,-0.11534242,0.347495,-0.119079,0.47799,0.14465,0.37736,200,100,dp,14,159,10,1,random
1074,IR,14,"2026-07-14 01:42:48",80.5,0.617088,2.88076,4.8182,0.6960606,-0.12953636,0.337058,-0.129508,0.47799,0.13208,0.38994,200,100,dp,14,159,10,1,random
1075,IR,15,"2026-07-14 01:42:55",87.2,0.623133,2.9078,4.8182,0.70590909,-0.13753939,0.317111,-0.136902,0.47799,0.15094,0.37107,200,100,dp,14,159,10,1,random
1076,IR,16,"2026-07-14 01:43:02",93.7,0.627039,2.93402,4.8182,0.70363637,-0.12333333,0.354147,-0.124192,0.44025,0.20126,0.35849,200,100,dp,14,159,10,1,random
1077,IR,17,"2026-07-14 01:43:08",100.3,0.629,2.95339,4.7879,0.705,-0.12140303,0.374807,-0.121513,0.4557,0.18354,0.36076,200,100,dp,14,158,10,1,random
1078,IR,18,"2026-07-14 01:43:15",107,0.633721,2.97549,4.7273,0.70939395,-0.12429091,0.382875,-0.122107,0.44231,0.17949,0.37821,200,100,dp,14,156,10,1,random
1079,IR,19,"2026-07-14 01:43:21",113.5,0.636064,2.98023,4.7273,0.71621213,-0.12559697,0.366712,-0.126688,0.42949,0.19872,0.37179,200,100,dp,14,156,10,1,random
1080,IR,20,"2026-07-14 01:43:28",120.1,0.641958,3.02157,4.6667,0.70712121,-0.10470303,0.38318,-0.105275,0.42857,0.19481,0.37662,200,100,dp,14,154,10,1,random
1081,AGR,1,"2026-07-14 01:43:37",8.1,0.531933,2.47642,6.0909,0.48484848,0.07635151,0.259919,0.071321,0.60697,0.10945,0.28358,200,100,dp,14,201,10,1,random
1082,AGR,2,"2026-07-14 01:43:45",15.8,0.547367,2.59334,6,0.50272727,0.07006667,0.272116,0.072685,0.60606,0.08586,0.30808,200,100,dp,14,198,10,1,random
1083,AGR,3,"2026-07-14 01:43:52",23.3,0.568679,2.73233,5.8182,0.53393939,0.05889091,0.278943,0.045946,0.58333,0.11979,0.29688,200,100,dp,14,192,10,1,random
1084,AGR,4,"2026-07-14 01:44:00",30.9,0.588485,2.87899,5.7576,0.53954545,0.07309697,0.340869,0.069993,0.54737,0.15263,0.3,200,100,dp,14,190,10,1,random
1085,AGR,5,"2026-07-14 01:44:07",38.6,0.610418,3.0418,5.7576,0.56530302,0.06936667,0.380501,0.059895,0.52632,0.14737,0.32632,200,100,dp,14,190,10,1,random
1086,AGR,6,"2026-07-14 01:44:15",46.3,0.629248,3.19911,5.7273,0.58560606,0.06692121,0.368882,0.057755,0.50794,0.17989,0.31217,200,100,dp,14,189,10,1,random
1087,AGR,7,"2026-07-14 01:44:25",56,0.647797,3.37936,5.697,0.61181818,0.05615758,0.436967,0.044236,0.48404,0.18617,0.32979,200,100,dp,14,188,10,1,random
1088,AGR,8,"2026-07-14 01:44:34",65.5,0.664482,3.5597,5.697,0.62,0.06208182,0.442228,0.057195,0.4734,0.21277,0.31383,200,100,dp,14,188,10,1,random
1089,AGR,9,"2026-07-14 01:44:44",75.2,0.680245,3.75226,5.697,0.63090909,0.07008182,0.513071,0.064103,0.46277,0.2234,0.31383,200,100,dp,14,188,10,1,random
1090,AGR,10,"2026-07-14 01:44:54",85,0.69477,3.93025,5.6667,0.6569697,0.05370303,0.552732,0.046498,0.4492,0.21925,0.33155,200,100,dp,14,187,10,1,random
1091,AGR,11,"2026-07-14 01:45:04",94.9,0.705627,4.09469,5.6667,0.65757576,0.06855758,0.540692,0.062694,0.42246,0.26738,0.31016,200,100,dp,14,187,10,1,random
1092,AGR,12,"2026-07-14 01:45:14",104.7,0.719806,4.30237,5.6667,0.67818182,0.06186667,0.64976,0.050171,0.37968,0.31016,0.31016,200,100,dp,14,187,10,1,random
1093,AGR,13,"2026-07-14 01:45:23",114.5,0.731012,4.49303,5.6667,0.68787879,0.0563697,0.673954,0.053618,0.34225,0.35294,0.30481,200,100,dp,14,187,10,1,random
1094,AGR,14,"2026-07-14 01:45:33",124.5,0.742503,4.65633,5.6667,0.69015152,0.07453333,0.706894,0.065115,0.28877,0.43316,0.27807,200,100,dp,14,187,10,1,random
1095,AGR,15,"2026-07-14 01:45:43",134.4,0.751627,4.79962,5.6667,0.71287879,0.05261818,0.7324,0.047356,0.25134,0.49733,0.25134,200,100,dp,14,187,10,1,random
1096,AGR,16,"2026-07-14 01:45:53",144.1,0.759939,4.95933,5.6667,0.70090909,0.07988485,0.821766,0.073787,0.2139,0.60428,0.18182,200,100,dp,14,187,10,1,random
1097,AGR,17,"2026-07-14 01:46:03",154.1,0.768079,5.0861,5.6667,0.72272727,0.05885758,0.989195,0.055538,0.18717,0.64171,0.17112,200,100,dp,14,187,10,1,random
1098,AGR,18,"2026-07-14 01:46:13",164,0.7735,5.18659,5.6667,0.72969697,0.05906364,1.02031,0.054723,0.15508,0.69519,0.14973,200,100,dp,14,187,10,1,random
1099,AGR,19,"2026-07-14 01:46:23",173.8,0.777433,5.26031,5.6667,0.72727273,0.06653333,1.09049,0.063247,0.13369,0.73797,0.12834,200,100,dp,14,187,10,1,random
1100,AGR,20,"2026-07-14 01:46:33",183.8,0.78157,5.33337,5.6667,0.73166667,0.06360303,1.17984,0.062576,0.10695,0.80214,0.09091,200,100,dp,14,187,10,1,random
1101,RANDOM,1,"2026-07-14 01:46:41",4.8,0.508921,2.33398,6.2121,0.50939394,0.00475151,0.229076,0.000333,0.63415,0.08293,0.28293,200,100,dp,14,205,10,1,random
1102,RANDOM,2,"2026-07-14 01:46:45",9,0.510291,2.34357,5.8788,0.50954545,0.00173333,0.212826,0.002301,0.63402,0.06701,0.29897,200,100,dp,14,194,10,1,random
1103,RANDOM,3,"2026-07-14 01:46:49",13.3,0.505824,2.32108,5.7576,0.50833333,-0.00331818,0.21088,0.002366,0.63158,0.07368,0.29474,200,100,dp,14,190,10,1,random
1104,RANDOM,4,"2026-07-14 01:46:54",17.6,0.504448,2.31537,5.5758,0.51090909,-0.00812727,0.229852,-0.00893,0.625,0.08696,0.28804,200,100,dp,14,184,10,1,random
1105,RANDOM,5,"2026-07-14 01:46:58",22.1,0.504649,2.30584,5.4848,0.50469697,-0.00353636,0.25057,0.002105,0.62983,0.07735,0.29282,200,100,dp,14,181,10,1,random
1106,RANDOM,6,"2026-07-14 01:47:02",26.4,0.504179,2.31082,5.4242,0.50272727,-0.00053939,0.248867,0.006005,0.6257,0.07821,0.29609,200,100,dp,14,179,10,1,random
1107,RANDOM,7,"2026-07-14 01:47:08",32.4,0.506106,2.31841,5.3636,0.51,-0.01236061,0.250514,-0.006659,0.62712,0.0678,0.30508,200,100,dp,14,177,10,1,random
1108,RANDOM,8,"2026-07-14 01:47:15",38.5,0.505,2.30819,5.303,0.51181818,-0.01325758,0.244919,-0.010659,0.62286,0.08571,0.29143,200,100,dp,14,175,10,1,random
1109,RANDOM,9,"2026-07-14 01:47:21",44.7,0.501836,2.29933,5.2121,0.50378788,-0.00705455,0.26436,0.001044,0.62791,0.08721,0.28488,200,100,dp,14,172,10,1,random
1110,RANDOM,10,"2026-07-14 01:47:27",50.9,0.501464,2.31335,5.1212,0.50090909,-0.00891818,0.286772,0.003301,0.60947,0.10651,0.28402,200,100,dp,14,169,10,1,random
1111,RANDOM,11,"2026-07-14 01:47:33",56.9,0.499245,2.30481,5.1212,0.49833333,-0.00884242,0.292216,0.006732,0.60355,0.10059,0.29586,200,100,dp,14,169,10,1,random
1112,RANDOM,12,"2026-07-14 01:47:39",63,0.500173,2.31555,5,0.50787879,-0.01480909,0.275442,-0.013436,0.59394,0.10303,0.30303,200,100,dp,14,165,10,1,random
1113,RANDOM,13,"2026-07-14 01:47:45",69.2,0.500821,2.3166,4.9394,0.50893939,-0.01528788,0.276529,-0.013616,0.57669,0.11656,0.30675,200,100,dp,14,163,10,1,random
1114,RANDOM,14,"2026-07-14 01:47:51",75.3,0.495685,2.29723,4.8788,0.49590909,-0.00110303,0.262103,0.006978,0.60248,0.09317,0.30435,200,100,dp,14,161,10,1,random
1115,RANDOM,15,"2026-07-14 01:47:58",81.5,0.493818,2.28724,4.8182,0.48757576,0.01171212,0.274826,0.016049,0.60377,0.06918,0.32704,200,100,dp,14,159,10,1,random
1116,RANDOM,16,"2026-07-14 01:48:04",87.6,0.498909,2.31656,4.7273,0.49681818,0.00799394,0.262163,0.000769,0.60256,0.08333,0.3141,200,100,dp,14,156,10,1,random
1117,RANDOM,17,"2026-07-14 01:48:10",93.8,0.499848,2.3265,4.6667,0.50166667,-0.00455455,0.29763,-0.002349,0.59091,0.0974,0.31169,200,100,dp,14,154,10,1,random
1118,RANDOM,18,"2026-07-14 01:48:16",100,0.503876,2.33467,4.6061,0.51454545,-0.02243333,0.311278,-0.022254,0.56579,0.11842,0.31579,200,100,dp,14,152,10,1,random
1119,RANDOM,19,"2026-07-14 01:48:22",106.3,0.500779,2.32248,4.6061,0.4990909,0.00273636,0.311102,0.008582,0.56579,0.13158,0.30263,200,100,dp,14,152,10,1,random
1120,RANDOM,20,"2026-07-14 01:48:29",112.6,0.501615,2.32306,4.5152,0.49818182,0.00608485,0.32695,0.008953,0.57718,0.11409,0.30872,200,100,dp,14,149,10,1,random
1121,OI,1,"2026-07-14 01:49:26",5.4,0.538903,2.48798,5.8182,0.54818181,-0.01833636,0.279679,-0.040243,0.59375,0.09896,0.30729,200,100,dp,15,192,10,1,random
1122,OI,2,"2026-07-14 01:49:31",10.3,0.566664,2.64855,5.7879,0.56818182,0.00165758,0.305585,-0.023555,0.56021,0.11518,0.32461,200,100,dp,15,191,10,1,random
1123,OI,3,"2026-07-14 01:49:36",15.3,0.5911,2.81665,5.7576,0.59863636,-0.01243333,0.303759,-0.031038,0.54211,0.15263,0.30526,200,100,dp,15,190,10,1,random
1124,OI,4,"2026-07-14 01:49:41",20.3,0.618824,3.0216,5.697,0.61878787,-0.00009091,0.380145,-0.01927,0.52128,0.1117,0.36702,200,100,dp,15,188,10,1,random
1125,OI,5,"2026-07-14 01:49:46",25.4,0.639555,3.20171,5.6667,0.64196969,-0.00288788,0.342032,-0.01782,0.48128,0.14973,0.36898,200,100,dp,15,187,10,1,random
1126,OI,6,"2026-07-14 01:49:51",30.4,0.660406,3.37318,5.6364,0.67590909,-0.0205697,0.371634,-0.037274,0.44086,0.23656,0.32258,200,100,dp,15,186,10,1,random
1127,OI,7,"2026-07-14 01:49:57",37.1,0.678021,3.57451,5.6061,0.68287879,-0.01167576,0.494636,-0.017486,0.41622,0.23784,0.34595,200,100,dp,15,185,10,1,random
1128,OI,8,"2026-07-14 01:50:04",44,0.696803,3.80571,5.6061,0.69757576,-0.00012424,0.486232,-0.012254,0.38919,0.27027,0.34054,200,100,dp,15,185,10,1,random
1129,OI,9,"2026-07-14 01:50:12",51.5,0.711964,4.03502,5.5758,0.71863637,-0.00751818,0.545509,-0.017254,0.34783,0.32609,0.32609,200,100,dp,15,184,10,1,random
1130,OI,10,"2026-07-14 01:50:19",58.3,0.725773,4.20778,5.5758,0.72939395,-0.0067303,0.616068,-0.012985,0.33696,0.36413,0.29891,200,100,dp,15,184,10,1,random
1131,OI,11,"2026-07-14 01:50:26",65.2,0.737645,4.39482,5.5758,0.7430303,-0.00630606,0.691489,-0.013696,0.30435,0.41304,0.28261,200,100,dp,15,184,10,1,random
1132,OI,12,"2026-07-14 01:50:33",72.2,0.748976,4.58491,5.5758,0.75484848,-0.00550303,0.753232,-0.013424,0.27717,0.4837,0.23913,200,100,dp,15,184,10,1,random
1133,OI,13,"2026-07-14 01:50:39",79,0.758988,4.76729,5.5758,0.75954545,0.0009697,0.897286,-0.005353,0.25,0.54348,0.20652,200,100,dp,15,184,10,1,random
1134,OI,14,"2026-07-14 01:50:46",85.8,0.767127,4.90791,5.5758,0.76651515,0.00047879,1.01404,-0.002783,0.19565,0.625,0.17935,200,100,dp,15,184,10,1,random
1135,OI,15,"2026-07-14 01:50:53",92.6,0.774561,5.03861,5.5758,0.77757575,-0.00440909,1.08498,-0.007035,0.15761,0.67391,0.16848,200,100,dp,15,184,10,1,random
1136,OI,16,"2026-07-14 01:51:00",99.5,0.780927,5.17805,5.5758,0.79257576,-0.01686061,1.10724,-0.017372,0.13587,0.74457,0.11957,200,100,dp,15,184,10,1,random
1137,OI,17,"2026-07-14 01:51:07",106.4,0.785188,5.25505,5.5758,0.79545454,-0.01298485,1.27214,-0.013957,0.09783,0.81522,0.08696,200,100,dp,15,184,10,1,random
1138,OI,18,"2026-07-14 01:51:14",113.2,0.789082,5.30392,5.5758,0.79287879,-0.00476364,1.45873,-0.005574,0.08696,0.78804,0.125,200,100,dp,15,184,10,1,random
1139,OI,19,"2026-07-14 01:51:21",120.1,0.791897,5.37294,5.5758,0.79212121,0.00063333,1.22596,-0.000648,0.05435,0.88043,0.06522,200,100,dp,15,184,10,1,random
1140,OI,20,"2026-07-14 01:51:27",127,0.794352,5.4117,5.5758,0.78257576,0.01451515,1.50184,0.0147,0.05435,0.91304,0.03261,200,100,dp,15,184,10,1,random
1141,IR,1,"2026-07-14 01:51:37",5.3,0.521976,2.39006,5.8182,0.58030303,-0.10713636,0.244282,-0.12207,0.60938,0.09896,0.29167,200,100,dp,15,192,10,1,random
1142,IR,2,"2026-07-14 01:51:42",10,0.531324,2.4418,5.6667,0.59909091,-0.12076061,0.256832,-0.134872,0.59893,0.08556,0.31551,200,100,dp,15,187,10,1,random
1143,IR,3,"2026-07-14 01:51:46",14.7,0.541876,2.4948,5.4545,0.61075758,-0.11891212,0.249329,-0.136269,0.57222,0.12222,0.30556,200,100,dp,15,180,10,1,random
1144,IR,4,"2026-07-14 01:51:51",19.4,0.55083,2.53422,5.3636,0.61681818,-0.1112697,0.289237,-0.126499,0.57062,0.11864,0.31073,200,100,dp,15,177,10,1,random
1145,IR,5,"2026-07-14 01:51:56",24.2,0.560645,2.57855,5.303,0.62742424,-0.11401818,0.304789,-0.127068,0.56571,0.11429,0.32,200,100,dp,15,175,10,1,random
1146,IR,6,"2026-07-14 01:52:01",29.1,0.571391,2.6386,5.2424,0.64621212,-0.12439091,0.305068,-0.139814,0.53757,0.14451,0.31792,200,100,dp,15,173,10,1,random
1147,IR,7,"2026-07-14 01:52:07",35.5,0.57743,2.65506,5.2424,0.64090909,-0.10770909,0.321645,-0.113956,0.53757,0.14451,0.31792,200,100,dp,15,173,10,1,random
1148,IR,8,"2026-07-14 01:52:14",42,0.586442,2.69645,5.2424,0.6569697,-0.12082121,0.334281,-0.12743,0.54335,0.13873,0.31792,200,100,dp,15,173,10,1,random
1149,IR,9,"2026-07-14 01:52:20",48.7,0.594545,2.75346,5.2121,0.66681818,-0.12101212,0.350733,-0.127854,0.52326,0.15116,0.32558,200,100,dp,15,172,10,1,random
1150,IR,10,"2026-07-14 01:52:27",55.3,0.600739,2.80032,5.1515,0.67742425,-0.12605152,0.347969,-0.131782,0.52353,0.15294,0.32353,200,100,dp,15,170,10,1,random
1151,IR,11,"2026-07-14 01:52:34",62,0.603076,2.81307,5.1212,0.67803031,-0.12187576,0.361182,-0.124834,0.50888,0.15385,0.33728,200,100,dp,15,169,10,1,random
1152,IR,12,"2026-07-14 01:52:40",68.6,0.613297,2.8716,5.0303,0.69575757,-0.13069697,0.369337,-0.142251,0.5,0.16265,0.33735,200,100,dp,15,166,10,1,random
1153,IR,13,"2026-07-14 01:52:47",75.3,0.619888,2.91257,5,0.70030303,-0.13016667,0.376549,-0.13388,0.49697,0.15152,0.35152,200,100,dp,15,165,10,1,random
1154,IR,14,"2026-07-14 01:52:54",82,0.624176,2.92352,4.9394,0.7019697,-0.12714545,0.357491,-0.126838,0.49693,0.1411,0.36196,200,100,dp,15,163,10,1,random
1155,IR,15,"2026-07-14 01:53:00",88.8,0.632891,2.96829,4.9091,0.70469697,-0.11426061,0.371429,-0.119719,0.47531,0.16667,0.35802,200,100,dp,15,162,10,1,random
1156,IR,16,"2026-07-14 01:53:07",95.7,0.634742,2.97428,4.9091,0.70818182,-0.11965455,0.378817,-0.115909,0.48148,0.15432,0.3642,200,100,dp,15,162,10,1,random
1157,IR,17,"2026-07-14 01:53:14",102.5,0.644427,3.04094,4.9091,0.72348485,-0.12259394,0.386651,-0.129664,0.46296,0.18519,0.35185,200,100,dp,15,162,10,1,random
1158,IR,18,"2026-07-14 01:53:21",109.6,0.650267,3.08127,4.8788,0.72590909,-0.12020606,0.420819,-0.120127,0.45342,0.19255,0.35404,200,100,dp,15,161,10,1,random
1159,IR,19,"2026-07-14 01:53:28",116.5,0.653676,3.10493,4.8788,0.73848485,-0.13383939,0.429065,-0.131964,0.46584,0.18012,0.35404,200,100,dp,15,161,10,1,random
1160,IR,20,"2026-07-14 01:53:35",123.2,0.658018,3.15206,4.8485,0.73757576,-0.12502121,0.453029,-0.123668,0.44375,0.2125,0.34375,200,100,dp,15,160,10,1,random
1161,AGR,1,"2026-07-14 01:53:43",7.3,0.531364,2.45505,5.697,0.49075757,0.0800303,0.259706,0.061121,0.59574,0.10638,0.29787,200,100,dp,15,188,10,1,random
1162,AGR,2,"2026-07-14 01:53:50",14.2,0.553933,2.58983,5.6364,0.50984849,0.07252424,0.287301,0.063588,0.57527,0.10753,0.3172,200,100,dp,15,186,10,1,random
1163,AGR,3,"2026-07-14 01:53:57",21,0.575424,2.72671,5.5758,0.53454545,0.06682727,0.295024,0.056416,0.55978,0.11957,0.32065,200,100,dp,15,184,10,1,random
1164,AGR,4,"2026-07-14 01:54:04",27.9,0.593318,2.86922,5.5455,0.5410606,0.08496061,0.324969,0.077272,0.55191,0.10929,0.3388,200,100,dp,15,183,10,1,random
1165,AGR,5,"2026-07-14 01:54:11",34.9,0.612473,3.02622,5.5455,0.56757576,0.07199697,0.336034,0.061824,0.52459,0.12568,0.34973,200,100,dp,15,183,10,1,random
1166,AGR,6,"2026-07-14 01:54:18",42,0.629833,3.20708,5.5455,0.58666667,0.06538788,0.354062,0.058222,0.5082,0.13115,0.36066,200,100,dp,15,183,10,1,random
1167,AGR,7,"2026-07-14 01:54:27",50.7,0.648203,3.3823,5.5455,0.60348485,0.06473636,0.370592,0.058332,0.4918,0.13115,0.37705,200,100,dp,15,183,10,1,random
1168,AGR,8,"2026-07-14 01:54:36",59.6,0.66133,3.54387,5.5152,0.61909091,0.06158182,0.364169,0.056272,0.46154,0.15934,0.37912,200,100,dp,15,182,10,1,random
1169,AGR,9,"2026-07-14 01:54:45",68.5,0.677761,3.73744,5.4545,0.63787879,0.05671212,0.39962,0.049674,0.42778,0.18889,0.38333,200,100,dp,15,180,10,1,random
1170,AGR,10,"2026-07-14 01:54:54",77.5,0.690224,3.90607,5.4545,0.645,0.06757273,0.437469,0.059119,0.41667,0.22222,0.36111,200,100,dp,15,180,10,1,random
1171,AGR,11,"2026-07-14 01:55:03",86.6,0.699961,4.03771,5.4545,0.64651516,0.07820909,0.511166,0.071482,0.37778,0.26667,0.35556,200,100,dp,15,180,10,1,random
1172,AGR,12,"2026-07-14 01:55:12",95.7,0.71153,4.20545,5.4242,0.66590909,0.06654545,0.551613,0.058403,0.35196,0.2905,0.35754,200,100,dp,15,179,10,1,random
1173,AGR,13,"2026-07-14 01:55:21",104.8,0.724055,4.3354,5.4242,0.67045455,0.07572727,0.570397,0.067618,0.31285,0.35196,0.3352,200,100,dp,15,179,10,1,random
1174,AGR,14,"2026-07-14 01:55:30",113.8,0.735545,4.48734,5.4242,0.69954545,0.05064849,0.632306,0.043191,0.28492,0.42458,0.2905,200,100,dp,15,179,10,1,random
1175,AGR,15,"2026-07-14 01:55:39",123.1,0.7448,4.64219,5.4242,0.70181819,0.05952121,0.737689,0.053169,0.25698,0.50838,0.23464,200,100,dp,15,179,10,1,random
1176,AGR,16,"2026-07-14 01:55:48",132.1,0.753458,4.75757,5.4242,0.70621212,0.06328485,0.902473,0.058749,0.2514,0.52514,0.22346,200,100,dp,15,179,10,1,random
1177,AGR,17,"2026-07-14 01:55:57",141.1,0.760173,4.87128,5.4242,0.71166666,0.06625455,0.967144,0.061112,0.20112,0.64804,0.15084,200,100,dp,15,179,10,1,random
1178,AGR,18,"2026-07-14 01:56:06",150.2,0.766006,4.96258,5.4242,0.72363636,0.05891515,1.13734,0.053171,0.19553,0.6648,0.13966,200,100,dp,15,179,10,1,random
1179,AGR,19,"2026-07-14 01:56:15",159.2,0.771409,5.06259,5.4242,0.72393939,0.06579394,1.30711,0.059495,0.15084,0.72067,0.12849,200,100,dp,15,179,10,1,random
1180,AGR,20,"2026-07-14 01:56:24",168.3,0.775861,5.13645,5.4242,0.71954545,0.07377576,1.27291,0.070883,0.12849,0.77654,0.09497,200,100,dp,15,179,10,1,random
1181,RANDOM,1,"2026-07-14 01:56:34",4.9,0.511309,2.32458,5.6061,0.5109091,0.00029394,0.230238,0.001614,0.59459,0.11351,0.29189,200,100,dp,15,185,10,1,random
1182,RANDOM,2,"2026-07-14 01:56:38",9.4,0.512488,2.32228,5.3636,0.50666667,0.01638182,0.246491,0.013865,0.59322,0.10734,0.29944,200,100,dp,15,177,10,1,random
1183,RANDOM,3,"2026-07-14 01:56:43",13.8,0.512806,2.3299,5.2727,0.51590909,-0.00776061,0.262229,-0.003496,0.59195,0.12644,0.28161,200,100,dp,15,174,10,1,random
1184,RANDOM,4,"2026-07-14 01:56:47",18.4,0.511639,2.3283,5.0909,0.51712122,-0.01874545,0.289736,-0.005849,0.57738,0.125,0.29762,200,100,dp,15,168,10,1,random
1185,RANDOM,5,"2026-07-14 01:56:52",22.9,0.512239,2.33934,5.0303,0.51727273,-0.00899394,0.279627,-0.006879,0.56627,0.13253,0.3012,200,100,dp,15,166,10,1,random
1186,RANDOM,6,"2026-07-14 01:56:56",27.4,0.510118,2.32014,5,0.51893939,-0.01889697,0.274792,-0.012149,0.5697,0.12727,0.30303,200,100,dp,15,165,10,1,random
1187,RANDOM,7,"2026-07-14 01:57:02",33.6,0.513803,2.32248,4.8788,0.52166667,-0.01634242,0.276886,-0.015447,0.57143,0.12422,0.30435,200,100,dp,15,161,10,1,random
1188,RANDOM,8,"2026-07-14 01:57:09",39.8,0.514273,2.3244,4.8182,0.51893939,-0.00776667,0.290503,-0.006873,0.56604,0.12579,0.30818,200,100,dp,15,159,10,1,random
1189,RANDOM,9,"2026-07-14 01:57:15",46.3,0.513209,2.32102,4.7576,0.51469697,-0.0027303,0.291863,0.002024,0.54777,0.15287,0.29936,200,100,dp,15,157,10,1,random
1190,RANDOM,10,"2026-07-14 01:57:21",52.8,0.511376,2.3009,4.7273,0.51651516,-0.0129303,0.304531,-0.004787,0.5641,0.13462,0.30128,200,100,dp,15,156,10,1,random
1191,RANDOM,11,"2026-07-14 01:57:28",59.2,0.509394,2.28762,4.7273,0.50560606,0.01022121,0.305193,0.012431,0.55769,0.15385,0.28846,200,100,dp,15,156,10,1,random
1192,RANDOM,12,"2026-07-14 01:57:34",65.6,0.511576,2.29,4.6667,0.51378788,0.00204242,0.323721,-0.004639,0.54545,0.16234,0.29221,200,100,dp,15,154,10,1,random
1193,RANDOM,13,"2026-07-14 01:57:41",71.9,0.51067,2.28604,4.6061,0.51439394,-0.00606364,0.322952,-0.002912,0.53947,0.16447,0.29605,200,100,dp,15,152,10,1,random
1194,RANDOM,14,"2026-07-14 01:57:47",78.3,0.5055,2.26222,4.5455,0.50333333,0.00759091,0.318046,0.011665,0.53333,0.18,0.28667,200,100,dp,15,150,10,1,random
1195,RANDOM,15,"2026-07-14 01:57:54",84.8,0.500473,2.2367,4.4545,0.50106061,-0.00267879,0.327679,0.006932,0.53061,0.19728,0.27211,200,100,dp,15,147,10,1,random
1196,RANDOM,16,"2026-07-14 01:58:00",91.2,0.496603,2.21538,4.3636,0.49878787,-0.00880303,0.348015,0.00311,0.53472,0.20139,0.26389,200,100,dp,15,144,10,1,random
1197,RANDOM,17,"2026-07-14 01:58:06",97.7,0.493645,2.19945,4.3636,0.49060606,0.00959697,0.373445,0.011174,0.54167,0.1875,0.27083,200,100,dp,15,144,10,1,random
1198,RANDOM,18,"2026-07-14 01:58:13",104.1,0.492367,2.19672,4.3636,0.49348485,-0.00229394,0.361893,0.001921,0.54167,0.1875,0.27083,200,100,dp,15,144,10,1,random
1199,RANDOM,19,"2026-07-14 01:58:19",110.6,0.489597,2.18053,4.3333,0.495,-0.01539091,0.359553,-0.004829,0.53846,0.17483,0.28671,200,100,dp,15,143,10,1,random
1200,RANDOM,20,"2026-07-14 01:58:26",117.1,0.495252,2.20111,4.2727,0.49636363,-0.00764848,0.342037,-0.00522,0.53901,0.17021,0.29078,200,100,dp,15,141,10,1,random
1201,OI,1,"2026-07-14 01:59:31",5.3,0.542542,2.51045,6.0606,0.54984849,-0.01350303,0.262519,-0.041292,0.6,0.105,0.295,200,100,dp,16,200,10,1,random
1202,OI,2,"2026-07-14 01:59:36",10,0.570009,2.67282,5.9697,0.57151515,-0.00583939,0.298734,-0.023043,0.57868,0.11168,0.30964,200,100,dp,16,197,10,1,random
1203,OI,3,"2026-07-14 01:59:41",14.9,0.59897,2.85951,5.9697,0.60242424,-0.00492121,0.341808,-0.026688,0.5533,0.12183,0.32487,200,100,dp,16,197,10,1,random
1204,OI,4,"2026-07-14 01:59:46",19.7,0.624667,3.06461,5.9394,0.61484849,0.01092424,0.350976,-0.001555,0.53571,0.13265,0.33163,200,100,dp,16,196,10,1,random
1205,OI,5,"2026-07-14 01:59:51",24.6,0.647858,3.26343,5.9091,0.65106061,-0.00398788,0.386703,-0.020426,0.48718,0.17436,0.33846,200,100,dp,16,195,10,1,random
1206,OI,6,"2026-07-14 01:59:56",29.5,0.669542,3.46302,5.8788,0.67636364,-0.00806364,0.411516,-0.023765,0.45876,0.20619,0.33505,200,100,dp,16,194,10,1,random
1207,OI,7,"2026-07-14 02:00:02",36.2,0.688897,3.71058,5.8788,0.68484848,0.00438788,0.445926,-0.006049,0.42784,0.25258,0.31959,200,100,dp,16,194,10,1,random
1208,OI,8,"2026-07-14 02:00:10",43.5,0.7077,3.93853,5.8485,0.72363636,-0.0219697,0.526723,-0.033714,0.40933,0.27461,0.31606,200,100,dp,16,193,10,1,random
1209,OI,9,"2026-07-14 02:00:17",50.6,0.722436,4.13598,5.8182,0.73636364,-0.01855455,0.575339,-0.027685,0.36979,0.30729,0.32292,200,100,dp,16,192,10,1,random
1210,OI,10,"2026-07-14 02:00:23",57.4,0.738291,4.3579,5.8182,0.74909091,-0.01547879,0.598875,-0.023488,0.34896,0.34375,0.30729,200,100,dp,16,192,10,1,random
1211,OI,11,"2026-07-14 02:00:30",64.2,0.753397,4.58986,5.8182,0.75030303,0.00562121,0.689176,-0.00369,0.31771,0.40104,0.28125,200,100,dp,16,192,10,1,random
1212,OI,12,"2026-07-14 02:00:37",71,0.765324,4.79717,5.8182,0.76863637,-0.00464242,0.800078,-0.010069,0.27604,0.45313,0.27083,200,100,dp,16,192,10,1,random
1213,OI,13,"2026-07-14 02:00:44",77.9,0.774809,4.98816,5.8182,0.78469697,-0.0133,0.831805,-0.017133,0.22917,0.52604,0.24479,200,100,dp,16,192,10,1,random
1214,OI,14,"2026-07-14 02:00:51",84.6,0.7836,5.15979,5.8182,0.78318182,0.00041818,0.883394,-0.00315,0.1875,0.59375,0.21875,200,100,dp,16,192,10,1,random
1215,OI,15,"2026-07-14 02:00:58",91.5,0.789982,5.28726,5.8182,0.80227273,-0.01616061,0.944811,-0.017859,0.16146,0.66146,0.17708,200,100,dp,16,192,10,1,random
1216,OI,16,"2026-07-14 02:01:05",98.5,0.795985,5.41743,5.8182,0.80106061,-0.00725152,1.07504,-0.008425,0.11458,0.75521,0.13021,200,100,dp,16,192,10,1,random
1217,OI,17,"2026-07-14 02:01:12",105.5,0.800467,5.51271,5.8182,0.80818182,-0.01017273,1.17059,-0.011098,0.07813,0.84375,0.07813,200,100,dp,16,192,10,1,random
1218,OI,18,"2026-07-14 02:01:18",112.3,0.803067,5.55333,5.8182,0.80075758,0.00189697,1.41112,0.002894,0.07813,0.79167,0.13021,200,100,dp,16,192,10,1,random
1219,OI,19,"2026-07-14 02:01:25",119.1,0.804549,5.61212,5.8182,0.81318182,-0.01118485,1.16999,-0.010029,0.08333,0.85938,0.05729,200,100,dp,16,192,10,1,random
1220,OI,20,"2026-07-14 02:01:32",125.9,0.806542,5.66572,5.8182,0.81151516,-0.00576667,1.89213,-0.005814,0.05208,0.91667,0.03125,200,100,dp,16,192,10,1,random
1221,IR,1,"2026-07-14 02:01:41",5,0.521985,2.39416,6,0.58363636,-0.11045152,0.224534,-0.129656,0.60606,0.10101,0.29293,200,100,dp,16,198,10,1,random
1222,IR,2,"2026-07-14 02:01:45",9.5,0.530039,2.42728,5.8182,0.59787879,-0.11899394,0.231461,-0.133932,0.58333,0.13021,0.28646,200,100,dp,16,192,10,1,random
1223,IR,3,"2026-07-14 02:01:50",13.9,0.536552,2.46959,5.6364,0.5990909,-0.10990303,0.257997,-0.121663,0.5914,0.1129,0.2957,200,100,dp,16,186,10,1,random
1224,IR,4,"2026-07-14 02:01:54",18.4,0.5495,2.53463,5.4848,0.61727273,-0.11671212,0.281804,-0.134278,0.57459,0.11602,0.30939,200,100,dp,16,181,10,1,random
1225,IR,5,"2026-07-14 02:01:59",23.1,0.560076,2.59321,5.4545,0.62454546,-0.11047879,0.28827,-0.123742,0.57222,0.1,0.32778,200,100,dp,16,180,10,1,random
1226,IR,6,"2026-07-14 02:02:04",27.6,0.569958,2.63416,5.4242,0.64590909,-0.12648485,0.274414,-0.141318,0.56983,0.08939,0.34078,200,100,dp,16,179,10,1,random
1227,IR,7,"2026-07-14 02:02:10",33.9,0.577321,2.66558,5.4242,0.64681818,-0.11640303,0.261212,-0.125771,0.56425,0.09497,0.34078,200,100,dp,16,179,10,1,random
1228,IR,8,"2026-07-14 02:02:16",40.5,0.585297,2.71728,5.3636,0.65681818,-0.11674849,0.272787,-0.12796,0.54237,0.11299,0.34463,200,100,dp,16,177,10,1,random
1229,IR,9,"2026-07-14 02:02:23",47,0.595064,2.77422,5.303,0.67060606,-0.12410909,0.288058,-0.134674,0.53143,0.10857,0.36,200,100,dp,16,175,10,1,random
1230,IR,10,"2026-07-14 02:02:29",53.5,0.606918,2.85805,5.2727,0.67742425,-0.11531212,0.283814,-0.125489,0.52299,0.10345,0.37356,200,100,dp,16,174,10,1,random
1231,IR,11,"2026-07-14 02:02:36",60,0.617518,2.92124,5.2727,0.68893939,-0.11531515,0.279021,-0.12387,0.52874,0.09195,0.37931,200,100,dp,16,174,10,1,random
1232,IR,12,"2026-07-14 02:02:42",66.4,0.625615,2.98542,5.2424,0.69681818,-0.11615455,0.288391,-0.119817,0.52023,0.09827,0.3815,200,100,dp,16,173,10,1,random
1233,IR,13,"2026-07-14 02:02:49",72.8,0.634033,3.02425,5.2424,0.70560606,-0.11117879,0.301401,-0.118866,0.50289,0.12139,0.37572,200,100,dp,16,173,10,1,random
1234,IR,14,"2026-07-14 02:02:55",79.2,0.641864,3.06611,5.1818,0.71833334,-0.12262727,0.319473,-0.124308,0.50292,0.11696,0.38012,200,100,dp,16,171,10,1,random
1235,IR,15,"2026-07-14 02:03:02",85.6,0.647342,3.09156,5.1818,0.72454545,-0.1226697,0.330281,-0.122859,0.49708,0.12865,0.37427,200,100,dp,16,171,10,1,random
1236,IR,16,"2026-07-14 02:03:08",92.4,0.649703,3.1142,5.1212,0.72227273,-0.11533939,0.331958,-0.112302,0.49704,0.10651,0.39645,200,100,dp,16,169,10,1,random
1237,IR,17,"2026-07-14 02:03:15",98.9,0.652536,3.14427,5.1212,0.73348485,-0.12557273,0.316252,-0.125557,0.49112,0.12426,0.38462,200,100,dp,16,169,10,1,random
1238,IR,18,"2026-07-14 02:03:21",105.4,0.656224,3.15866,5.0909,0.73939394,-0.12953636,0.34715,-0.12887,0.47619,0.1369,0.3869,200,100,dp,16,168,10,1,random
1239,IR,19,"2026-07-14 02:03:28",112.1,0.662421,3.21013,5.0606,0.73939394,-0.11887879,0.365882,-0.120134,0.46707,0.14371,0.38922,200,100,dp,16,167,10,1,random
1240,IR,20,"2026-07-14 02:03:35",118.6,0.664691,3.2187,5.0303,0.73227273,-0.10503636,0.378835,-0.102787,0.46988,0.13855,0.39157,200,100,dp,16,166,10,1,random
1241,AGR,1,"2026-07-14 02:03:44",8.6,0.532318,2.46804,6.0909,0.48484849,0.0861,0.24264,0.073255,0.61194,0.08955,0.29851,200,100,dp,16,201,10,1,random
1242,AGR,2,"2026-07-14 02:03:52",16.5,0.553149,2.61192,6.0303,0.51469697,0.05843636,0.250742,0.055779,0.57789,0.11055,0.31156,200,100,dp,16,199,10,1,random
1243,AGR,3,"2026-07-14 02:03:59",23.8,0.574112,2.7618,5.9091,0.52484848,0.08199394,0.262779,0.072518,0.56923,0.10769,0.32308,200,100,dp,16,195,10,1,random
1244,AGR,4,"2026-07-14 02:04:07",31.3,0.594473,2.92814,5.8788,0.55318182,0.06799697,0.294146,0.056641,0.56186,0.10825,0.3299,200,100,dp,16,194,10,1,random
1245,AGR,5,"2026-07-14 02:04:14",38.9,0.610691,3.08316,5.8182,0.56196969,0.08028182,0.319039,0.070161,0.54688,0.10938,0.34375,200,100,dp,16,192,10,1,random
1246,AGR,6,"2026-07-14 02:04:22",46.3,0.632745,3.28785,5.8182,0.59424243,0.05924849,0.343727,0.047112,0.53125,0.11458,0.35417,200,100,dp,16,192,10,1,random
1247,AGR,7,"2026-07-14 02:04:31",55.4,0.64757,3.45129,5.8182,0.60242425,0.06612121,0.36033,0.061226,0.51563,0.14063,0.34375,200,100,dp,16,192,10,1,random
1248,AGR,8,"2026-07-14 02:04:40",64.5,0.661618,3.6061,5.7879,0.61090909,0.07907273,0.400428,0.068496,0.49738,0.15183,0.35079,200,100,dp,16,191,10,1,random
1249,AGR,9,"2026-07-14 02:04:49",73.9,0.676476,3.78474,5.7879,0.64181818,0.05117879,0.427124,0.042609,0.46597,0.18325,0.35079,200,100,dp,16,191,10,1,random
1250,AGR,10,"2026-07-14 02:04:59",83.4,0.690021,3.93425,5.7879,0.64060606,0.06905758,0.437204,0.064299,0.45026,0.21466,0.33508,200,100,dp,16,191,10,1,random
1251,AGR,11,"2026-07-14 02:05:08",92.9,0.701764,4.11183,5.7879,0.64969697,0.07674242,0.509978,0.06794,0.41885,0.24084,0.34031,200,100,dp,16,191,10,1,random
1252,AGR,12,"2026-07-14 02:05:18",102.4,0.713221,4.30925,5.7879,0.67075757,0.05727273,0.537967,0.053438,0.39267,0.28272,0.32461,200,100,dp,16,191,10,1,random
1253,AGR,13,"2026-07-14 02:05:27",111.8,0.726942,4.49334,5.7879,0.6810606,0.0623697,0.599234,0.055984,0.37173,0.32461,0.30366,200,100,dp,16,191,10,1,random
1254,AGR,14,"2026-07-14 02:05:37",121.3,0.736467,4.63615,5.7879,0.67439394,0.08726667,0.688647,0.079769,0.34031,0.37696,0.28272,200,100,dp,16,191,10,1,random
1255,AGR,15,"2026-07-14 02:05:46",130.9,0.748633,4.80189,5.7879,0.70333333,0.05885151,0.757619,0.054358,0.32461,0.40314,0.27225,200,100,dp,16,191,10,1,random
1256,AGR,16,"2026-07-14 02:05:56",140.9,0.759333,4.97199,5.7879,0.70727272,0.07055758,0.85062,0.063539,0.26702,0.5288,0.20419,200,100,dp,16,191,10,1,random
1257,AGR,17,"2026-07-14 02:06:06",150.7,0.766397,5.10441,5.7879,0.71151515,0.07744242,0.989439,0.068592,0.2356,0.57592,0.18848,200,100,dp,16,191,10,1,random
1258,AGR,18,"2026-07-14 02:06:16",160.3,0.774624,5.22787,5.7879,0.72151515,0.06964848,1.06699,0.065082,0.20942,0.62827,0.1623,200,100,dp,16,191,10,1,random
1259,AGR,19,"2026-07-14 02:06:25",169.9,0.782142,5.36277,5.7879,0.73742424,0.05977879,1.1603,0.053941,0.17277,0.68586,0.14136,200,100,dp,16,191,10,1,random
1260,AGR,20,"2026-07-14 02:06:36",180.2,0.787703,5.46511,5.7879,0.73181818,0.07538788,1.22384,0.06872,0.11518,0.76963,0.11518,200,100,dp,16,191,10,1,random
1261,RANDOM,1,"2026-07-14 02:06:44",5,0.507573,2.32865,6.0909,0.50030302,0.01232727,0.212032,0.018253,0.62687,0.08955,0.28358,200,100,dp,16,201,10,1,random
1262,RANDOM,2,"2026-07-14 02:06:49",9.5,0.507891,2.34117,5.9394,0.5,0.0150303,0.226791,0.019032,0.61735,0.09694,0.28571,200,100,dp,16,196,10,1,random
1263,RANDOM,3,"2026-07-14 02:06:54",14.1,0.504624,2.32471,5.7879,0.51045454,-0.00616061,0.225465,-0.005033,0.60733,0.09948,0.29319,200,100,dp,16,191,10,1,random
1264,RANDOM,4,"2026-07-14 02:06:58",18.6,0.506706,2.32192,5.7273,0.51151515,-0.00748182,0.228598,-0.008307,0.59259,0.1164,0.29101,200,100,dp,16,189,10,1,random
1265,RANDOM,5,"2026-07-14 02:07:03",23.1,0.507627,2.33482,5.6364,0.50681819,0.00057576,0.230554,0.003607,0.60215,0.1129,0.28495,200,100,dp,16,186,10,1,random
1266,RANDOM,6,"2026-07-14 02:07:07",27.9,0.5028,2.29478,5.5152,0.51075758,-0.01766061,0.241947,-0.00908,0.6044,0.10989,0.28571,200,100,dp,16,182,10,1,random
1267,RANDOM,7,"2026-07-14 02:07:14",34.2,0.504791,2.31126,5.4545,0.51651515,-0.02320909,0.252561,-0.02237,0.61667,0.1,0.28333,200,100,dp,16,180,10,1,random
1268,RANDOM,8,"2026-07-14 02:07:20",40.5,0.506539,2.31383,5.3636,0.50409091,0.00009394,0.268928,0.005824,0.61582,0.10169,0.28249,200,100,dp,16,177,10,1,random
1269,RANDOM,9,"2026-07-14 02:07:26",47,0.503245,2.29174,5.303,0.50151515,-0.00298788,0.267795,0.009923,0.61143,0.11429,0.27429,200,100,dp,16,175,10,1,random
1270,RANDOM,10,"2026-07-14 02:07:33",53.4,0.507612,2.30807,5.2727,0.51075757,-0.00802424,0.291743,-0.007667,0.60345,0.09195,0.3046,200,100,dp,16,174,10,1,random
1271,RANDOM,11,"2026-07-14 02:07:39",59.9,0.509845,2.32176,5.2121,0.51681818,-0.01393636,0.249585,-0.011915,0.60465,0.09302,0.30233,200,100,dp,16,172,10,1,random
1272,RANDOM,12,"2026-07-14 02:07:46",66.4,0.507421,2.30845,5.1515,0.50772727,0.00220606,0.259154,0.004359,0.6,0.10588,0.29412,200,100,dp,16,170,10,1,random
1273,RANDOM,13,"2026-07-14 02:07:52",73,0.507976,2.31204,5.0606,0.50530303,0.00783939,0.267384,0.007075,0.59281,0.1018,0.30539,200,100,dp,16,167,10,1,random
1274,RANDOM,14,"2026-07-14 02:07:59",79.5,0.50787,2.32233,4.9697,0.52075757,-0.02103939,0.263224,-0.022296,0.58537,0.11585,0.29878,200,100,dp,16,164,10,1,random
1275,RANDOM,15,"2026-07-14 02:08:06",86.2,0.505276,2.31651,4.8788,0.50742424,-0.00501515,0.280266,0.002034,0.59006,0.1118,0.29814,200,100,dp,16,161,10,1,random
1276,RANDOM,16,"2026-07-14 02:08:12",92.7,0.505048,2.33008,4.7879,0.50772727,-0.0012303,0.293099,-0.002485,0.57595,0.12025,0.3038,200,100,dp,16,158,10,1,random
1277,RANDOM,17,"2026-07-14 02:08:19",99.3,0.504909,2.33473,4.7273,0.5130303,-0.01833636,0.285279,-0.01306,0.57051,0.12821,0.30128,200,100,dp,16,156,10,1,random
1278,RANDOM,18,"2026-07-14 02:08:25",105.8,0.506527,2.35047,4.697,0.50893939,-0.0053697,0.311385,-0.00313,0.56129,0.13548,0.30323,200,100,dp,16,155,10,1,random
1279,RANDOM,19,"2026-07-14 02:08:32",112.8,0.50407,2.33922,4.697,0.50712121,-0.00395152,0.309318,-0.000679,0.57419,0.12258,0.30323,200,100,dp,16,155,10,1,random
1280,RANDOM,20,"2026-07-14 02:08:39",119.4,0.499994,2.31986,4.6667,0.49712122,0.00862424,0.310084,0.012832,0.57792,0.12338,0.2987,200,100,dp,16,154,10,1,random
1281,OI,1,"2026-07-14 02:10:08",5.8,0.535088,2.49074,5.7576,0.53787879,-0.00604545,0.288812,-0.029912,0.56842,0.10526,0.32632,200,100,dp,17,190,10,1,random
1282,OI,2,"2026-07-14 02:10:13",10.8,0.561976,2.65177,5.6667,0.55848485,0.00045455,0.267697,-0.014185,0.54545,0.12834,0.3262,200,100,dp,17,187,10,1,random
1283,OI,3,"2026-07-14 02:10:19",15.9,0.5856,2.81239,5.6061,0.58348485,0.00351212,0.314265,-0.013543,0.52973,0.14595,0.32432,200,100,dp,17,185,10,1,random
1284,OI,4,"2026-07-14 02:10:24",21,0.6134,3.02829,5.5758,0.61136364,0.00613636,0.373991,-0.016126,0.5,0.15761,0.34239,200,100,dp,17,184,10,1,random
1285,OI,5,"2026-07-14 02:10:29",26.1,0.63777,3.23695,5.5758,0.65,-0.02044242,0.387415,-0.035354,0.46739,0.16304,0.36957,200,100,dp,17,184,10,1,random
1286,OI,6,"2026-07-14 02:10:34",31.3,0.658727,3.43621,5.5758,0.66015151,-0.00603636,0.37161,-0.015161,0.44022,0.18478,0.375,200,100,dp,17,184,10,1,random
1287,OI,7,"2026-07-14 02:10:41",37.9,0.676539,3.63888,5.5758,0.6769697,0.00292424,0.399736,-0.011435,0.40761,0.26087,0.33152,200,100,dp,17,184,10,1,random
1288,OI,8,"2026-07-14 02:10:47",44.7,0.694845,3.86742,5.5758,0.69545454,-0.00416061,0.509569,-0.011538,0.39674,0.29891,0.30435,200,100,dp,17,184,10,1,random
1289,OI,9,"2026-07-14 02:10:55",52.4,0.711,4.07661,5.5758,0.72090909,-0.01630606,0.623636,-0.02277,0.35326,0.30978,0.33696,200,100,dp,17,184,10,1,random
1290,OI,10,"2026-07-14 02:11:02",59.6,0.722973,4.27499,5.5758,0.72666667,-0.00498788,0.568262,-0.011617,0.32609,0.34783,0.32609,200,100,dp,17,184,10,1,random
1291,OI,11,"2026-07-14 02:11:09",66.7,0.735521,4.45654,5.5758,0.72924242,0.00905152,0.608077,0.001778,0.29348,0.41848,0.28804,200,100,dp,17,184,10,1,random
1292,OI,12,"2026-07-14 02:11:16",73.6,0.746215,4.62724,5.5758,0.74848485,-0.00475455,0.693398,-0.008469,0.25,0.49457,0.25543,200,100,dp,17,184,10,1,random
1293,OI,13,"2026-07-14 02:11:23",80.7,0.754694,4.7602,5.5758,0.75863637,-0.00698485,0.782614,-0.00906,0.20652,0.52717,0.2663,200,100,dp,17,184,10,1,random
1294,OI,14,"2026-07-14 02:11:30",87.6,0.763982,4.90418,5.5758,0.76954545,-0.00844242,0.78214,-0.01177,0.19022,0.58696,0.22283,200,100,dp,17,184,10,1,random
1295,OI,15,"2026-07-14 02:11:37",94.7,0.772233,5.02795,5.5758,0.76454546,0.00993333,0.882986,0.006214,0.16848,0.66848,0.16304,200,100,dp,17,184,10,1,random
1296,OI,16,"2026-07-14 02:11:44",101.7,0.779242,5.13965,5.5758,0.8019697,-0.02956061,1.07374,-0.032069,0.14674,0.7337,0.11957,200,100,dp,17,184,10,1,random
1297,OI,17,"2026-07-14 02:11:51",108.8,0.784258,5.21071,5.5758,0.79515151,-0.01427576,1.34329,-0.015124,0.125,0.74457,0.13043,200,100,dp,17,184,10,1,random
1298,OI,18,"2026-07-14 02:11:58",115.7,0.788297,5.287,5.5758,0.79333333,-0.00605455,1.27214,-0.007258,0.13043,0.77174,0.09783,200,100,dp,17,184,10,1,random
1299,OI,19,"2026-07-14 02:12:05",122.6,0.791536,5.36163,5.5758,0.79833333,-0.0084,1.65286,-0.008995,0.08152,0.86413,0.05435,200,100,dp,17,184,10,1,random
1300,OI,20,"2026-07-14 02:12:12",129.7,0.793564,5.41148,5.5758,0.80969697,-0.02075455,2.45431,-0.019788,0.05978,0.88043,0.05978,200,100,dp,17,184,10,1,random
1301,IR,1,"2026-07-14 02:12:22",5.4,0.511936,2.35634,5.697,0.56636363,-0.09552424,0.245952,-0.111637,0.60106,0.1117,0.28723,200,100,dp,17,188,10,1,random
1302,IR,2,"2026-07-14 02:12:26",10.4,0.522858,2.40438,5.6061,0.59424242,-0.12687576,0.262083,-0.145871,0.57297,0.12432,0.3027,200,100,dp,17,185,10,1,random
1303,IR,3,"2026-07-14 02:12:31",15.2,0.533294,2.46164,5.4242,0.59666667,-0.11225152,0.255956,-0.127465,0.58101,0.10615,0.31285,200,100,dp,17,179,10,1,random
1304,IR,4,"2026-07-14 02:12:36",20,0.540282,2.49081,5.303,0.61575758,-0.12742424,0.271336,-0.145417,0.55429,0.12,0.32571,200,100,dp,17,175,10,1,random
1305,IR,5,"2026-07-14 02:12:41",25,0.548188,2.5418,5.2727,0.62075757,-0.12584545,0.262138,-0.138793,0.54023,0.12644,0.33333,200,100,dp,17,174,10,1,random
1306,IR,6,"2026-07-14 02:12:46",29.9,0.552948,2.56666,5.2424,0.62363637,-0.11758788,0.254231,-0.131177,0.54335,0.11561,0.34104,200,100,dp,17,173,10,1,random
1307,IR,7,"2026-07-14 02:12:53",36.5,0.562355,2.62367,5.1515,0.63136364,-0.11843333,0.257786,-0.130624,0.54118,0.11765,0.34118,200,100,dp,17,170,10,1,random
1308,IR,8,"2026-07-14 02:12:59",43.1,0.575255,2.69187,5.0909,0.6510606,-0.12467273,0.279067,-0.143078,0.52976,0.125,0.34524,200,100,dp,17,168,10,1,random
1309,IR,9,"2026-07-14 02:13:06",49.9,0.580667,2.72042,5.0909,0.6469697,-0.11014849,0.285047,-0.118403,0.51786,0.13095,0.35119,200,100,dp,17,168,10,1,random
1310,IR,10,"2026-07-14 02:13:13",56.6,0.5875,2.75167,5.0606,0.65833333,-0.11703333,0.28583,-0.12545,0.50898,0.14371,0.34731,200,100,dp,17,167,10,1,random
1311,IR,11,"2026-07-14 02:13:20",63.5,0.595436,2.80345,5.0303,0.65939394,-0.09929697,0.302325,-0.113565,0.49398,0.1506,0.35542,200,100,dp,17,166,10,1,random
1312,IR,12,"2026-07-14 02:13:26",70.4,0.60353,2.85759,5,0.67984848,-0.1237303,0.308669,-0.132488,0.48485,0.15758,0.35758,200,100,dp,17,165,10,1,random
1313,IR,13,"2026-07-14 02:13:33",77.2,0.611864,2.89835,5,0.69196969,-0.12405454,0.321437,-0.136961,0.47879,0.16364,0.35758,200,100,dp,17,165,10,1,random
1314,IR,14,"2026-07-14 02:13:40",84,0.618691,2.94188,4.9697,0.69136363,-0.1136303,0.336386,-0.12203,0.48171,0.16463,0.35366,200,100,dp,17,164,10,1,random
1315,IR,15,"2026-07-14 02:13:47",90.7,0.622579,2.97418,4.9697,0.69833333,-0.12312727,0.355965,-0.123564,0.5,0.14024,0.35976,200,100,dp,17,164,10,1,random
1316,IR,16,"2026-07-14 02:13:54",97.6,0.626697,2.99765,4.9697,0.70348485,-0.12551515,0.354198,-0.124699,0.4878,0.14634,0.36585,200,100,dp,17,164,10,1,random
1317,IR,17,"2026-07-14 02:14:01",104.5,0.630882,3.01962,4.9394,0.70590909,-0.12179091,0.342009,-0.121081,0.48466,0.1411,0.37423,200,100,dp,17,163,10,1,random
1318,IR,18,"2026-07-14 02:14:08",111.6,0.63663,3.057,4.8485,0.71787878,-0.13163939,0.348891,-0.131213,0.4625,0.15625,0.38125,200,100,dp,17,160,10,1,random
1319,IR,19,"2026-07-14 02:14:15",118.6,0.638315,3.06042,4.7879,0.70803031,-0.11299394,0.344725,-0.109351,0.4557,0.18354,0.36076,200,100,dp,17,158,10,1,random
1320,IR,20,"2026-07-14 02:14:22",125.6,0.644639,3.09726,4.7879,0.71924243,-0.11714242,0.413124,-0.119751,0.44937,0.18987,0.36076,200,100,dp,17,158,10,1,random
1321,AGR,1,"2026-07-14 02:14:30",7.4,0.525491,2.46035,5.6364,0.48030303,0.07295151,0.266867,0.073348,0.5914,0.0914,0.3172,200,100,dp,17,186,10,1,random
1322,AGR,2,"2026-07-14 02:14:37",14.4,0.544961,2.58252,5.5152,0.50909091,0.05241212,0.256923,0.053073,0.57143,0.1044,0.32418,200,100,dp,17,182,10,1,random
1323,AGR,3,"2026-07-14 02:14:44",21.4,0.563448,2.71101,5.4848,0.51681818,0.0798,0.276279,0.070807,0.54696,0.11602,0.33702,200,100,dp,17,181,10,1,random
1324,AGR,4,"2026-07-14 02:14:51",28.5,0.579742,2.8555,5.4545,0.54712121,0.05793939,0.295945,0.045619,0.52778,0.12778,0.34444,200,100,dp,17,180,10,1,random
1325,AGR,5,"2026-07-14 02:14:58",35.7,0.598588,3.02062,5.3939,0.5580303,0.05981212,0.313305,0.056014,0.51685,0.12921,0.35393,200,100,dp,17,178,10,1,random
1326,AGR,6,"2026-07-14 02:15:06",43.1,0.613133,3.16122,5.3636,0.57863636,0.05582727,0.32927,0.047235,0.48588,0.15819,0.35593,200,100,dp,17,177,10,1,random
1327,AGR,7,"2026-07-14 02:15:14",51.9,0.627551,3.30872,5.3636,0.58333333,0.06556364,0.357719,0.06199,0.46328,0.18079,0.35593,200,100,dp,17,177,10,1,random
1328,AGR,8,"2026-07-14 02:15:23",60.7,0.644727,3.48469,5.3333,0.60651515,0.05528788,0.391978,0.049,0.44318,0.20455,0.35227,200,100,dp,17,176,10,1,random
1329,AGR,9,"2026-07-14 02:15:32",69.9,0.660706,3.65564,5.3333,0.61893939,0.05835455,0.437121,0.05366,0.42045,0.22159,0.35795,200,100,dp,17,176,10,1,random
1330,AGR,10,"2026-07-14 02:15:42",79.3,0.675806,3.85272,5.3333,0.63227273,0.06092727,0.46707,0.055691,0.40909,0.21023,0.38068,200,100,dp,17,176,10,1,random
1331,AGR,11,"2026-07-14 02:15:51",88.6,0.690882,4.03442,5.3333,0.64590909,0.0642,0.464554,0.056763,0.38068,0.24432,0.375,200,100,dp,17,176,10,1,random
1332,AGR,12,"2026-07-14 02:16:00",97.9,0.704297,4.18992,5.3333,0.65469697,0.07054242,0.512949,0.063478,0.35227,0.30682,0.34091,200,100,dp,17,176,10,1,random
1333,AGR,13,"2026-07-14 02:16:10",107.2,0.715912,4.32785,5.3333,0.6780303,0.05089394,0.598612,0.046993,0.32386,0.38068,0.29545,200,100,dp,17,176,10,1,random
1334,AGR,14,"2026-07-14 02:16:19",116.4,0.727518,4.50183,5.303,0.68333333,0.06273939,0.713032,0.054677,0.29143,0.44571,0.26286,200,100,dp,17,175,10,1,random
1335,AGR,15,"2026-07-14 02:16:28",125.7,0.736855,4.63831,5.303,0.68454545,0.07572424,0.803722,0.06641,0.26286,0.49143,0.24571,200,100,dp,17,175,10,1,random
1336,AGR,16,"2026-07-14 02:16:38",135.1,0.743188,4.73468,5.303,0.69893939,0.05963939,0.871482,0.057097,0.24,0.54286,0.21714,200,100,dp,17,175,10,1,random
1337,AGR,17,"2026-07-14 02:16:47",144.5,0.751382,4.84928,5.303,0.70560606,0.0618,0.932273,0.057318,0.20571,0.59429,0.2,200,100,dp,17,175,10,1,random
1338,AGR,18,"2026-07-14 02:16:56",153.8,0.759255,4.95793,5.303,0.70954545,0.06992727,0.996579,0.061797,0.16,0.69143,0.14857,200,100,dp,17,175,10,1,random
1339,AGR,19,"2026-07-14 02:17:06",163.2,0.762767,5.03005,5.303,0.70015152,0.08609091,1.12383,0.081128,0.12571,0.77143,0.10286,200,100,dp,17,175,10,1,random
1340,AGR,20,"2026-07-14 02:17:16",173.1,0.768058,5.08605,5.303,0.71984848,0.06680303,1.26537,0.060598,0.10286,0.83429,0.06286,200,100,dp,17,175,10,1,random
1341,RANDOM,1,"2026-07-14 02:17:25",5.1,0.498212,2.28678,5.6364,0.49621212,0.00560303,0.229588,0.013125,0.59677,0.12366,0.27957,200,100,dp,17,186,10,1,random
1342,RANDOM,2,"2026-07-14 02:17:29",9.6,0.497236,2.27067,5.3939,0.50272728,-0.01331212,0.236529,-0.006746,0.59551,0.1236,0.2809,200,100,dp,17,178,10,1,random
1343,RANDOM,3,"2026-07-14 02:17:34",14.1,0.493073,2.25588,5.0909,0.49651515,-0.00232727,0.25039,0.000379,0.58929,0.11905,0.29167,200,100,dp,17,168,10,1,random
1344,RANDOM,4,"2026-07-14 02:17:38",18.7,0.491624,2.25379,5.0606,0.50439394,-0.02380909,0.258798,-0.022182,0.5988,0.11377,0.28743,200,100,dp,17,167,10,1,random
1345,RANDOM,5,"2026-07-14 02:17:43",23.3,0.491294,2.23849,5.0606,0.49878788,-0.01001515,0.26727,-0.013021,0.57485,0.13174,0.29341,200,100,dp,17,167,10,1,random
1346,RANDOM,6,"2026-07-14 02:17:47",27.9,0.488406,2.23412,4.9394,0.49378788,-0.01587273,0.252921,-0.006042,0.57669,0.12883,0.29448,200,100,dp,17,163,10,1,random
1347,RANDOM,7,"2026-07-14 02:17:54",34.1,0.487661,2.23082,4.8788,0.48712121,0.00015455,0.265406,0.005164,0.57143,0.12422,0.30435,200,100,dp,17,161,10,1,random
1348,RANDOM,8,"2026-07-14 02:18:00",40.4,0.485903,2.22088,4.7273,0.48030303,0.01015758,0.250329,0.015607,0.58974,0.11538,0.29487,200,100,dp,17,156,10,1,random
1349,RANDOM,9,"2026-07-14 02:18:06",47,0.482103,2.19519,4.6667,0.48727273,-0.0142697,0.282649,-0.002516,0.58442,0.11688,0.2987,200,100,dp,17,154,10,1,random
1350,RANDOM,10,"2026-07-14 02:18:13",53.5,0.480976,2.19285,4.6667,0.48030303,0.00235152,0.285408,0.005794,0.57143,0.12987,0.2987,200,100,dp,17,154,10,1,random
1351,RANDOM,11,"2026-07-14 02:18:20",60.1,0.479264,2.17782,4.6061,0.47893939,0.00936061,0.280079,0.005523,0.57895,0.13158,0.28947,200,100,dp,17,152,10,1,random
1352,RANDOM,12,"2026-07-14 02:18:26",66.8,0.477261,2.17273,4.5455,0.48090909,-0.00913939,0.300124,-0.001367,0.57333,0.14667,0.28,200,100,dp,17,150,10,1,random
1353,RANDOM,13,"2026-07-14 02:18:33",73.2,0.473297,2.15909,4.4545,0.48469697,-0.0163697,0.310622,-0.016596,0.57143,0.14286,0.28571,200,100,dp,17,147,10,1,random
1354,RANDOM,14,"2026-07-14 02:18:39",79.7,0.468633,2.13107,4.3636,0.46893939,-0.00547812,0.30853,0.008121,0.56944,0.14583,0.28472,200,100,dp,17,144,10,1,random
1355,RANDOM,15,"2026-07-14 02:18:46",86.2,0.468058,2.13695,4.303,0.47060606,-0.00900938,0.350774,-0.001512,0.55634,0.14789,0.29577,200,100,dp,17,142,10,1,random
1356,RANDOM,16,"2026-07-14 02:18:52",92.7,0.465479,2.12348,4.2424,0.47348484,-0.01785938,0.329634,-0.011625,0.55714,0.15,0.29286,200,100,dp,17,140,10,1,random
1357,RANDOM,17,"2026-07-14 02:18:59",99.2,0.463982,2.11237,4.2424,0.46272727,0.00130625,0.339471,0.007514,0.55714,0.15714,0.28571,200,100,dp,17,140,10,1,random
1358,RANDOM,18,"2026-07-14 02:19:05",105.9,0.464588,2.11395,4.2121,0.4680303,-0.004525,0.347825,-0.004641,0.55396,0.15827,0.28777,200,100,dp,17,139,10,1,random
1359,RANDOM,19,"2026-07-14 02:19:12",112.6,0.467118,2.11867,4.2121,0.4580303,0.031825,0.351945,0.019352,0.56835,0.13669,0.29496,200,100,dp,17,139,10,1,random
1360,RANDOM,20,"2026-07-14 02:19:19",119.2,0.465142,2.11348,4.1818,0.46454545,0.00057187,0.348572,0.007703,0.56522,0.13768,0.2971,200,100,dp,17,138,10,1,random
1444,OI,1,"2026-07-14 02:45:02",5.4,0.532821,2.46866,6.0606,0.53257576,0.00123636,0.276422,-0.022537,0.6,0.11,0.29,200,100,dp,19,200,10,1,random
1445,OI,2,"2026-07-14 02:45:06",10.2,0.563179,2.64166,5.8788,0.56893939,-0.01039394,0.298176,-0.034619,0.56701,0.13402,0.29897,200,100,dp,19,194,10,1,random
1446,OI,3,"2026-07-14 02:45:11",15.1,0.59063,2.80989,5.7576,0.60090909,-0.01535455,0.332018,-0.038416,0.54211,0.14211,0.31579,200,100,dp,19,190,10,1,random
1447,OI,4,"2026-07-14 02:45:16",20,0.614773,2.99197,5.6667,0.61348484,0.00356061,0.362661,-0.014661,0.49733,0.16578,0.3369,200,100,dp,19,187,10,1,random
1448,OI,5,"2026-07-14 02:45:21",24.9,0.63967,3.19075,5.6364,0.6489394,-0.02014242,0.377071,-0.031545,0.47312,0.17742,0.34946,200,100,dp,19,186,10,1,random
1449,OI,6,"2026-07-14 02:45:26",29.9,0.660682,3.37526,5.5455,0.65530303,0.00896667,0.403488,-0.004891,0.43716,0.22951,0.33333,200,100,dp,19,183,10,1,random
1450,OI,7,"2026-07-14 02:45:33",36.6,0.678167,3.56537,5.5455,0.6910606,-0.02012424,0.4691,-0.029356,0.40984,0.24044,0.34973,200,100,dp,19,183,10,1,random
1451,OI,8,"2026-07-14 02:45:39",43.2,0.698627,3.75398,5.5152,0.70909091,-0.01285152,0.507289,-0.027166,0.39011,0.25824,0.35165,200,100,dp,19,182,10,1,random
1452,OI,9,"2026-07-14 02:45:46",50.1,0.714988,3.94104,5.5152,0.71818182,-0.00460909,0.543618,-0.013972,0.35714,0.28571,0.35714,200,100,dp,19,182,10,1,random
1453,OI,10,"2026-07-14 02:45:54",57.4,0.728112,4.1163,5.5152,0.715,0.01792727,0.558954,0.011105,0.34066,0.32418,0.33516,200,100,dp,19,182,10,1,random
1454,OI,11,"2026-07-14 02:46:01",64.3,0.742224,4.33862,5.5152,0.7410606,0.00368485,0.619617,-0.005679,0.2967,0.39011,0.31319,200,100,dp,19,182,10,1,random
1455,OI,12,"2026-07-14 02:46:07",71.2,0.754103,4.533,5.5152,0.75878788,-0.00557879,0.702324,-0.011998,0.28571,0.40659,0.30769,200,100,dp,19,182,10,1,random
1456,OI,13,"2026-07-14 02:46:14",78.1,0.762315,4.67733,5.5152,0.76651515,-0.00667879,0.786424,-0.009252,0.26923,0.45604,0.27473,200,100,dp,19,182,10,1,random
1457,OI,14,"2026-07-14 02:46:21",85,0.769615,4.84432,5.5152,0.77545454,-0.00756061,0.893333,-0.010513,0.23077,0.52198,0.24725,200,100,dp,19,182,10,1,random
1458,OI,15,"2026-07-14 02:46:28",91.8,0.777145,5.01122,5.5152,0.77272727,0.00595455,0.932624,0.002653,0.17582,0.62088,0.2033,200,100,dp,19,182,10,1,random
1459,OI,16,"2026-07-14 02:46:35",98.6,0.78183,5.11795,5.5152,0.79878787,-0.02091818,1.07308,-0.023158,0.14835,0.71429,0.13736,200,100,dp,19,182,10,1,random
1460,OI,17,"2026-07-14 02:46:42",105.7,0.784733,5.20177,5.5152,0.79484848,-0.01442727,1.32229,-0.01307,0.1044,0.78022,0.11538,200,100,dp,19,182,10,1,random
1461,OI,18,"2026-07-14 02:46:49",112.6,0.788327,5.27102,5.5152,0.79651515,-0.00931818,1.30928,-0.010877,0.08242,0.82418,0.09341,200,100,dp,19,182,10,1,random
1462,OI,19,"2026-07-14 02:46:56",119.5,0.790721,5.30466,5.5152,0.79545454,-0.0064,1.55364,-0.005624,0.06044,0.86264,0.07692,200,100,dp,19,182,10,1,random
1463,OI,20,"2026-07-14 02:47:03",126.3,0.79283,5.34587,5.5152,0.79621212,-0.00416061,1.44258,-0.003688,0.03846,0.90659,0.05495,200,100,dp,19,182,10,1,random
1464,IR,1,"2026-07-14 02:47:12",5,0.513645,2.35736,5.7273,0.58469697,-0.12836364,0.237723,-0.145358,0.59788,0.13228,0.26984,200,100,dp,19,189,10,1,random
1465,IR,2,"2026-07-14 02:47:17",9.6,0.528691,2.41951,5.6364,0.59212122,-0.11550606,0.287515,-0.133418,0.5914,0.10753,0.30108,200,100,dp,19,186,10,1,random
1466,IR,3,"2026-07-14 02:47:21",14.1,0.538903,2.47231,5.4545,0.61545455,-0.13473939,0.265696,-0.150806,0.58333,0.10556,0.31111,200,100,dp,19,180,10,1,random
1467,IR,4,"2026-07-14 02:47:26",18.7,0.548542,2.5223,5.2727,0.61757576,-0.12343333,0.280472,-0.134069,0.55747,0.12644,0.31609,200,100,dp,19,174,10,1,random
1468,IR,5,"2026-07-14 02:47:30",23.3,0.559524,2.57357,5.2121,0.62954546,-0.12242424,0.294972,-0.134247,0.55814,0.13372,0.30814,200,100,dp,19,172,10,1,random
1469,IR,6,"2026-07-14 02:47:35",28,0.571851,2.64669,5.1818,0.64106061,-0.11507273,0.330717,-0.130895,0.52632,0.15205,0.32164,200,100,dp,19,171,10,1,random
1470,IR,7,"2026-07-14 02:47:41",34.2,0.578882,2.67326,5.0909,0.64969697,-0.11976667,0.310502,-0.127056,0.52381,0.14881,0.32738,200,100,dp,19,168,10,1,random
1471,IR,8,"2026-07-14 02:47:47",40.3,0.58467,2.70451,5.0909,0.66,-0.12648485,0.322965,-0.132855,0.52976,0.14286,0.32738,200,100,dp,19,168,10,1,random
1472,IR,9,"2026-07-14 02:47:54",46.8,0.590997,2.74079,4.9697,0.66287879,-0.12099697,0.332736,-0.126079,0.52439,0.14024,0.33537,200,100,dp,19,164,10,1,random
1473,IR,10,"2026-07-14 02:48:00",53.1,0.597221,2.76916,4.9394,0.66969697,-0.12488788,0.348044,-0.125296,0.52147,0.13497,0.34356,200,100,dp,19,163,10,1,random
1474,IR,11,"2026-07-14 02:48:07",59.6,0.604648,2.79241,4.9091,0.68136363,-0.12952121,0.347092,-0.132221,0.49383,0.16667,0.33951,200,100,dp,19,162,10,1,random
1475,IR,12,"2026-07-14 02:48:13",66,0.610088,2.82987,4.8485,0.68666667,-0.12728788,0.367664,-0.129079,0.49375,0.15625,0.35,200,100,dp,19,160,10,1,random
1476,IR,13,"2026-07-14 02:48:20",72.5,0.614852,2.8539,4.8182,0.69621212,-0.13658485,0.363646,-0.13548,0.47799,0.16352,0.35849,200,100,dp,19,159,10,1,random
1477,IR,14,"2026-07-14 02:48:26",79,0.620327,2.88028,4.7879,0.69787879,-0.12558182,0.355746,-0.128558,0.46835,0.18354,0.3481,200,100,dp,19,158,10,1,random
1478,IR,15,"2026-07-14 02:48:32",85.4,0.62627,2.91147,4.7576,0.7019697,-0.12118788,0.380362,-0.124804,0.48408,0.17834,0.33758,200,100,dp,19,157,10,1,random
1479,IR,16,"2026-07-14 02:48:39",92,0.629073,2.93455,4.7273,0.70984849,-0.12972121,0.415484,-0.129217,0.48718,0.17949,0.33333,200,100,dp,19,156,10,1,random
1480,IR,17,"2026-07-14 02:48:45",98.5,0.635791,2.98537,4.697,0.71969697,-0.13554545,0.458768,-0.136357,0.46452,0.20645,0.32903,200,100,dp,19,155,10,1,random
1481,IR,18,"2026-07-14 02:48:52",105,0.639418,3.02811,4.6667,0.71606061,-0.12198182,0.485917,-0.121783,0.45455,0.2013,0.34416,200,100,dp,19,154,10,1,random
1482,IR,19,"2026-07-14 02:48:58",111.4,0.646106,3.07384,4.6667,0.72060606,-0.11960606,0.46873,-0.119735,0.43506,0.22727,0.33766,200,100,dp,19,154,10,1,random
1483,IR,20,"2026-07-14 02:49:05",117.9,0.650094,3.09254,4.6364,0.73136364,-0.12662424,0.491232,-0.127265,0.43137,0.22876,0.33987,200,100,dp,19,153,10,1,random
1484,AGR,1,"2026-07-14 02:49:13",7.3,0.529397,2.46216,6.0909,0.48909091,0.07322424,0.260606,0.05903,0.61692,0.09453,0.28856,200,100,dp,19,201,10,1,random
1485,AGR,2,"2026-07-14 02:49:20",14.3,0.552815,2.61828,6.0606,0.5139394,0.06208182,0.268407,0.053775,0.6,0.085,0.315,200,100,dp,19,200,10,1,random
1486,AGR,3,"2026-07-14 02:49:27",21.4,0.571455,2.76117,6,0.53727272,0.05468485,0.255433,0.047958,0.58081,0.09091,0.32828,200,100,dp,19,198,10,1,random
1487,AGR,4,"2026-07-14 02:49:34",28.4,0.591136,2.90065,5.9394,0.535,0.0902303,0.26873,0.08271,0.56122,0.09694,0.34184,200,100,dp,19,196,10,1,random
1488,AGR,5,"2026-07-14 02:49:41",35.4,0.609982,3.0786,5.8485,0.57030303,0.05688182,0.282023,0.054444,0.53886,0.11917,0.34197,200,100,dp,19,193,10,1,random
1489,AGR,6,"2026-07-14 02:49:48",42.5,0.629836,3.25265,5.7879,0.59409091,0.05348182,0.327813,0.044306,0.51832,0.12042,0.36126,200,100,dp,19,191,10,1,random
1490,AGR,7,"2026-07-14 02:49:57",51.2,0.647039,3.44671,5.7576,0.59212122,0.0855697,0.33569,0.074954,0.5,0.12632,0.37368,200,100,dp,19,190,10,1,random
1491,AGR,8,"2026-07-14 02:50:06",60.3,0.662764,3.62834,5.7576,0.61136363,0.0750303,0.357791,0.068573,0.47368,0.15263,0.37368,200,100,dp,19,190,10,1,random
1492,AGR,9,"2026-07-14 02:50:16",70,0.675879,3.8001,5.7576,0.63090909,0.06936061,0.386479,0.059108,0.44737,0.20526,0.34737,200,100,dp,19,190,10,1,random
1493,AGR,10,"2026-07-14 02:50:25",79.2,0.690188,3.94802,5.7273,0.64484849,0.06243636,0.459198,0.058022,0.4127,0.25926,0.32804,200,100,dp,19,189,10,1,random
1494,AGR,11,"2026-07-14 02:50:34",88.4,0.704855,4.08176,5.7273,0.65575758,0.06801515,0.523805,0.061642,0.40741,0.2328,0.35979,200,100,dp,19,189,10,1,random
1495,AGR,12,"2026-07-14 02:50:43",97.6,0.7171,4.23642,5.7273,0.67454546,0.06078182,0.519732,0.053321,0.37037,0.28571,0.34392,200,100,dp,19,189,10,1,random
1496,AGR,13,"2026-07-14 02:50:52",106.7,0.730376,4.37888,5.7273,0.68151516,0.06888788,0.552609,0.060319,0.33333,0.34921,0.31746,200,100,dp,19,189,10,1,random
1497,AGR,14,"2026-07-14 02:51:02",116.1,0.737985,4.50695,5.7273,0.68499999,0.07344242,0.61176,0.068283,0.33333,0.38095,0.28571,200,100,dp,19,189,10,1,random
1498,AGR,15,"2026-07-14 02:51:11",125.3,0.748079,4.63802,5.7273,0.70575758,0.05493939,0.734548,0.051593,0.28571,0.44974,0.26455,200,100,dp,19,189,10,1,random
1499,AGR,16,"2026-07-14 02:51:20",134.6,0.75717,4.77919,5.7273,0.7119697,0.06324545,0.778775,0.055475,0.25926,0.49206,0.24868,200,100,dp,19,189,10,1,random
1500,AGR,17,"2026-07-14 02:51:29",143.9,0.765403,4.92335,5.7273,0.72681818,0.05207879,0.832816,0.046516,0.2381,0.54497,0.21693,200,100,dp,19,189,10,1,random
1501,AGR,18,"2026-07-14 02:51:39",153.2,0.773288,5.04697,5.7273,0.70969697,0.08554848,0.914293,0.078832,0.21693,0.58201,0.20106,200,100,dp,19,189,10,1,random
1502,AGR,19,"2026-07-14 02:51:48",162.4,0.780224,5.17041,5.7273,0.73757576,0.05575152,0.987456,0.051537,0.19577,0.64021,0.16402,200,100,dp,19,189,10,1,random
1503,AGR,20,"2026-07-14 02:51:57",171.6,0.786915,5.30205,5.7273,0.74166667,0.05847879,1.13319,0.054772,0.17989,0.68783,0.13228,200,100,dp,19,189,10,1,random
1504,RANDOM,1,"2026-07-14 02:52:07",5.1,0.506276,2.32717,5.9394,0.51121212,-0.01196061,0.2317,-0.007976,0.61224,0.11735,0.27041,200,100,dp,19,196,10,1,random
1505,RANDOM,2,"2026-07-14 02:52:11",9.6,0.503509,2.31528,5.7879,0.5,0.00953636,0.241598,0.013367,0.60209,0.13089,0.26702,200,100,dp,19,191,10,1,random
1506,RANDOM,3,"2026-07-14 02:52:16",14.1,0.501352,2.29543,5.6667,0.50939394,-0.01938788,0.254461,-0.009953,0.62032,0.10695,0.27273,200,100,dp,19,187,10,1,random
1507,RANDOM,4,"2026-07-14 02:52:20",18.6,0.504094,2.30753,5.3333,0.50545455,-0.01031818,0.258275,-0.001979,0.58523,0.14773,0.26705,200,100,dp,19,176,10,1,random
1508,RANDOM,5,"2026-07-14 02:52:25",23.2,0.503545,2.3092,5.0606,0.51227272,-0.00883939,0.284343,-0.014309,0.58084,0.14371,0.27545,200,100,dp,19,167,10,1,random
1509,RANDOM,6,"2026-07-14 02:52:29",27.8,0.5029,2.30318,5.0303,0.50484848,-0.00298485,0.298786,0.000422,0.57229,0.14458,0.28313,200,100,dp,19,166,10,1,random
1510,RANDOM,7,"2026-07-14 02:52:36",34.1,0.504388,2.31156,4.9394,0.51090909,-0.01866364,0.290503,-0.011406,0.57055,0.13497,0.29448,200,100,dp,19,163,10,1,random
1511,RANDOM,8,"2026-07-14 02:52:42",40.4,0.509412,2.34062,4.8788,0.50742424,0.0036,0.29152,0.001764,0.57764,0.12422,0.29814,200,100,dp,19,161,10,1,random
1512,RANDOM,9,"2026-07-14 02:52:48",46.8,0.510594,2.34132,4.7879,0.51439394,-0.00938182,0.29758,-0.004881,0.55696,0.13291,0.31013,200,100,dp,19,158,10,1,random
1513,RANDOM,10,"2026-07-14 02:52:55",53.2,0.508585,2.33675,4.7576,0.51636364,-0.01084848,0.280406,-0.009922,0.5414,0.1465,0.3121,200,100,dp,19,157,10,1,random
1514,RANDOM,11,"2026-07-14 02:53:01",59.7,0.509642,2.34933,4.697,0.51393939,-0.0087303,0.280787,-0.006652,0.54194,0.14194,0.31613,200,100,dp,19,155,10,1,random
1515,RANDOM,12,"2026-07-14 02:53:08",66.1,0.507376,2.34186,4.6364,0.49969697,0.0171697,0.281292,0.020407,0.54248,0.13072,0.3268,200,100,dp,19,153,10,1,random
1516,RANDOM,13,"2026-07-14 02:53:14",72.6,0.502555,2.32505,4.5758,0.50424243,-0.00817879,0.266923,0.003879,0.53642,0.1457,0.31788,200,100,dp,19,151,10,1,random
1517,RANDOM,14,"2026-07-14 02:53:21",79,0.502409,2.31741,4.4848,0.50666666,-0.00375455,0.288524,-0.006334,0.5473,0.13514,0.31757,200,100,dp,19,148,10,1,random
1518,RANDOM,15,"2026-07-14 02:53:27",85.5,0.501809,2.31501,4.4545,0.50681818,-0.01055758,0.296293,-0.00605,0.55782,0.11565,0.32653,200,100,dp,19,147,10,1,random
1519,RANDOM,16,"2026-07-14 02:53:34",92,0.501979,2.3104,4.4545,0.51272728,-0.01978485,0.292071,-0.018236,0.55782,0.10884,0.33333,200,100,dp,19,147,10,1,random
1520,RANDOM,17,"2026-07-14 02:53:40",98.5,0.5014,2.30284,4.4242,0.50939394,-0.00815152,0.283348,-0.013562,0.56164,0.10274,0.33562,200,100,dp,19,146,10,1,random
1521,RANDOM,18,"2026-07-14 02:53:47",105,0.50003,2.30119,4.3636,0.50030303,-0.00023636,0.286417,0.004902,0.54861,0.13194,0.31944,200,100,dp,19,144,10,1,random
1522,RANDOM,19,"2026-07-14 02:53:53",111.5,0.493282,2.26954,4.303,0.48757575,0.01151515,0.307565,0.020386,0.57746,0.11972,0.30282,200,100,dp,19,142,10,1,random
1523,RANDOM,20,"2026-07-14 02:54:00",118,0.495091,2.27657,4.303,0.49424242,-0.00048788,0.349502,0.002786,0.57042,0.12676,0.30282,200,100,dp,19,142,10,1,random
1524,OI,1,"2026-07-14 02:55:10",5.4,0.536649,2.49785,5.9394,0.53818182,-0.00538182,0.278471,-0.02753,0.58163,0.10714,0.31122,200,100,dp,20,196,10,1,random
1525,OI,2,"2026-07-14 02:55:15",10.4,0.563836,2.66741,5.9091,0.56575758,-0.0077,0.274715,-0.024694,0.56923,0.13333,0.29744,200,100,dp,20,195,10,1,random
1526,OI,3,"2026-07-14 02:55:20",15.3,0.593312,2.85305,5.8788,0.60333333,-0.0124303,0.348822,-0.039264,0.54124,0.14948,0.30928,200,100,dp,20,194,10,1,random
1527,OI,4,"2026-07-14 02:55:25",20.3,0.618897,3.02864,5.8485,0.62818182,-0.01527273,0.375277,-0.033154,0.52332,0.1399,0.33679,200,100,dp,20,193,10,1,random
1528,OI,5,"2026-07-14 02:55:30",25.4,0.64273,3.21733,5.7879,0.64060606,0.00224848,0.380018,-0.012623,0.48691,0.18325,0.32984,200,100,dp,20,191,10,1,random
1529,OI,6,"2026-07-14 02:55:35",30.5,0.664861,3.42481,5.7879,0.6730303,-0.01192424,0.425475,-0.026777,0.4712,0.17801,0.35079,200,100,dp,20,191,10,1,random
1530,OI,7,"2026-07-14 02:55:42",37.2,0.68557,3.60715,5.7576,0.6930303,-0.0099,0.431822,-0.023674,0.44737,0.25263,0.3,200,100,dp,20,190,10,1,random
1531,OI,8,"2026-07-14 02:55:48",43.8,0.706118,3.84559,5.7576,0.71454546,-0.01145758,0.570514,-0.024256,0.41579,0.22632,0.35789,200,100,dp,20,190,10,1,random
1532,OI,9,"2026-07-14 02:55:55",50.6,0.723885,4.05809,5.7576,0.72651515,-0.00242727,0.519863,-0.013577,0.39474,0.28947,0.31579,200,100,dp,20,190,10,1,random
1533,OI,10,"2026-07-14 02:56:02",57.3,0.738433,4.24346,5.7273,0.74636364,-0.01165455,0.641008,-0.018071,0.33333,0.37037,0.2963,200,100,dp,20,189,10,1,random
1534,OI,11,"2026-07-14 02:56:09",64.2,0.752782,4.48045,5.697,0.75515152,-0.00377879,0.702336,-0.010822,0.28723,0.43085,0.28191,200,100,dp,20,188,10,1,random
1535,OI,12,"2026-07-14 02:56:16",71,0.764406,4.67248,5.697,0.77,-0.00832424,0.757676,-0.012998,0.24468,0.4734,0.28191,200,100,dp,20,188,10,1,random
1536,OI,13,"2026-07-14 02:56:23",77.9,0.773758,4.83918,5.697,0.77181818,0.00356364,0.785388,-0.001902,0.22872,0.56383,0.20745,200,100,dp,20,188,10,1,random
1537,OI,14,"2026-07-14 02:56:29",84.8,0.781448,4.98399,5.697,0.78742424,-0.00846061,0.995764,-0.010623,0.20213,0.55319,0.24468,200,100,dp,20,188,10,1,random
1538,OI,15,"2026-07-14 02:56:36",91.7,0.787376,5.11775,5.697,0.78515152,0.00450606,0.931972,0.000763,0.18085,0.65426,0.16489,200,100,dp,20,188,10,1,random
1539,OI,16,"2026-07-14 02:56:43",98.6,0.792515,5.2443,5.697,0.79484849,-0.00290606,1.21517,-0.004495,0.15426,0.70213,0.14362,200,100,dp,20,188,10,1,random
1540,OI,17,"2026-07-14 02:56:50",105.5,0.796158,5.3392,5.697,0.79454545,0.00209394,1.34912,0.001483,0.11702,0.75532,0.12766,200,100,dp,20,188,10,1,random
1541,OI,18,"2026-07-14 02:56:57",112.5,0.799136,5.42119,5.697,0.81318182,-0.01776061,1.33742,-0.01778,0.08511,0.81915,0.09574,200,100,dp,20,188,10,1,random
1542,OI,19,"2026-07-14 02:57:04",119.4,0.801742,5.50528,5.697,0.79409091,0.00994545,1.44344,0.009439,0.06915,0.87766,0.05319,200,100,dp,20,188,10,1,random
1543,OI,20,"2026-07-14 02:57:11",126.5,0.803376,5.56242,5.697,0.80484849,-0.00080909,2.4683,-0.001535,0.03723,0.93085,0.03191,200,100,dp,20,188,10,1,random
1544,IR,1,"2026-07-14 02:57:20",4.9,0.516979,2.37322,5.9091,0.57227273,-0.10386061,0.240396,-0.115868,0.61026,0.11795,0.27179,200,100,dp,20,195,10,1,random
1545,IR,2,"2026-07-14 02:57:24",9.2,0.523939,2.39484,5.697,0.5889394,-0.11249697,0.260696,-0.129362,0.59574,0.12234,0.28191,200,100,dp,20,188,10,1,random
1546,IR,3,"2026-07-14 02:57:29",13.6,0.539706,2.46415,5.5455,0.61121212,-0.12692121,0.284637,-0.146492,0.5847,0.12022,0.29508,200,100,dp,20,183,10,1,random
1547,IR,4,"2026-07-14 02:57:33",17.9,0.546036,2.48958,5.4545,0.61530303,-0.11530303,0.285945,-0.130833,0.57222,0.12778,0.3,200,100,dp,20,180,10,1,random
1548,IR,5,"2026-07-14 02:57:37",22.3,0.558342,2.55353,5.4242,0.62636364,-0.11729697,0.296108,-0.131664,0.56425,0.12291,0.31285,200,100,dp,20,179,10,1,random
1549,IR,6,"2026-07-14 02:57:42",26.7,0.569121,2.59386,5.3333,0.635,-0.10972727,0.284691,-0.124627,0.5625,0.11364,0.32386,200,100,dp,20,176,10,1,random
1550,IR,7,"2026-07-14 02:57:48",32.8,0.579136,2.64364,5.2727,0.64636363,-0.11164242,0.297299,-0.123748,0.55747,0.11494,0.32759,200,100,dp,20,174,10,1,random
1551,IR,8,"2026-07-14 02:57:54",38.8,0.586779,2.68234,5.2727,0.66151515,-0.12788788,0.304376,-0.133596,0.55172,0.11494,0.33333,200,100,dp,20,174,10,1,random
1552,IR,9,"2026-07-14 02:58:00",45.1,0.592588,2.70436,5.2121,0.66833334,-0.12615454,0.298696,-0.13148,0.52907,0.13372,0.33721,200,100,dp,20,172,10,1,random
1553,IR,10,"2026-07-14 02:58:06",51.4,0.598791,2.74476,5.1212,0.67121213,-0.11959091,0.302893,-0.12519,0.52663,0.14793,0.32544,200,100,dp,20,169,10,1,random
1554,IR,11,"2026-07-14 02:58:13",57.6,0.607709,2.78648,5.0606,0.68272727,-0.12407879,0.35466,-0.129944,0.50299,0.16168,0.33533,200,100,dp,20,167,10,1,random
1555,IR,12,"2026-07-14 02:58:19",64.1,0.618267,2.8466,5,0.69515152,-0.12524849,0.352917,-0.132499,0.49697,0.15152,0.35152,200,100,dp,20,165,10,1,random
1556,IR,13,"2026-07-14 02:58:26",70.7,0.626242,2.88908,4.9697,0.69484849,-0.11035152,0.347093,-0.115266,0.47561,0.17683,0.34756,200,100,dp,20,164,10,1,random
1557,IR,14,"2026-07-14 02:58:32",76.9,0.629961,2.91692,4.9394,0.7010606,-0.11613636,0.359454,-0.114754,0.48466,0.15337,0.36196,200,100,dp,20,163,10,1,random
1558,IR,15,"2026-07-14 02:58:39",83.6,0.634209,2.9527,4.9394,0.71348485,-0.12982121,0.349256,-0.128108,0.47239,0.18405,0.34356,200,100,dp,20,163,10,1,random
1559,IR,16,"2026-07-14 02:58:45",90,0.637615,2.97024,4.9091,0.71787879,-0.1301303,0.400785,-0.127708,0.46296,0.2037,0.33333,200,100,dp,20,162,10,1,random
1560,IR,17,"2026-07-14 02:58:51",96.3,0.644364,3.00574,4.8788,0.72393939,-0.12737576,0.425807,-0.12835,0.45963,0.18012,0.36025,200,100,dp,20,161,10,1,random
1561,IR,18,"2026-07-14 02:58:58",102.8,0.651409,3.05742,4.7576,0.72863636,-0.12093636,0.387099,-0.123657,0.44586,0.19745,0.35669,200,100,dp,20,157,10,1,random
1562,IR,19,"2026-07-14 02:59:04",109.1,0.655309,3.09396,4.697,0.74090909,-0.13385455,0.424647,-0.133079,0.43871,0.18065,0.38065,200,100,dp,20,155,10,1,random
1563,IR,20,"2026-07-14 02:59:11",115.6,0.658661,3.12232,4.697,0.73924242,-0.12859091,0.386267,-0.124126,0.43226,0.1871,0.38065,200,100,dp,20,155,10,1,random
1564,AGR,1,"2026-07-14 02:59:19",7.4,0.530455,2.47239,5.9091,0.49181818,0.05839091,0.259105,0.055063,0.59487,0.11795,0.28718,200,100,dp,20,195,10,1,random
1565,AGR,2,"2026-07-14 02:59:26",14.5,0.553361,2.61489,5.8182,0.50484848,0.08261212,0.285314,0.071112,0.57813,0.125,0.29688,200,100,dp,20,192,10,1,random
1566,AGR,3,"2026-07-14 02:59:33",21.7,0.572106,2.7444,5.7879,0.51636363,0.08634242,0.304137,0.084863,0.57068,0.12042,0.3089,200,100,dp,20,191,10,1,random
1567,AGR,4,"2026-07-14 02:59:40",28.9,0.589206,2.86328,5.7879,0.54651515,0.06706364,0.322917,0.061259,0.55497,0.12042,0.32461,200,100,dp,20,191,10,1,random
1568,AGR,5,"2026-07-14 02:59:48",36.2,0.608027,3.01023,5.7273,0.56212121,0.06912121,0.328644,0.063581,0.53968,0.12169,0.33862,200,100,dp,20,189,10,1,random
1569,AGR,6,"2026-07-14 02:59:55",43.6,0.626167,3.19043,5.697,0.58318182,0.0620303,0.350042,0.058075,0.53723,0.10106,0.3617,200,100,dp,20,188,10,1,random
1570,AGR,7,"2026-07-14 03:00:04",52.6,0.64423,3.37013,5.697,0.60045455,0.06846061,0.35943,0.056982,0.49468,0.16489,0.34043,200,100,dp,20,188,10,1,random
1571,AGR,8,"2026-07-14 03:00:13",62.1,0.660824,3.5444,5.6667,0.60984848,0.07402727,0.423113,0.067855,0.48663,0.17647,0.3369,200,100,dp,20,187,10,1,random
1572,AGR,9,"2026-07-14 03:00:23",71.4,0.676912,3.73502,5.6667,0.62621212,0.07524546,0.482098,0.065572,0.44385,0.20321,0.35294,200,100,dp,20,187,10,1,random
1573,AGR,10,"2026-07-14 03:00:32",80.6,0.691555,3.90756,5.6667,0.63727272,0.08003636,0.485945,0.070864,0.42246,0.2246,0.35294,200,100,dp,20,187,10,1,random
1574,AGR,11,"2026-07-14 03:00:41",89.9,0.705458,4.08598,5.6667,0.6580303,0.06299394,0.517721,0.060026,0.40107,0.22995,0.36898,200,100,dp,20,187,10,1,random
1575,AGR,12,"2026-07-14 03:00:51",99.2,0.717558,4.24536,5.6667,0.66393939,0.07915758,0.526398,0.068626,0.38503,0.27273,0.34225,200,100,dp,20,187,10,1,random
1576,AGR,13,"2026-07-14 03:01:00",108.5,0.729721,4.418,5.6667,0.68136364,0.06599697,0.606632,0.060453,0.34225,0.3369,0.32086,200,100,dp,20,187,10,1,random
1577,AGR,14,"2026-07-14 03:01:09",117.8,0.741194,4.57861,5.6667,0.7019697,0.05421818,0.665155,0.047173,0.3262,0.36898,0.30481,200,100,dp,20,187,10,1,random
1578,AGR,15,"2026-07-14 03:01:18",127,0.751067,4.73784,5.6667,0.69727273,0.07516061,0.726619,0.067188,0.29412,0.42246,0.28342,200,100,dp,20,187,10,1,random
1579,AGR,16,"2026-07-14 03:01:28",136.3,0.760236,4.89204,5.6667,0.71,0.0688697,0.814459,0.062145,0.24064,0.53476,0.2246,200,100,dp,20,187,10,1,random
1580,AGR,17,"2026-07-14 03:01:37",145.7,0.768515,5.03957,5.6667,0.72181819,0.06543636,0.929942,0.057067,0.19786,0.63636,0.16578,200,100,dp,20,187,10,1,random
1581,AGR,18,"2026-07-14 03:01:46",155.1,0.774285,5.14803,5.6667,0.73318182,0.05555454,1.05402,0.050743,0.16043,0.67914,0.16043,200,100,dp,20,187,10,1,random
1582,AGR,19,"2026-07-14 03:01:56",164.4,0.779142,5.24378,5.6667,0.73848485,0.05252424,1.05364,0.050404,0.13904,0.74332,0.11765,200,100,dp,20,187,10,1,random
1583,AGR,20,"2026-07-14 03:02:05",173.8,0.783661,5.30602,5.6667,0.73439394,0.06481818,1.20815,0.061259,0.12299,0.77005,0.10695,200,100,dp,20,187,10,1,random
1584,RANDOM,1,"2026-07-14 03:02:14",5,0.510585,2.36108,5.8485,0.51969697,-0.02011212,0.231075,-0.018525,0.6114,0.10363,0.28497,200,100,dp,20,193,10,1,random
1585,RANDOM,2,"2026-07-14 03:02:18",9.4,0.512082,2.3626,5.697,0.5110606,0.00077879,0.235973,0.003869,0.6117,0.10106,0.28723,200,100,dp,20,188,10,1,random
1586,RANDOM,3,"2026-07-14 03:02:23",13.9,0.509515,2.34595,5.5455,0.49863636,0.01288485,0.245035,0.027247,0.59016,0.13115,0.27869,200,100,dp,20,183,10,1,random
1587,RANDOM,4,"2026-07-14 03:02:27",18.2,0.501682,2.31598,5.4242,0.50651516,-0.01115152,0.25641,0.001178,0.60335,0.10615,0.2905,200,100,dp,20,179,10,1,random
1588,RANDOM,5,"2026-07-14 03:02:32",22.7,0.499655,2.32874,5.3333,0.50681818,-0.01895455,0.250517,-0.009392,0.59091,0.10795,0.30114,200,100,dp,20,176,10,1,random
1589,RANDOM,6,"2026-07-14 03:02:36",27.3,0.498179,2.32133,5.1818,0.49621212,0.00216667,0.245645,0.009423,0.5848,0.11111,0.30409,200,100,dp,20,171,10,1,random
1590,RANDOM,7,"2026-07-14 03:02:42",33.4,0.499673,2.33033,5.1212,0.5080303,-0.01514242,0.257398,-0.01532,0.57396,0.13018,0.29586,200,100,dp,20,169,10,1,random
1591,RANDOM,8,"2026-07-14 03:02:48",39.5,0.501421,2.32828,5,0.50969697,-0.0209697,0.269767,-0.015489,0.5697,0.12727,0.30303,200,100,dp,20,165,10,1,random
1592,RANDOM,9,"2026-07-14 03:02:55",45.8,0.502345,2.33672,4.9394,0.49242424,0.01107576,0.275571,0.021254,0.55828,0.12883,0.31288,200,100,dp,20,163,10,1,random
1593,RANDOM,10,"2026-07-14 03:03:01",52.2,0.502645,2.329,4.8788,0.5030303,-0.00076667,0.267835,0.002292,0.54658,0.14286,0.31056,200,100,dp,20,161,10,1,random
1594,RANDOM,11,"2026-07-14 03:03:07",58.6,0.505309,2.34383,4.8485,0.5030303,-0.00173333,0.274974,0.004942,0.55,0.15,0.3,200,100,dp,20,160,10,1,random
1595,RANDOM,12,"2026-07-14 03:03:14",65,0.507345,2.351,4.7879,0.50833334,0.00099091,0.296658,-0.000968,0.55063,0.13291,0.31646,200,100,dp,20,158,10,1,random
1596,RANDOM,13,"2026-07-14 03:03:20",71.4,0.506497,2.34945,4.7879,0.50939394,-0.00910303,0.286717,-0.00129,0.5443,0.15823,0.29747,200,100,dp,20,158,10,1,random
1597,RANDOM,14,"2026-07-14 03:03:27",77.9,0.502224,2.32254,4.7576,0.51424243,-0.0164697,0.296228,-0.017046,0.54777,0.15924,0.29299,200,100,dp,20,157,10,1,random
1598,RANDOM,15,"2026-07-14 03:03:33",84.4,0.498085,2.29323,4.6667,0.49742424,0.00172121,0.301632,0.008583,0.55195,0.14935,0.2987,200,100,dp,20,154,10,1,random
1599,RANDOM,16,"2026-07-14 03:03:40",90.8,0.496658,2.26824,4.6364,0.49,0.0149303,0.301101,0.017776,0.55556,0.1634,0.28105,200,100,dp,20,153,10,1,random
1600,RANDOM,17,"2026-07-14 03:03:46",97.2,0.496158,2.26982,4.6364,0.48424242,0.02272727,0.328103,0.027396,0.55556,0.15033,0.29412,200,100,dp,20,153,10,1,random
1601,RANDOM,18,"2026-07-14 03:03:52",103.7,0.49467,2.2553,4.5758,0.48636364,0.01199394,0.306578,0.020991,0.54967,0.16556,0.28477,200,100,dp,20,151,10,1,random
1602,RANDOM,19,"2026-07-14 03:03:59",110.1,0.495879,2.26529,4.5758,0.49954545,-0.00390909,0.332062,-0.005079,0.55629,0.16556,0.27815,200,100,dp,20,151,10,1,random
1603,RANDOM,20,"2026-07-14 03:04:05",116.6,0.500042,2.28068,4.5758,0.51090909,-0.016,0.345154,-0.022918,0.54967,0.15232,0.29801,200,100,dp,20,151,10,1,random
1604,OI,1,"2026-07-14 20:16:33",5.4,0.537042,2.49172,5.8788,0.54727273,-0.02144242,0.281782,-0.047144,0.59794,0.08247,0.31959,200,100,dp,21,194,10,1,random
1605,OI,2,"2026-07-14 20:16:38",10.2,0.564776,2.6524,5.8788,0.56818181,-0.00836061,0.272323,-0.027198,0.56186,0.13402,0.30412,200,100,dp,21,194,10,1,random
1606,OI,3,"2026-07-14 20:16:42",15,0.595027,2.85102,5.7879,0.59242424,0.00278182,0.329377,-0.01801,0.54974,0.11518,0.33508,200,100,dp,21,191,10,1,random
1607,OI,4,"2026-07-14 20:16:47",19.9,0.620691,3.04137,5.7273,0.62727273,-0.01193636,0.348651,-0.028693,0.50265,0.16931,0.32804,200,100,dp,21,189,10,1,random
1608,OI,5,"2026-07-14 20:16:52",24.8,0.645461,3.24652,5.697,0.64590909,-0.00019697,0.417194,-0.017195,0.46809,0.20213,0.32979,200,100,dp,21,188,10,1,random
1609,OI,6,"2026-07-14 20:16:57",29.7,0.666939,3.44505,5.697,0.66560606,0.0021697,0.450782,-0.011713,0.45745,0.17553,0.36702,200,100,dp,21,188,10,1,random
1610,OI,7,"2026-07-14 20:17:04",36.2,0.688712,3.67838,5.697,0.7,-0.01741212,0.439394,-0.030086,0.43617,0.19681,0.36702,200,100,dp,21,188,10,1,random
1611,OI,8,"2026-07-14 20:17:10",42.7,0.706485,3.88035,5.697,0.70621212,0.00069394,0.480381,-0.010378,0.41489,0.21277,0.37234,200,100,dp,21,188,10,1,random
1612,OI,9,"2026-07-14 20:17:17",49.5,0.723764,4.10873,5.697,0.73651515,-0.01916667,0.510491,-0.027725,0.36702,0.29787,0.33511,200,100,dp,21,188,10,1,random
1613,OI,10,"2026-07-14 20:17:24",56.3,0.738685,4.35637,5.697,0.74575757,-0.01011515,0.619415,-0.017794,0.32447,0.31915,0.35638,200,100,dp,21,188,10,1,random
1614,OI,11,"2026-07-14 20:17:30",63.1,0.750755,4.54674,5.697,0.74727273,0.00700909,0.595658,-0.001443,0.30319,0.39362,0.30319,200,100,dp,21,188,10,1,random
1615,OI,12,"2026-07-14 20:17:37",69.9,0.761076,4.72763,5.697,0.76757576,-0.00830606,0.765374,-0.013428,0.26064,0.45213,0.28723,200,100,dp,21,188,10,1,random
1616,OI,13,"2026-07-14 20:17:44",76.6,0.769736,4.89302,5.697,0.77,-0.00145152,0.82498,-0.003952,0.21809,0.53723,0.24468,200,100,dp,21,188,10,1,random
1617,OI,14,"2026-07-14 20:17:51",83.2,0.77693,5.05861,5.697,0.78727273,-0.01318485,0.928073,-0.016139,0.20745,0.57447,0.21809,200,100,dp,21,188,10,1,random
1618,OI,15,"2026-07-14 20:17:57",90,0.783327,5.18332,5.697,0.78893939,-0.0061,1.06107,-0.00942,0.17553,0.68085,0.14362,200,100,dp,21,188,10,1,random
1619,OI,16,"2026-07-14 20:18:04",96.8,0.78783,5.30571,5.697,0.79621212,-0.01169394,1.4004,-0.011937,0.14362,0.71809,0.1383,200,100,dp,21,188,10,1,random
1620,OI,17,"2026-07-14 20:18:11",103.8,0.791452,5.40507,5.697,0.7869697,0.00490303,1.43422,0.00509,0.10638,0.81383,0.07979,200,100,dp,21,188,10,1,random
1621,OI,18,"2026-07-14 20:18:18",110.6,0.793312,5.48159,5.697,0.79545455,-0.00250303,1.77854,-0.002306,0.06383,0.88298,0.05319,200,100,dp,21,188,10,1,random
1622,OI,19,"2026-07-14 20:18:25",117.5,0.795003,5.52539,5.697,0.80560606,-0.01314848,2.2525,-0.012787,0.04255,0.90426,0.05319,200,100,dp,21,188,10,1,random
1623,OI,20,"2026-07-14 20:18:32",124.3,0.79527,5.55729,5.697,0.80757576,-0.01498485,1.69355,-0.014068,0.05319,0.92021,0.0266,200,100,dp,21,188,10,1,random
1624,IR,1,"2026-07-14 20:18:41",5.5,0.514179,2.36349,5.8182,0.57181819,-0.10169394,0.24059,-0.121063,0.60938,0.10938,0.28125,200,100,dp,21,192,10,1,random
1625,IR,2,"2026-07-14 20:18:46",10.3,0.525103,2.41492,5.7273,0.58863636,-0.10689091,0.258768,-0.130623,0.60317,0.1164,0.28042,200,100,dp,21,189,10,1,random
1626,IR,3,"2026-07-14 20:18:51",15.2,0.532767,2.45877,5.6061,0.60212121,-0.1221697,0.277113,-0.135867,0.59459,0.12432,0.28108,200,100,dp,21,185,10,1,random
1627,IR,4,"2026-07-14 20:18:56",20.1,0.542785,2.50764,5.4242,0.61106061,-0.11796667,0.301179,-0.134156,0.58101,0.11732,0.30168,200,100,dp,21,179,10,1,random
1628,IR,5,"2026-07-14 20:19:01",24.9,0.552879,2.54033,5.3636,0.62121212,-0.12044545,0.294972,-0.131979,0.56497,0.13559,0.29944,200,100,dp,21,177,10,1,random
1629,IR,6,"2026-07-14 20:19:05",29.9,0.560215,2.56856,5.2727,0.6230303,-0.10532424,0.31076,-0.117666,0.56322,0.13218,0.3046,200,100,dp,21,174,10,1,random
1630,IR,7,"2026-07-14 20:19:12",36.5,0.565961,2.59563,5.0909,0.63530303,-0.11805152,0.319547,-0.126761,0.54762,0.14286,0.30952,200,100,dp,21,168,10,1,random
1631,IR,8,"2026-07-14 20:19:19",43.2,0.57557,2.65656,5.0606,0.63848485,-0.10721818,0.350353,-0.116919,0.53892,0.14371,0.31737,200,100,dp,21,167,10,1,random
1632,IR,9,"2026-07-14 20:19:25",49.9,0.58177,2.6793,5.0303,0.65181818,-0.11536667,0.346233,-0.124922,0.53614,0.15663,0.30723,200,100,dp,21,166,10,1,random
1633,IR,10,"2026-07-14 20:19:32",56.7,0.591876,2.72832,4.9697,0.65772727,-0.1100303,0.384388,-0.11889,0.52439,0.15244,0.32317,200,100,dp,21,164,10,1,random
1634,IR,11,"2026-07-14 20:19:39",63.4,0.5955,2.72993,4.9394,0.67318182,-0.13074546,0.364018,-0.132615,0.51534,0.16564,0.31902,200,100,dp,21,163,10,1,random
1635,IR,12,"2026-07-14 20:19:46",70.2,0.603009,2.77978,4.8182,0.68484848,-0.1392697,0.388692,-0.141127,0.50943,0.1761,0.31447,200,100,dp,21,159,10,1,random
1636,IR,13,"2026-07-14 20:19:53",76.9,0.609048,2.8185,4.7273,0.67727273,-0.11548182,0.423711,-0.116037,0.5,0.1859,0.3141,200,100,dp,21,156,10,1,random
1637,IR,14,"2026-07-14 20:19:59",83.8,0.616897,2.86613,4.697,0.68363636,-0.11368788,0.452395,-0.11305,0.47742,0.19355,0.32903,200,100,dp,21,155,10,1,random
1638,IR,15,"2026-07-14 20:20:07",91.4,0.622151,2.90997,4.697,0.68954546,-0.11067576,0.441949,-0.111684,0.43871,0.25161,0.30968,200,100,dp,21,155,10,1,random
1639,IR,16,"2026-07-14 20:20:14",98.8,0.628742,2.94583,4.6667,0.7030303,-0.12154546,0.489631,-0.12252,0.42857,0.24026,0.33117,200,100,dp,21,154,10,1,random
1640,IR,17,"2026-07-14 20:20:21",105.6,0.632042,2.95766,4.6667,0.70757576,-0.12388485,0.455114,-0.121006,0.43506,0.22078,0.34416,200,100,dp,21,154,10,1,random
1641,IR,18,"2026-07-14 20:20:28",112.4,0.636927,2.99,4.6667,0.71378787,-0.12224545,0.447531,-0.123466,0.43506,0.21429,0.35065,200,100,dp,21,154,10,1,random
1642,IR,19,"2026-07-14 20:20:35",119.3,0.642691,3.02452,4.6667,0.72575758,-0.133,0.450979,-0.133025,0.43506,0.21429,0.35065,200,100,dp,21,154,10,1,random
1643,IR,20,"2026-07-14 20:20:42",126.3,0.646473,3.03852,4.6667,0.71954545,-0.11422121,0.44805,-0.11497,0.44156,0.20779,0.35065,200,100,dp,21,154,10,1,random
1644,AGR,1,"2026-07-14 20:20:51",7.4,0.529785,2.46808,5.6667,0.49,0.06065758,0.261214,0.057214,0.58824,0.10695,0.30481,200,100,dp,21,187,10,1,random
1645,AGR,2,"2026-07-14 20:20:58",14.3,0.551512,2.61592,5.6061,0.50954546,0.06920303,0.275396,0.061018,0.57838,0.10811,0.31351,200,100,dp,21,185,10,1,random
1646,AGR,3,"2026-07-14 20:21:05",21.3,0.570948,2.7607,5.6061,0.53060606,0.06505455,0.300642,0.057384,0.55676,0.12432,0.31892,200,100,dp,21,185,10,1,random
1647,AGR,4,"2026-07-14 20:21:12",28.3,0.590576,2.91687,5.5758,0.54212122,0.07768788,0.321423,0.070377,0.54891,0.125,0.32609,200,100,dp,21,184,10,1,random
1648,AGR,5,"2026-07-14 20:21:19",35.4,0.611797,3.09426,5.5455,0.57606061,0.05320909,0.353959,0.044689,0.53552,0.12568,0.3388,200,100,dp,21,183,10,1,random
1649,AGR,6,"2026-07-14 20:21:26",42.6,0.630576,3.26835,5.4848,0.58287878,0.07237576,0.370574,0.064163,0.50829,0.13812,0.35359,200,100,dp,21,181,10,1,random
1650,AGR,7,"2026-07-14 20:21:35",51.3,0.644509,3.41786,5.4848,0.59712121,0.06529091,0.382975,0.066219,0.49171,0.13812,0.37017,200,100,dp,21,181,10,1,random
1651,AGR,8,"2026-07-14 20:21:44",60.1,0.659167,3.57111,5.4545,0.60469697,0.08133333,0.392619,0.074006,0.47222,0.16667,0.36111,200,100,dp,21,180,10,1,random
1652,AGR,9,"2026-07-14 20:21:53",69.1,0.67237,3.76066,5.4545,0.62257576,0.07554545,0.430151,0.067033,0.45556,0.18889,0.35556,200,100,dp,21,180,10,1,random
1653,AGR,10,"2026-07-14 20:22:02",78,0.682185,3.88707,5.4545,0.62575758,0.07844848,0.481231,0.078019,0.42778,0.21111,0.36111,200,100,dp,21,180,10,1,random
1654,AGR,11,"2026-07-14 20:22:11",87,0.697364,4.06362,5.4242,0.66863636,0.0425303,0.515813,0.032555,0.41341,0.2514,0.3352,200,100,dp,21,179,10,1,random
1655,AGR,12,"2026-07-14 20:22:20",96,0.708667,4.21433,5.4242,0.65924243,0.06711818,0.599695,0.064153,0.36313,0.32402,0.31285,200,100,dp,21,179,10,1,random
1656,AGR,13,"2026-07-14 20:22:29",105.2,0.720288,4.36257,5.4242,0.66863637,0.06918485,0.653156,0.065965,0.35196,0.3352,0.31285,200,100,dp,21,179,10,1,random
1657,AGR,14,"2026-07-14 20:22:38",114.1,0.730358,4.5061,5.4242,0.66696969,0.08862727,0.694559,0.08223,0.32961,0.40223,0.26816,200,100,dp,21,179,10,1,random
1658,AGR,15,"2026-07-14 20:22:47",123.4,0.741088,4.63465,5.4242,0.69015151,0.07137879,0.838903,0.063321,0.29609,0.46927,0.23464,200,100,dp,21,179,10,1,random
1659,AGR,16,"2026-07-14 20:22:56",132.5,0.749448,4.74771,5.4242,0.70742425,0.06007576,0.939262,0.052158,0.25698,0.51955,0.22346,200,100,dp,21,179,10,1,random
1660,AGR,17,"2026-07-14 20:23:05",141.7,0.7604,4.88663,5.4242,0.71181818,0.06793939,1.01517,0.058589,0.21788,0.58659,0.19553,200,100,dp,21,179,10,1,random
1661,AGR,18,"2026-07-14 20:23:15",151,0.767736,5.00406,5.4242,0.71348485,0.07489091,1.12357,0.067431,0.15642,0.68715,0.15642,200,100,dp,21,179,10,1,random
1662,AGR,19,"2026-07-14 20:23:24",160.2,0.773888,5.10776,5.4242,0.7189394,0.07192727,1.18408,0.068658,0.11732,0.7486,0.13408,200,100,dp,21,179,10,1,random
1663,AGR,20,"2026-07-14 20:23:33",169.5,0.778103,5.16046,5.4242,0.73757576,0.05517273,1.19832,0.050877,0.08939,0.81006,0.10056,200,100,dp,21,179,10,1,random
1664,RANDOM,1,"2026-07-14 20:23:42",4.9,0.503839,2.31206,5.697,0.51727273,-0.02390303,0.227992,-0.025096,0.60106,0.11702,0.28191,200,100,dp,21,188,10,1,random
1665,RANDOM,2,"2026-07-14 20:23:46",9.3,0.500397,2.28465,5.5758,0.50469697,-0.01412121,0.235825,-0.001298,0.6087,0.11413,0.27717,200,100,dp,21,184,10,1,random
1666,RANDOM,3,"2026-07-14 20:23:50",13.7,0.5026,2.29269,5.3939,0.50984849,-0.02056667,0.255646,-0.013605,0.58989,0.11236,0.29775,200,100,dp,21,178,10,1,random
1667,RANDOM,4,"2026-07-14 20:23:55",18.1,0.50123,2.28509,5.303,0.50863636,-0.00746667,0.236796,-0.010525,0.59429,0.10857,0.29714,200,100,dp,21,175,10,1,random
1668,RANDOM,5,"2026-07-14 20:23:59",22.5,0.502576,2.28908,5.0909,0.50272727,0.00317273,0.24213,0.000447,0.57738,0.13095,0.29167,200,100,dp,21,168,10,1,random
1669,RANDOM,6,"2026-07-14 20:24:04",26.9,0.503412,2.30418,5,0.49924243,0.00367576,0.274466,0.009306,0.56364,0.15758,0.27879,200,100,dp,21,165,10,1,random
1670,RANDOM,7,"2026-07-14 20:24:10",33,0.502239,2.2993,4.9697,0.50257576,0.00124242,0.296271,0.002334,0.57317,0.14024,0.28659,200,100,dp,21,164,10,1,random
1671,RANDOM,8,"2026-07-14 20:24:16",39.2,0.499982,2.2834,4.9091,0.50787879,-0.01494848,0.28011,-0.010311,0.5679,0.1358,0.2963,200,100,dp,21,162,10,1,random
1672,RANDOM,9,"2026-07-14 20:24:22",45.5,0.502306,2.30913,4.8485,0.50015151,0.00355455,0.280401,0.00473,0.5625,0.1375,0.3,200,100,dp,21,160,10,1,random
1673,RANDOM,10,"2026-07-14 20:24:29",51.8,0.497621,2.28001,4.7879,0.50121212,-0.00485152,0.271155,0.000299,0.58228,0.12025,0.29747,200,100,dp,21,158,10,1,random
1674,RANDOM,11,"2026-07-14 20:24:35",58.1,0.49667,2.28465,4.7273,0.5,-0.01069697,0.286227,-0.002718,0.57692,0.11538,0.30769,200,100,dp,21,156,10,1,random
1675,RANDOM,12,"2026-07-14 20:24:41",64.4,0.495064,2.28824,4.6667,0.49545455,0.0041303,0.27775,0.003148,0.57792,0.11039,0.31169,200,100,dp,21,154,10,1,random
1676,RANDOM,13,"2026-07-14 20:24:48",70.8,0.500882,2.30974,4.6061,0.495,0.00762424,0.289546,0.00831,0.55263,0.14474,0.30263,200,100,dp,21,152,10,1,random
1677,RANDOM,14,"2026-07-14 20:24:54",77.1,0.495852,2.28542,4.5152,0.49969697,-0.00628788,0.29334,-0.000076,0.55705,0.14094,0.30201,200,100,dp,21,149,10,1,random
1678,RANDOM,15,"2026-07-14 20:25:00",83.5,0.500252,2.31192,4.4848,0.49772727,0.00849697,0.316482,0.00278,0.56081,0.11486,0.32432,200,100,dp,21,148,10,1,random
1679,RANDOM,16,"2026-07-14 20:25:07",89.9,0.502712,2.31522,4.4545,0.49484848,0.01067273,0.294297,0.015733,0.55782,0.12245,0.31973,200,100,dp,21,147,10,1,random
1680,RANDOM,17,"2026-07-14 20:25:13",96.3,0.504239,2.31216,4.4545,0.50015151,0.00892424,0.302876,0.008843,0.55782,0.12245,0.31973,200,100,dp,21,147,10,1,random
1681,RANDOM,18,"2026-07-14 20:25:20",102.8,0.505294,2.32082,4.4242,0.50287879,0.00025152,0.29984,0.006622,0.5411,0.13699,0.32192,200,100,dp,21,146,10,1,random
1682,RANDOM,19,"2026-07-14 20:25:26",109.3,0.503627,2.31192,4.3636,0.49606061,0.0123303,0.29956,0.01928,0.54861,0.14583,0.30556,200,100,dp,21,144,10,1,random
1683,RANDOM,20,"2026-07-14 20:25:34",117.7,0.501858,2.30343,4.303,0.50424242,-0.01123333,0.339921,-0.000076,0.5493,0.1338,0.3169,200,100,dp,21,142,10,1,random
1684,OI,1,"2026-07-14 20:26:26",5.5,0.534945,2.46391,5.8182,0.54030303,-0.01392424,0.280245,-0.034244,0.59896,0.09896,0.30208,200,100,dp,22,192,10,1,random
1685,OI,2,"2026-07-14 20:26:31",10.5,0.56517,2.63585,5.6667,0.57106061,-0.01294848,0.301729,-0.034254,0.57219,0.10695,0.32086,200,100,dp,22,187,10,1,random
1686,OI,3,"2026-07-14 20:26:36",15.5,0.593036,2.82902,5.6061,0.59257576,-0.00138485,0.333351,-0.020234,0.54595,0.11892,0.33514,200,100,dp,22,185,10,1,random
1687,OI,4,"2026-07-14 20:26:41",20.7,0.616679,3.0194,5.6061,0.61954545,-0.00465152,0.364566,-0.020531,0.51351,0.12432,0.36216,200,100,dp,22,185,10,1,random
1688,OI,5,"2026-07-14 20:26:46",25.9,0.638579,3.19373,5.5758,0.64909091,-0.01108788,0.376556,-0.031854,0.4837,0.17935,0.33696,200,100,dp,22,184,10,1,random
1689,OI,6,"2026-07-14 20:26:51",31.1,0.657618,3.39015,5.5758,0.66484849,-0.01402424,0.438723,-0.023142,0.45109,0.26087,0.28804,200,100,dp,22,184,10,1,random
1690,OI,7,"2026-07-14 20:26:58",38.1,0.677015,3.6152,5.5455,0.67469697,0.00228485,0.574103,-0.00802,0.42077,0.26776,0.31148,200,100,dp,22,183,10,1,random
1691,OI,8,"2026-07-14 20:27:05",45.1,0.696173,3.84518,5.4848,0.69818182,-0.00397576,0.583833,-0.014557,0.39227,0.26519,0.34254,200,100,dp,22,181,10,1,random
1692,OI,9,"2026-07-14 20:27:12",52.1,0.71237,4.04809,5.4545,0.72484849,-0.01912727,0.580119,-0.026872,0.36111,0.3,0.33889,200,100,dp,22,180,10,1,random
1693,OI,10,"2026-07-14 20:27:19",59.3,0.727952,4.26675,5.4545,0.72530303,0.00479091,0.650474,-0.005214,0.32222,0.36667,0.31111,200,100,dp,22,180,10,1,random
1694,OI,11,"2026-07-14 20:27:26",66.4,0.742167,4.48248,5.4545,0.75348485,-0.01421515,0.724701,-0.022994,0.3,0.38889,0.31111,200,100,dp,22,180,10,1,random
1695,OI,12,"2026-07-14 20:27:33",73.4,0.752767,4.65219,5.4545,0.76560606,-0.01826364,0.811443,-0.022141,0.25556,0.49444,0.25,200,100,dp,22,180,10,1,random
1696,OI,13,"2026-07-14 20:27:40",80.3,0.760458,4.79206,5.4545,0.76666667,-0.01113939,0.978199,-0.011301,0.19444,0.63333,0.17222,200,100,dp,22,180,10,1,random
1697,OI,14,"2026-07-14 20:27:47",87.3,0.768209,4.94401,5.4545,0.77348485,-0.00632727,1.16758,-0.009916,0.15,0.7,0.15,200,100,dp,22,180,10,1,random
1698,OI,15,"2026-07-14 20:27:54",94.3,0.773336,5.0502,5.4545,0.77212121,0.00164242,1.14852,-0.000154,0.13333,0.79444,0.07222,200,100,dp,22,180,10,1,random
1699,OI,16,"2026-07-14 20:28:01",101.2,0.776648,5.12238,5.4545,0.77333333,0.00536364,1.87883,0.003962,0.11667,0.75556,0.12778,200,100,dp,22,180,10,1,random
1700,OI,17,"2026-07-14 20:28:08",108.4,0.778897,5.19257,5.4545,0.78424243,-0.00803636,1.31304,-0.006967,0.06111,0.85,0.08889,200,100,dp,22,180,10,1,random
1701,OI,18,"2026-07-14 20:28:15",115.5,0.780858,5.25189,5.4545,0.77969697,-0.00050909,1.2318,0.001508,0.06667,0.88333,0.05,200,100,dp,22,180,10,1,random
1702,OI,19,"2026-07-14 20:28:23",122.5,0.781855,5.26556,5.4545,0.78075757,0.00276667,1.79279,0.002159,0.05,0.88333,0.06667,200,100,dp,22,180,10,1,random
1703,OI,20,"2026-07-14 20:28:30",129.7,0.783055,5.29824,5.4545,0.78727273,-0.00430303,1.59514,-0.004616,0.02778,0.9,0.07222,200,100,dp,22,180,10,1,random
1704,IR,1,"2026-07-14 20:28:39",5.3,0.513403,2.35203,5.7879,0.57333333,-0.107,0.243215,-0.122943,0.62304,0.10471,0.27225,200,100,dp,22,191,10,1,random
1705,IR,2,"2026-07-14 20:28:44",10.2,0.522176,2.38972,5.6364,0.58575757,-0.11566364,0.274631,-0.129296,0.61828,0.10215,0.27957,200,100,dp,22,186,10,1,random
1706,IR,3,"2026-07-14 20:28:49",15.1,0.527955,2.40814,5.5758,0.59136364,-0.10594545,0.275295,-0.123878,0.60326,0.10326,0.29348,200,100,dp,22,184,10,1,random
1707,IR,4,"2026-07-14 20:28:54",20,0.537206,2.45672,5.3939,0.60833334,-0.12295455,0.269256,-0.140151,0.59551,0.10674,0.29775,200,100,dp,22,178,10,1,random
1708,IR,5,"2026-07-14 20:28:59",25,0.546997,2.49791,5.3333,0.61727273,-0.12030303,0.286746,-0.136641,0.57955,0.10227,0.31818,200,100,dp,22,176,10,1,random
1709,IR,6,"2026-07-14 20:29:04",29.9,0.556715,2.54954,5.2727,0.62924242,-0.12513636,0.277803,-0.138174,0.56897,0.10345,0.32759,200,100,dp,22,174,10,1,random
1710,IR,7,"2026-07-14 20:29:11",36.6,0.565676,2.58715,5.2424,0.63954546,-0.12689697,0.279961,-0.137773,0.54913,0.12139,0.32948,200,100,dp,22,173,10,1,random
1711,IR,8,"2026-07-14 20:29:17",43.3,0.576048,2.64045,5.1818,0.64545455,-0.11680606,0.286818,-0.128777,0.54386,0.1345,0.32164,200,100,dp,22,171,10,1,random
1712,IR,9,"2026-07-14 20:29:24",50.3,0.585903,2.68568,5.1515,0.65424242,-0.11178182,0.317396,-0.1244,0.53529,0.12353,0.34118,200,100,dp,22,170,10,1,random
1713,IR,10,"2026-07-14 20:29:31",57.3,0.592694,2.72207,5.1515,0.67045455,-0.12980909,0.302965,-0.136252,0.53529,0.12353,0.34118,200,100,dp,22,170,10,1,random
1714,IR,11,"2026-07-14 20:29:38",64.3,0.599691,2.76139,5.1515,0.67696969,-0.12639091,0.306512,-0.133972,0.54118,0.11176,0.34706,200,100,dp,22,170,10,1,random
1715,IR,12,"2026-07-14 20:29:45",71.2,0.604179,2.78025,5.1515,0.67621212,-0.11698788,0.302951,-0.121796,0.53529,0.11765,0.34706,200,100,dp,22,170,10,1,random
1716,IR,13,"2026-07-14 20:29:52",77.9,0.61093,2.82063,5.1515,0.68818182,-0.12532121,0.309988,-0.13123,0.53529,0.11176,0.35294,200,100,dp,22,170,10,1,random
1717,IR,14,"2026-07-14 20:29:58",84.5,0.613,2.83362,4.9697,0.68560606,-0.11948182,0.30135,-0.118621,0.53049,0.11585,0.35366,200,100,dp,22,164,10,1,random
1718,IR,15,"2026-07-14 20:30:06",91.7,0.616215,2.84978,4.9091,0.69075757,-0.12264545,0.347495,-0.122806,0.51852,0.14198,0.33951,200,100,dp,22,162,10,1,random
1719,IR,16,"2026-07-14 20:30:13",98.8,0.62417,2.90113,4.8788,0.6978788,-0.12049091,0.412652,-0.12364,0.50311,0.16149,0.3354,200,100,dp,22,161,10,1,random
1720,IR,17,"2026-07-14 20:30:20",105.9,0.630085,2.95242,4.8788,0.70484849,-0.11812121,0.431026,-0.122566,0.48447,0.18012,0.3354,200,100,dp,22,161,10,1,random
1721,IR,18,"2026-07-14 20:30:27",112.9,0.638615,3.0176,4.8788,0.71484849,-0.12305152,0.450599,-0.125073,0.47205,0.19255,0.3354,200,100,dp,22,161,10,1,random
1722,IR,19,"2026-07-14 20:30:34",119.7,0.642821,3.04822,4.8788,0.72409091,-0.12864242,0.452544,-0.128829,0.47205,0.17391,0.35404,200,100,dp,22,161,10,1,random
1723,IR,20,"2026-07-14 20:30:41",126.6,0.647152,3.0821,4.8182,0.73469697,-0.1375697,0.433706,-0.137675,0.4717,0.18239,0.34591,200,100,dp,22,159,10,1,random
1724,AGR,1,"2026-07-14 20:30:49",7.4,0.523448,2.42925,5.697,0.48348485,0.07398485,0.257565,0.063902,0.60106,0.10638,0.29255,200,100,dp,22,188,10,1,random
1725,AGR,2,"2026-07-14 20:30:57",14.7,0.542309,2.55813,5.6364,0.49439394,0.08390303,0.277967,0.076596,0.58602,0.10753,0.30645,200,100,dp,22,186,10,1,random
1726,AGR,3,"2026-07-14 20:31:04",21.7,0.559152,2.69133,5.6061,0.51409091,0.07003939,0.285129,0.069817,0.57297,0.10811,0.31892,200,100,dp,22,185,10,1,random
1727,AGR,4,"2026-07-14 20:31:11",28.8,0.576503,2.84684,5.5455,0.53924242,0.07136667,0.304707,0.053453,0.55191,0.10929,0.3388,200,100,dp,22,183,10,1,random
1728,AGR,5,"2026-07-14 20:31:18",36,0.59283,2.99221,5.4545,0.55757576,0.05726667,0.311433,0.048801,0.52222,0.12222,0.35556,200,100,dp,22,180,10,1,random
1729,AGR,6,"2026-07-14 20:31:25",43.4,0.612194,3.16636,5.4545,0.56530304,0.06862121,0.328588,0.065127,0.51111,0.12222,0.36667,200,100,dp,22,180,10,1,random
1730,AGR,7,"2026-07-14 20:31:34",52.3,0.62873,3.31442,5.4242,0.57984848,0.07297576,0.343693,0.068495,0.49162,0.15084,0.35754,200,100,dp,22,179,10,1,random
1731,AGR,8,"2026-07-14 20:31:43",61.1,0.643485,3.47148,5.4242,0.59803031,0.07179394,0.394039,0.06275,0.4581,0.20112,0.34078,200,100,dp,22,179,10,1,random
1732,AGR,9,"2026-07-14 20:31:52",70.4,0.658536,3.64485,5.3939,0.61484849,0.06199394,0.443827,0.057737,0.44944,0.18539,0.36517,200,100,dp,22,178,10,1,random
1733,AGR,10,"2026-07-14 20:32:02",79.7,0.672791,3.82217,5.3939,0.62287879,0.0750303,0.451774,0.066643,0.42135,0.21348,0.36517,200,100,dp,22,178,10,1,random
1734,AGR,11,"2026-07-14 20:32:11",89,0.687236,4.01167,5.3939,0.6519697,0.05450606,0.487879,0.043155,0.40449,0.24157,0.35393,200,100,dp,22,178,10,1,random
1735,AGR,12,"2026-07-14 20:32:20",98.4,0.700355,4.20557,5.3939,0.65439394,0.06455455,0.553408,0.058364,0.36517,0.26966,0.36517,200,100,dp,22,178,10,1,random
1736,AGR,13,"2026-07-14 20:32:30",107.7,0.712633,4.34988,5.3939,0.66424242,0.06989697,0.560394,0.061492,0.33708,0.32584,0.33708,200,100,dp,22,178,10,1,random
1737,AGR,14,"2026-07-14 20:32:39",116.9,0.724212,4.49505,5.3939,0.67318181,0.07257273,0.640357,0.064687,0.31461,0.36517,0.32022,200,100,dp,22,178,10,1,random
1738,AGR,15,"2026-07-14 20:32:48",126.2,0.733645,4.62383,5.3939,0.68545455,0.06599394,0.688927,0.060967,0.2809,0.4382,0.2809,200,100,dp,22,178,10,1,random
1739,AGR,16,"2026-07-14 20:32:57",135.5,0.744045,4.75902,5.3939,0.70272727,0.05871212,0.786497,0.050512,0.24157,0.52247,0.23596,200,100,dp,22,178,10,1,random
1740,AGR,17,"2026-07-14 20:33:07",144.8,0.752015,4.88799,5.3939,0.69772727,0.07449394,0.901681,0.068711,0.2191,0.6236,0.1573,200,100,dp,22,178,10,1,random
1741,AGR,18,"2026-07-14 20:33:16",154.2,0.758418,4.98581,5.3939,0.71075758,0.06871818,1.17625,0.05994,0.19101,0.6573,0.15169,200,100,dp,22,178,10,1,random
1742,AGR,19,"2026-07-14 20:33:26",163.5,0.764015,5.059,5.3939,0.71272727,0.0698,1.16462,0.064812,0.13483,0.7809,0.08427,200,100,dp,22,178,10,1,random
1743,AGR,20,"2026-07-14 20:33:35",172.8,0.769073,5.12062,5.3939,0.72166667,0.06389697,1.38945,0.059855,0.10674,0.82022,0.07303,200,100,dp,22,178,10,1,random
1744,RANDOM,1,"2026-07-14 20:33:44",5,0.501779,2.30239,5.7879,0.50393939,-0.00585758,0.229225,0.001617,0.6178,0.10995,0.27225,200,100,dp,22,191,10,1,random
1745,RANDOM,2,"2026-07-14 20:33:49",9.5,0.498642,2.29235,5.6364,0.50166667,-0.00026061,0.244818,-0.000659,0.60753,0.11828,0.27419,200,100,dp,22,186,10,1,random
1746,RANDOM,3,"2026-07-14 20:33:53",14,0.50057,2.30625,5.4545,0.5019697,-0.00532424,0.255443,-0.001738,0.58889,0.12778,0.28333,200,100,dp,22,180,10,1,random
1747,RANDOM,4,"2026-07-14 20:33:58",18.4,0.50043,2.31003,5.3333,0.50060606,0.00636061,0.253545,0.002133,0.60227,0.11364,0.28409,200,100,dp,22,176,10,1,random
1748,RANDOM,5,"2026-07-14 20:34:02",23,0.500764,2.32543,5.1818,0.4989394,0.00809697,0.268721,0.005172,0.5731,0.12865,0.29825,200,100,dp,22,171,10,1,random
1749,RANDOM,6,"2026-07-14 20:34:07",27.6,0.498588,2.31446,5.1212,0.50409091,-0.01722424,0.255715,-0.005643,0.57396,0.13018,0.29586,200,100,dp,22,169,10,1,random
1750,RANDOM,7,"2026-07-14 20:34:13",33.7,0.496285,2.3082,5.0303,0.49954545,-0.00742121,0.263397,-0.000874,0.58434,0.11446,0.3012,200,100,dp,22,166,10,1,random
1751,RANDOM,8,"2026-07-14 20:34:19",39.9,0.490161,2.28765,4.9697,0.48651515,0.00464545,0.255335,0.016944,0.57317,0.12195,0.30488,200,100,dp,22,164,10,1,random
1752,RANDOM,9,"2026-07-14 20:34:26",46.4,0.488003,2.27325,4.9091,0.48272727,0.0122697,0.256449,0.014749,0.57407,0.11728,0.30864,200,100,dp,22,162,10,1,random
1753,RANDOM,10,"2026-07-14 20:34:32",52.7,0.486327,2.26128,4.8182,0.48742424,-0.00694848,0.254119,0.002562,0.59119,0.10063,0.30818,200,100,dp,22,159,10,1,random
1754,RANDOM,11,"2026-07-14 20:34:38",59.1,0.481279,2.24067,4.697,0.48060606,-0.00269697,0.266806,0.009958,0.58065,0.11613,0.30323,200,100,dp,22,155,10,1,random
1755,RANDOM,12,"2026-07-14 20:34:45",65.5,0.483327,2.24932,4.6061,0.48712121,-0.00833125,0.292467,-0.006801,0.58553,0.11184,0.30263,200,100,dp,22,152,10,1,random
1756,RANDOM,13,"2026-07-14 20:34:51",71.8,0.479294,2.22935,4.4848,0.48575757,-0.0095875,0.322562,-0.006583,0.57432,0.13514,0.29054,200,100,dp,22,148,10,1,random
1757,RANDOM,14,"2026-07-14 20:34:57",78.1,0.480148,2.23148,4.4545,0.47378788,0.01601875,0.356932,0.01596,0.57143,0.13605,0.29252,200,100,dp,22,147,10,1,random
1758,RANDOM,15,"2026-07-14 20:35:04",84.5,0.479291,2.23235,4.4545,0.47712122,0.0011,0.350904,0.008462,0.57143,0.13605,0.29252,200,100,dp,22,147,10,1,random
1759,RANDOM,16,"2026-07-14 20:35:10",90.9,0.47593,2.21792,4.3939,0.47787879,-0.00871562,0.349712,0.002702,0.57241,0.13103,0.29655,200,100,dp,22,145,10,1,random
1760,RANDOM,17,"2026-07-14 20:35:17",97.3,0.475758,2.2153,4.303,0.47969697,-0.01040625,0.347645,-0.005445,0.56338,0.1338,0.30282,200,100,dp,22,142,10,1,random
1761,RANDOM,18,"2026-07-14 20:35:23",103.9,0.477588,2.21056,4.2727,0.47621212,-0.00499062,0.351595,0.004833,0.56738,0.13475,0.29787,200,100,dp,22,141,10,1,random
1762,RANDOM,19,"2026-07-14 20:35:30",110.5,0.476609,2.21204,4.2121,0.47621212,-0.00041875,0.363055,0.005029,0.55396,0.13669,0.30935,200,100,dp,22,139,10,1,random
1763,RANDOM,20,"2026-07-14 20:35:36",117,0.479894,2.2286,4.2121,0.47909091,-0.003625,0.354888,0.000723,0.53957,0.15108,0.30935,200,100,dp,22,139,10,1,random
1764,OI,1,"2026-07-14 20:35:54",5.4,0.535906,2.49696,5.4848,0.5419697,-0.011,0.281421,-0.030872,0.55801,0.1105,0.33149,200,100,dp,23,181,10,1,random
1765,OI,2,"2026-07-14 20:35:59",10.3,0.564079,2.65814,5.4545,0.56257576,0.00341515,0.278718,-0.019052,0.54444,0.12778,0.32778,200,100,dp,23,180,10,1,random
1766,OI,3,"2026-07-14 20:36:04",15.1,0.590339,2.84869,5.3939,0.59333334,-0.00505455,0.334504,-0.024256,0.51124,0.14045,0.34831,200,100,dp,23,178,10,1,random
1767,OI,4,"2026-07-14 20:36:08",20,0.618812,3.05492,5.3939,0.61590909,0.00307576,0.360453,-0.014733,0.48315,0.16292,0.35393,200,100,dp,23,178,10,1,random
1768,OI,5,"2026-07-14 20:36:13",25,0.640542,3.24339,5.3939,0.64484849,-0.00988788,0.396954,-0.021183,0.44382,0.19663,0.35955,200,100,dp,23,178,10,1,random
1769,OI,6,"2026-07-14 20:36:18",30.1,0.66197,3.45117,5.3939,0.66287879,-0.00456667,0.423052,-0.015395,0.41573,0.23596,0.34831,200,100,dp,23,178,10,1,random
1770,OI,7,"2026-07-14 20:36:25",36.7,0.679703,3.63751,5.3636,0.68439394,-0.00870909,0.497039,-0.017959,0.38983,0.29379,0.31638,200,100,dp,23,177,10,1,random
1771,OI,8,"2026-07-14 20:36:32",43.4,0.695327,3.8267,5.3636,0.69909091,-0.0071,0.609769,-0.014375,0.35028,0.33898,0.31073,200,100,dp,23,177,10,1,random
1772,OI,9,"2026-07-14 20:36:39",50.7,0.714461,4.04102,5.3333,0.72772727,-0.01922727,0.636893,-0.02966,0.32386,0.39205,0.28409,200,100,dp,23,176,10,1,random
1773,OI,10,"2026-07-14 20:36:46",58,0.729706,4.23185,5.3333,0.73863637,-0.01362727,0.732713,-0.020408,0.28977,0.39205,0.31818,200,100,dp,23,176,10,1,random
1774,OI,11,"2026-07-14 20:36:54",65.2,0.741418,4.39742,5.3333,0.73515152,0.00816364,0.717872,0.002271,0.26705,0.47727,0.25568,200,100,dp,23,176,10,1,random
1775,OI,12,"2026-07-14 20:37:01",72.2,0.751779,4.53057,5.3333,0.75333334,-0.00309394,0.882962,-0.006821,0.26136,0.46591,0.27273,200,100,dp,23,176,10,1,random
1776,OI,13,"2026-07-14 20:37:08",79.4,0.760558,4.68238,5.3333,0.76075757,0.00073636,0.92697,-0.004211,0.19318,0.56818,0.23864,200,100,dp,23,176,10,1,random
1777,OI,14,"2026-07-14 20:37:15",86.4,0.7674,4.797,5.3333,0.77318182,-0.00729394,0.929308,-0.010378,0.15909,0.67045,0.17045,200,100,dp,23,176,10,1,random
1778,OI,15,"2026-07-14 20:37:22",93.4,0.773158,4.91945,5.3333,0.78318182,-0.01277879,1.09957,-0.0149,0.13068,0.75568,0.11364,200,100,dp,23,176,10,1,random
1779,OI,16,"2026-07-14 20:37:29",100.5,0.777673,5.02725,5.3333,0.78,-0.00445758,1.35674,-0.004202,0.09091,0.80682,0.10227,200,100,dp,23,176,10,1,random
1780,OI,17,"2026-07-14 20:37:36",107.4,0.7797,5.08928,5.3333,0.78590909,-0.00679394,1.3645,-0.007799,0.10227,0.81818,0.07955,200,100,dp,23,176,10,1,random
1781,OI,18,"2026-07-14 20:37:43",114.5,0.7811,5.13384,5.3333,0.77757576,0.00521818,1.9788,0.00541,0.05682,0.86932,0.07386,200,100,dp,23,176,10,1,random
1782,OI,19,"2026-07-14 20:37:50",121.6,0.782342,5.16186,5.3333,0.78848484,-0.00811212,1.55094,-0.006837,0.05682,0.86932,0.07386,200,100,dp,23,176,10,1,random
1783,OI,20,"2026-07-14 20:37:57",128.8,0.783682,5.19501,5.3333,0.78,0.00520303,1.507,0.005396,0.03977,0.93182,0.02841,200,100,dp,23,176,10,1,random
1784,IR,1,"2026-07-14 20:38:06",5,0.52077,2.38748,5.5152,0.58363637,-0.11223939,0.242849,-0.12989,0.60989,0.07692,0.31319,200,100,dp,23,182,10,1,random
1785,IR,2,"2026-07-14 20:38:11",9.7,0.52743,2.41475,5.4242,0.58878788,-0.11101818,0.238843,-0.121149,0.59218,0.09497,0.31285,200,100,dp,23,179,10,1,random
1786,IR,3,"2026-07-14 20:38:15",14.4,0.536279,2.44764,5.3333,0.60515151,-0.12294242,0.25018,-0.135382,0.58523,0.09659,0.31818,200,100,dp,23,176,10,1,random
1787,IR,4,"2026-07-14 20:38:20",19,0.550085,2.51947,5.2121,0.61712121,-0.1152394,0.263555,-0.133784,0.56977,0.08721,0.34302,200,100,dp,23,172,10,1,random
1788,IR,5,"2026-07-14 20:38:25",23.7,0.558233,2.55076,5.1515,0.6289394,-0.1223,0.251147,-0.133429,0.58235,0.07059,0.34706,200,100,dp,23,170,10,1,random
1789,IR,6,"2026-07-14 20:38:29",28.3,0.567918,2.59358,5.0909,0.6380303,-0.11517879,0.271787,-0.131007,0.57143,0.08333,0.34524,200,100,dp,23,168,10,1,random
1790,IR,7,"2026-07-14 20:38:36",34.9,0.5763,2.63692,5,0.64878788,-0.12219091,0.287695,-0.132083,0.54545,0.10303,0.35152,200,100,dp,23,165,10,1,random
1791,IR,8,"2026-07-14 20:38:42",41.3,0.583561,2.672,4.9394,0.65151515,-0.11353939,0.293458,-0.121682,0.54601,0.09816,0.35583,200,100,dp,23,163,10,1,random
1792,IR,9,"2026-07-14 20:38:49",47.9,0.591824,2.71843,4.8788,0.66848485,-0.12762121,0.31071,-0.135596,0.52174,0.12422,0.35404,200,100,dp,23,161,10,1,random
1793,IR,10,"2026-07-14 20:38:55",54.4,0.598485,2.74536,4.8788,0.6740909,-0.12537273,0.324226,-0.131301,0.51553,0.12422,0.36025,200,100,dp,23,161,10,1,random
1794,IR,11,"2026-07-14 20:39:02",60.9,0.60623,2.7891,4.8788,0.67575758,-0.11711212,0.319795,-0.120037,0.50932,0.13043,0.36025,200,100,dp,23,161,10,1,random
1795,IR,12,"2026-07-14 20:39:09",67.6,0.613182,2.82861,4.8182,0.68666667,-0.12014848,0.329506,-0.124446,0.50943,0.11321,0.37736,200,100,dp,23,159,10,1,random
1796,IR,13,"2026-07-14 20:39:15",74.2,0.616061,2.84253,4.7576,0.68590909,-0.11218485,0.31896,-0.114787,0.50955,0.12102,0.36943,200,100,dp,23,157,10,1,random
1797,IR,14,"2026-07-14 20:39:22",80.8,0.6215,2.86224,4.7576,0.69954545,-0.12522424,0.350853,-0.129129,0.49682,0.12102,0.38217,200,100,dp,23,157,10,1,random
1798,IR,15,"2026-07-14 20:39:29",87.5,0.628745,2.90132,4.7273,0.705,-0.12171818,0.337482,-0.126303,0.49359,0.12179,0.38462,200,100,dp,23,156,10,1,random
1799,IR,16,"2026-07-14 20:39:35",94.1,0.6363,2.95196,4.7273,0.71227273,-0.12306667,0.351832,-0.124167,0.5,0.11538,0.38462,200,100,dp,23,156,10,1,random
1800,IR,17,"2026-07-14 20:39:42",100.8,0.642791,3.00111,4.7273,0.72878788,-0.13714545,0.367889,-0.138255,0.49359,0.11538,0.39103,200,100,dp,23,156,10,1,random
1801,IR,18,"2026-07-14 20:39:48",107.4,0.645358,3.01279,4.7273,0.72242424,-0.12527879,0.356544,-0.120413,0.49359,0.12821,0.37821,200,100,dp,23,156,10,1,random
1802,IR,19,"2026-07-14 20:39:55",114,0.6488,3.04137,4.7273,0.72439394,-0.12078788,0.384243,-0.118369,0.49359,0.11538,0.39103,200,100,dp,23,156,10,1,random
1803,IR,20,"2026-07-14 20:40:02",121.1,0.651715,3.05634,4.7273,0.72666666,-0.11778788,0.36453,-0.116084,0.48077,0.13462,0.38462,200,100,dp,23,156,10,1,random
1804,AGR,1,"2026-07-14 20:40:11",8.1,0.533761,2.47178,5.5455,0.48818182,0.07292424,0.26331,0.068941,0.59563,0.0929,0.31148,200,100,dp,23,183,10,1,random
1805,AGR,2,"2026-07-14 20:40:20",17.1,0.555015,2.60955,5.5152,0.51727273,0.06538182,0.282057,0.053017,0.58242,0.08242,0.33516,200,100,dp,23,182,10,1,random
1806,AGR,3,"2026-07-14 20:40:30",27.1,0.576091,2.77017,5.4545,0.53651515,0.0594,0.284694,0.054454,0.54444,0.09444,0.36111,200,100,dp,23,180,10,1,random
1807,AGR,4,"2026-07-14 20:40:40",36.7,0.595536,2.94301,5.4242,0.54060606,0.08597576,0.283892,0.080346,0.53073,0.12291,0.34637,200,100,dp,23,179,10,1,random
1808,AGR,5,"2026-07-14 20:40:50",47.1,0.614921,3.12242,5.4242,0.56787879,0.06827576,0.344211,0.064525,0.49162,0.14525,0.36313,200,100,dp,23,179,10,1,random
1809,AGR,6,"2026-07-14 20:40:59",55.4,0.633106,3.31852,5.4242,0.58499999,0.0727303,0.345776,0.064706,0.48045,0.15084,0.36872,200,100,dp,23,179,10,1,random
1810,AGR,7,"2026-07-14 20:41:09",65.4,0.649861,3.51288,5.4242,0.61484849,0.04718788,0.377212,0.0443,0.44693,0.17877,0.3743,200,100,dp,23,179,10,1,random
1811,AGR,8,"2026-07-14 20:41:19",76.1,0.663518,3.67732,5.4242,0.61606061,0.06713939,0.39981,0.064036,0.43017,0.20112,0.36872,200,100,dp,23,179,10,1,random
1812,AGR,9,"2026-07-14 20:41:29",86.2,0.679455,3.86064,5.4242,0.63651515,0.06331515,0.444331,0.054178,0.41341,0.20112,0.38547,200,100,dp,23,179,10,1,random
1813,AGR,10,"2026-07-14 20:41:39",96.4,0.693082,4.04267,5.4242,0.65439394,0.05721515,0.467337,0.04881,0.37989,0.26816,0.35196,200,100,dp,23,179,10,1,random
1814,AGR,11,"2026-07-14 20:41:50",106.6,0.705824,4.2008,5.4242,0.65848485,0.0726697,0.539269,0.059977,0.35196,0.31285,0.3352,200,100,dp,23,179,10,1,random
1815,AGR,12,"2026-07-14 20:42:00",117,0.71653,4.34113,5.4242,0.67954546,0.05454242,0.613313,0.046278,0.32402,0.36872,0.30726,200,100,dp,23,179,10,1,random
1816,AGR,13,"2026-07-14 20:42:11",127.5,0.726215,4.46105,5.4242,0.67090909,0.07648788,0.685064,0.071335,0.29609,0.40223,0.30168,200,100,dp,23,179,10,1,random
1817,AGR,14,"2026-07-14 20:42:21",137.7,0.734406,4.56025,5.4242,0.68136364,0.0738697,0.718875,0.067956,0.28492,0.4581,0.25698,200,100,dp,23,179,10,1,random
1818,AGR,15,"2026-07-14 20:42:31",147.5,0.743979,4.67943,5.4242,0.70287879,0.05752121,0.854754,0.050585,0.26257,0.48603,0.2514,200,100,dp,23,179,10,1,random
1819,AGR,16,"2026-07-14 20:42:41",157.6,0.753291,4.82046,5.4242,0.70287879,0.07094545,0.908126,0.062482,0.2067,0.57542,0.21788,200,100,dp,23,179,10,1,random
1820,AGR,17,"2026-07-14 20:42:51",167.5,0.759373,4.90867,5.4242,0.71121212,0.06591212,0.944615,0.060596,0.17318,0.64804,0.17877,200,100,dp,23,179,10,1,random
1821,AGR,18,"2026-07-14 20:43:01",177.8,0.766033,5.00816,5.4242,0.72742424,0.05234242,1.04854,0.047692,0.15084,0.69832,0.15084,200,100,dp,23,179,10,1,random
1822,AGR,19,"2026-07-14 20:43:11",188.1,0.772858,5.11671,5.4242,0.72257576,0.06908788,1.16479,0.062299,0.13966,0.75419,0.10615,200,100,dp,23,179,10,1,random
1823,AGR,20,"2026-07-14 20:43:22",198.8,0.777536,5.19349,5.4242,0.73575757,0.05550909,1.44409,0.052043,0.10615,0.83799,0.05587,200,100,dp,23,179,10,1,random
1824,RANDOM,1,"2026-07-14 20:43:36",9.3,0.509955,2.35233,5.4545,0.51878788,-0.01732424,0.232031,-0.013402,0.6,0.08889,0.31111,200,100,dp,23,180,10,1,random
1825,RANDOM,2,"2026-07-14 20:43:43",16.7,0.507855,2.34377,5.2727,0.5180303,-0.01205152,0.218605,-0.014856,0.58621,0.1092,0.3046,200,100,dp,23,174,10,1,random
1826,RANDOM,3,"2026-07-14 20:43:50",23.2,0.502585,2.32826,5.1212,0.50348485,-0.00573939,0.239272,0.006641,0.57988,0.11834,0.30178,200,100,dp,23,169,10,1,random
1827,RANDOM,4,"2026-07-14 20:43:55",28.4,0.500709,2.3125,5,0.50166666,0.00150303,0.25712,0.002339,0.57576,0.10909,0.31515,200,100,dp,23,165,10,1,random
1828,RANDOM,5,"2026-07-14 20:44:00",33.7,0.500351,2.31641,4.8182,0.50712121,-0.00413939,0.248454,-0.010709,0.56604,0.1195,0.31447,200,100,dp,23,159,10,1,random
1829,RANDOM,6,"2026-07-14 20:44:05",38.9,0.503212,2.32148,4.7576,0.49484849,0.01346364,0.270266,0.017389,0.58599,0.09554,0.31847,200,100,dp,23,157,10,1,random
1830,RANDOM,7,"2026-07-14 20:44:12",45.9,0.505567,2.32911,4.7576,0.50333333,0.00530909,0.279184,0.005784,0.57962,0.11465,0.30573,200,100,dp,23,157,10,1,random
1831,RANDOM,8,"2026-07-14 20:44:19",52.8,0.503858,2.32758,4.7273,0.50439394,-0.00114242,0.289749,0.004519,0.58974,0.10897,0.30128,200,100,dp,23,156,10,1,random
1832,RANDOM,9,"2026-07-14 20:44:26",59.8,0.503248,2.31793,4.697,0.5069697,-0.00449394,0.299648,-0.003807,0.5871,0.10968,0.30323,200,100,dp,23,155,10,1,random
1833,RANDOM,10,"2026-07-14 20:44:34",66.9,0.504385,2.32701,4.6667,0.5110606,-0.00747273,0.304128,-0.011015,0.57143,0.11039,0.31818,200,100,dp,23,154,10,1,random
1834,RANDOM,11,"2026-07-14 20:44:41",74.3,0.506358,2.33801,4.5455,0.51469697,-0.00384545,0.291698,-0.016704,0.56667,0.11333,0.32,200,100,dp,23,150,10,1,random
1835,RANDOM,12,"2026-07-14 20:44:48",81.7,0.509842,2.34992,4.5455,0.51333333,-0.01159697,0.306755,-0.007454,0.58,0.08,0.34,200,100,dp,23,150,10,1,random
1836,RANDOM,13,"2026-07-14 20:44:56",89.2,0.512042,2.3618,4.4848,0.51787879,-0.01018788,0.282853,-0.010154,0.56081,0.09459,0.34459,200,100,dp,23,148,10,1,random
1837,RANDOM,14,"2026-07-14 20:45:03",96.5,0.512173,2.36193,4.4545,0.51590909,-0.01761515,0.271123,-0.004579,0.57143,0.08844,0.34014,200,100,dp,23,147,10,1,random
1838,RANDOM,15,"2026-07-14 20:45:10",103.6,0.511497,2.35551,4.3939,0.50666666,0.0100303,0.281994,0.012785,0.57241,0.08966,0.33793,200,100,dp,23,145,10,1,random
1839,RANDOM,16,"2026-07-14 20:45:17",110.5,0.510145,2.3453,4.3939,0.51575758,-0.00909697,0.292113,-0.006884,0.57241,0.09655,0.33103,200,100,dp,23,145,10,1,random
1840,RANDOM,17,"2026-07-14 20:45:24",117.3,0.508912,2.33924,4.3636,0.50969697,0.00245758,0.308546,0.001784,0.5625,0.10417,0.33333,200,100,dp,23,144,10,1,random
1841,RANDOM,18,"2026-07-14 20:45:31",124.3,0.508612,2.34431,4.3333,0.49909091,0.01564849,0.302472,0.022442,0.55245,0.11189,0.33566,200,100,dp,23,143,10,1,random
1842,RANDOM,19,"2026-07-14 20:45:38",131.4,0.506755,2.33634,4.3333,0.50439394,0.00976364,0.300367,0.008571,0.56643,0.1049,0.32867,200,100,dp,23,143,10,1,random
1843,RANDOM,20,"2026-07-14 20:45:45",138.5,0.507206,2.34027,4.3333,0.51121212,-0.0002,0.306903,-0.005849,0.54545,0.12587,0.32867,200,100,dp,23,143,10,1,random
1844,OI,1,"2026-07-14 20:46:51",6.2,0.532767,2.45853,6.0909,0.54621212,-0.02475455,0.262439,-0.048649,0.60199,0.0995,0.29851,200,100,dp,24,201,10,1,random
1845,OI,2,"2026-07-14 20:46:57",11.9,0.561545,2.61398,5.9697,0.57151515,-0.01568788,0.290184,-0.039592,0.56345,0.15228,0.28426,200,100,dp,24,197,10,1,random
1846,OI,3,"2026-07-14 20:47:02",17.5,0.587642,2.77743,5.8182,0.5919697,-0.00397879,0.365903,-0.027142,0.54167,0.16667,0.29167,200,100,dp,24,192,10,1,random
1847,OI,4,"2026-07-14 20:47:08",23.4,0.614015,2.95425,5.7576,0.61742424,-0.00256667,0.413015,-0.023882,0.51579,0.18421,0.3,200,100,dp,24,190,10,1,random
1848,OI,5,"2026-07-14 20:47:14",29.5,0.637009,3.1359,5.7273,0.63545455,0.0043303,0.446452,-0.012052,0.48148,0.20106,0.31746,200,100,dp,24,189,10,1,random
1849,OI,6,"2026-07-14 20:47:21",35.7,0.65863,3.341,5.7273,0.65742424,0.00065758,0.461957,-0.012034,0.44444,0.21693,0.33862,200,100,dp,24,189,10,1,random
1850,OI,7,"2026-07-14 20:47:29",44.2,0.679724,3.55873,5.7273,0.68212121,-0.00162727,0.459489,-0.016317,0.42857,0.24339,0.32804,200,100,dp,24,189,10,1,random
1851,OI,8,"2026-07-14 20:47:37",52.3,0.699085,3.75535,5.7273,0.69651516,0.00209091,0.51335,-0.007962,0.4127,0.2328,0.3545,200,100,dp,24,189,10,1,random
1852,OI,9,"2026-07-14 20:47:44",59.5,0.717361,3.98138,5.7273,0.73166667,-0.02082121,0.513162,-0.030576,0.37566,0.31746,0.30688,200,100,dp,24,189,10,1,random
1853,OI,10,"2026-07-14 20:47:51",66.6,0.732506,4.2063,5.7273,0.74090909,-0.01222424,0.6474,-0.019596,0.32804,0.37566,0.2963,200,100,dp,24,189,10,1,random
1854,OI,11,"2026-07-14 20:47:58",73.4,0.745567,4.40433,5.697,0.7530303,-0.00994545,0.689191,-0.016747,0.29255,0.43085,0.2766,200,100,dp,24,188,10,1,random
1855,OI,12,"2026-07-14 20:48:05",80.5,0.758361,4.5961,5.697,0.76196969,-0.00480909,0.767754,-0.011249,0.2766,0.45213,0.27128,200,100,dp,24,188,10,1,random
1856,OI,13,"2026-07-14 20:48:13",87.6,0.768242,4.76682,5.697,0.77787879,-0.01402727,0.827499,-0.017275,0.26064,0.50532,0.23404,200,100,dp,24,188,10,1,random
1857,OI,14,"2026-07-14 20:48:19",94.5,0.777255,4.95256,5.697,0.78969697,-0.01608788,1.02373,-0.020079,0.21809,0.56915,0.21277,200,100,dp,24,188,10,1,random
1858,OI,15,"2026-07-14 20:48:26",101.5,0.784585,5.10995,5.697,0.79348485,-0.01112121,1.06839,-0.014338,0.18085,0.60106,0.21809,200,100,dp,24,188,10,1,random
1859,OI,16,"2026-07-14 20:48:33",108.4,0.790082,5.25258,5.697,0.78484848,0.00751212,1.07481,0.004856,0.15426,0.69681,0.14894,200,100,dp,24,188,10,1,random
1860,OI,17,"2026-07-14 20:48:40",115.6,0.793988,5.3678,5.697,0.79393939,0.00068788,1.31238,-0.000833,0.12766,0.74468,0.12766,200,100,dp,24,188,10,1,random
1861,OI,18,"2026-07-14 20:48:48",122.7,0.797324,5.46233,5.697,0.81015152,-0.0174303,1.45002,-0.016611,0.07447,0.85106,0.07447,200,100,dp,24,188,10,1,random
1862,OI,19,"2026-07-14 20:48:55",129.9,0.79857,5.49861,5.697,0.8040909,-0.00743636,1.76651,-0.006181,0.07447,0.8617,0.06383,200,100,dp,24,188,10,1,random
1863,OI,20,"2026-07-14 20:49:02",137,0.799576,5.53478,5.697,0.80636364,-0.00853333,2.1955,-0.007374,0.06915,0.87234,0.05851,200,100,dp,24,188,10,1,random
1864,IR,1,"2026-07-14 20:49:12",5.6,0.515473,2.36596,5.7273,0.58015152,-0.11155758,0.224806,-0.135254,0.60317,0.11111,0.28571,200,100,dp,24,189,10,1,random
1865,IR,2,"2026-07-14 20:49:18",11,0.528642,2.42877,5.6061,0.59818182,-0.11711818,0.267201,-0.142943,0.58919,0.11892,0.29189,200,100,dp,24,185,10,1,random
1866,IR,3,"2026-07-14 20:49:23",16.3,0.539812,2.48598,5.4545,0.59909091,-0.10363939,0.281259,-0.119485,0.57222,0.12222,0.30556,200,100,dp,24,180,10,1,random
1867,IR,4,"2026-07-14 20:49:28",21.4,0.553876,2.56858,5.4242,0.62045454,-0.11571818,0.290097,-0.131251,0.54749,0.12849,0.32402,200,100,dp,24,179,10,1,random
1868,IR,5,"2026-07-14 20:49:33",26.5,0.560709,2.60399,5.3333,0.63151515,-0.12103636,0.269411,-0.131593,0.53977,0.125,0.33523,200,100,dp,24,176,10,1,random
1869,IR,6,"2026-07-14 20:49:38",31.8,0.570912,2.65068,5.2121,0.63636364,-0.10719697,0.275128,-0.122958,0.53488,0.13372,0.3314,200,100,dp,24,172,10,1,random
1870,IR,7,"2026-07-14 20:49:46",39,0.580397,2.69857,5.1212,0.65590909,-0.1252,0.300878,-0.137205,0.52071,0.14201,0.33728,200,100,dp,24,169,10,1,random
1871,IR,8,"2026-07-14 20:49:53",46.5,0.584188,2.71346,5.0303,0.65242424,-0.11197879,0.323023,-0.118839,0.53614,0.12048,0.34337,200,100,dp,24,166,10,1,random
1872,IR,9,"2026-07-14 20:50:01",54.2,0.591288,2.73968,5.0303,0.66166667,-0.1133697,0.329323,-0.124302,0.5241,0.14458,0.33133,200,100,dp,24,166,10,1,random
1873,IR,10,"2026-07-14 20:50:09",62.2,0.600679,2.78512,5.0303,0.66651515,-0.10712121,0.365068,-0.116575,0.51807,0.14458,0.33735,200,100,dp,24,166,10,1,random
1874,IR,11,"2026-07-14 20:50:16",69.7,0.608255,2.82308,5.0303,0.68393939,-0.12386667,0.359716,-0.130091,0.5241,0.13253,0.34337,200,100,dp,24,166,10,1,random
1875,IR,12,"2026-07-14 20:50:24",77.2,0.616158,2.86754,5.0303,0.69742424,-0.13150606,0.36753,-0.137512,0.51205,0.1506,0.33735,200,100,dp,24,166,10,1,random
1876,IR,13,"2026-07-14 20:50:31",84.2,0.622024,2.90468,4.9697,0.70030303,-0.12560606,0.388333,-0.12962,0.5,0.16463,0.33537,200,100,dp,24,164,10,1,random
1877,IR,14,"2026-07-14 20:50:38",91.5,0.627833,2.92313,4.9697,0.70378788,-0.12221515,0.412435,-0.124686,0.5,0.17683,0.32317,200,100,dp,24,164,10,1,random
1878,IR,15,"2026-07-14 20:50:45",98.5,0.63477,2.95537,4.9091,0.71242424,-0.12510303,0.424336,-0.127413,0.49383,0.17284,0.33333,200,100,dp,24,162,10,1,random
1879,IR,16,"2026-07-14 20:50:52",105.5,0.641285,3.00255,4.8788,0.71257575,-0.11386364,0.441638,-0.115656,0.47826,0.18012,0.34161,200,100,dp,24,161,10,1,random
1880,IR,17,"2026-07-14 20:50:59",112.5,0.646927,3.04685,4.8788,0.72484849,-0.12347273,0.441583,-0.123961,0.47205,0.19255,0.3354,200,100,dp,24,161,10,1,random
1881,IR,18,"2026-07-14 20:51:06",119.5,0.648236,3.05145,4.8788,0.72984849,-0.12831212,0.463356,-0.1258,0.47205,0.18012,0.34783,200,100,dp,24,161,10,1,random
1882,IR,19,"2026-07-14 20:51:13",126.5,0.651003,3.06051,4.8788,0.72666667,-0.11978788,0.443044,-0.117805,0.47205,0.18012,0.34783,200,100,dp,24,161,10,1,random
1883,IR,20,"2026-07-14 20:51:20",133.4,0.657482,3.11108,4.8788,0.73318181,-0.11787879,0.452869,-0.119218,0.45963,0.18012,0.36025,200,100,dp,24,161,10,1,random
1884,AGR,1,"2026-07-14 20:51:31",7.4,0.525091,2.45016,5.9394,0.47484849,0.07663333,0.238944,0.082663,0.60714,0.10204,0.29082,200,100,dp,24,196,10,1,random
1885,AGR,2,"2026-07-14 20:51:38",14.4,0.546664,2.58839,5.8485,0.50969697,0.05775758,0.284647,0.052953,0.59067,0.09845,0.31088,200,100,dp,24,193,10,1,random
1886,AGR,3,"2026-07-14 20:51:45",21.5,0.569161,2.74886,5.7273,0.5219697,0.07829697,0.295275,0.067938,0.57672,0.10582,0.31746,200,100,dp,24,189,10,1,random
1887,AGR,4,"2026-07-14 20:51:52",28.6,0.587518,2.89177,5.6667,0.53333334,0.08885758,0.322203,0.080148,0.5508,0.13369,0.31551,200,100,dp,24,187,10,1,random
1888,AGR,5,"2026-07-14 20:51:59",35.7,0.606761,3.05892,5.6667,0.56060607,0.07138182,0.359705,0.06372,0.54011,0.13369,0.3262,200,100,dp,24,187,10,1,random
1889,AGR,6,"2026-07-14 20:52:07",43,0.625539,3.22384,5.6667,0.5719697,0.08143939,0.375477,0.073807,0.51337,0.14439,0.34225,200,100,dp,24,187,10,1,random
1890,AGR,7,"2026-07-14 20:52:15",51.8,0.639315,3.38567,5.6364,0.60242425,0.0523697,0.381636,0.049897,0.47849,0.17204,0.34946,200,100,dp,24,186,10,1,random
1891,AGR,8,"2026-07-14 20:52:24",60.6,0.654961,3.55608,5.6061,0.605,0.07404848,0.40113,0.066737,0.45946,0.2,0.34054,200,100,dp,24,185,10,1,random
1892,AGR,9,"2026-07-14 20:52:33",69.6,0.66873,3.71136,5.6061,0.63136363,0.05443333,0.466849,0.048426,0.44865,0.21622,0.33514,200,100,dp,24,185,10,1,random
1893,AGR,10,"2026-07-14 20:52:42",78.8,0.683549,3.88312,5.6061,0.64060606,0.0614303,0.506095,0.054537,0.40541,0.23784,0.35676,200,100,dp,24,185,10,1,random
1894,AGR,11,"2026-07-14 20:52:52",88,0.697379,4.0462,5.6061,0.66045455,0.05283939,0.496028,0.044911,0.4,0.23784,0.36216,200,100,dp,24,185,10,1,random
1895,AGR,12,"2026-07-14 20:53:01",97.3,0.709633,4.20568,5.5758,0.66590909,0.06075151,0.518487,0.055413,0.38043,0.27717,0.34239,200,100,dp,24,184,10,1,random
1896,AGR,13,"2026-07-14 20:53:10",106.5,0.719618,4.36096,5.5758,0.68090909,0.05123636,0.593761,0.048753,0.35326,0.31522,0.33152,200,100,dp,24,184,10,1,random
1897,AGR,14,"2026-07-14 20:53:19",115.7,0.730355,4.49518,5.5758,0.67757576,0.07508485,0.647563,0.066822,0.30435,0.41304,0.28261,200,100,dp,24,184,10,1,random
1898,AGR,15,"2026-07-14 20:53:28",124.8,0.740076,4.62544,5.5758,0.70318182,0.05145758,0.720957,0.04525,0.28804,0.46196,0.25,200,100,dp,24,184,10,1,random
1899,AGR,16,"2026-07-14 20:53:38",134.2,0.74803,4.75539,5.5758,0.71075757,0.05330606,0.821546,0.046406,0.26087,0.50543,0.2337,200,100,dp,24,184,10,1,random
1900,AGR,17,"2026-07-14 20:53:47",143.5,0.754645,4.86144,5.5758,0.7,0.07458485,0.88586,0.06964,0.22283,0.58152,0.19565,200,100,dp,24,184,10,1,random
1901,AGR,18,"2026-07-14 20:53:56",152.9,0.762036,4.96292,5.5758,0.70848485,0.0717697,0.963041,0.067215,0.18478,0.63043,0.18478,200,100,dp,24,184,10,1,random
1902,AGR,19,"2026-07-14 20:54:06",162.3,0.768755,5.0683,5.5758,0.70939394,0.08196061,0.982437,0.074744,0.17391,0.67935,0.14674,200,100,dp,24,184,10,1,random
1903,AGR,20,"2026-07-14 20:54:15",171.7,0.773624,5.1574,5.5758,0.72545455,0.06707576,1.13827,0.060516,0.14674,0.71739,0.13587,200,100,dp,24,184,10,1,random
1904,RANDOM,1,"2026-07-14 20:54:24",5,0.500642,2.3168,5.9091,0.49681818,0.00771515,0.213867,0.014616,0.61026,0.11795,0.27179,200,100,dp,24,195,10,1,random
1905,RANDOM,2,"2026-07-14 20:54:28",9.5,0.495897,2.29089,5.697,0.49712121,-0.00666667,0.234988,0.005227,0.60106,0.12234,0.2766,200,100,dp,24,188,10,1,random
1906,RANDOM,3,"2026-07-14 20:54:33",13.9,0.498109,2.31371,5.4848,0.49984848,-0.00584848,0.245685,-0.001975,0.59669,0.12155,0.28177,200,100,dp,24,181,10,1,random
1907,RANDOM,4,"2026-07-14 20:54:37",18.4,0.497242,2.30698,5.4242,0.50484848,-0.01280606,0.254937,-0.010719,0.59218,0.12291,0.28492,200,100,dp,24,179,10,1,random
1908,RANDOM,5,"2026-07-14 20:54:42",23,0.494958,2.29999,5.2727,0.50378788,-0.00708182,0.252527,-0.012439,0.59195,0.12069,0.28736,200,100,dp,24,174,10,1,random
1909,RANDOM,6,"2026-07-14 20:54:46",27.5,0.489142,2.28078,5.1515,0.49075758,-0.00653636,0.25958,0.00687,0.58824,0.12353,0.28824,200,100,dp,24,170,10,1,random
1910,RANDOM,7,"2026-07-14 20:54:53",33.6,0.491394,2.29871,4.9697,0.49318182,-0.00002121,0.27236,-0.002693,0.56707,0.13415,0.29878,200,100,dp,24,164,10,1,random
1911,RANDOM,8,"2026-07-14 20:54:59",39.6,0.489867,2.30221,4.8485,0.48272728,0.01638182,0.273328,0.02017,0.55,0.14375,0.30625,200,100,dp,24,160,10,1,random
1912,RANDOM,9,"2026-07-14 20:55:05",45.9,0.489542,2.29235,4.7576,0.48772727,0.00143939,0.268627,0.007157,0.5414,0.15924,0.29936,200,100,dp,24,157,10,1,random
1913,RANDOM,10,"2026-07-14 20:55:11",52.2,0.484212,2.26593,4.6061,0.47984849,0.01029394,0.279301,0.017407,0.53947,0.16447,0.29605,200,100,dp,24,152,10,1,random
1914,RANDOM,11,"2026-07-14 20:55:18",58.7,0.482109,2.24285,4.4848,0.47075757,0.01878182,0.29866,0.028738,0.5473,0.14865,0.30405,200,100,dp,24,148,10,1,random
1915,RANDOM,12,"2026-07-14 20:55:24",65.1,0.486991,2.27124,4.4848,0.49151515,-0.00986061,0.30891,-0.010792,0.54054,0.15541,0.30405,200,100,dp,24,148,10,1,random
1916,RANDOM,13,"2026-07-14 20:55:30",71.5,0.481545,2.24437,4.4242,0.48878788,-0.01697576,0.295107,-0.006556,0.53425,0.15753,0.30822,200,100,dp,24,146,10,1,random
1917,RANDOM,14,"2026-07-14 20:55:37",77.8,0.485124,2.2687,4.3939,0.48333334,-0.0048697,0.305771,0.003335,0.54483,0.15172,0.30345,200,100,dp,24,145,10,1,random
1918,RANDOM,15,"2026-07-14 20:55:43",84.2,0.483882,2.27636,4.3333,0.47939394,0.00283636,0.316116,0.013328,0.55245,0.13287,0.31469,200,100,dp,24,143,10,1,random
1919,RANDOM,16,"2026-07-14 20:55:50",90.7,0.481827,2.25676,4.2424,0.49348485,-0.02583636,0.303094,-0.018629,0.54286,0.13571,0.32143,200,100,dp,24,140,10,1,random
1920,RANDOM,17,"2026-07-14 20:55:56",97.2,0.478533,2.24295,4.1818,0.47560606,0.00289394,0.302545,0.012516,0.56522,0.11594,0.31884,200,100,dp,24,138,10,1,random
1921,RANDOM,18,"2026-07-14 20:56:03",103.6,0.478839,2.23598,4.1515,0.47969697,-0.00042727,0.313782,0.001422,0.56204,0.11679,0.32117,200,100,dp,24,137,10,1,random
1922,RANDOM,19,"2026-07-14 20:56:09",110.3,0.478155,2.23085,4.0606,0.47545455,0.00376364,0.31188,0.009053,0.56716,0.11194,0.3209,200,100,dp,24,134,10,1,random
1923,RANDOM,20,"2026-07-14 20:56:16",117.1,0.481164,2.23428,4,0.48212121,-0.00463636,0.329013,-0.002168,0.55303,0.11364,0.33333,200,100,dp,24,132,10,1,random
1924,OI,1,"2026-07-14 20:56:36",5.4,0.536191,2.50612,6.0303,0.53075758,0.00600606,0.261542,-0.013528,0.60804,0.1005,0.29146,200,100,dp,25,199,10,1,random
1925,OI,2,"2026-07-14 20:56:41",10.2,0.566394,2.68701,5.9091,0.575,-0.01500909,0.307816,-0.04034,0.56923,0.11795,0.31282,200,100,dp,25,195,10,1,random
1926,OI,3,"2026-07-14 20:56:46",15,0.594955,2.88148,5.8182,0.59939394,-0.01029697,0.325037,-0.02834,0.53125,0.14063,0.32813,200,100,dp,25,192,10,1,random
1927,OI,4,"2026-07-14 20:56:51",20,0.621294,3.07152,5.697,0.6139394,0.01087879,0.351769,-0.006002,0.50532,0.18085,0.31383,200,100,dp,25,188,10,1,random
1928,OI,5,"2026-07-14 20:56:56",25.1,0.645121,3.26527,5.697,0.64878788,-0.00580303,0.42502,-0.022238,0.5,0.17021,0.32979,200,100,dp,25,188,10,1,random
1929,OI,6,"2026-07-14 20:57:01",30.3,0.667736,3.48527,5.6364,0.67287879,-0.00493636,0.466421,-0.022355,0.46237,0.22581,0.31183,200,100,dp,25,186,10,1,random
1930,OI,7,"2026-07-14 20:57:08",37.2,0.688249,3.69555,5.6061,0.69363636,-0.01028788,0.552882,-0.020368,0.42703,0.26486,0.30811,200,100,dp,25,185,10,1,random
1931,OI,8,"2026-07-14 20:57:15",44,0.707079,3.91711,5.6061,0.71257576,-0.00574848,0.603739,-0.019207,0.4,0.26486,0.33514,200,100,dp,25,185,10,1,random
1932,OI,9,"2026-07-14 20:57:22",50.7,0.723815,4.11817,5.5758,0.72727273,-0.00465758,0.594906,-0.014551,0.34239,0.36957,0.28804,200,100,dp,25,184,10,1,random
1933,OI,10,"2026-07-14 20:57:29",57.7,0.737255,4.308,5.5758,0.73787879,-0.00245758,0.720215,-0.007994,0.32065,0.41304,0.2663,200,100,dp,25,184,10,1,random
1934,OI,11,"2026-07-14 20:57:35",64.5,0.749158,4.48703,5.5758,0.74590909,0.00375455,0.782979,-0.002119,0.29348,0.46196,0.24457,200,100,dp,25,184,10,1,random
1935,OI,12,"2026-07-14 20:57:42",71.2,0.760794,4.67738,5.5758,0.75681818,0.00417273,0.939355,-0.000252,0.20652,0.58696,0.20652,200,100,dp,25,184,10,1,random
1936,OI,13,"2026-07-14 20:57:49",78.1,0.77037,4.83895,5.5758,0.77818182,-0.01085455,0.923643,-0.014681,0.19565,0.61413,0.19022,200,100,dp,25,184,10,1,random
1937,OI,14,"2026-07-14 20:57:56",85,0.779303,4.98629,5.5758,0.77757576,0.00244848,1.03369,-0.001713,0.15217,0.69565,0.15217,200,100,dp,25,184,10,1,random
1938,OI,15,"2026-07-14 20:58:03",91.8,0.786009,5.11615,5.5758,0.79651515,-0.0128697,1.12641,-0.01594,0.125,0.73913,0.13587,200,100,dp,25,184,10,1,random
1939,OI,16,"2026-07-14 20:58:10",98.7,0.791424,5.24257,5.5758,0.79560606,-0.0048303,1.16891,-0.007222,0.11957,0.79348,0.08696,200,100,dp,25,184,10,1,random
1940,OI,17,"2026-07-14 20:58:17",105.8,0.794585,5.31342,5.5758,0.80121212,-0.00809394,1.74334,-0.008418,0.09239,0.83152,0.07609,200,100,dp,25,184,10,1,random
1941,OI,18,"2026-07-14 20:58:24",112.7,0.795776,5.36665,5.5758,0.79439394,0.00163636,1.77881,0.00259,0.07609,0.84783,0.07609,200,100,dp,25,184,10,1,random
1942,OI,19,"2026-07-14 20:58:31",119.7,0.797509,5.41523,5.5758,0.79848485,-0.00059697,1.67046,-0.000869,0.05435,0.89674,0.04891,200,100,dp,25,184,10,1,random
1943,OI,20,"2026-07-14 20:58:38",126.7,0.798203,5.4369,5.5758,0.79969697,-0.00254242,2.04383,-0.00054,0.05978,0.90217,0.03804,200,100,dp,25,184,10,1,random
1944,IR,1,"2026-07-14 20:58:47",5.3,0.520215,2.37812,6.1515,0.59090909,-0.12411515,0.225409,-0.148885,0.63054,0.07882,0.29064,200,100,dp,25,203,10,1,random
1945,IR,2,"2026-07-14 20:58:52",10.2,0.530724,2.44428,5.8182,0.59651515,-0.1119,0.232446,-0.132901,0.61458,0.08333,0.30208,200,100,dp,25,192,10,1,random
1946,IR,3,"2026-07-14 20:58:57",15.1,0.540936,2.48532,5.6364,0.61015152,-0.11935152,0.249114,-0.136532,0.60753,0.10215,0.29032,200,100,dp,25,186,10,1,random
1947,IR,4,"2026-07-14 20:59:02",20,0.549997,2.5342,5.5455,0.62348485,-0.12769697,0.294649,-0.141413,0.59016,0.09836,0.31148,200,100,dp,25,183,10,1,random
1948,IR,5,"2026-07-14 20:59:07",25,0.562388,2.59344,5.5455,0.62939394,-0.11286667,0.281052,-0.129156,0.60109,0.07104,0.32787,200,100,dp,25,183,10,1,random
1949,IR,6,"2026-07-14 20:59:12",30.1,0.568212,2.63246,5.4242,0.64439393,-0.12765758,0.267309,-0.138059,0.56983,0.10056,0.32961,200,100,dp,25,179,10,1,random
1950,IR,7,"2026-07-14 20:59:18",36.8,0.574342,2.68748,5.3333,0.64515151,-0.11727273,0.276367,-0.127312,0.56818,0.09091,0.34091,200,100,dp,25,176,10,1,random
1951,IR,8,"2026-07-14 20:59:25",43.6,0.582115,2.72975,5.2727,0.64969697,-0.10984243,0.280067,-0.121737,0.57471,0.08046,0.34483,200,100,dp,25,174,10,1,random
1952,IR,9,"2026-07-14 20:59:32",50.5,0.589164,2.7787,5.2424,0.66166667,-0.11876061,0.297634,-0.127919,0.55491,0.10405,0.34104,200,100,dp,25,173,10,1,random
1953,IR,10,"2026-07-14 20:59:39",57.4,0.59503,2.80697,5.1818,0.66636363,-0.11406667,0.313686,-0.123723,0.54971,0.10526,0.34503,200,100,dp,25,171,10,1,random
1954,IR,11,"2026-07-14 20:59:46",64.4,0.601955,2.83804,5.1515,0.67651515,-0.11756667,0.319417,-0.128769,0.54706,0.10588,0.34706,200,100,dp,25,170,10,1,random
1955,IR,12,"2026-07-14 20:59:53",71.4,0.61107,2.88974,5.1212,0.68469697,-0.12071818,0.331893,-0.127386,0.52071,0.13018,0.34911,200,100,dp,25,169,10,1,random
1956,IR,13,"2026-07-14 21:00:00",78.6,0.615545,2.92354,5.0909,0.6889394,-0.11839697,0.330494,-0.122318,0.5119,0.13095,0.35714,200,100,dp,25,168,10,1,random
1957,IR,14,"2026-07-14 21:00:08",86.2,0.622494,2.97731,5.0606,0.69666666,-0.11276667,0.343354,-0.123911,0.50299,0.13174,0.36527,200,100,dp,25,167,10,1,random
1958,IR,15,"2026-07-14 21:00:16",94.4,0.627588,3.01973,5.0606,0.70287878,-0.11927576,0.334056,-0.122949,0.48503,0.15569,0.35928,200,100,dp,25,167,10,1,random
1959,IR,16,"2026-07-14 21:00:23",101.7,0.634176,3.06173,5.0606,0.71515151,-0.13078182,0.360504,-0.131864,0.49102,0.16168,0.34731,200,100,dp,25,167,10,1,random
1960,IR,17,"2026-07-14 21:00:30",108.6,0.641012,3.11855,5.0303,0.71742425,-0.12058788,0.397137,-0.123759,0.4759,0.19277,0.33133,200,100,dp,25,166,10,1,random
1961,IR,18,"2026-07-14 21:00:37",115.7,0.647524,3.15771,5.0303,0.72727273,-0.12197576,0.450148,-0.127659,0.45783,0.21687,0.3253,200,100,dp,25,166,10,1,random
1962,IR,19,"2026-07-14 21:00:44",122.4,0.651158,3.19041,5.0303,0.72454545,-0.11546061,0.466601,-0.114722,0.45783,0.20482,0.33735,200,100,dp,25,166,10,1,random
1963,IR,20,"2026-07-14 21:00:51",129.2,0.656276,3.22968,5,0.73030303,-0.11285151,0.459688,-0.115532,0.45455,0.18788,0.35758,200,100,dp,25,165,10,1,random
1964,AGR,1,"2026-07-14 21:00:59",7.2,0.530145,2.46947,6.0303,0.48666666,0.07859394,0.24166,0.064049,0.60804,0.09548,0.29648,200,100,dp,25,199,10,1,random
1965,AGR,2,"2026-07-14 21:01:06",14.1,0.550524,2.59136,5.9394,0.50893939,0.06812727,0.261772,0.062223,0.58163,0.12245,0.29592,200,100,dp,25,196,10,1,random
1966,AGR,3,"2026-07-14 21:01:13",21.1,0.571882,2.74736,5.8182,0.52272727,0.07368788,0.295054,0.072297,0.58333,0.10417,0.3125,200,100,dp,25,192,10,1,random
1967,AGR,4,"2026-07-14 21:01:20",28,0.590373,2.91612,5.7576,0.54378788,0.07397576,0.318063,0.067826,0.54737,0.14211,0.31053,200,100,dp,25,190,10,1,random
1968,AGR,5,"2026-07-14 21:01:27",35.1,0.608736,3.09574,5.7576,0.58121212,0.04051515,0.35642,0.033276,0.53158,0.13684,0.33158,200,100,dp,25,190,10,1,random
1969,AGR,6,"2026-07-14 21:01:34",42.2,0.626461,3.27352,5.697,0.58878788,0.06139091,0.365033,0.049316,0.51064,0.17021,0.31915,200,100,dp,25,188,10,1,random
1970,AGR,7,"2026-07-14 21:01:43",50.9,0.645667,3.46895,5.697,0.60257576,0.06580303,0.433534,0.054916,0.5,0.17553,0.32447,200,100,dp,25,188,10,1,random
1971,AGR,8,"2026-07-14 21:01:51",59.6,0.660721,3.64482,5.697,0.60818182,0.07635455,0.468514,0.071795,0.45213,0.2234,0.32447,200,100,dp,25,188,10,1,random
1972,AGR,9,"2026-07-14 21:02:01",68.7,0.678558,3.85624,5.697,0.63106061,0.0670303,0.504097,0.059632,0.40957,0.25532,0.33511,200,100,dp,25,188,10,1,random
1973,AGR,10,"2026-07-14 21:02:10",77.9,0.6931,4.03079,5.697,0.64333333,0.07168182,0.508021,0.063982,0.3883,0.26596,0.34574,200,100,dp,25,188,10,1,random
1974,AGR,11,"2026-07-14 21:02:19",87.1,0.7052,4.16344,5.697,0.64969697,0.07925151,0.514716,0.072527,0.3883,0.28191,0.32979,200,100,dp,25,188,10,1,random
1975,AGR,12,"2026-07-14 21:02:28",96.2,0.717518,4.34014,5.697,0.66257576,0.08088485,0.597199,0.070086,0.37766,0.29787,0.32447,200,100,dp,25,188,10,1,random
1976,AGR,13,"2026-07-14 21:02:38",106,0.728673,4.4939,5.697,0.68863637,0.05394849,0.653751,0.049199,0.35638,0.33511,0.30851,200,100,dp,25,188,10,1,random
1977,AGR,14,"2026-07-14 21:02:48",115.8,0.739664,4.64967,5.697,0.69878787,0.05550303,0.721877,0.049964,0.34043,0.34574,0.31383,200,100,dp,25,188,10,1,random
1978,AGR,15,"2026-07-14 21:02:57",125.3,0.749873,4.79038,5.697,0.7019697,0.06308182,0.749238,0.05904,0.30851,0.42553,0.26596,200,100,dp,25,188,10,1,random
1979,AGR,16,"2026-07-14 21:03:07",135.1,0.760033,4.9397,5.697,0.715,0.06016667,0.869804,0.054458,0.28723,0.46277,0.25,200,100,dp,25,188,10,1,random
1980,AGR,17,"2026-07-14 21:03:16",144.6,0.769294,5.09121,5.697,0.72333333,0.06436364,0.947822,0.055753,0.20213,0.61702,0.18085,200,100,dp,25,188,10,1,random
1981,AGR,18,"2026-07-14 21:03:26",154,0.776258,5.21065,5.697,0.73560606,0.05239394,1.06403,0.049291,0.17021,0.65957,0.17021,200,100,dp,25,188,10,1,random
1982,AGR,19,"2026-07-14 21:03:35",163.4,0.782509,5.29888,5.697,0.73136364,0.06775455,1.07293,0.06303,0.1383,0.71277,0.14894,200,100,dp,25,188,10,1,random
1983,AGR,20,"2026-07-14 21:03:45",173.2,0.787397,5.37132,5.697,0.74030303,0.06397576,1.07217,0.058068,0.13298,0.76596,0.10106,200,100,dp,25,188,10,1,random
1984,RANDOM,1,"2026-07-14 21:03:54",5.5,0.502736,2.32355,5.9394,0.49666666,0.01731212,0.209064,0.017435,0.62245,0.09694,0.28061,200,100,dp,25,196,10,1,random
1985,RANDOM,2,"2026-07-14 21:03:59",10.2,0.503852,2.3311,5.8182,0.51075757,-0.0140697,0.230494,-0.011714,0.61458,0.10938,0.27604,200,100,dp,25,192,10,1,random
1986,RANDOM,3,"2026-07-14 21:04:04",14.9,0.503906,2.32978,5.7273,0.50469697,0.00084546,0.239021,0.000162,0.61376,0.11111,0.27513,200,100,dp,25,189,10,1,random
1987,RANDOM,4,"2026-07-14 21:04:09",19.7,0.501682,2.31786,5.4242,0.49969697,0.0021,0.243252,0.008583,0.60894,0.10056,0.2905,200,100,dp,25,179,10,1,random
1988,RANDOM,5,"2026-07-14 21:04:13",24.5,0.498882,2.30765,5.303,0.50060606,-0.00583333,0.242955,0.001623,0.6,0.11429,0.28571,200,100,dp,25,175,10,1,random
1989,RANDOM,6,"2026-07-14 21:04:18",29.4,0.49797,2.31809,5.2424,0.50212121,-0.00990606,0.26786,-0.004937,0.5896,0.12717,0.28324,200,100,dp,25,173,10,1,random
1990,RANDOM,7,"2026-07-14 21:04:25",35.7,0.501248,2.34208,5.0303,0.50212122,-0.00752727,0.285189,-0.003385,0.56024,0.1506,0.28916,200,100,dp,25,166,10,1,random
1991,RANDOM,8,"2026-07-14 21:04:31",42.2,0.504182,2.35598,5,0.50530303,-0.00771818,0.30832,-0.002728,0.55758,0.14545,0.29697,200,100,dp,25,165,10,1,random
1992,RANDOM,9,"2026-07-14 21:04:38",48.9,0.501327,2.34175,4.9697,0.50818181,-0.01564848,0.294849,-0.007638,0.57317,0.12805,0.29878,200,100,dp,25,164,10,1,random
1993,RANDOM,10,"2026-07-14 21:04:44",55.6,0.496873,2.32265,4.9091,0.4980303,-0.00746364,0.278544,0.005476,0.58642,0.12346,0.29012,200,100,dp,25,162,10,1,random
1994,RANDOM,11,"2026-07-14 21:04:51",62.1,0.498194,2.34054,4.7576,0.49621212,-0.00058788,0.300893,0.005702,0.58599,0.11465,0.29936,200,100,dp,25,157,10,1,random
1995,RANDOM,12,"2026-07-14 21:04:58",68.8,0.496924,2.33891,4.697,0.49030303,0.01159697,0.306097,0.016608,0.59355,0.09677,0.30968,200,100,dp,25,155,10,1,random
1996,RANDOM,13,"2026-07-14 21:05:04",75.4,0.496267,2.33395,4.6061,0.49833333,-0.00167273,0.291829,-0.000734,0.56579,0.11842,0.31579,200,100,dp,25,152,10,1,random
1997,RANDOM,14,"2026-07-14 21:05:11",82,0.493606,2.31902,4.5455,0.48409091,0.0181303,0.284597,0.02479,0.56667,0.12667,0.30667,200,100,dp,25,150,10,1,random
1998,RANDOM,15,"2026-07-14 21:05:18",88.9,0.495142,2.3143,4.5455,0.49954545,-0.00506061,0.312773,-0.006646,0.56,0.13333,0.30667,200,100,dp,25,150,10,1,random
1999,RANDOM,16,"2026-07-14 21:05:24",95.4,0.499642,2.32485,4.5152,0.49924242,0.00337879,0.313227,-0.001465,0.55705,0.14094,0.30201,200,100,dp,25,149,10,1,random
2000,RANDOM,17,"2026-07-14 21:05:31",101.9,0.497791,2.31333,4.4848,0.49939394,-0.00612121,0.316669,0.000758,0.56081,0.12838,0.31081,200,100,dp,25,148,10,1,random
2001,RANDOM,18,"2026-07-14 21:05:37",108.3,0.494403,2.28764,4.4848,0.48878788,0.01400303,0.30547,0.017399,0.56757,0.12162,0.31081,200,100,dp,25,148,10,1,random
2002,RANDOM,19,"2026-07-14 21:05:44",114.8,0.497024,2.30034,4.4545,0.50045454,-0.00295455,0.313127,-0.006238,0.55782,0.12245,0.31973,200,100,dp,25,147,10,1,random
2003,RANDOM,20,"2026-07-14 21:05:50",121.3,0.495409,2.29189,4.4242,0.49378788,0.00665151,0.306385,0.007554,0.5411,0.13699,0.32192,200,100,dp,25,146,10,1,random
2004,OI,1,"2026-07-14 21:06:10",5.5,0.536945,2.49639,5.7879,0.54454546,-0.01405151,0.300085,-0.037955,0.59162,0.12565,0.28272,200,100,dp,26,191,10,1,random
2005,OI,2,"2026-07-14 21:06:15",10.4,0.562748,2.64969,5.697,0.57333333,-0.02215455,0.34698,-0.038143,0.56383,0.12766,0.30851,200,100,dp,26,188,10,1,random
2006,OI,3,"2026-07-14 21:06:20",15.5,0.590315,2.82877,5.697,0.58833334,0.00318485,0.349861,-0.017396,0.54787,0.12766,0.32447,200,100,dp,26,188,10,1,random
2007,OI,4,"2026-07-14 21:06:25",20.6,0.617242,3.00722,5.6364,0.61378788,0.00229394,0.378451,-0.013637,0.52151,0.16129,0.3172,200,100,dp,26,186,10,1,random
2008,OI,5,"2026-07-14 21:06:30",25.8,0.643333,3.22092,5.6364,0.63772727,0.00746364,0.449465,-0.008752,0.46774,0.21505,0.3172,200,100,dp,26,186,10,1,random
2009,OI,6,"2026-07-14 21:06:35",31,0.665673,3.40855,5.6061,0.66606061,-0.00380606,0.479491,-0.014774,0.44865,0.23243,0.31892,200,100,dp,26,185,10,1,random
2010,OI,7,"2026-07-14 21:06:42",37.8,0.686303,3.63197,5.6061,0.68893939,-0.00378788,0.518741,-0.016694,0.41081,0.25946,0.32973,200,100,dp,26,185,10,1,random
2011,OI,8,"2026-07-14 21:06:49",44.7,0.704118,3.85409,5.6061,0.70878788,-0.00581212,0.544306,-0.016952,0.38919,0.27027,0.34054,200,100,dp,26,185,10,1,random
2012,OI,9,"2026-07-14 21:06:56",51.8,0.720261,4.07498,5.6061,0.725,-0.00412424,0.567682,-0.016063,0.35135,0.32432,0.32432,200,100,dp,26,185,10,1,random
2013,OI,10,"2026-07-14 21:07:03",59,0.73633,4.31061,5.6061,0.74575758,-0.01361212,0.610515,-0.021741,0.32432,0.41081,0.26486,200,100,dp,26,185,10,1,random
2014,OI,11,"2026-07-14 21:07:10",66.2,0.750682,4.55569,5.6061,0.73681818,0.01944545,0.793952,0.010806,0.2973,0.44324,0.25946,200,100,dp,26,185,10,1,random
2015,OI,12,"2026-07-14 21:07:18",73.5,0.760903,4.74676,5.5758,0.76060606,0.00120606,0.889458,-0.004274,0.25543,0.4837,0.26087,200,100,dp,26,184,10,1,random
2016,OI,13,"2026-07-14 21:07:25",80.5,0.768861,4.88709,5.5758,0.78181819,-0.01736364,0.880009,-0.019836,0.20109,0.59783,0.20109,200,100,dp,26,184,10,1,random
2017,OI,14,"2026-07-14 21:07:32",87.6,0.776249,5.03669,5.5758,0.77181818,0.00643333,1.00188,0.002634,0.16304,0.68478,0.15217,200,100,dp,26,184,10,1,random
2018,OI,15,"2026-07-14 21:07:39",94.8,0.783618,5.18952,5.5758,0.78075758,0.00414242,1.2191,0.000969,0.13587,0.75543,0.1087,200,100,dp,26,184,10,1,random
2019,OI,16,"2026-07-14 21:07:46",101.9,0.787994,5.27914,5.5758,0.78818182,-0.00079697,1.47615,-0.001286,0.09783,0.81522,0.08696,200,100,dp,26,184,10,1,random
2020,OI,17,"2026-07-14 21:07:53",109.1,0.790945,5.3395,5.5455,0.78727273,0.00523636,1.59776,0.004495,0.07104,0.86339,0.06557,200,100,dp,26,183,10,1,random
2021,OI,18,"2026-07-14 21:08:01",116.5,0.792491,5.37467,5.5455,0.79772727,-0.00629697,1.79054,-0.005784,0.04918,0.9071,0.04372,200,100,dp,26,183,10,1,random
2022,OI,19,"2026-07-14 21:08:08",124,0.793721,5.39182,5.5455,0.80924242,-0.02021212,1.81672,-0.018785,0.07104,0.88525,0.04372,200,100,dp,26,183,10,1,random
2023,OI,20,"2026-07-14 21:08:16",131.4,0.794773,5.42209,5.5455,0.79469697,0.00127576,2.83377,0.000919,0.04372,0.91803,0.03825,200,100,dp,26,183,10,1,random
2024,IR,1,"2026-07-14 21:08:25",5.4,0.515912,2.36779,5.6364,0.57424243,-0.10163636,0.257722,-0.120288,0.59677,0.12366,0.27957,200,100,dp,26,186,10,1,random
2025,IR,2,"2026-07-14 21:08:30",10.2,0.528524,2.42599,5.4848,0.59136364,-0.11042424,0.283021,-0.130044,0.57459,0.14917,0.27624,200,100,dp,26,181,10,1,random
2026,IR,3,"2026-07-14 21:08:35",15.2,0.537736,2.47533,5.4242,0.60287879,-0.11263636,0.305753,-0.129473,0.56983,0.12849,0.30168,200,100,dp,26,179,10,1,random
2027,IR,4,"2026-07-14 21:08:40",19.8,0.547642,2.52245,5.3636,0.62136364,-0.12143939,0.294572,-0.142668,0.55932,0.14689,0.29379,200,100,dp,26,177,10,1,random
2028,IR,5,"2026-07-14 21:08:44",24.4,0.555206,2.55815,5.3333,0.62151516,-0.11216667,0.31749,-0.124933,0.55114,0.14205,0.30682,200,100,dp,26,176,10,1,random
2029,IR,6,"2026-07-14 21:08:49",29.2,0.563576,2.60781,5.2424,0.63621212,-0.12109091,0.319406,-0.135425,0.54335,0.13873,0.31792,200,100,dp,26,173,10,1,random
2030,IR,7,"2026-07-14 21:08:55",35.4,0.572933,2.67733,5.1515,0.64287879,-0.11542121,0.328952,-0.129495,0.53529,0.14118,0.32353,200,100,dp,26,170,10,1,random
2031,IR,8,"2026-07-14 21:09:02",41.8,0.581576,2.71881,5.0909,0.65333333,-0.12181818,0.341809,-0.129923,0.52381,0.15476,0.32143,200,100,dp,26,168,10,1,random
2032,IR,9,"2026-07-14 21:09:08",48.3,0.589049,2.75969,4.9697,0.66560606,-0.12495454,0.351629,-0.135699,0.5122,0.16463,0.32317,200,100,dp,26,164,10,1,random
2033,IR,10,"2026-07-14 21:09:15",54.8,0.598333,2.80858,4.9697,0.67045454,-0.11589394,0.383405,-0.12775,0.5061,0.16463,0.32927,200,100,dp,26,164,10,1,random
2034,IR,11,"2026-07-14 21:09:21",61.5,0.606236,2.84255,4.9394,0.67969697,-0.12042121,0.383907,-0.12698,0.52147,0.14724,0.33129,200,100,dp,26,163,10,1,random
2035,IR,12,"2026-07-14 21:09:28",68.2,0.614145,2.88852,4.9091,0.68212121,-0.11165758,0.391108,-0.116392,0.51852,0.14198,0.33951,200,100,dp,26,162,10,1,random
2036,IR,13,"2026-07-14 21:09:35",74.7,0.618224,2.89996,4.8788,0.69378788,-0.12172121,0.390774,-0.124689,0.50311,0.13665,0.36025,200,100,dp,26,161,10,1,random
2037,IR,14,"2026-07-14 21:09:41",81.2,0.621979,2.9123,4.8182,0.69090909,-0.10820909,0.36021,-0.112742,0.48428,0.18868,0.32704,200,100,dp,26,159,10,1,random
2038,IR,15,"2026-07-14 21:09:47",87.6,0.630027,2.96718,4.7576,0.70969697,-0.12949697,0.453976,-0.132135,0.49045,0.19745,0.3121,200,100,dp,26,157,10,1,random
2039,IR,16,"2026-07-14 21:09:54",94.1,0.634239,3.00246,4.7273,0.71575757,-0.12906061,0.485809,-0.130846,0.47436,0.19231,0.33333,200,100,dp,26,156,10,1,random
2040,IR,17,"2026-07-14 21:10:00",100.6,0.637239,3.02078,4.6667,0.71696969,-0.12708485,0.441126,-0.126678,0.46104,0.2013,0.33766,200,100,dp,26,154,10,1,random
2041,IR,18,"2026-07-14 21:10:07",107.4,0.644976,3.07058,4.6364,0.71651515,-0.11274849,0.474926,-0.115976,0.45098,0.22222,0.3268,200,100,dp,26,153,10,1,random
2042,IR,19,"2026-07-14 21:10:14",114.2,0.649136,3.10072,4.5758,0.725,-0.12055151,0.521489,-0.11913,0.44371,0.22517,0.33113,200,100,dp,26,151,10,1,random
2043,IR,20,"2026-07-14 21:10:21",121.2,0.651648,3.11985,4.5758,0.72227272,-0.10723636,0.506699,-0.109693,0.45695,0.21192,0.33113,200,100,dp,26,151,10,1,random
2044,AGR,1,"2026-07-14 21:10:29",7.6,0.529088,2.44598,5.7576,0.47666667,0.08832121,0.277985,0.085462,0.6,0.10526,0.29474,200,100,dp,26,190,10,1,random
2045,AGR,2,"2026-07-14 21:10:37",14.7,0.550788,2.60032,5.6364,0.505,0.07080909,0.288451,0.068141,0.58602,0.10753,0.30645,200,100,dp,26,186,10,1,random
2046,AGR,3,"2026-07-14 21:10:44",21.8,0.572242,2.75166,5.6061,0.52651516,0.06929091,0.318109,0.066652,0.55676,0.11892,0.32432,200,100,dp,26,185,10,1,random
2047,AGR,4,"2026-07-14 21:10:51",29.1,0.591303,2.90628,5.6061,0.54712121,0.07264242,0.314384,0.062963,0.54054,0.12432,0.33514,200,100,dp,26,185,10,1,random
2048,AGR,5,"2026-07-14 21:10:58",36.6,0.608142,3.06744,5.6061,0.56621212,0.06871515,0.329737,0.057713,0.52432,0.12973,0.34595,200,100,dp,26,185,10,1,random
2049,AGR,6,"2026-07-14 21:11:06",43.9,0.624712,3.22891,5.5758,0.57575757,0.08135455,0.34373,0.067829,0.50543,0.14674,0.34783,200,100,dp,26,184,10,1,random
2050,AGR,7,"2026-07-14 21:11:15",52.7,0.642839,3.38525,5.5758,0.59909091,0.06267879,0.376314,0.05668,0.47826,0.17935,0.34239,200,100,dp,26,184,10,1,random
2051,AGR,8,"2026-07-14 21:11:24",61.7,0.659815,3.54804,5.5758,0.62454546,0.05000606,0.425262,0.043244,0.46739,0.19565,0.33696,200,100,dp,26,184,10,1,random
2052,AGR,9,"2026-07-14 21:11:33",70.9,0.672873,3.72679,5.5758,0.63515151,0.05250909,0.463814,0.048839,0.44022,0.21196,0.34783,200,100,dp,26,184,10,1,random
2053,AGR,10,"2026-07-14 21:11:42",80.1,0.686518,3.87075,5.5758,0.65318182,0.04646364,0.47873,0.041076,0.42391,0.25543,0.32065,200,100,dp,26,184,10,1,random
2054,AGR,11,"2026-07-14 21:11:51",89.2,0.698594,4.04229,5.5758,0.65545455,0.06206061,0.550108,0.055603,0.39674,0.29348,0.30978,200,100,dp,26,184,10,1,random
2055,AGR,12,"2026-07-14 21:12:00",98.4,0.70863,4.21242,5.5758,0.6739394,0.0456303,0.596957,0.04363,0.3587,0.34783,0.29348,200,100,dp,26,184,10,1,random
2056,AGR,13,"2026-07-14 21:12:10",107.8,0.72467,4.36395,5.5758,0.6810606,0.0581697,0.668931,0.051638,0.32609,0.375,0.29891,200,100,dp,26,184,10,1,random
2057,AGR,14,"2026-07-14 21:12:19",117.1,0.73473,4.49278,5.5455,0.68469697,0.07092424,0.679507,0.063275,0.30055,0.42623,0.27322,200,100,dp,26,183,10,1,random
2058,AGR,15,"2026-07-14 21:12:28",126.4,0.745615,4.62445,5.5455,0.69045455,0.0768303,0.758425,0.068834,0.25683,0.50273,0.24044,200,100,dp,26,183,10,1,random
2059,AGR,16,"2026-07-14 21:12:38",135.7,0.754991,4.75946,5.5455,0.71060606,0.06192727,0.84001,0.054293,0.23497,0.55738,0.20765,200,100,dp,26,183,10,1,random
2060,AGR,17,"2026-07-14 21:12:47",145,0.762797,4.86728,5.5455,0.70924242,0.07217576,0.927964,0.066571,0.21311,0.5847,0.20219,200,100,dp,26,183,10,1,random
2061,AGR,18,"2026-07-14 21:12:56",154.4,0.76943,4.96552,5.5455,0.71833333,0.06892424,0.969058,0.063644,0.19672,0.65027,0.15301,200,100,dp,26,183,10,1,random
2062,AGR,19,"2026-07-14 21:13:06",163.9,0.775061,5.07052,5.5455,0.72333334,0.07011818,1.13317,0.06457,0.15847,0.69399,0.14754,200,100,dp,26,183,10,1,random
2063,AGR,20,"2026-07-14 21:13:15",173.2,0.780967,5.17201,5.5152,0.73287879,0.06447879,1.16467,0.059241,0.13736,0.74176,0.12088,200,100,dp,26,182,10,1,random
2064,RANDOM,1,"2026-07-14 21:13:24",5.2,0.502551,2.311,5.6667,0.50363637,-0.0031,0.243133,0.004956,0.60428,0.11765,0.27807,200,100,dp,26,187,10,1,random
2065,RANDOM,2,"2026-07-14 21:13:29",9.8,0.501924,2.31103,5.4848,0.50969697,-0.01179394,0.250792,-0.011789,0.59116,0.12707,0.28177,200,100,dp,26,181,10,1,random
2066,RANDOM,3,"2026-07-14 21:13:33",14.3,0.503712,2.32068,5.3333,0.5119697,-0.01779394,0.260218,-0.015246,0.59659,0.11364,0.28977,200,100,dp,26,176,10,1,random
2067,RANDOM,4,"2026-07-14 21:13:38",18.8,0.501676,2.31178,5.2121,0.50484848,-0.00991818,0.263783,-0.001204,0.59884,0.11628,0.28488,200,100,dp,26,172,10,1,random
2068,RANDOM,5,"2026-07-14 21:13:43",23.6,0.500027,2.30597,5.1515,0.50227272,-0.00201818,0.282463,0.000517,0.58824,0.12941,0.28235,200,100,dp,26,170,10,1,random
2069,RANDOM,6,"2026-07-14 21:13:47",28.1,0.497552,2.28331,5.0303,0.49848485,-0.00156061,0.286347,0.004044,0.58434,0.12048,0.29518,200,100,dp,26,166,10,1,random
2070,RANDOM,7,"2026-07-14 21:13:53",34.2,0.494582,2.26812,4.9394,0.49166666,0.00136364,0.274774,0.012325,0.58282,0.1227,0.29448,200,100,dp,26,163,10,1,random
2071,RANDOM,8,"2026-07-14 21:14:00",40.4,0.492327,2.25488,4.8485,0.48621213,0.0122697,0.282295,0.016488,0.58125,0.13125,0.2875,200,100,dp,26,160,10,1,random
2072,RANDOM,9,"2026-07-14 21:14:06",46.8,0.4901,2.24769,4.7576,0.49545455,-0.0081697,0.291245,-0.005932,0.57962,0.13376,0.28662,200,100,dp,26,157,10,1,random
2073,RANDOM,10,"2026-07-14 21:14:12",53.3,0.489361,2.24636,4.697,0.49075758,-0.00363636,0.306509,0.001068,0.5871,0.12903,0.28387,200,100,dp,26,155,10,1,random
2074,RANDOM,11,"2026-07-14 21:14:19",59.8,0.487133,2.24136,4.6364,0.49151515,-0.00625758,0.316194,-0.003182,0.58824,0.12418,0.28758,200,100,dp,26,153,10,1,random
2075,RANDOM,12,"2026-07-14 21:14:25",66.3,0.4847,2.22953,4.5152,0.49045454,-0.00935455,0.319004,-0.005849,0.57047,0.12752,0.30201,200,100,dp,26,149,10,1,random
2076,RANDOM,13,"2026-07-14 21:14:32",72.7,0.486167,2.23925,4.4848,0.49166666,-0.01059091,0.304377,-0.009229,0.56757,0.13514,0.2973,200,100,dp,26,148,10,1,random
2077,RANDOM,14,"2026-07-14 21:14:38",79.2,0.48487,2.23299,4.3939,0.48196969,0.00126364,0.311557,0.010492,0.55172,0.13793,0.31034,200,100,dp,26,145,10,1,random
2078,RANDOM,15,"2026-07-14 21:14:45",85.5,0.485303,2.23732,4.3636,0.49015152,-0.00952424,0.299866,-0.007879,0.54861,0.13194,0.31944,200,100,dp,26,144,10,1,random
2079,RANDOM,16,"2026-07-14 21:14:51",92,0.484391,2.23324,4.3333,0.4880303,-0.01017879,0.292331,-0.00321,0.54545,0.13986,0.31469,200,100,dp,26,143,10,1,random
2080,RANDOM,17,"2026-07-14 21:14:58",98.4,0.479821,2.21846,4.3333,0.485,-0.0052,0.295455,-0.003373,0.55944,0.12587,0.31469,200,100,dp,26,143,10,1,random
2081,RANDOM,18,"2026-07-14 21:15:04",105,0.47803,2.21119,4.2727,0.4789394,0.00619394,0.292332,0.002462,0.55319,0.14894,0.29787,200,100,dp,26,141,10,1,random
2082,RANDOM,19,"2026-07-14 21:15:11",111.5,0.473773,2.18345,4.2424,0.47181818,0.00241818,0.312639,0.013145,0.57143,0.12857,0.3,200,100,dp,26,140,10,1,random
2083,RANDOM,20,"2026-07-14 21:15:17",118.1,0.472236,2.18053,4.2424,0.46954545,0.00558788,0.316248,0.011687,0.55714,0.14286,0.3,200,100,dp,26,140,10,1,random
2084,OI,1,"2026-07-14 21:16:57",5.4,0.539012,2.4996,6.1818,0.54590909,-0.01254545,0.275351,-0.039926,0.61275,0.08824,0.29902,200,100,dp,27,204,10,1,random
2085,OI,2,"2026-07-14 21:17:02",10.2,0.566991,2.66796,6.0606,0.56015151,0.00883636,0.281314,-0.009842,0.57,0.135,0.295,200,100,dp,27,200,10,1,random
2086,OI,3,"2026-07-14 21:17:07",15.2,0.595052,2.84778,6.0303,0.59242424,0.00333333,0.330056,-0.016723,0.54774,0.1407,0.31156,200,100,dp,27,199,10,1,random
2087,OI,4,"2026-07-14 21:17:12",20.1,0.620842,3.06338,6.0303,0.61939395,0.00337576,0.346862,-0.016488,0.52261,0.1608,0.31658,200,100,dp,27,199,10,1,random
2088,OI,5,"2026-07-14 21:17:17",25,0.648388,3.29327,6.0303,0.65924243,-0.01623636,0.392074,-0.035648,0.50251,0.17085,0.32663,200,100,dp,27,199,10,1,random
2089,OI,6,"2026-07-14 21:17:22",30,0.671885,3.52269,6.0303,0.68681818,-0.02302424,0.420608,-0.037725,0.48744,0.1809,0.33166,200,100,dp,27,199,10,1,random
2090,OI,7,"2026-07-14 21:17:29",36.6,0.692085,3.75445,6.0303,0.6930303,0.00013333,0.460793,-0.013595,0.47236,0.16583,0.36181,200,100,dp,27,199,10,1,random
2091,OI,8,"2026-07-14 21:17:35",43.2,0.708967,3.96538,6.0303,0.70666666,0.00303333,0.467278,-0.006572,0.43719,0.21608,0.34673,200,100,dp,27,199,10,1,random
2092,OI,9,"2026-07-14 21:17:42",50,0.725773,4.19663,6.0303,0.72893939,-0.00380606,0.512784,-0.014123,0.40201,0.25628,0.34171,200,100,dp,27,199,10,1,random
2093,OI,10,"2026-07-14 21:17:49",56.7,0.740776,4.44398,6.0303,0.74257576,-0.00224545,0.575417,-0.010308,0.35678,0.32161,0.32161,200,100,dp,27,199,10,1,random
2094,OI,11,"2026-07-14 21:17:55",63.5,0.753176,4.68405,6.0303,0.75757576,-0.00671515,0.653332,-0.012129,0.30653,0.40201,0.29146,200,100,dp,27,199,10,1,random
2095,OI,12,"2026-07-14 21:18:02",70.2,0.765303,4.89703,6.0303,0.76333333,0.00351818,0.748417,-0.0033,0.26131,0.48744,0.25126,200,100,dp,27,199,10,1,random
2096,OI,13,"2026-07-14 21:18:09",77,0.773706,5.06336,6.0303,0.78696969,-0.01969697,0.809889,-0.020896,0.24121,0.51256,0.24623,200,100,dp,27,199,10,1,random
2097,OI,14,"2026-07-14 21:18:16",83.8,0.782067,5.24208,6.0303,0.78590909,-0.00656061,0.863132,-0.008589,0.20101,0.56784,0.23116,200,100,dp,27,199,10,1,random
2098,OI,15,"2026-07-14 21:18:23",90.7,0.78667,5.35112,6.0303,0.77878788,0.01033333,0.903182,0.008894,0.19095,0.59799,0.21106,200,100,dp,27,199,10,1,random
2099,OI,16,"2026-07-14 21:18:30",97.7,0.792503,5.50009,6.0303,0.79621212,-0.00538182,0.950067,-0.006822,0.13568,0.69347,0.17085,200,100,dp,27,199,10,1,random
2100,OI,17,"2026-07-14 21:18:36",104.5,0.797236,5.61254,6.0303,0.79636364,0.00215758,0.99,-0.000473,0.1206,0.76884,0.11055,200,100,dp,27,199,10,1,random
2101,OI,18,"2026-07-14 21:18:43",111.3,0.801942,5.70649,6.0303,0.80409091,-0.00147879,1.29977,-0.003914,0.10553,0.79397,0.1005,200,100,dp,27,199,10,1,random
2102,OI,19,"2026-07-14 21:18:50",118.1,0.804967,5.77303,6.0303,0.80272727,0.002,1.43315,0.00248,0.08543,0.8392,0.07538,200,100,dp,27,199,10,1,random
2103,OI,20,"2026-07-14 21:18:57",125,0.807733,5.83093,6.0303,0.81772727,-0.01347273,1.60493,-0.012671,0.0603,0.8593,0.0804,200,100,dp,27,199,10,1,random
2104,IR,1,"2026-07-14 21:19:06",5.4,0.512836,2.36674,6.2424,0.57651515,-0.1104,0.233599,-0.130258,0.64078,0.07282,0.28641,200,100,dp,27,206,10,1,random
2105,IR,2,"2026-07-14 21:19:11",10.4,0.520721,2.40715,6.0909,0.57621212,-0.09715758,0.225796,-0.113138,0.62189,0.08458,0.29353,200,100,dp,27,201,10,1,random
2106,IR,3,"2026-07-14 21:19:16",15.2,0.531215,2.45215,5.9697,0.59530303,-0.11168182,0.237935,-0.129267,0.62437,0.07107,0.30457,200,100,dp,27,197,10,1,random
2107,IR,4,"2026-07-14 21:19:21",20.1,0.543376,2.51475,5.8182,0.61,-0.11579091,0.246761,-0.132617,0.59375,0.08854,0.31771,200,100,dp,27,192,10,1,random
2108,IR,5,"2026-07-14 21:19:26",25,0.550764,2.54377,5.6364,0.61575757,-0.10856667,0.242516,-0.123363,0.58602,0.10753,0.30645,200,100,dp,27,186,10,1,random
2109,IR,6,"2026-07-14 21:19:31",30,0.560127,2.59159,5.4848,0.62242424,-0.10709091,0.28265,-0.118846,0.58011,0.1105,0.30939,200,100,dp,27,181,10,1,random
2110,IR,7,"2026-07-14 21:19:38",36.7,0.56847,2.63749,5.4242,0.63984848,-0.11929091,0.297811,-0.131501,0.55307,0.12291,0.32402,200,100,dp,27,179,10,1,random
2111,IR,8,"2026-07-14 21:19:44",43.2,0.578627,2.69649,5.3939,0.65166667,-0.11975151,0.290279,-0.134043,0.55056,0.13483,0.31461,200,100,dp,27,178,10,1,random
2112,IR,9,"2026-07-14 21:19:51",50.1,0.586352,2.73397,5.3333,0.65242424,-0.11025151,0.319553,-0.117924,0.55682,0.125,0.31818,200,100,dp,27,176,10,1,random
2113,IR,10,"2026-07-14 21:19:58",56.9,0.593027,2.76012,5.303,0.67439394,-0.13382121,0.330001,-0.14241,0.54286,0.13143,0.32571,200,100,dp,27,175,10,1,random
2114,IR,11,"2026-07-14 21:20:05",63.8,0.59597,2.77565,5.2727,0.66863636,-0.12104242,0.320804,-0.123004,0.55172,0.1092,0.33908,200,100,dp,27,174,10,1,random
2115,IR,12,"2026-07-14 21:20:12",71.1,0.601403,2.80005,5.2727,0.67075757,-0.11075455,0.310752,-0.11863,0.54598,0.11494,0.33908,200,100,dp,27,174,10,1,random
2116,IR,13,"2026-07-14 21:20:19",78.5,0.607033,2.82762,5.1515,0.68015151,-0.12170606,0.317948,-0.124176,0.54118,0.12353,0.33529,200,100,dp,27,170,10,1,random
2117,IR,14,"2026-07-14 21:20:26",85.3,0.613673,2.86762,5.0909,0.68454545,-0.11833333,0.347247,-0.120332,0.52381,0.14881,0.32738,200,100,dp,27,168,10,1,random
2118,IR,15,"2026-07-14 21:20:33",92.2,0.620055,2.89887,5.0909,0.69363637,-0.1191697,0.378344,-0.122969,0.5119,0.15476,0.33333,200,100,dp,27,168,10,1,random
2119,IR,16,"2026-07-14 21:20:40",99.1,0.628297,2.93987,5.0909,0.70863637,-0.12945455,0.376792,-0.133985,0.52381,0.13095,0.34524,200,100,dp,27,168,10,1,random
2120,IR,17,"2026-07-14 21:20:47",106,0.632385,2.97748,5.0909,0.71666667,-0.13319394,0.368475,-0.135486,0.5119,0.14286,0.34524,200,100,dp,27,168,10,1,random
2121,IR,18,"2026-07-14 21:20:54",112.9,0.6387,3.02844,5.0606,0.72,-0.12576667,0.37458,-0.131451,0.51497,0.14371,0.34132,200,100,dp,27,167,10,1,random
2122,IR,19,"2026-07-14 21:21:01",119.8,0.644049,3.06759,5.0303,0.71424242,-0.10941818,0.400305,-0.112158,0.5,0.18072,0.31928,200,100,dp,27,166,10,1,random
2123,IR,20,"2026-07-14 21:21:07",126.7,0.652288,3.129,4.9697,0.72424242,-0.11115454,0.4509,-0.115977,0.47561,0.17683,0.34756,200,100,dp,27,164,10,1,random
2124,AGR,1,"2026-07-14 21:21:16",7.3,0.529948,2.47196,6.1212,0.48151515,0.07827576,0.256423,0.075311,0.62871,0.05941,0.31188,200,100,dp,27,202,10,1,random
2125,AGR,2,"2026-07-14 21:21:23",14.4,0.553712,2.61331,6.0606,0.5159091,0.06819091,0.238911,0.052304,0.605,0.075,0.32,200,100,dp,27,200,10,1,random
2126,AGR,3,"2026-07-14 21:21:30",21.5,0.572297,2.7426,6,0.51772727,0.09335152,0.257042,0.084205,0.58081,0.10606,0.31313,200,100,dp,27,198,10,1,random
2127,AGR,4,"2026-07-14 21:21:37",28.7,0.591536,2.90228,5.9394,0.545,0.07350303,0.295327,0.066507,0.55612,0.11224,0.33163,200,100,dp,27,196,10,1,random
2128,AGR,5,"2026-07-14 21:21:44",35.8,0.611745,3.06086,5.8788,0.57348484,0.05981818,0.295219,0.049333,0.53093,0.13402,0.33505,200,100,dp,27,194,10,1,random
2129,AGR,6,"2026-07-14 21:21:51",43.1,0.63157,3.24255,5.8182,0.58893939,0.06670303,0.327434,0.05512,0.52083,0.11458,0.36458,200,100,dp,27,192,10,1,random
2130,AGR,7,"2026-07-14 21:22:00",52,0.650945,3.43428,5.7879,0.6090909,0.06856667,0.32501,0.053075,0.49738,0.1466,0.35602,200,100,dp,27,191,10,1,random
2131,AGR,8,"2026-07-14 21:22:09",60.7,0.6643,3.59904,5.7576,0.60924242,0.08884242,0.364309,0.075445,0.46842,0.17368,0.35789,200,100,dp,27,190,10,1,random
2132,AGR,9,"2026-07-14 21:22:18",69.8,0.67793,3.76617,5.697,0.63212121,0.06840303,0.392435,0.060344,0.45213,0.19681,0.35106,200,100,dp,27,188,10,1,random
2133,AGR,10,"2026-07-14 21:22:27",78.9,0.691245,3.93247,5.697,0.64121212,0.07411515,0.445792,0.065391,0.43617,0.20213,0.3617,200,100,dp,27,188,10,1,random
2134,AGR,11,"2026-07-14 21:22:36",88,0.70317,4.11489,5.697,0.66030303,0.06202424,0.471142,0.055003,0.40957,0.23936,0.35106,200,100,dp,27,188,10,1,random
2135,AGR,12,"2026-07-14 21:22:45",97,0.714333,4.26982,5.697,0.66454545,0.07536667,0.518449,0.063831,0.39362,0.26064,0.34574,200,100,dp,27,188,10,1,random
2136,AGR,13,"2026-07-14 21:22:54",106.1,0.726685,4.42722,5.697,0.68393939,0.06033333,0.560163,0.052258,0.36702,0.31383,0.31915,200,100,dp,27,188,10,1,random
2137,AGR,14,"2026-07-14 21:23:03",115.1,0.739979,4.60048,5.697,0.69803031,0.05974545,0.663457,0.050008,0.35638,0.30851,0.33511,200,100,dp,27,188,10,1,random
2138,AGR,15,"2026-07-14 21:23:13",124.3,0.750145,4.73986,5.697,0.69984849,0.07068788,0.673519,0.062241,0.32979,0.38298,0.28723,200,100,dp,27,188,10,1,random
2139,AGR,16,"2026-07-14 21:23:22",133.5,0.75647,4.85724,5.697,0.70075758,0.07325758,0.792741,0.071148,0.2766,0.46809,0.25532,200,100,dp,27,188,10,1,random
2140,AGR,17,"2026-07-14 21:23:31",142.6,0.76573,4.98978,5.6667,0.72333333,0.05666667,0.837481,0.051176,0.23529,0.54545,0.21925,200,100,dp,27,187,10,1,random
2141,AGR,18,"2026-07-14 21:23:40",151.9,0.773521,5.11645,5.6667,0.73060606,0.05647273,0.939505,0.052295,0.17647,0.64706,0.17647,200,100,dp,27,187,10,1,random
2142,AGR,19,"2026-07-14 21:23:49",161,0.779255,5.21837,5.6667,0.73727273,0.05460909,1.00039,0.051415,0.14973,0.69519,0.15508,200,100,dp,27,187,10,1,random
2143,AGR,20,"2026-07-14 21:23:58",170.2,0.7847,5.30831,5.6667,0.74257576,0.0557,1.06629,0.05152,0.12834,0.74332,0.12834,200,100,dp,27,187,10,1,random
2144,RANDOM,1,"2026-07-14 21:24:07",4.9,0.507042,2.32842,6.0909,0.50090909,0.00757576,0.225728,0.013693,0.64179,0.09453,0.26368,200,100,dp,27,201,10,1,random
2145,RANDOM,2,"2026-07-14 21:24:12",9.2,0.505876,2.33032,5.8788,0.52287879,-0.03190303,0.248427,-0.028901,0.61856,0.11856,0.26289,200,100,dp,27,194,10,1,random
2146,RANDOM,3,"2026-07-14 21:24:16",13.6,0.504079,2.33559,5.697,0.50833333,-0.00939091,0.266503,-0.004171,0.60638,0.11702,0.2766,200,100,dp,27,188,10,1,random
2147,RANDOM,4,"2026-07-14 21:24:21",18,0.508539,2.34242,5.5758,0.50757576,-0.00200606,0.258397,0.000177,0.6087,0.1087,0.28261,200,100,dp,27,184,10,1,random
2148,RANDOM,5,"2026-07-14 21:24:25",22.4,0.508767,2.34805,5.3636,0.51090909,-0.00212424,0.265933,-0.001466,0.59322,0.11864,0.28814,200,100,dp,27,177,10,1,random
2149,RANDOM,6,"2026-07-14 21:24:29",26.9,0.508715,2.33997,5.2727,0.51545454,-0.00600303,0.269747,-0.011023,0.59195,0.13793,0.27011,200,100,dp,27,174,10,1,random
2150,RANDOM,7,"2026-07-14 21:24:36",33,0.507715,2.32728,5.2121,0.51106061,-0.00724848,0.304903,-0.002197,0.59884,0.13953,0.26163,200,100,dp,27,172,10,1,random
2151,RANDOM,8,"2026-07-14 21:24:42",39,0.506815,2.31695,5.1212,0.50712121,-0.00414242,0.336087,0.003507,0.5858,0.14201,0.27219,200,100,dp,27,169,10,1,random
2152,RANDOM,9,"2026-07-14 21:24:48",45.3,0.505094,2.30953,5,0.50878788,-0.00932424,0.322663,-0.002164,0.59394,0.13333,0.27273,200,100,dp,27,165,10,1,random
2153,RANDOM,10,"2026-07-14 21:24:54",51.5,0.503894,2.30629,4.9394,0.505,-0.00373939,0.343015,0.00166,0.58282,0.13497,0.28221,200,100,dp,27,163,10,1,random
2154,RANDOM,11,"2026-07-14 21:25:00",57.8,0.504182,2.29956,4.7879,0.51060606,-0.01349697,0.317316,-0.010076,0.58861,0.12025,0.29114,200,100,dp,27,158,10,1,random
2155,RANDOM,12,"2026-07-14 21:25:07",64.2,0.501761,2.28156,4.6667,0.50606061,-0.01234545,0.321107,-0.003766,0.59091,0.11039,0.2987,200,100,dp,27,154,10,1,random
2156,RANDOM,13,"2026-07-14 21:25:13",70.5,0.500494,2.28258,4.6364,0.50560606,-0.00933636,0.331342,-0.005579,0.5817,0.11111,0.30719,200,100,dp,27,153,10,1,random
2157,RANDOM,14,"2026-07-14 21:25:19",76.8,0.497445,2.2743,4.5455,0.50272727,-0.01094242,0.320831,-0.003999,0.58,0.12,0.3,200,100,dp,27,150,10,1,random
2158,RANDOM,15,"2026-07-14 21:25:26",83.2,0.498558,2.27639,4.5455,0.50242425,-0.00607879,0.330329,-0.006228,0.58667,0.11333,0.3,200,100,dp,27,150,10,1,random
2159,RANDOM,16,"2026-07-14 21:25:32",89.6,0.493742,2.24714,4.5152,0.50075758,-0.00930909,0.341505,-0.00573,0.57718,0.13423,0.28859,200,100,dp,27,149,10,1,random
2160,RANDOM,17,"2026-07-14 21:25:39",96,0.493579,2.26153,4.4848,0.49530303,-0.00449697,0.351324,0.000209,0.56757,0.13514,0.2973,200,100,dp,27,148,10,1,random
2161,RANDOM,18,"2026-07-14 21:25:45",102.4,0.493091,2.25291,4.4545,0.49454546,-0.00131515,0.330539,0.001276,0.56463,0.13605,0.29932,200,100,dp,27,147,10,1,random
2162,RANDOM,19,"2026-07-14 21:25:51",108.8,0.492324,2.2464,4.4242,0.49484848,-0.00673333,0.332071,-0.000768,0.56849,0.12329,0.30822,200,100,dp,27,146,10,1,random
2163,RANDOM,20,"2026-07-14 21:25:58",115.3,0.489936,2.24161,4.3939,0.50090909,-0.01858182,0.307535,-0.016926,0.57241,0.11034,0.31724,200,100,dp,27,145,10,1,random
2164,OI,1,"2026-07-14 21:26:14",5.3,0.528467,2.46156,5.5758,0.53227272,-0.00973636,0.263217,-0.033001,0.57609,0.125,0.29891,200,100,dp,28,184,10,1,random
2165,OI,2,"2026-07-14 21:26:19",10.1,0.557361,2.63678,5.5455,0.56727273,-0.01536667,0.312549,-0.041447,0.56284,0.10929,0.32787,200,100,dp,28,183,10,1,random
2166,OI,3,"2026-07-14 21:26:24",15,0.584203,2.81295,5.4848,0.58848485,-0.00637879,0.31721,-0.028359,0.54144,0.13812,0.32044,200,100,dp,28,181,10,1,random
2167,OI,4,"2026-07-14 21:26:29",19.9,0.6118,3.01308,5.4242,0.6169697,-0.00891212,0.399174,-0.028334,0.50838,0.14525,0.34637,200,100,dp,28,179,10,1,random
2168,OI,5,"2026-07-14 21:26:34",24.7,0.635785,3.2133,5.4242,0.64484849,-0.01600303,0.407691,-0.031087,0.44693,0.18994,0.36313,200,100,dp,28,179,10,1,random
2169,OI,6,"2026-07-14 21:26:39",29.7,0.659958,3.41802,5.4242,0.66454546,-0.00721818,0.408613,-0.023059,0.42458,0.23464,0.34078,200,100,dp,28,179,10,1,random
2170,OI,7,"2026-07-14 21:26:45",36.3,0.680982,3.63426,5.4242,0.68954545,-0.01607273,0.490042,-0.025913,0.40782,0.26257,0.32961,200,100,dp,28,179,10,1,random
2171,OI,8,"2026-07-14 21:26:52",42.7,0.697182,3.82415,5.4242,0.70515151,-0.01247273,0.561345,-0.021061,0.39106,0.27933,0.32961,200,100,dp,28,179,10,1,random
2172,OI,9,"2026-07-14 21:26:58",49.4,0.712858,4.03571,5.4242,0.7189394,-0.00588788,0.611671,-0.017514,0.35754,0.30726,0.3352,200,100,dp,28,179,10,1,random
2173,OI,10,"2026-07-14 21:27:05",56.1,0.726503,4.24593,5.4242,0.72242424,0.00514848,0.652245,-0.001779,0.31285,0.35196,0.3352,200,100,dp,28,179,10,1,random
2174,OI,11,"2026-07-14 21:27:12",62.9,0.739361,4.41454,5.4242,0.74666666,-0.01073636,0.695102,-0.016265,0.2905,0.3743,0.3352,200,100,dp,28,179,10,1,random
2175,OI,12,"2026-07-14 21:27:19",69.7,0.750933,4.57272,5.4242,0.74954545,0.0009697,0.7053,-0.003622,0.24022,0.49721,0.26257,200,100,dp,28,179,10,1,random
2176,OI,13,"2026-07-14 21:27:25",76.6,0.761415,4.72622,5.4242,0.76681818,-0.00738788,0.884882,-0.012173,0.22346,0.55307,0.22346,200,100,dp,28,179,10,1,random
2177,OI,14,"2026-07-14 21:27:32",83.3,0.769079,4.88089,5.4242,0.75681818,0.01745152,1.04541,0.013067,0.19553,0.60335,0.20112,200,100,dp,28,179,10,1,random
2178,OI,15,"2026-07-14 21:27:39",90.1,0.775764,4.99872,5.4242,0.78212121,-0.00736061,1.17023,-0.010385,0.17877,0.6648,0.15642,200,100,dp,28,179,10,1,random
2179,OI,16,"2026-07-14 21:27:46",96.9,0.780494,5.1208,5.4242,0.7810606,0.00036667,1.45176,-0.002018,0.12291,0.78212,0.09497,200,100,dp,28,179,10,1,random
2180,OI,17,"2026-07-14 21:27:53",103.8,0.783248,5.20098,5.4242,0.78348485,-0.00151818,2.04984,-0.000378,0.07821,0.84916,0.07263,200,100,dp,28,179,10,1,random
2181,OI,18,"2026-07-14 21:28:00",110.7,0.785033,5.25917,5.4242,0.79,-0.00722727,1.84366,-0.005952,0.06145,0.88827,0.05028,200,100,dp,28,179,10,1,random
2182,OI,19,"2026-07-14 21:28:06",117.5,0.786606,5.30608,5.4242,0.7930303,-0.00796667,2.29041,-0.007538,0.02235,0.94413,0.03352,200,100,dp,28,179,10,1,random
2183,OI,20,"2026-07-14 21:28:13",124.4,0.785985,5.29372,5.4242,0.79393939,-0.01056667,1.62341,-0.008289,0.03352,0.93296,0.03352,200,100,dp,28,179,10,1,random
2184,IR,1,"2026-07-14 21:28:24",5.6,0.506455,2.33355,5.6061,0.56757576,-0.10731818,0.226358,-0.127242,0.6,0.12432,0.27568,200,100,dp,28,185,10,1,random
2185,IR,2,"2026-07-14 21:28:29",10.8,0.518661,2.39164,5.4545,0.58515151,-0.11747273,0.274371,-0.138882,0.58333,0.12222,0.29444,200,100,dp,28,180,10,1,random
2186,IR,3,"2026-07-14 21:28:34",15.9,0.528836,2.4474,5.3636,0.59909091,-0.11906061,0.269719,-0.14162,0.57627,0.11864,0.30508,200,100,dp,28,177,10,1,random
2187,IR,4,"2026-07-14 21:28:39",21,0.542973,2.52339,5.303,0.61257576,-0.11817273,0.286089,-0.140877,0.55429,0.12,0.32571,200,100,dp,28,175,10,1,random
2188,IR,5,"2026-07-14 21:28:45",26.1,0.553618,2.56559,5.2727,0.61409091,-0.10162424,0.268947,-0.118127,0.55747,0.1092,0.33333,200,100,dp,28,174,10,1,random
2189,IR,6,"2026-07-14 21:28:50",31.1,0.560852,2.59389,5.2727,0.62727273,-0.11928182,0.274205,-0.123379,0.55172,0.13218,0.31609,200,100,dp,28,174,10,1,random
2190,IR,7,"2026-07-14 21:28:56",37.8,0.568758,2.62782,5.1818,0.64075758,-0.1212697,0.310371,-0.132775,0.54386,0.12281,0.33333,200,100,dp,28,171,10,1,random
2191,IR,8,"2026-07-14 21:29:03",44.5,0.577336,2.6596,5.1818,0.64727273,-0.11844242,0.304219,-0.12754,0.54971,0.10526,0.34503,200,100,dp,28,171,10,1,random
2192,IR,9,"2026-07-14 21:29:10",51.4,0.587852,2.72668,5.1515,0.66,-0.12083333,0.293979,-0.130746,0.53529,0.12941,0.33529,200,100,dp,28,170,10,1,random
2193,IR,10,"2026-07-14 21:29:17",58.4,0.596367,2.76207,5.1515,0.66727273,-0.12237879,0.321947,-0.125029,0.52941,0.11765,0.35294,200,100,dp,28,170,10,1,random
2194,IR,11,"2026-07-14 21:29:24",65.4,0.600658,2.77993,5.1212,0.67666666,-0.12307273,0.305272,-0.12895,0.53254,0.12426,0.3432,200,100,dp,28,169,10,1,random
2195,IR,12,"2026-07-14 21:29:31",72.3,0.604558,2.79102,5.1212,0.68212121,-0.12781515,0.319958,-0.130141,0.52663,0.13609,0.33728,200,100,dp,28,169,10,1,random
2196,IR,13,"2026-07-14 21:29:38",79.2,0.611091,2.83913,5.0303,0.68272727,-0.11954242,0.338979,-0.121469,0.51205,0.13253,0.35542,200,100,dp,28,166,10,1,random
2197,IR,14,"2026-07-14 21:29:45",86.1,0.617318,2.87775,5,0.69151515,-0.12151515,0.331545,-0.124114,0.50909,0.15152,0.33939,200,100,dp,28,165,10,1,random
2198,IR,15,"2026-07-14 21:29:51",93.1,0.626164,2.9396,4.9394,0.70106061,-0.12249394,0.375003,-0.126197,0.49693,0.15951,0.34356,200,100,dp,28,163,10,1,random
2199,IR,16,"2026-07-14 21:29:58",100,0.634976,3.00042,4.9091,0.70863636,-0.1188697,0.395751,-0.12221,0.48148,0.17284,0.34568,200,100,dp,28,162,10,1,random
2200,IR,17,"2026-07-14 21:30:06",107.6,0.636627,3.0228,4.8788,0.71030303,-0.11845455,0.404324,-0.11589,0.45963,0.20497,0.3354,200,100,dp,28,161,10,1,random
2201,IR,18,"2026-07-14 21:30:14",115.2,0.647833,3.10078,4.8485,0.72060606,-0.11647273,0.441348,-0.12018,0.45,0.2,0.35,200,100,dp,28,160,10,1,random
2202,IR,19,"2026-07-14 21:30:21",122.1,0.653218,3.14476,4.8485,0.7330303,-0.12810303,0.43735,-0.125189,0.4375,0.20625,0.35625,200,100,dp,28,160,10,1,random
2203,IR,20,"2026-07-14 21:30:27",129,0.656121,3.16929,4.8182,0.74,-0.13208788,0.416458,-0.128893,0.43396,0.20755,0.35849,200,100,dp,28,159,10,1,random
2204,AGR,1,"2026-07-14 21:30:39",7.4,0.522658,2.43744,5.697,0.47893939,0.06932424,0.249637,0.067102,0.59574,0.10638,0.29787,200,100,dp,28,188,10,1,random
2205,AGR,2,"2026-07-14 21:30:46",14.3,0.542991,2.56595,5.6061,0.50242424,0.06227576,0.278977,0.060731,0.58378,0.11351,0.3027,200,100,dp,28,185,10,1,random
2206,AGR,3,"2026-07-14 21:30:53",21.4,0.560782,2.68211,5.5455,0.51469697,0.07496364,0.307203,0.07064,0.55738,0.09836,0.34426,200,100,dp,28,183,10,1,random
2207,AGR,4,"2026-07-14 21:31:00",28.5,0.577764,2.82778,5.4848,0.53363636,0.07055152,0.278296,0.065998,0.54144,0.10497,0.35359,200,100,dp,28,181,10,1,random
2208,AGR,5,"2026-07-14 21:31:07",35.8,0.594406,2.97444,5.4545,0.55469697,0.06627273,0.302927,0.056519,0.53333,0.09444,0.37222,200,100,dp,28,180,10,1,random
2209,AGR,6,"2026-07-14 21:31:14",42.9,0.611973,3.12339,5.4545,0.57363637,0.05751212,0.315427,0.051941,0.51111,0.10556,0.38333,200,100,dp,28,180,10,1,random
2210,AGR,7,"2026-07-14 21:31:23",51.7,0.628079,3.27063,5.4242,0.5780303,0.07518788,0.323632,0.069896,0.49721,0.12291,0.37989,200,100,dp,28,179,10,1,random
2211,AGR,8,"2026-07-14 21:31:32",60.6,0.645509,3.44858,5.3636,0.60333333,0.06000909,0.366927,0.054964,0.46328,0.15254,0.38418,200,100,dp,28,177,10,1,random
2212,AGR,9,"2026-07-14 21:31:41",69.7,0.659127,3.60374,5.3636,0.61075758,0.07313333,0.394365,0.065636,0.46328,0.15819,0.37853,200,100,dp,28,177,10,1,random
2213,AGR,10,"2026-07-14 21:31:50",78.9,0.6735,3.75744,5.3636,0.62636363,0.06801818,0.452235,0.06182,0.42373,0.22599,0.35028,200,100,dp,28,177,10,1,random
2214,AGR,11,"2026-07-14 21:32:00",88.1,0.686506,3.92129,5.3636,0.6380303,0.07339697,0.527849,0.063353,0.39548,0.23164,0.37288,200,100,dp,28,177,10,1,random
2215,AGR,12,"2026-07-14 21:32:09",97.4,0.697655,4.06183,5.3636,0.65439394,0.06104545,0.515495,0.056458,0.37288,0.28814,0.33898,200,100,dp,28,177,10,1,random
2216,AGR,13,"2026-07-14 21:32:18",106.6,0.710633,4.25063,5.3636,0.66787879,0.05976667,0.613595,0.053311,0.37288,0.31638,0.31073,200,100,dp,28,177,10,1,random
2217,AGR,14,"2026-07-14 21:32:27",115.8,0.722548,4.40702,5.3636,0.67909091,0.06091212,0.711755,0.053896,0.33333,0.38418,0.28249,200,100,dp,28,177,10,1,random
2218,AGR,15,"2026-07-14 21:32:37",125,0.732606,4.54079,5.3636,0.68878787,0.06077879,0.791035,0.054939,0.27684,0.49718,0.22599,200,100,dp,28,177,10,1,random
2219,AGR,16,"2026-07-14 21:32:46",134.2,0.742215,4.67335,5.3636,0.685,0.07912727,0.936708,0.072316,0.22599,0.57627,0.19774,200,100,dp,28,177,10,1,random
2220,AGR,17,"2026-07-14 21:32:55",143.5,0.749742,4.77306,5.3636,0.6930303,0.07898788,0.952218,0.072276,0.20904,0.61017,0.18079,200,100,dp,28,177,10,1,random
2221,AGR,18,"2026-07-14 21:33:04",152.9,0.756252,4.85937,5.3636,0.69590908,0.08025758,1.02714,0.077398,0.18079,0.64407,0.17514,200,100,dp,28,177,10,1,random
2222,AGR,19,"2026-07-14 21:33:14",162.3,0.763733,4.95001,5.3636,0.71484849,0.06609394,1.02271,0.06079,0.16384,0.69492,0.14124,200,100,dp,28,177,10,1,random
2223,AGR,20,"2026-07-14 21:33:23",171.6,0.769945,5.03292,5.3636,0.71636363,0.07170606,1.16172,0.067031,0.12994,0.74576,0.12429,200,100,dp,28,177,10,1,random
2224,RANDOM,1,"2026-07-14 21:33:32",4.7,0.497788,2.29099,5.4848,0.49727272,-0.00502121,0.214973,0.005368,0.60773,0.12155,0.27072,200,100,dp,28,181,10,1,random
2225,RANDOM,2,"2026-07-14 21:33:36",9,0.497018,2.28329,5.3939,0.49075758,0.00743636,0.259367,0.015577,0.60674,0.1236,0.26966,200,100,dp,28,178,10,1,random
2226,RANDOM,3,"2026-07-14 21:33:41",13.3,0.497591,2.27799,5.303,0.49924242,-0.00421818,0.271064,-0.000754,0.60571,0.10857,0.28571,200,100,dp,28,175,10,1,random
2227,RANDOM,4,"2026-07-14 21:33:45",17.6,0.496085,2.27147,5.2121,0.49545455,-0.00112121,0.249795,0.006457,0.60465,0.11047,0.28488,200,100,dp,28,172,10,1,random
2228,RANDOM,5,"2026-07-14 21:33:49",22,0.491773,2.25486,5.1212,0.49272728,0.00275152,0.260064,0.005473,0.60355,0.11834,0.27811,200,100,dp,28,169,10,1,random
2229,RANDOM,6,"2026-07-14 21:33:54",26.4,0.485494,2.23219,5.0909,0.48757576,-0.00900606,0.273219,0.004937,0.6131,0.10119,0.28571,200,100,dp,28,168,10,1,random
2230,RANDOM,7,"2026-07-14 21:34:00",32.6,0.4848,2.22893,5.0606,0.495,-0.02510606,0.269868,-0.017842,0.61677,0.09581,0.28743,200,100,dp,28,167,10,1,random
2231,RANDOM,8,"2026-07-14 21:34:06",38.6,0.488373,2.24117,4.9091,0.50272727,-0.02729394,0.275844,-0.029927,0.61111,0.09259,0.2963,200,100,dp,28,162,10,1,random
2232,RANDOM,9,"2026-07-14 21:34:12",44.7,0.485779,2.22942,4.8485,0.48833333,-0.00379394,0.277661,0.000356,0.6,0.1,0.3,200,100,dp,28,160,10,1,random
2233,RANDOM,10,"2026-07-14 21:34:18",50.9,0.486685,2.23819,4.7879,0.48560606,-0.00500606,0.275873,0.004983,0.58861,0.10759,0.3038,200,100,dp,28,158,10,1,random
2234,RANDOM,11,"2026-07-14 21:34:25",57.1,0.486606,2.24388,4.7576,0.48924242,0.0055303,0.276761,-0.001816,0.59236,0.10191,0.30573,200,100,dp,28,157,10,1,random
2235,RANDOM,12,"2026-07-14 21:34:31",63.3,0.486488,2.24053,4.6364,0.48378788,0.01075152,0.276978,0.008875,0.5817,0.11111,0.30719,200,100,dp,28,153,10,1,random
2236,RANDOM,13,"2026-07-14 21:34:37",69.4,0.487806,2.23366,4.5758,0.4780303,0.0182,0.286378,0.020863,0.5894,0.09934,0.31126,200,100,dp,28,151,10,1,random
2237,RANDOM,14,"2026-07-14 21:34:43",75.6,0.488364,2.24431,4.5455,0.48545454,0.00994848,0.290364,0.007228,0.57333,0.10667,0.32,200,100,dp,28,150,10,1,random
2238,RANDOM,15,"2026-07-14 21:34:49",81.8,0.487836,2.24667,4.4242,0.48939393,0.00215,0.27911,-0.001028,0.56164,0.11644,0.32192,200,100,dp,28,146,10,1,random
2239,RANDOM,16,"2026-07-14 21:34:55",87.9,0.486821,2.24918,4.3939,0.48984849,-0.0086875,0.314839,-0.001334,0.54483,0.13793,0.31724,200,100,dp,28,145,10,1,random
2240,RANDOM,17,"2026-07-14 21:35:02",94.1,0.487491,2.25486,4.3333,0.48181818,0.00570937,0.32419,0.013727,0.54545,0.12587,0.32867,200,100,dp,28,143,10,1,random
2241,RANDOM,18,"2026-07-14 21:35:08",100.3,0.485521,2.24479,4.2424,0.48924243,-0.00568125,0.312669,-0.002396,0.54286,0.13571,0.32143,200,100,dp,28,140,10,1,random
2242,RANDOM,19,"2026-07-14 21:35:14",106.5,0.484242,2.24326,4.2121,0.48469697,-0.00242188,0.333023,0.002586,0.53237,0.13669,0.33094,200,100,dp,28,139,10,1,random
2243,RANDOM,20,"2026-07-14 21:35:20",112.7,0.485597,2.23488,4.1818,0.48560606,-0.00360625,0.313834,0.002032,0.55072,0.12319,0.32609,200,100,dp,28,138,10,1,random
2244,OI,1,"2026-07-14 21:35:36",5.4,0.533176,2.48496,5.7576,0.53242424,0.00213333,0.261681,-0.022592,0.58947,0.10526,0.30526,200,100,dp,29,190,10,1,random
2245,OI,2,"2026-07-14 21:35:41",10.3,0.562376,2.67176,5.697,0.55166667,0.0173697,0.303147,-0.003207,0.56383,0.11702,0.31915,200,100,dp,29,188,10,1,random
2246,OI,3,"2026-07-14 21:35:46",15.2,0.59093,2.86961,5.6061,0.58984848,0.01148485,0.338264,-0.019367,0.52973,0.12973,0.34054,200,100,dp,29,185,10,1,random
2247,OI,4,"2026-07-14 21:35:51",20.1,0.613118,3.05322,5.5455,0.61166666,0.00340606,0.346693,-0.012655,0.48634,0.15301,0.36066,200,100,dp,29,183,10,1,random
2248,OI,5,"2026-07-14 21:35:56",25.1,0.637218,3.26159,5.5455,0.64272727,-0.01074242,0.354228,-0.024749,0.46448,0.18033,0.35519,200,100,dp,29,183,10,1,random
2249,OI,6,"2026-07-14 21:36:01",30.1,0.660097,3.481,5.4848,0.66166667,-0.00271515,0.414928,-0.016591,0.43646,0.18232,0.38122,200,100,dp,29,181,10,1,random
2250,OI,7,"2026-07-14 21:36:07",36.7,0.680079,3.70435,5.4848,0.69106061,-0.01792727,0.417861,-0.028679,0.41436,0.20442,0.38122,200,100,dp,29,181,10,1,random
2251,OI,8,"2026-07-14 21:36:14",43.4,0.696039,3.87666,5.4848,0.69257576,0.00552727,0.4825,-0.004402,0.37569,0.27072,0.35359,200,100,dp,29,181,10,1,random
2252,OI,9,"2026-07-14 21:36:21",50.3,0.7137,4.05826,5.4848,0.7219697,-0.0108303,0.547879,-0.021735,0.35359,0.25967,0.38674,200,100,dp,29,181,10,1,random
2253,OI,10,"2026-07-14 21:36:28",57.1,0.727761,4.22414,5.4848,0.72318182,0.0054,0.544102,-0.001313,0.32597,0.31492,0.35912,200,100,dp,29,181,10,1,random
2254,OI,11,"2026-07-14 21:36:35",63.9,0.73863,4.37806,5.4848,0.73621212,0.00182121,0.613819,-0.002036,0.29282,0.39779,0.30939,200,100,dp,29,181,10,1,random
2255,OI,12,"2026-07-14 21:36:42",70.8,0.747842,4.53047,5.4848,0.7539394,-0.00786364,0.733508,-0.012321,0.25414,0.46409,0.28177,200,100,dp,29,181,10,1,random
2256,OI,13,"2026-07-14 21:36:48",77.6,0.758379,4.70028,5.4848,0.74166667,0.02325758,0.828056,0.017757,0.22099,0.51934,0.25967,200,100,dp,29,181,10,1,random
2257,OI,14,"2026-07-14 21:36:55",84.5,0.766018,4.84935,5.4848,0.76333333,0.00592727,0.882267,0.000216,0.19337,0.59669,0.20994,200,100,dp,29,181,10,1,random
2258,OI,15,"2026-07-14 21:37:02",91.2,0.77083,4.94948,5.4545,0.76742424,0.00183939,1.00448,0.003307,0.15556,0.7,0.14444,200,100,dp,29,180,10,1,random
2259,OI,16,"2026-07-14 21:37:09",98.1,0.777258,5.06577,5.4545,0.77863636,-0.00130606,1.24932,-0.004257,0.12222,0.75556,0.12222,200,100,dp,29,180,10,1,random
2260,OI,17,"2026-07-14 21:37:16",105,0.78237,5.16215,5.4545,0.78863637,-0.00762121,1.32356,-0.009434,0.07778,0.83889,0.08333,200,100,dp,29,180,10,1,random
2261,OI,18,"2026-07-14 21:37:23",111.9,0.785376,5.21137,5.4545,0.78787879,-0.00216667,1.4894,-0.003284,0.06667,0.83889,0.09444,200,100,dp,29,180,10,1,random
2262,OI,19,"2026-07-14 21:37:30",118.7,0.788024,5.27174,5.4545,0.79075758,-0.00299091,1.40108,-0.00367,0.04444,0.88889,0.06667,200,100,dp,29,180,10,1,random
2263,OI,20,"2026-07-14 21:37:36",125.6,0.789052,5.30512,5.4545,0.80015151,-0.01434545,1.5812,-0.013011,0.04444,0.91667,0.03889,200,100,dp,29,180,10,1,random
2264,IR,1,"2026-07-14 21:37:45",4.8,0.512958,2.36123,5.6364,0.57560606,-0.11378485,0.22205,-0.130146,0.60753,0.08602,0.30645,200,100,dp,29,186,10,1,random
2265,IR,2,"2026-07-14 21:37:49",9.1,0.519521,2.3883,5.5758,0.57681818,-0.10514242,0.237846,-0.115339,0.59239,0.10326,0.30435,200,100,dp,29,184,10,1,random
2266,IR,3,"2026-07-14 21:37:53",13.5,0.526285,2.41571,5.4242,0.58984848,-0.11372727,0.246354,-0.125777,0.58659,0.10615,0.30726,200,100,dp,29,179,10,1,random
2267,IR,4,"2026-07-14 21:37:58",17.9,0.534518,2.45032,5.3939,0.59727272,-0.10533636,0.26052,-0.123427,0.58427,0.10112,0.31461,200,100,dp,29,178,10,1,random
2268,IR,5,"2026-07-14 21:38:02",22.2,0.543821,2.48773,5.3333,0.60727273,-0.11067576,0.265627,-0.123575,0.56818,0.125,0.30682,200,100,dp,29,176,10,1,random
2269,IR,6,"2026-07-14 21:38:07",26.7,0.550845,2.51948,5.2121,0.62015151,-0.11311818,0.284392,-0.131294,0.55814,0.10465,0.33721,200,100,dp,29,172,10,1,random
2270,IR,7,"2026-07-14 21:38:13",32.8,0.558652,2.56007,5.1515,0.61954546,-0.10358788,0.260042,-0.115181,0.55882,0.10588,0.33529,200,100,dp,29,170,10,1,random
2271,IR,8,"2026-07-14 21:38:19",38.9,0.565958,2.61156,4.9394,0.63545455,-0.11430909,0.281547,-0.128718,0.53374,0.11043,0.35583,200,100,dp,29,163,10,1,random
2272,IR,9,"2026-07-14 21:38:25",45.2,0.572691,2.64705,4.8788,0.64318182,-0.1173,0.298572,-0.128256,0.53416,0.1118,0.35404,200,100,dp,29,161,10,1,random
2273,IR,10,"2026-07-14 21:38:31",51.5,0.577655,2.67583,4.8485,0.6469697,-0.11846061,0.310909,-0.123547,0.51875,0.125,0.35625,200,100,dp,29,160,10,1,random
2274,IR,11,"2026-07-14 21:38:38",57.8,0.589458,2.73581,4.8182,0.66257576,-0.12526667,0.328969,-0.133581,0.49057,0.16981,0.33962,200,100,dp,29,159,10,1,random
2275,IR,12,"2026-07-14 21:38:44",64.1,0.599582,2.79098,4.8182,0.67121212,-0.12024848,0.36606,-0.127285,0.47799,0.1761,0.34591,200,100,dp,29,159,10,1,random
2276,IR,13,"2026-07-14 21:38:50",70.4,0.604288,2.80631,4.7576,0.67590909,-0.11967273,0.364161,-0.121174,0.48408,0.17197,0.34395,200,100,dp,29,157,10,1,random
2277,IR,14,"2026-07-14 21:38:57",76.7,0.607736,2.82052,4.7273,0.6830303,-0.12655455,0.382566,-0.125849,0.48077,0.16667,0.35256,200,100,dp,29,156,10,1,random
2278,IR,15,"2026-07-14 21:39:03",83,0.613676,2.83885,4.6364,0.68484848,-0.11808182,0.382064,-0.120279,0.46405,0.20261,0.33333,200,100,dp,29,153,10,1,random
2279,IR,16,"2026-07-14 21:39:09",89.4,0.619197,2.86436,4.6061,0.69378787,-0.12294545,0.430945,-0.12429,0.45395,0.19737,0.34868,200,100,dp,29,152,10,1,random
2280,IR,17,"2026-07-14 21:39:16",95.9,0.624079,2.8847,4.5455,0.70424242,-0.12866061,0.408273,-0.13111,0.44,0.22667,0.33333,200,100,dp,29,150,10,1,random
2281,IR,18,"2026-07-14 21:39:22",102.3,0.630303,2.92202,4.5455,0.70757576,-0.12353333,0.456294,-0.126541,0.44,0.22667,0.33333,200,100,dp,29,150,10,1,random
2282,IR,19,"2026-07-14 21:39:29",108.8,0.635058,2.94596,4.4848,0.71333333,-0.12653333,0.474475,-0.126375,0.41216,0.25676,0.33108,200,100,dp,29,148,10,1,random
2283,IR,20,"2026-07-14 21:39:35",115.1,0.64027,2.97757,4.4848,0.71363636,-0.11688182,0.494467,-0.117994,0.39189,0.27027,0.33784,200,100,dp,29,148,10,1,random
2284,AGR,1,"2026-07-14 21:39:43",7.3,0.524415,2.457,5.7273,0.48818182,0.05819091,0.239787,0.054292,0.60847,0.06878,0.32275,200,100,dp,29,189,10,1,random
2285,AGR,2,"2026-07-14 21:39:50",14.3,0.543952,2.59038,5.6061,0.49878788,0.07343939,0.247157,0.070033,0.57838,0.1027,0.31892,200,100,dp,29,185,10,1,random
2286,AGR,3,"2026-07-14 21:39:57",21.2,0.564948,2.74875,5.5455,0.51590909,0.0821697,0.290608,0.073786,0.56831,0.09836,0.33333,200,100,dp,29,183,10,1,random
2287,AGR,4,"2026-07-14 21:40:05",28.4,0.584891,2.91148,5.4848,0.54818182,0.05601818,0.307605,0.049759,0.56354,0.08287,0.35359,200,100,dp,29,181,10,1,random
2288,AGR,5,"2026-07-14 21:40:12",36,0.601155,3.04919,5.4848,0.56348485,0.0568303,0.314823,0.052457,0.51934,0.12155,0.35912,200,100,dp,29,181,10,1,random
2289,AGR,6,"2026-07-14 21:40:19",43.2,0.61837,3.20512,5.4848,0.57348485,0.07054545,0.3306,0.062482,0.49724,0.13812,0.36464,200,100,dp,29,181,10,1,random
2290,AGR,7,"2026-07-14 21:40:28",51.9,0.636797,3.39156,5.4848,0.6,0.05588788,0.362527,0.046615,0.45856,0.18232,0.35912,200,100,dp,29,181,10,1,random
2291,AGR,8,"2026-07-14 21:40:37",60.8,0.650809,3.55692,5.4848,0.59909091,0.07827576,0.396968,0.071028,0.44751,0.19337,0.35912,200,100,dp,29,181,10,1,random
2292,AGR,9,"2026-07-14 21:40:46",69.8,0.666318,3.73304,5.4848,0.61742424,0.07383333,0.43445,0.064699,0.41989,0.22652,0.35359,200,100,dp,29,181,10,1,random
2293,AGR,10,"2026-07-14 21:40:55",79,0.679627,3.88057,5.4848,0.62621212,0.07802121,0.47538,0.07125,0.40331,0.24309,0.35359,200,100,dp,29,181,10,1,random
2294,AGR,11,"2026-07-14 21:41:04",88.3,0.695152,4.03705,5.4545,0.65060606,0.06670303,0.51435,0.055676,0.37778,0.26111,0.36111,200,100,dp,29,180,10,1,random
2295,AGR,12,"2026-07-14 21:41:14",97.5,0.709918,4.237,5.4545,0.67151515,0.05558182,0.542911,0.046245,0.35,0.29444,0.35556,200,100,dp,29,180,10,1,random
2296,AGR,13,"2026-07-14 21:41:23",106.6,0.72467,4.42506,5.4545,0.6739394,0.07417879,0.608559,0.062088,0.32222,0.37222,0.30556,200,100,dp,29,180,10,1,random
2297,AGR,14,"2026-07-14 21:41:32",115.8,0.732048,4.5348,5.4545,0.68227272,0.06922727,0.721996,0.064409,0.3,0.44444,0.25556,200,100,dp,29,180,10,1,random
2298,AGR,15,"2026-07-14 21:41:41",124.8,0.740355,4.66987,5.4545,0.68833333,0.07430303,0.847185,0.066061,0.26667,0.49444,0.23889,200,100,dp,29,180,10,1,random
2299,AGR,16,"2026-07-14 21:41:50",134.1,0.748479,4.80383,5.4545,0.70939394,0.05423636,0.892553,0.0482,0.23333,0.55556,0.21111,200,100,dp,29,180,10,1,random
2300,AGR,17,"2026-07-14 21:41:59",143.2,0.755079,4.89819,5.4545,0.69712121,0.08093636,0.956133,0.074109,0.2,0.58889,0.21111,200,100,dp,29,180,10,1,random
2301,AGR,18,"2026-07-14 21:42:09",152.3,0.761985,5.01805,5.4545,0.71545455,0.06511212,0.943116,0.058209,0.14444,0.73333,0.12222,200,100,dp,29,180,10,1,random
2302,AGR,19,"2026-07-14 21:42:18",161.6,0.766149,5.08622,5.4545,0.71121212,0.07543636,1.1195,0.070204,0.11667,0.75556,0.12778,200,100,dp,29,180,10,1,random
2303,AGR,20,"2026-07-14 21:42:27",170.7,0.771139,5.14478,5.4545,0.71984849,0.07185455,1.08539,0.064655,0.09444,0.78333,0.12222,200,100,dp,29,180,10,1,random
2304,RANDOM,1,"2026-07-14 21:42:38",4.8,0.501039,2.32373,5.6364,0.50757576,-0.01289697,0.211579,-0.007103,0.6129,0.10215,0.28495,200,100,dp,29,186,10,1,random
2305,RANDOM,2,"2026-07-14 21:42:43",9.2,0.503551,2.32809,5.4545,0.50939394,-0.01432121,0.253267,-0.011661,0.58889,0.12778,0.28333,200,100,dp,29,180,10,1,random
2306,RANDOM,3,"2026-07-14 21:42:47",13.5,0.504655,2.32025,5.303,0.49636363,0.01117576,0.26764,0.017792,0.59429,0.11429,0.29143,200,100,dp,29,175,10,1,random
2307,RANDOM,4,"2026-07-14 21:42:51",17.8,0.501842,2.31591,5.2727,0.50272727,0.00279091,0.270389,0.003613,0.58621,0.12644,0.28736,200,100,dp,29,174,10,1,random
2308,RANDOM,5,"2026-07-14 21:42:56",22.3,0.498294,2.30515,5.1212,0.49742424,-0.00060303,0.271584,0.007969,0.5858,0.11834,0.29586,200,100,dp,29,169,10,1,random
2309,RANDOM,6,"2026-07-14 21:43:00",26.7,0.498212,2.30715,5.0303,0.49954545,-0.00746364,0.270207,0.001084,0.57229,0.11446,0.31325,200,100,dp,29,166,10,1,random
2310,RANDOM,7,"2026-07-14 21:43:06",32.7,0.497342,2.30455,4.8788,0.49212121,0.00827273,0.253535,0.014873,0.56522,0.13043,0.30435,200,100,dp,29,161,10,1,random
2311,RANDOM,8,"2026-07-14 21:43:12",38.7,0.49883,2.31789,4.8788,0.50090908,-0.00308485,0.280652,-0.002442,0.57143,0.11801,0.31056,200,100,dp,29,161,10,1,random
2312,RANDOM,9,"2026-07-14 21:43:18",44.9,0.495639,2.31908,4.8182,0.50045454,-0.00420303,0.270262,-0.003693,0.56604,0.12579,0.30818,200,100,dp,29,159,10,1,random
2313,RANDOM,10,"2026-07-14 21:43:25",51.2,0.49917,2.33576,4.7273,0.50060606,0.00037576,0.282595,-0.002128,0.55769,0.14103,0.30128,200,100,dp,29,156,10,1,random
2314,RANDOM,11,"2026-07-14 21:43:31",57.4,0.498964,2.33517,4.7273,0.50151515,-0.00403333,0.31037,-0.001416,0.55769,0.15385,0.28846,200,100,dp,29,156,10,1,random
2315,RANDOM,12,"2026-07-14 21:43:37",63.7,0.498842,2.32942,4.6667,0.49787879,-0.00095758,0.320487,0.004912,0.56494,0.15584,0.27922,200,100,dp,29,154,10,1,random
2316,RANDOM,13,"2026-07-14 21:43:43",69.9,0.496503,2.3211,4.6061,0.49454545,0.0014303,0.337551,0.008879,0.55921,0.15132,0.28947,200,100,dp,29,152,10,1,random
2317,RANDOM,14,"2026-07-14 21:43:50",76.1,0.489394,2.29932,4.5758,0.48818182,0.00459091,0.320635,0.01275,0.55629,0.13245,0.31126,200,100,dp,29,151,10,1,random
2318,RANDOM,15,"2026-07-14 21:43:56",82.4,0.490655,2.2971,4.5455,0.49045455,-0.00142424,0.29248,0.001792,0.56,0.14,0.3,200,100,dp,29,150,10,1,random
2319,RANDOM,16,"2026-07-14 21:44:02",88.7,0.487824,2.28384,4.4848,0.49272727,0.00241515,0.30877,-0.004583,0.54054,0.15541,0.30405,200,100,dp,29,148,10,1,random
2320,RANDOM,17,"2026-07-14 21:44:09",95.1,0.487964,2.27912,4.4545,0.49015151,-0.00426061,0.308155,-0.001218,0.55102,0.14966,0.29932,200,100,dp,29,147,10,1,random
2321,RANDOM,18,"2026-07-14 21:44:15",101.4,0.488776,2.27308,4.4242,0.49348485,-0.00570909,0.323911,-0.007153,0.54795,0.16438,0.28767,200,100,dp,29,146,10,1,random
2322,RANDOM,19,"2026-07-14 21:44:21",107.8,0.491806,2.27516,4.3636,0.49666667,-0.00948788,0.356411,-0.01005,0.52778,0.19444,0.27778,200,100,dp,29,144,10,1,random
2323,RANDOM,20,"2026-07-14 21:44:28",114.1,0.493324,2.28755,4.2424,0.49484849,-0.00327273,0.384077,-0.00231,0.53571,0.18571,0.27857,200,100,dp,29,140,10,1,random
2324,OI,1,"2026-07-14 21:44:48",5.5,0.537848,2.49505,5.7879,0.54030303,-0.00349394,0.280261,-0.031835,0.59162,0.09424,0.31414,200,100,dp,30,191,10,1,random
2325,OI,2,"2026-07-14 21:44:53",10.5,0.565603,2.64961,5.7576,0.56878788,-0.00319697,0.294579,-0.027255,0.56842,0.11053,0.32105,200,100,dp,30,190,10,1,random
2326,OI,3,"2026-07-14 21:44:57",15.4,0.590715,2.83378,5.6364,0.59833333,-0.01712727,0.319547,-0.031022,0.54301,0.1129,0.34409,200,100,dp,30,186,10,1,random
2327,OI,4,"2026-07-14 21:45:02",20.4,0.616258,3.01617,5.6364,0.62575757,-0.01321515,0.347272,-0.033815,0.51075,0.12903,0.36022,200,100,dp,30,186,10,1,random
2328,OI,5,"2026-07-14 21:45:08",25.6,0.63673,3.20977,5.6061,0.64333333,-0.00968485,0.336084,-0.024409,0.49189,0.14054,0.36757,200,100,dp,30,185,10,1,random
2329,OI,6,"2026-07-14 21:45:13",30.7,0.662324,3.45079,5.5152,0.65939394,0.00477273,0.396419,-0.012274,0.43956,0.19231,0.36813,200,100,dp,30,182,10,1,random
2330,OI,7,"2026-07-14 21:45:20",37.5,0.681648,3.65938,5.5152,0.68969697,-0.00881818,0.440375,-0.023638,0.40659,0.25824,0.33516,200,100,dp,30,182,10,1,random
2331,OI,8,"2026-07-14 21:45:26",44.3,0.698015,3.8712,5.5152,0.6860606,0.01818485,0.545826,0.007895,0.38462,0.28022,0.33516,200,100,dp,30,182,10,1,random
2332,OI,9,"2026-07-14 21:45:33",51.3,0.716167,4.08852,5.5152,0.72181818,-0.00943636,0.588899,-0.018722,0.36813,0.3022,0.32967,200,100,dp,30,182,10,1,random
2333,OI,10,"2026-07-14 21:45:40",58.4,0.731315,4.29378,5.4848,0.72848485,0.00548485,0.654875,-0.004293,0.33702,0.35359,0.30939,200,100,dp,30,181,10,1,random
2334,OI,11,"2026-07-14 21:45:47",65.4,0.744161,4.51177,5.4848,0.75090909,-0.00965455,0.766862,-0.01553,0.30939,0.43094,0.25967,200,100,dp,30,181,10,1,random
2335,OI,12,"2026-07-14 21:45:54",72.4,0.754555,4.68466,5.4848,0.75924243,-0.00431515,0.921243,-0.011236,0.24309,0.51934,0.23757,200,100,dp,30,181,10,1,random
2336,OI,13,"2026-07-14 21:46:01",79.4,0.762861,4.83039,5.4848,0.77484848,-0.01739697,0.924541,-0.019262,0.20442,0.61326,0.18232,200,100,dp,30,181,10,1,random
2337,OI,14,"2026-07-14 21:46:08",86.3,0.770018,4.95601,5.4848,0.78348485,-0.01748788,1.10192,-0.02015,0.16575,0.70718,0.12707,200,100,dp,30,181,10,1,random
2338,OI,15,"2026-07-14 21:46:15",93.4,0.776715,5.08785,5.4848,0.77575758,0.00326061,1.37176,-0.001164,0.12707,0.75691,0.11602,200,100,dp,30,181,10,1,random
2339,OI,16,"2026-07-14 21:46:22",100.4,0.781388,5.19666,5.4848,0.78060606,0.00129697,1.38059,-0.000542,0.0884,0.8232,0.0884,200,100,dp,30,181,10,1,random
2340,OI,17,"2026-07-14 21:46:29",107.4,0.785094,5.27751,5.4848,0.78848485,-0.00331212,1.51322,-0.005181,0.07182,0.87293,0.05525,200,100,dp,30,181,10,1,random
2341,OI,18,"2026-07-14 21:46:37",114.5,0.786933,5.3248,5.4848,0.78833334,-0.00093939,2.16904,-0.001311,0.05525,0.89503,0.04972,200,100,dp,30,181,10,1,random
2342,OI,19,"2026-07-14 21:46:44",121.5,0.788388,5.3808,5.4848,0.80121212,-0.01685758,2.29049,-0.015743,0.02762,0.9558,0.01657,200,100,dp,30,181,10,1,random
2343,OI,20,"2026-07-14 21:46:51",128.5,0.788533,5.38246,5.4848,0.79969697,-0.01680606,1.91099,-0.013473,0.02762,0.9337,0.03867,200,100,dp,30,181,10,1,random
2344,IR,1,"2026-07-14 21:46:59",5.1,0.513985,2.36257,5.697,0.57787878,-0.11233333,0.237714,-0.131747,0.59574,0.1117,0.29255,200,100,dp,30,188,10,1,random
2345,IR,2,"2026-07-14 21:47:04",9.8,0.523327,2.40741,5.4848,0.58833333,-0.11046667,0.249622,-0.132173,0.59116,0.09945,0.30939,200,100,dp,30,181,10,1,random
2346,IR,3,"2026-07-14 21:47:08",14.4,0.53627,2.46603,5.3636,0.60151515,-0.11096364,0.262075,-0.132662,0.57627,0.11864,0.30508,200,100,dp,30,177,10,1,random
2347,IR,4,"2026-07-14 21:47:13",19.2,0.545812,2.50179,5.2727,0.61651515,-0.1185303,0.29218,-0.136976,0.57471,0.0977,0.32759,200,100,dp,30,174,10,1,random
2348,IR,5,"2026-07-14 21:47:18",24,0.557306,2.56283,5.1818,0.62772727,-0.12172121,0.281475,-0.135828,0.5614,0.11696,0.32164,200,100,dp,30,171,10,1,random
2349,IR,6,"2026-07-14 21:47:23",28.8,0.566324,2.61785,5.1515,0.63424242,-0.11118485,0.307111,-0.127662,0.55294,0.12353,0.32353,200,100,dp,30,170,10,1,random
2350,IR,7,"2026-07-14 21:47:29",35.2,0.575224,2.65405,5.0606,0.64818182,-0.12344242,0.315483,-0.133644,0.53892,0.12575,0.33533,200,100,dp,30,167,10,1,random
2351,IR,8,"2026-07-14 21:47:36",41.5,0.584255,2.71012,4.9697,0.65909091,-0.12864849,0.316457,-0.134764,0.51829,0.13415,0.34756,200,100,dp,30,164,10,1,random
2352,IR,9,"2026-07-14 21:47:42",48,0.591221,2.73357,4.8788,0.66272727,-0.11987879,0.320068,-0.125943,0.51553,0.13665,0.34783,200,100,dp,30,161,10,1,random
2353,IR,10,"2026-07-14 21:47:49",54.6,0.598,2.76031,4.8485,0.66954545,-0.12192424,0.351983,-0.124208,0.51875,0.14375,0.3375,200,100,dp,30,160,10,1,random
2354,IR,11,"2026-07-14 21:47:55",61.2,0.608497,2.81598,4.8485,0.68060606,-0.12156061,0.388096,-0.126453,0.51875,0.14375,0.3375,200,100,dp,30,160,10,1,random
2355,IR,12,"2026-07-14 21:48:02",67.8,0.61657,2.86875,4.7879,0.69212121,-0.12192121,0.406228,-0.127855,0.47468,0.20253,0.32278,200,100,dp,30,158,10,1,random
2356,IR,13,"2026-07-14 21:48:08",74.4,0.623848,2.90303,4.6667,0.69333333,-0.11172424,0.457731,-0.115914,0.46753,0.17532,0.35714,200,100,dp,30,154,10,1,random
2357,IR,14,"2026-07-14 21:48:15",80.9,0.630773,2.94425,4.6061,0.70045454,-0.11203333,0.41211,-0.115259,0.45395,0.19737,0.34868,200,100,dp,30,152,10,1,random
2358,IR,15,"2026-07-14 21:48:22",87.5,0.635606,2.97305,4.6061,0.71075758,-0.12098182,0.440385,-0.121009,0.45395,0.20395,0.34211,200,100,dp,30,152,10,1,random
2359,IR,16,"2026-07-14 21:48:28",94.1,0.637224,2.98693,4.5455,0.71893939,-0.12996061,0.452989,-0.128539,0.45333,0.2,0.34667,200,100,dp,30,150,10,1,random
2360,IR,17,"2026-07-14 21:48:35",100.7,0.641776,3.03168,4.5152,0.71484849,-0.11373939,0.464573,-0.116295,0.41611,0.22148,0.36242,200,100,dp,30,149,10,1,random
2361,IR,18,"2026-07-14 21:48:41",107.3,0.646109,3.0503,4.5152,0.72348485,-0.12410606,0.427549,-0.122254,0.43624,0.21477,0.34899,200,100,dp,30,149,10,1,random
2362,IR,19,"2026-07-14 21:48:48",114,0.6513,3.07156,4.5152,0.7339394,-0.13103333,0.476802,-0.129917,0.42953,0.21477,0.3557,200,100,dp,30,149,10,1,random
2363,IR,20,"2026-07-14 21:48:55",120.7,0.655055,3.09013,4.5152,0.73621212,-0.12739394,0.472216,-0.125964,0.43624,0.22148,0.34228,200,100,dp,30,149,10,1,random
2364,AGR,1,"2026-07-14 21:49:04",7.7,0.526982,2.43427,5.7273,0.48015151,0.07676667,0.258025,0.07325,0.59259,0.09524,0.31217,200,100,dp,30,189,10,1,random
2365,AGR,2,"2026-07-14 21:49:11",15.1,0.550073,2.57356,5.5758,0.50742424,0.0728,0.262306,0.061885,0.58152,0.10326,0.31522,200,100,dp,30,184,10,1,random
2366,AGR,3,"2026-07-14 21:49:19",22.4,0.569088,2.70463,5.5455,0.51045454,0.10647879,0.299547,0.090785,0.55191,0.10929,0.3388,200,100,dp,30,183,10,1,random
2367,AGR,4,"2026-07-14 21:49:26",29.9,0.5862,2.85541,5.4848,0.5430303,0.06680909,0.293311,0.063425,0.53591,0.09945,0.36464,200,100,dp,30,181,10,1,random
2368,AGR,5,"2026-07-14 21:49:34",37.4,0.603142,3.02777,5.3636,0.56106061,0.05935151,0.290954,0.059222,0.52542,0.0904,0.38418,200,100,dp,30,177,10,1,random
2369,AGR,6,"2026-07-14 21:49:41",45,0.619249,3.18271,5.3333,0.57060606,0.07456667,0.310407,0.069189,0.50568,0.10795,0.38636,200,100,dp,30,176,10,1,random
2370,AGR,7,"2026-07-14 21:49:50",54.4,0.634433,3.3406,5.3333,0.58545454,0.07182121,0.340157,0.068426,0.47159,0.14773,0.38068,200,100,dp,30,176,10,1,random
2371,AGR,8,"2026-07-14 21:50:00",63.7,0.648824,3.50448,5.3333,0.605,0.06879091,0.367976,0.059527,0.45455,0.18182,0.36364,200,100,dp,30,176,10,1,random
2372,AGR,9,"2026-07-14 21:50:10",74,0.662615,3.65753,5.3333,0.61499999,0.07149394,0.438464,0.06433,0.44318,0.17614,0.38068,200,100,dp,30,176,10,1,random
2373,AGR,10,"2026-07-14 21:50:20",83.7,0.674052,3.81034,5.303,0.61969697,0.07842727,0.435701,0.074683,0.42286,0.2,0.37714,200,100,dp,30,175,10,1,random
2374,AGR,11,"2026-07-14 21:50:29",93.2,0.685855,3.9765,5.303,0.63272727,0.08256364,0.485916,0.070869,0.4,0.24571,0.35429,200,100,dp,30,175,10,1,random
2375,AGR,12,"2026-07-14 21:50:39",102.8,0.698024,4.1398,5.303,0.65575757,0.05746667,0.563487,0.054282,0.33714,0.32571,0.33714,200,100,dp,30,175,10,1,random
2376,AGR,13,"2026-07-14 21:50:49",112.4,0.708518,4.28759,5.303,0.66772727,0.05638182,0.601018,0.05207,0.31429,0.38286,0.30286,200,100,dp,30,175,10,1,random
2377,AGR,14,"2026-07-14 21:50:58",122,0.719352,4.43882,5.303,0.67545455,0.05904242,0.696729,0.055561,0.27429,0.45714,0.26857,200,100,dp,30,175,10,1,random
2378,AGR,15,"2026-07-14 21:51:08",131.5,0.727603,4.55561,5.303,0.67515151,0.07442727,0.779751,0.068146,0.25714,0.49143,0.25143,200,100,dp,30,175,10,1,random
2379,AGR,16,"2026-07-14 21:51:17",141.2,0.735894,4.68385,5.303,0.68984848,0.06556667,0.846104,0.058381,0.22857,0.57143,0.2,200,100,dp,30,175,10,1,random
2380,AGR,17,"2026-07-14 21:51:27",150.9,0.744533,4.77554,5.303,0.68560606,0.07681818,0.979014,0.075241,0.19429,0.61714,0.18857,200,100,dp,30,175,10,1,random
2381,AGR,18,"2026-07-14 21:51:37",160.5,0.750991,4.87222,5.303,0.69954546,0.07075455,1.04292,0.065573,0.17143,0.68571,0.14286,200,100,dp,30,175,10,1,random
2382,AGR,19,"2026-07-14 21:51:46",170.2,0.757594,4.9535,5.303,0.70818182,0.06631212,1.20738,0.062462,0.14286,0.74857,0.10857,200,100,dp,30,175,10,1,random
2383,AGR,20,"2026-07-14 21:51:56",179.8,0.762736,5.01631,5.303,0.71712121,0.06179091,1.34145,0.057949,0.11429,0.81143,0.07429,200,100,dp,30,175,10,1,random
2384,RANDOM,1,"2026-07-14 21:52:04",4.9,0.502939,2.30932,5.6061,0.49954545,0.01087879,0.227532,0.012341,0.58919,0.12973,0.28108,200,100,dp,30,185,10,1,random
2385,RANDOM,2,"2026-07-14 21:52:09",9.4,0.498642,2.29201,5.5152,0.50257576,-0.01467576,0.247993,-0.000022,0.59341,0.12637,0.28022,200,100,dp,30,182,10,1,random
2386,RANDOM,3,"2026-07-14 21:52:13",13.9,0.494233,2.27249,5.4242,0.49818182,-0.00750909,0.252175,-0.000421,0.60894,0.11173,0.27933,200,100,dp,30,179,10,1,random
2387,RANDOM,4,"2026-07-14 21:52:18",18.4,0.494685,2.28119,5.3333,0.49166667,0.00949697,0.268356,0.008811,0.60227,0.10227,0.29545,200,100,dp,30,176,10,1,random
2388,RANDOM,5,"2026-07-14 21:52:23",23,0.491858,2.26822,5.2121,0.50333334,-0.02273636,0.248055,-0.017617,0.60465,0.10465,0.2907,200,100,dp,30,172,10,1,random
2389,RANDOM,6,"2026-07-14 21:52:27",27.6,0.491142,2.26468,5.0606,0.49227273,-0.01116667,0.264757,0.002084,0.58084,0.13772,0.28144,200,100,dp,30,167,10,1,random
2390,RANDOM,7,"2026-07-14 21:52:33",33.7,0.485536,2.25178,5,0.48,0.00870909,0.283211,0.020239,0.57576,0.15152,0.27273,200,100,dp,30,165,10,1,random
2391,RANDOM,8,"2026-07-14 21:52:39",39.8,0.484264,2.25729,4.9091,0.48787879,-0.00903333,0.305176,-0.003056,0.5679,0.16049,0.2716,200,100,dp,30,162,10,1,random
2392,RANDOM,9,"2026-07-14 21:52:46",46.1,0.481894,2.24078,4.8182,0.47075758,0.01875758,0.31693,0.029723,0.56604,0.15094,0.28302,200,100,dp,30,159,10,1,random
2393,RANDOM,10,"2026-07-14 21:52:52",52.5,0.479027,2.24026,4.7576,0.47121212,0.0397303,0.310046,0.02177,0.56051,0.16561,0.27389,200,100,dp,30,157,10,1,random
2394,RANDOM,11,"2026-07-14 21:52:58",58.9,0.477364,2.22942,4.697,0.47530303,-0.00244545,0.323593,0.009191,0.56129,0.15484,0.28387,200,100,dp,30,155,10,1,random
2395,RANDOM,12,"2026-07-14 21:53:05",65.3,0.479585,2.24415,4.6667,0.47333333,0.01082424,0.310247,0.013959,0.57143,0.14286,0.28571,200,100,dp,30,154,10,1,random
2396,RANDOM,13,"2026-07-14 21:53:11",71.7,0.481558,2.24094,4.6061,0.49045455,-0.01784545,0.318023,-0.018275,0.57895,0.13816,0.28289,200,100,dp,30,152,10,1,random
2397,RANDOM,14,"2026-07-14 21:53:18",78.1,0.477406,2.23291,4.5152,0.47924242,-0.00655758,0.331488,0.004024,0.58389,0.13423,0.28188,200,100,dp,30,149,10,1,random
2398,RANDOM,15,"2026-07-14 21:53:24",84.5,0.4758,2.23106,4.4848,0.47878788,-0.00849697,0.351029,-0.001442,0.58108,0.13514,0.28378,200,100,dp,30,148,10,1,random
2399,RANDOM,16,"2026-07-14 21:53:30",90.9,0.475161,2.24027,4.4848,0.485,-0.01441515,0.34289,-0.017663,0.56081,0.14865,0.29054,200,100,dp,30,148,10,1,random
2400,RANDOM,17,"2026-07-14 21:53:37",97.4,0.471085,2.21595,4.4242,0.46484849,0.01053939,0.321514,0.020984,0.56849,0.13014,0.30137,200,100,dp,30,146,10,1,random
2401,RANDOM,18,"2026-07-14 21:53:43",103.8,0.470809,2.20919,4.4242,0.46060606,0.01822424,0.313298,0.024508,0.56164,0.13699,0.30137,200,100,dp,30,146,10,1,random
2402,RANDOM,19,"2026-07-14 21:53:50",110.3,0.470173,2.21272,4.4242,0.47090909,0.00056667,0.304867,0.003145,0.5411,0.15753,0.30137,200,100,dp,30,146,10,1,random
2403,RANDOM,20,"2026-07-14 21:53:56",116.8,0.470088,2.22267,4.3636,0.46954546,0.00157576,0.303602,0.004108,0.5625,0.125,0.3125,200,100,dp,30,144,10,1,random
2404,OI,1,"2026-07-14 21:54:12",5.4,0.530485,2.47361,5.7879,0.53439394,0.00287273,0.26436,-0.031478,0.59686,0.08377,0.31937,200,100,dp,31,191,10,1,random
2405,OI,2,"2026-07-14 21:54:17",10.4,0.558658,2.63795,5.7273,0.56257575,-0.00095152,0.273344,-0.02786,0.57143,0.10582,0.32275,200,100,dp,31,189,10,1,random
2406,OI,3,"2026-07-14 21:54:22",15.4,0.585621,2.82255,5.6667,0.58939394,-0.0066303,0.318015,-0.026397,0.54011,0.13904,0.32086,200,100,dp,31,187,10,1,random
2407,OI,4,"2026-07-14 21:54:27",20.4,0.612688,3.02684,5.6667,0.6180303,-0.00940606,0.377169,-0.028533,0.50267,0.17647,0.32086,200,100,dp,31,187,10,1,random
2408,OI,5,"2026-07-14 21:54:32",25.4,0.637564,3.23088,5.5758,0.6369697,0.00022727,0.408924,-0.01628,0.47283,0.20652,0.32065,200,100,dp,31,184,10,1,random
2409,OI,6,"2026-07-14 21:54:37",30.5,0.65917,3.42343,5.5152,0.67636363,-0.02727273,0.465351,-0.040021,0.42308,0.24725,0.32967,200,100,dp,31,182,10,1,random
2410,OI,7,"2026-07-14 21:54:44",37.2,0.681539,3.64155,5.4242,0.67787878,0.00819091,0.506693,-0.008389,0.40223,0.25698,0.34078,200,100,dp,31,179,10,1,random
2411,OI,8,"2026-07-14 21:54:50",43.8,0.700991,3.85078,5.4242,0.71575758,-0.02107576,0.546729,-0.032979,0.36313,0.30168,0.3352,200,100,dp,31,179,10,1,random
2412,OI,9,"2026-07-14 21:54:57",50.6,0.717133,4.02907,5.4242,0.72454545,-0.00820606,0.601707,-0.019204,0.3352,0.34078,0.32402,200,100,dp,31,179,10,1,random
2413,OI,10,"2026-07-14 21:55:04",57.5,0.731452,4.21124,5.3939,0.73090909,0.00034242,0.657831,-0.006616,0.29775,0.39326,0.30899,200,100,dp,31,178,10,1,random
2414,OI,11,"2026-07-14 21:55:11",64.4,0.742439,4.3607,5.3939,0.7530303,-0.01396364,0.727709,-0.019743,0.25281,0.45506,0.29213,200,100,dp,31,178,10,1,random
2415,OI,12,"2026-07-14 21:55:18",71.5,0.750764,4.47592,5.3939,0.75818182,-0.00874242,0.755826,-0.013292,0.23596,0.52247,0.24157,200,100,dp,31,178,10,1,random
2416,OI,13,"2026-07-14 21:55:25",78.4,0.7611,4.65495,5.3939,0.75924242,0.00398788,0.89402,-0.002358,0.21348,0.59551,0.19101,200,100,dp,31,178,10,1,random
2417,OI,14,"2026-07-14 21:55:32",85.3,0.769791,4.83662,5.3939,0.77060606,-0.00118485,1.08092,-0.004715,0.19101,0.63483,0.17416,200,100,dp,31,178,10,1,random
2418,OI,15,"2026-07-14 21:55:39",92.3,0.776079,4.96765,5.3939,0.77121212,0.00645758,1.18421,0.004042,0.16292,0.70225,0.13483,200,100,dp,31,178,10,1,random
2419,OI,16,"2026-07-14 21:55:46",99.2,0.780567,5.07574,5.3939,0.78636363,-0.00782424,1.40845,-0.008647,0.11236,0.75843,0.12921,200,100,dp,31,178,10,1,random
2420,OI,17,"2026-07-14 21:55:53",106.3,0.783745,5.14657,5.3939,0.78500001,-0.00099697,1.27566,-0.001792,0.08427,0.82022,0.09551,200,100,dp,31,178,10,1,random
2421,OI,18,"2026-07-14 21:56:00",113.3,0.786061,5.21364,5.3939,0.785,0.00029697,1.43404,0.001393,0.06742,0.8764,0.05618,200,100,dp,31,178,10,1,random
2422,OI,19,"2026-07-14 21:56:07",120.4,0.787527,5.25135,5.3939,0.78742424,0.00118485,2.03092,0.000786,0.05056,0.89326,0.05618,200,100,dp,31,178,10,1,random
2423,OI,20,"2026-07-14 21:56:14",127.4,0.788421,5.26874,5.3939,0.78606061,0.00181818,1.9046,0.004204,0.02247,0.9382,0.03933,200,100,dp,31,178,10,1,random
2424,IR,1,"2026-07-14 21:56:23",5.4,0.510003,2.35443,5.8182,0.56136363,-0.09291818,0.224403,-0.106222,0.625,0.07813,0.29688,200,100,dp,31,192,10,1,random
2425,IR,2,"2026-07-14 21:56:28",10.3,0.523282,2.41193,5.7576,0.59318181,-0.12534242,0.239035,-0.145776,0.60526,0.08947,0.30526,200,100,dp,31,190,10,1,random
2426,IR,3,"2026-07-14 21:56:33",15.2,0.536376,2.45726,5.5758,0.60030303,-0.11213333,0.236374,-0.130071,0.59783,0.09239,0.30978,200,100,dp,31,184,10,1,random
2427,IR,4,"2026-07-14 21:56:38",20,0.543227,2.48847,5.4848,0.61227273,-0.11919394,0.251827,-0.132259,0.58011,0.09392,0.32597,200,100,dp,31,181,10,1,random
2428,IR,5,"2026-07-14 21:56:43",24.8,0.551452,2.5291,5.4242,0.62439394,-0.12631515,0.237688,-0.138976,0.56983,0.11173,0.31844,200,100,dp,31,179,10,1,random
2429,IR,6,"2026-07-14 21:56:47",29.7,0.558545,2.5805,5.3939,0.62772727,-0.11726061,0.269225,-0.128658,0.55056,0.1236,0.32584,200,100,dp,31,178,10,1,random
2430,IR,7,"2026-07-14 21:56:54",36.1,0.569264,2.65088,5.3636,0.63893939,-0.1199303,0.274677,-0.13132,0.54802,0.12994,0.32203,200,100,dp,31,177,10,1,random
2431,IR,8,"2026-07-14 21:57:00",42.7,0.577094,2.69056,5.3333,0.645,-0.10471818,0.294497,-0.123353,0.53409,0.15341,0.3125,200,100,dp,31,176,10,1,random
2432,IR,9,"2026-07-14 21:57:07",49.7,0.583009,2.72552,5.2424,0.65409091,-0.11548182,0.319101,-0.125579,0.53179,0.15607,0.31214,200,100,dp,31,173,10,1,random
2433,IR,10,"2026-07-14 21:57:14",56.5,0.588518,2.74098,5.2121,0.66757576,-0.13103939,0.344461,-0.138121,0.53488,0.13953,0.32558,200,100,dp,31,172,10,1,random
2434,IR,11,"2026-07-14 21:57:21",63.2,0.593861,2.76808,5.1515,0.66454546,-0.11851515,0.327901,-0.122844,0.52941,0.15294,0.31765,200,100,dp,31,170,10,1,random
2435,IR,12,"2026-07-14 21:57:28",70.2,0.601967,2.82731,5.1515,0.68060606,-0.12883333,0.36824,-0.136059,0.52941,0.14706,0.32353,200,100,dp,31,170,10,1,random
2436,IR,13,"2026-07-14 21:57:35",77.2,0.608718,2.85456,5.1515,0.68136363,-0.1196697,0.376304,-0.12368,0.50588,0.16471,0.32941,200,100,dp,31,170,10,1,random
2437,IR,14,"2026-07-14 21:57:42",84.1,0.614058,2.89406,5.1515,0.68712121,-0.11579394,0.37131,-0.122608,0.5,0.16471,0.33529,200,100,dp,31,170,10,1,random
2438,IR,15,"2026-07-14 21:57:49",91,0.618224,2.91532,5.1212,0.69909091,-0.13080303,0.36659,-0.133326,0.49704,0.18935,0.31361,200,100,dp,31,169,10,1,random
2439,IR,16,"2026-07-14 21:57:55",97.7,0.623097,2.94444,5.0606,0.70287878,-0.13029091,0.417117,-0.131194,0.47904,0.17365,0.34731,200,100,dp,31,167,10,1,random
2440,IR,17,"2026-07-14 21:58:02",104.4,0.627388,2.96085,5,0.6989394,-0.11459697,0.363973,-0.116929,0.47273,0.18182,0.34545,200,100,dp,31,165,10,1,random
2441,IR,18,"2026-07-14 21:58:09",111.2,0.631061,2.99134,5,0.70484848,-0.11892727,0.390579,-0.118701,0.47273,0.20606,0.32121,200,100,dp,31,165,10,1,random
2442,IR,19,"2026-07-14 21:58:16",118.1,0.638236,3.04287,4.9697,0.71833333,-0.12671515,0.454276,-0.130773,0.45732,0.20122,0.34146,200,100,dp,31,164,10,1,random
2443,IR,20,"2026-07-14 21:58:23",124.9,0.643582,3.09112,4.9697,0.71939394,-0.12121212,0.421944,-0.121604,0.44512,0.21951,0.33537,200,100,dp,31,164,10,1,random
2444,AGR,1,"2026-07-14 21:58:32",7.8,0.524248,2.45072,5.7879,0.4869697,0.067,0.246235,0.05553,0.61257,0.07853,0.3089,200,100,dp,31,191,10,1,random
2445,AGR,2,"2026-07-14 21:58:39",15.2,0.547215,2.60609,5.7879,0.50409091,0.0669697,0.261775,0.063406,0.60209,0.07853,0.31937,200,100,dp,31,191,10,1,random
2446,AGR,3,"2026-07-14 21:58:47",22.6,0.565697,2.73931,5.697,0.52212121,0.06825758,0.270289,0.06416,0.57447,0.10638,0.31915,200,100,dp,31,188,10,1,random
2447,AGR,4,"2026-07-14 21:58:54",30.1,0.584555,2.89598,5.697,0.54575758,0.06823636,0.318488,0.054323,0.56383,0.1117,0.32447,200,100,dp,31,188,10,1,random
2448,AGR,5,"2026-07-14 21:59:02",37.8,0.604812,3.08477,5.697,0.55878788,0.0716303,0.356785,0.062917,0.55319,0.12234,0.32447,200,100,dp,31,188,10,1,random
2449,AGR,6,"2026-07-14 21:59:09",45.3,0.622903,3.22623,5.6667,0.58045455,0.06327879,0.389923,0.05711,0.53476,0.14973,0.31551,200,100,dp,31,187,10,1,random
2450,AGR,7,"2026-07-14 21:59:19",54.6,0.636709,3.38516,5.6667,0.58712121,0.07261818,0.438179,0.06983,0.50802,0.16043,0.33155,200,100,dp,31,187,10,1,random
2451,AGR,8,"2026-07-14 21:59:28",63.8,0.650642,3.54855,5.6667,0.61151516,0.05419697,0.439855,0.05274,0.47594,0.18182,0.34225,200,100,dp,31,187,10,1,random
2452,AGR,9,"2026-07-14 21:59:37",73.2,0.666721,3.74661,5.6364,0.61621213,0.07406364,0.459597,0.066652,0.43548,0.24194,0.32258,200,100,dp,31,186,10,1,random
2453,AGR,10,"2026-07-14 21:59:47",82.8,0.680142,3.8961,5.6364,0.62712121,0.07547576,0.518961,0.071166,0.41935,0.25269,0.32796,200,100,dp,31,186,10,1,random
2454,AGR,11,"2026-07-14 21:59:56",92.4,0.691394,4.02894,5.6364,0.64742424,0.06746364,0.529202,0.057919,0.40323,0.26882,0.32796,200,100,dp,31,186,10,1,random
2455,AGR,12,"2026-07-14 22:00:06",102.4,0.704897,4.19765,5.5758,0.65151516,0.0762697,0.588888,0.068181,0.34783,0.33696,0.31522,200,100,dp,31,184,10,1,random
2456,AGR,13,"2026-07-14 22:00:17",112.6,0.716591,4.32995,5.5758,0.66106061,0.07948485,0.621175,0.071634,0.31522,0.36413,0.32065,200,100,dp,31,184,10,1,random
2457,AGR,14,"2026-07-14 22:00:27",122.8,0.727718,4.45455,5.5758,0.67924242,0.07147273,0.641272,0.061073,0.28804,0.43478,0.27717,200,100,dp,31,184,10,1,random
2458,AGR,15,"2026-07-14 22:00:37",133.4,0.737591,4.59983,5.5758,0.68909091,0.06779697,0.72229,0.060592,0.26087,0.5163,0.22283,200,100,dp,31,184,10,1,random
2459,AGR,16,"2026-07-14 22:00:47",143,0.748373,4.71825,5.5758,0.69272727,0.07756667,0.853325,0.06922,0.23913,0.54891,0.21196,200,100,dp,31,184,10,1,random
2460,AGR,17,"2026-07-14 22:00:57",152.9,0.757733,4.85764,5.5758,0.70242425,0.07509394,0.925302,0.068868,0.21739,0.58696,0.19565,200,100,dp,31,184,10,1,random
2461,AGR,18,"2026-07-14 22:01:07",162.7,0.764236,4.93692,5.5758,0.71151515,0.07101515,0.940964,0.066321,0.19565,0.63587,0.16848,200,100,dp,31,184,10,1,random
2462,AGR,19,"2026-07-14 22:01:16",172.4,0.772185,5.04917,5.5758,0.72454546,0.06286061,1.03639,0.058096,0.19022,0.65217,0.15761,200,100,dp,31,184,10,1,random
2463,AGR,20,"2026-07-14 22:01:27",182.4,0.777976,5.13867,5.5758,0.73348485,0.06021515,1.15468,0.055055,0.14674,0.71196,0.1413,200,100,dp,31,184,10,1,random
2464,RANDOM,1,"2026-07-14 22:01:35",4.9,0.496182,2.28484,5.697,0.50106061,-0.00680303,0.209019,-0.000249,0.62234,0.08511,0.29255,200,100,dp,31,188,10,1,random
2465,RANDOM,2,"2026-07-14 22:01:40",9.3,0.492148,2.26854,5.4848,0.49924242,-0.00852727,0.218746,-0.007054,0.62431,0.09945,0.27624,200,100,dp,31,181,10,1,random
2466,RANDOM,3,"2026-07-14 22:01:44",13.7,0.492761,2.26276,5.303,0.49196969,-0.00235758,0.264053,0.003866,0.6,0.11429,0.28571,200,100,dp,31,175,10,1,random
2467,RANDOM,4,"2026-07-14 22:01:49",18.1,0.492382,2.25797,5.1515,0.5010606,-0.02205455,0.261293,-0.0131,0.58235,0.13529,0.28235,200,100,dp,31,170,10,1,random
2468,RANDOM,5,"2026-07-14 22:01:53",22.5,0.496682,2.28329,5.1212,0.49121212,0.00907273,0.279089,0.008981,0.56805,0.14201,0.28994,200,100,dp,31,169,10,1,random
2469,RANDOM,6,"2026-07-14 22:01:58",27.1,0.495003,2.27915,5.0606,0.49727273,-0.00256364,0.270448,-0.000437,0.58084,0.12575,0.29341,200,100,dp,31,167,10,1,random
2470,RANDOM,7,"2026-07-14 22:02:04",33.2,0.490361,2.25412,4.9091,0.50151515,-0.02510303,0.268269,-0.014411,0.58642,0.12346,0.29012,200,100,dp,31,162,10,1,random
2471,RANDOM,8,"2026-07-14 22:02:10",39.3,0.486145,2.247,4.7879,0.4869697,-0.00424242,0.283184,0.004906,0.56962,0.13924,0.29114,200,100,dp,31,158,10,1,random
2472,RANDOM,9,"2026-07-14 22:02:16",45.7,0.487258,2.24865,4.7273,0.50151515,-0.03098788,0.295026,-0.02807,0.55769,0.15385,0.28846,200,100,dp,31,156,10,1,random
2473,RANDOM,10,"2026-07-14 22:02:23",52.2,0.481676,2.22737,4.6667,0.48212121,-0.00240303,0.292824,0.00781,0.58442,0.12987,0.28571,200,100,dp,31,154,10,1,random
2474,RANDOM,11,"2026-07-14 22:02:29",58.5,0.48473,2.23444,4.4848,0.48439394,0.00196364,0.309358,0.000485,0.5473,0.16216,0.29054,200,100,dp,31,148,10,1,random
2475,RANDOM,12,"2026-07-14 22:02:36",65,0.484051,2.23407,4.4242,0.48969697,-0.01039063,0.311383,-0.007815,0.5274,0.17808,0.29452,200,100,dp,31,146,10,1,random
2476,RANDOM,13,"2026-07-14 22:02:42",71.3,0.481509,2.2284,4.4242,0.47848485,-0.00115,0.331762,0.012353,0.5411,0.16438,0.29452,200,100,dp,31,146,10,1,random
2477,RANDOM,14,"2026-07-14 22:02:48",77.6,0.47733,2.21931,4.3333,0.475,0.010575,0.334997,0.011481,0.54545,0.14685,0.30769,200,100,dp,31,143,10,1,random
2478,RANDOM,15,"2026-07-14 22:02:54",83.8,0.474524,2.19151,4.2424,0.48151515,-0.0109875,0.319411,-0.008957,0.55,0.14286,0.30714,200,100,dp,31,140,10,1,random
2479,RANDOM,16,"2026-07-14 22:03:01",90.3,0.474009,2.19144,4.2121,0.47227272,-0.00081875,0.337086,0.006889,0.53957,0.14388,0.31655,200,100,dp,31,139,10,1,random
2480,RANDOM,17,"2026-07-14 22:03:07",96.7,0.477355,2.20226,4.1818,0.47727273,-0.00020313,0.337913,-0.000495,0.52899,0.15942,0.31159,200,100,dp,31,138,10,1,random
2481,RANDOM,18,"2026-07-14 22:03:14",103.1,0.477861,2.19454,4.1515,0.47575758,0.01110937,0.341918,0.006282,0.54745,0.13869,0.31387,200,100,dp,31,137,10,1,random
2482,RANDOM,19,"2026-07-14 22:03:20",109.5,0.477576,2.20798,4.1515,0.47833333,-0.00152188,0.349157,0.002258,0.52555,0.15328,0.32117,200,100,dp,31,137,10,1,random
2483,RANDOM,20,"2026-07-14 22:03:27",116,0.477782,2.22455,4.1212,0.48121212,-0.00280938,0.337272,-0.004776,0.52941,0.14706,0.32353,200,100,dp,31,136,10,1,random
2484,OI,1,"2026-07-15 03:11:06",5.7,0.530206,2.45297,5.8485,0.52939394,0.00030303,0.267532,-0.02532,0.60104,0.09845,0.30052,200,100,dp,32,193,10,1,random
2485,OI,2,"2026-07-15 03:11:11",10.7,0.55963,2.61293,5.8182,0.56363636,-0.0046697,0.291545,-0.030157,0.57813,0.10417,0.31771,200,100,dp,32,192,10,1,random
2486,OI,3,"2026-07-15 03:11:16",15.6,0.585179,2.77795,5.7576,0.58818182,-0.00598485,0.316389,-0.023831,0.55789,0.12632,0.31579,200,100,dp,32,190,10,1,random
2487,OI,4,"2026-07-15 03:11:21",20.4,0.612461,2.98963,5.7576,0.61575758,-0.00571818,0.368156,-0.024322,0.53684,0.12105,0.34211,200,100,dp,32,190,10,1,random
2488,OI,5,"2026-07-15 03:11:26",25.3,0.636145,3.16112,5.7576,0.62712121,0.01545152,0.368299,-0.001732,0.5,0.15789,0.34211,200,100,dp,32,190,10,1,random
2489,OI,6,"2026-07-15 03:11:30",30.2,0.659506,3.36902,5.697,0.65969697,-0.00036364,0.427888,-0.015066,0.44149,0.23404,0.32447,200,100,dp,32,188,10,1,random
2490,OI,7,"2026-07-15 03:11:37",36.8,0.680548,3.58044,5.697,0.68469697,-0.00870606,0.486755,-0.018892,0.40426,0.23936,0.35638,200,100,dp,32,188,10,1,random
2491,OI,8,"2026-07-15 03:11:44",43.3,0.697609,3.75757,5.697,0.69712121,-0.00038485,0.462213,-0.009351,0.39894,0.26596,0.33511,200,100,dp,32,188,10,1,random
2492,OI,9,"2026-07-15 03:11:50",50,0.715188,3.97176,5.6667,0.71878788,-0.00465455,0.545917,-0.015232,0.35294,0.30481,0.34225,200,100,dp,32,187,10,1,random
2493,OI,10,"2026-07-15 03:11:57",56.6,0.731242,4.16339,5.6667,0.71590909,0.01963939,0.571099,0.012623,0.32086,0.40107,0.27807,200,100,dp,32,187,10,1,random
2494,OI,11,"2026-07-15 03:12:04",63.3,0.744909,4.37226,5.6667,0.74606061,-0.0018,0.733564,-0.008556,0.29947,0.36364,0.3369,200,100,dp,32,187,10,1,random
2495,OI,12,"2026-07-15 03:12:10",70,0.755361,4.54878,5.6667,0.75969697,-0.00632727,0.666993,-0.010582,0.27273,0.47594,0.25134,200,100,dp,32,187,10,1,random
2496,OI,13,"2026-07-15 03:12:17",76.8,0.764288,4.7139,5.6667,0.76151515,0.00472424,0.857567,-0.000493,0.24599,0.51337,0.24064,200,100,dp,32,187,10,1,random
2497,OI,14,"2026-07-15 03:12:24",83.6,0.77197,4.87932,5.6667,0.76833334,0.00382424,0.93568,0.001356,0.2246,0.52941,0.24599,200,100,dp,32,187,10,1,random
2498,OI,15,"2026-07-15 03:12:31",90.3,0.778448,5.00882,5.6667,0.78318182,-0.00623333,0.943091,-0.008473,0.19251,0.63636,0.17112,200,100,dp,32,187,10,1,random
2499,OI,16,"2026-07-15 03:12:37",97.1,0.784515,5.13556,5.6667,0.78166667,0.00466364,1.15607,0.001381,0.16043,0.66845,0.17112,200,100,dp,32,187,10,1,random
2500,OI,17,"2026-07-15 03:12:44",103.8,0.790309,5.27415,5.6667,0.79272727,-0.00221515,1.12617,-0.005022,0.12834,0.74332,0.12834,200,100,dp,32,187,10,1,random
2501,OI,18,"2026-07-15 03:12:51",110.6,0.79347,5.35351,5.6667,0.81106061,-0.02247879,1.34881,-0.022378,0.1123,0.75401,0.13369,200,100,dp,32,187,10,1,random
2502,OI,19,"2026-07-15 03:12:58",117.4,0.796888,5.44251,5.6667,0.8010606,-0.00458485,1.29378,-0.005761,0.08556,0.83422,0.08021,200,100,dp,32,187,10,1,random
2503,OI,20,"2026-07-15 03:13:04",124.1,0.798803,5.50064,5.6667,0.79181818,0.0105697,1.81597,0.008973,0.04278,0.90374,0.05348,200,100,dp,32,187,10,1,random
2504,IR,1,"2026-07-15 03:13:13",5.2,0.510006,2.34008,5.8182,0.56075758,-0.08612121,0.231602,-0.108936,0.61458,0.09896,0.28646,200,100,dp,32,192,10,1,random
2505,IR,2,"2026-07-15 03:13:18",10,0.518227,2.38034,5.697,0.58469697,-0.11703636,0.249847,-0.135628,0.6117,0.09574,0.29255,200,100,dp,32,188,10,1,random
2506,IR,3,"2026-07-15 03:13:23",14.8,0.529961,2.43355,5.6364,0.60681818,-0.1293,0.261177,-0.155765,0.5914,0.08602,0.32258,200,100,dp,32,186,10,1,random
2507,IR,4,"2026-07-15 03:13:28",19.8,0.53957,2.47075,5.5152,0.60333333,-0.11045758,0.227081,-0.126042,0.58791,0.09341,0.31868,200,100,dp,32,182,10,1,random
2508,IR,5,"2026-07-15 03:13:33",24.8,0.550685,2.51498,5.4848,0.61757576,-0.11013939,0.258481,-0.131258,0.59116,0.08287,0.32597,200,100,dp,32,181,10,1,random
2509,IR,6,"2026-07-15 03:13:38",29.7,0.561067,2.56828,5.4545,0.62651516,-0.11302424,0.261956,-0.12511,0.57778,0.09444,0.32778,200,100,dp,32,180,10,1,random
2510,IR,7,"2026-07-15 03:13:44",36.1,0.571185,2.62397,5.4242,0.63424243,-0.10623333,0.274043,-0.118505,0.57542,0.0838,0.34078,200,100,dp,32,179,10,1,random
2511,IR,8,"2026-07-15 03:13:51",42.6,0.58117,2.67297,5.303,0.65621212,-0.12263636,0.269258,-0.137605,0.56,0.10286,0.33714,200,100,dp,32,175,10,1,random
2512,IR,9,"2026-07-15 03:13:57",49.3,0.588245,2.70835,5.2727,0.65348485,-0.10761212,0.302956,-0.115899,0.55172,0.12069,0.32759,200,100,dp,32,174,10,1,random
2513,IR,10,"2026-07-15 03:14:04",56.2,0.593879,2.74062,5.2121,0.66409091,-0.11600909,0.328889,-0.121889,0.5407,0.12791,0.3314,200,100,dp,32,172,10,1,random
2514,IR,11,"2026-07-15 03:14:11",63,0.602945,2.78993,5.1515,0.6780303,-0.12501818,0.341394,-0.131798,0.51176,0.16471,0.32353,200,100,dp,32,170,10,1,random
2515,IR,12,"2026-07-15 03:14:18",69.7,0.611421,2.83975,5.1212,0.6809091,-0.11149091,0.368401,-0.119772,0.49112,0.18343,0.32544,200,100,dp,32,169,10,1,random
2516,IR,13,"2026-07-15 03:14:25",76.6,0.616312,2.85745,5.0909,0.68121212,-0.10494243,0.372797,-0.108433,0.4881,0.19643,0.31548,200,100,dp,32,168,10,1,random
2517,IR,14,"2026-07-15 03:14:31",83.2,0.624488,2.90567,5.0303,0.69621212,-0.11759091,0.397035,-0.120882,0.49398,0.18675,0.31928,200,100,dp,32,166,10,1,random
2518,IR,15,"2026-07-15 03:14:38",90,0.628306,2.92554,5.0303,0.70166667,-0.11888485,0.410027,-0.118748,0.48795,0.18675,0.3253,200,100,dp,32,166,10,1,random
2519,IR,16,"2026-07-15 03:14:45",96.7,0.633909,2.9547,5,0.69757576,-0.10126364,0.409876,-0.104092,0.47879,0.20606,0.31515,200,100,dp,32,165,10,1,random
2520,IR,17,"2026-07-15 03:14:52",103.4,0.640803,2.99416,5,0.71727273,-0.11827879,0.443655,-0.124192,0.46667,0.20606,0.32727,200,100,dp,32,165,10,1,random
2521,IR,18,"2026-07-15 03:14:58",110.3,0.645561,3.03031,5,0.71772728,-0.11155758,0.429733,-0.114577,0.46061,0.21818,0.32121,200,100,dp,32,165,10,1,random
2522,IR,19,"2026-07-15 03:15:05",117.2,0.652806,3.08697,4.9697,0.72469697,-0.11264545,0.457597,-0.114951,0.45732,0.22561,0.31707,200,100,dp,32,164,10,1,random
2523,IR,20,"2026-07-15 03:15:12",124.2,0.654891,3.09928,4.9394,0.73,-0.11739091,0.46967,-0.115283,0.46626,0.19632,0.33742,200,100,dp,32,163,10,1,random
2524,AGR,1,"2026-07-15 03:15:21",7.4,0.521352,2.42321,5.8182,0.48318182,0.0611697,0.247666,0.057884,0.60938,0.08854,0.30208,200,100,dp,32,192,10,1,random
2525,AGR,2,"2026-07-15 03:15:28",14.4,0.541924,2.55965,5.7273,0.49787879,0.07050303,0.251108,0.067482,0.59259,0.09524,0.31217,200,100,dp,32,189,10,1,random
2526,AGR,3,"2026-07-15 03:15:35",21.5,0.561515,2.70993,5.5758,0.52348485,0.06074242,0.275809,0.054796,0.57065,0.10326,0.32609,200,100,dp,32,184,10,1,random
2527,AGR,4,"2026-07-15 03:15:42",28.7,0.582718,2.86072,5.5758,0.54348485,0.06469394,0.307278,0.053154,0.55435,0.11413,0.33152,200,100,dp,32,184,10,1,random
2528,AGR,5,"2026-07-15 03:15:49",35.8,0.599645,3.00449,5.5455,0.56,0.05797879,0.326505,0.055585,0.53552,0.12568,0.3388,200,100,dp,32,183,10,1,random
2529,AGR,6,"2026-07-15 03:15:56",42.8,0.615091,3.16118,5.5455,0.57439394,0.06538485,0.350508,0.056769,0.50273,0.15301,0.34426,200,100,dp,32,183,10,1,random
2530,AGR,7,"2026-07-15 03:16:05",51.6,0.633318,3.34931,5.5455,0.59121213,0.06128182,0.375667,0.055547,0.50273,0.14208,0.35519,200,100,dp,32,183,10,1,random
2531,AGR,8,"2026-07-15 03:16:14",60.5,0.648758,3.53054,5.4848,0.61181818,0.05445151,0.397228,0.048043,0.45304,0.20442,0.34254,200,100,dp,32,181,10,1,random
2532,AGR,9,"2026-07-15 03:16:23",69.7,0.664385,3.70152,5.4545,0.62121212,0.0649697,0.450399,0.05615,0.43889,0.21111,0.35,200,100,dp,32,180,10,1,random
2533,AGR,10,"2026-07-15 03:16:32",78.8,0.677433,3.85764,5.4545,0.62030303,0.08377879,0.483383,0.077316,0.43333,0.22222,0.34444,200,100,dp,32,180,10,1,random
2534,AGR,11,"2026-07-15 03:16:41",87.8,0.69023,4.01688,5.4545,0.63227273,0.08126667,0.539768,0.077392,0.4,0.25,0.35,200,100,dp,32,180,10,1,random
2535,AGR,12,"2026-07-15 03:16:50",97.2,0.702912,4.1947,5.4545,0.65575758,0.0665303,0.551814,0.060399,0.37778,0.30556,0.31667,200,100,dp,32,180,10,1,random
2536,AGR,13,"2026-07-15 03:16:59",106.3,0.716097,4.33871,5.4545,0.67909091,0.05156061,0.641814,0.044867,0.35556,0.36111,0.28333,200,100,dp,32,180,10,1,random
2537,AGR,14,"2026-07-15 03:17:09",115.7,0.726873,4.48204,5.4545,0.69121212,0.04879697,0.732037,0.043407,0.31667,0.42222,0.26111,200,100,dp,32,180,10,1,random
2538,AGR,15,"2026-07-15 03:17:18",124.9,0.736533,4.59485,5.4545,0.68393939,0.07342121,0.790813,0.066958,0.3,0.47222,0.22778,200,100,dp,32,180,10,1,random
2539,AGR,16,"2026-07-15 03:17:27",134.1,0.747064,4.71592,5.4545,0.6980303,0.06799394,0.913675,0.060787,0.26667,0.51111,0.22222,200,100,dp,32,180,10,1,random
2540,AGR,17,"2026-07-15 03:17:37",143.4,0.75503,4.82802,5.4545,0.70757576,0.06517273,0.973769,0.059415,0.21111,0.55556,0.23333,200,100,dp,32,180,10,1,random
2541,AGR,18,"2026-07-15 03:17:46",152.7,0.7637,4.93528,5.4545,0.71939394,0.06170909,0.910826,0.054269,0.2,0.63333,0.16667,200,100,dp,32,180,10,1,random
2542,AGR,19,"2026-07-15 03:17:55",161.9,0.769848,5.02375,5.4545,0.71848485,0.06941818,1.11046,0.064609,0.15,0.71111,0.13889,200,100,dp,32,180,10,1,random
2543,AGR,20,"2026-07-15 03:18:04",171.2,0.7751,5.10962,5.4545,0.72772727,0.06372121,1.14317,0.059347,0.12222,0.81111,0.06667,200,100,dp,32,180,10,1,random
2544,RANDOM,1,"2026-07-15 03:18:13",4.6,0.497385,2.29905,5.7273,0.49181818,0.00377879,0.218794,0.016783,0.60847,0.1164,0.27513,200,100,dp,32,189,10,1,random
2545,RANDOM,2,"2026-07-15 03:18:17",8.7,0.496642,2.28018,5.5455,0.48772728,0.02047879,0.249006,0.022506,0.60109,0.13661,0.2623,200,100,dp,32,183,10,1,random
2546,RANDOM,3,"2026-07-15 03:18:21",12.9,0.491985,2.2632,5.4545,0.4860606,0.0155,0.275108,0.01976,0.58889,0.14444,0.26667,200,100,dp,32,180,10,1,random
2547,RANDOM,4,"2026-07-15 03:18:25",17,0.489448,2.25674,5.3333,0.48818182,0.00214848,0.267054,0.007881,0.57955,0.14773,0.27273,200,100,dp,32,176,10,1,random
2548,RANDOM,5,"2026-07-15 03:18:29",21.3,0.493091,2.27193,5.303,0.51348485,-0.03554242,0.273911,-0.042206,0.58286,0.14286,0.27429,200,100,dp,32,175,10,1,random
2549,RANDOM,6,"2026-07-15 03:18:34",25.6,0.493288,2.27772,5.1515,0.49696969,-0.00912424,0.277828,-0.003775,0.59412,0.12941,0.27647,200,100,dp,32,170,10,1,random
2550,RANDOM,7,"2026-07-15 03:18:40",31.5,0.495145,2.28988,5.0303,0.49151515,0.01097273,0.294863,0.008819,0.57831,0.13253,0.28916,200,100,dp,32,166,10,1,random
2551,RANDOM,8,"2026-07-15 03:18:46",37.5,0.497306,2.28971,4.7273,0.50166667,-0.01862121,0.291568,-0.00696,0.5641,0.15385,0.28205,200,100,dp,32,156,10,1,random
2552,RANDOM,9,"2026-07-15 03:18:52",43.6,0.494042,2.2752,4.6364,0.50227273,-0.01598485,0.329421,-0.009603,0.56209,0.14379,0.29412,200,100,dp,32,153,10,1,random
2553,RANDOM,10,"2026-07-15 03:18:58",49.6,0.494576,2.26578,4.6061,0.50333333,-0.01716364,0.317114,-0.014872,0.57237,0.13158,0.29605,200,100,dp,32,152,10,1,random
2554,RANDOM,11,"2026-07-15 03:19:04",55.7,0.494364,2.25628,4.5758,0.50030303,-0.00990909,0.322066,-0.009,0.58278,0.11258,0.30464,200,100,dp,32,151,10,1,random
2555,RANDOM,12,"2026-07-15 03:19:10",61.8,0.493312,2.25545,4.5758,0.49636363,-0.01024545,0.303882,-0.001821,0.56954,0.11921,0.31126,200,100,dp,32,151,10,1,random
2556,RANDOM,13,"2026-07-15 03:19:16",67.9,0.49407,2.24105,4.5455,0.49409091,-0.0039697,0.285211,0.003926,0.55333,0.12667,0.32,200,100,dp,32,150,10,1,random
2557,RANDOM,14,"2026-07-15 03:19:22",73.8,0.494967,2.24815,4.5455,0.49742425,-0.01026364,0.274095,-0.002171,0.57333,0.10667,0.32,200,100,dp,32,150,10,1,random
2558,RANDOM,15,"2026-07-15 03:19:28",79.8,0.492861,2.2442,4.5152,0.50227273,-0.0195697,0.272829,-0.014799,0.57047,0.11409,0.31544,200,100,dp,32,149,10,1,random
2559,RANDOM,16,"2026-07-15 03:19:34",85.9,0.489073,2.23202,4.3636,0.49,-0.00807879,0.281147,0.005165,0.55556,0.125,0.31944,200,100,dp,32,144,10,1,random
2560,RANDOM,17,"2026-07-15 03:19:40",92.1,0.490312,2.23957,4.303,0.50075757,-0.01843636,0.294227,-0.019578,0.56338,0.09155,0.34507,200,100,dp,32,142,10,1,random
2561,RANDOM,18,"2026-07-15 03:19:46",98.3,0.485724,2.20701,4.2727,0.49772727,-0.02761818,0.262354,-0.016557,0.56738,0.0922,0.34043,200,100,dp,32,141,10,1,random
2562,RANDOM,19,"2026-07-15 03:19:53",104.3,0.48413,2.1948,4.2121,0.48363636,-0.00036061,0.269483,0.004575,0.56835,0.09353,0.33813,200,100,dp,32,139,10,1,random
2563,RANDOM,20,"2026-07-15 03:19:59",110.4,0.481385,2.17379,4.0909,0.48984849,-0.02070606,0.280997,-0.011231,0.57037,0.07407,0.35556,200,100,dp,32,135,10,1,random
2564,OI,1,"2026-07-15 03:20:15",5.4,0.528812,2.47239,5.7273,0.52939394,0.00361818,0.262231,-0.024195,0.5873,0.1164,0.2963,200,100,dp,33,189,10,1,random
2565,OI,2,"2026-07-15 03:20:20",10.2,0.555155,2.63874,5.6364,0.56636364,-0.02247273,0.313879,-0.041442,0.56989,0.12366,0.30645,200,100,dp,33,186,10,1,random
2566,OI,3,"2026-07-15 03:20:24",15,0.585967,2.82978,5.6364,0.58939394,-0.00660606,0.359601,-0.029104,0.54839,0.10215,0.34946,200,100,dp,33,186,10,1,random
2567,OI,4,"2026-07-15 03:20:29",19.8,0.611739,3.00305,5.5455,0.62257575,-0.01975758,0.340705,-0.036202,0.51366,0.1694,0.31694,200,100,dp,33,183,10,1,random
2568,OI,5,"2026-07-15 03:20:34",24.7,0.6357,3.19345,5.4848,0.63590909,0.00024848,0.45354,-0.017075,0.48619,0.19337,0.32044,200,100,dp,33,181,10,1,random
2569,OI,6,"2026-07-15 03:20:39",29.6,0.659906,3.4055,5.4242,0.65681818,0.00478182,0.495799,-0.010992,0.44693,0.23464,0.31844,200,100,dp,33,179,10,1,random
2570,OI,7,"2026-07-15 03:20:45",36,0.681239,3.60569,5.4242,0.68712121,-0.00538485,0.553073,-0.021919,0.39665,0.30168,0.30168,200,100,dp,33,179,10,1,random
2571,OI,8,"2026-07-15 03:20:52",42.4,0.700673,3.82737,5.4242,0.70227273,-0.00419697,0.624006,-0.013431,0.36872,0.31285,0.31844,200,100,dp,33,179,10,1,random
2572,OI,9,"2026-07-15 03:20:58",49.1,0.716576,4.03304,5.4242,0.72469697,-0.01159091,0.623117,-0.020024,0.34078,0.37989,0.27933,200,100,dp,33,179,10,1,random
2573,OI,10,"2026-07-15 03:21:05",55.8,0.731915,4.23868,5.4242,0.74,-0.01284848,0.73236,-0.019543,0.31285,0.41341,0.27374,200,100,dp,33,179,10,1,random
2574,OI,11,"2026-07-15 03:21:12",62.5,0.742939,4.42218,5.4242,0.74393939,-0.00082424,0.79589,-0.006596,0.27374,0.49162,0.23464,200,100,dp,33,179,10,1,random
2575,OI,12,"2026-07-15 03:21:19",69.2,0.754264,4.60653,5.4242,0.74712121,0.00765152,0.877209,0.004133,0.22905,0.55866,0.21229,200,100,dp,33,179,10,1,random
2576,OI,13,"2026-07-15 03:21:25",75.8,0.764236,4.75333,5.4242,0.76257576,0.00170606,1.01673,-0.002266,0.20112,0.63687,0.16201,200,100,dp,33,179,10,1,random
2577,OI,14,"2026-07-15 03:21:32",82.4,0.770812,4.87832,5.4242,0.78530303,-0.02009091,1.20077,-0.021378,0.13966,0.72067,0.13966,200,100,dp,33,179,10,1,random
2578,OI,15,"2026-07-15 03:21:39",89.2,0.77593,4.99249,5.4242,0.77575757,-0.00101212,1.14703,-0.001631,0.15642,0.71508,0.12849,200,100,dp,33,179,10,1,random
2579,OI,16,"2026-07-15 03:21:45",95.9,0.780182,5.0959,5.4242,0.77181819,0.01127273,1.32027,0.009269,0.10615,0.77095,0.12291,200,100,dp,33,179,10,1,random
2580,OI,17,"2026-07-15 03:21:52",102.6,0.783542,5.17441,5.4242,0.78909091,-0.00640303,1.27493,-0.007669,0.09497,0.81564,0.08939,200,100,dp,33,179,10,1,random
2581,OI,18,"2026-07-15 03:21:59",109.3,0.7871,5.25759,5.4242,0.795,-0.00988485,1.60805,-0.010773,0.06145,0.87151,0.06704,200,100,dp,33,179,10,1,random
2582,OI,19,"2026-07-15 03:22:05",116.2,0.787448,5.27595,5.4242,0.78772727,0.00039394,1.87937,0.001089,0.03352,0.92179,0.04469,200,100,dp,33,179,10,1,random
2583,OI,20,"2026-07-15 03:22:12",123,0.787142,5.26786,5.4242,0.79424242,-0.00911515,1.81822,-0.00719,0.04469,0.89944,0.05587,200,100,dp,33,179,10,1,random
2584,IR,1,"2026-07-15 03:22:21",4.9,0.512709,2.3576,5.7576,0.57227272,-0.10901818,0.228956,-0.126689,0.59474,0.12632,0.27895,200,100,dp,33,190,10,1,random
2585,IR,2,"2026-07-15 03:22:25",9.3,0.526594,2.42169,5.6667,0.58984849,-0.11036667,0.266703,-0.132419,0.58824,0.12299,0.28877,200,100,dp,33,187,10,1,random
2586,IR,3,"2026-07-15 03:22:30",13.7,0.537239,2.47072,5.6061,0.59742424,-0.10355758,0.268317,-0.120886,0.58378,0.10811,0.30811,200,100,dp,33,185,10,1,random
2587,IR,4,"2026-07-15 03:22:34",18.1,0.544742,2.48642,5.5152,0.61106061,-0.1156303,0.2444,-0.127368,0.58242,0.1044,0.31319,200,100,dp,33,182,10,1,random
2588,IR,5,"2026-07-15 03:22:39",22.5,0.554412,2.52384,5.4242,0.62484849,-0.11991818,0.256942,-0.135059,0.57542,0.11173,0.31285,200,100,dp,33,179,10,1,random
2589,IR,6,"2026-07-15 03:22:43",27,0.562545,2.5761,5.303,0.64030303,-0.13111212,0.28002,-0.144544,0.56,0.13143,0.30857,200,100,dp,33,175,10,1,random
2590,IR,7,"2026-07-15 03:22:49",33.2,0.570312,2.6226,5.2424,0.63484848,-0.10760303,0.30551,-0.119012,0.55491,0.12717,0.31792,200,100,dp,33,173,10,1,random
2591,IR,8,"2026-07-15 03:22:55",39.3,0.575339,2.64214,5.2121,0.64484848,-0.11469697,0.302828,-0.124238,0.55233,0.12209,0.32558,200,100,dp,33,172,10,1,random
2592,IR,9,"2026-07-15 03:23:02",45.6,0.57963,2.66743,5.1818,0.65136364,-0.11824545,0.298527,-0.126291,0.54386,0.14035,0.31579,200,100,dp,33,171,10,1,random
2593,IR,10,"2026-07-15 03:23:08",51.9,0.586382,2.70074,5.1515,0.66,-0.11960303,0.328165,-0.130385,0.53529,0.12941,0.33529,200,100,dp,33,170,10,1,random
2594,IR,11,"2026-07-15 03:23:14",58.2,0.591312,2.72652,5.0909,0.67333333,-0.13348182,0.302639,-0.141711,0.52381,0.1369,0.33929,200,100,dp,33,168,10,1,random
2595,IR,12,"2026-07-15 03:23:21",64.6,0.598273,2.75533,5,0.67121212,-0.12122424,0.308264,-0.127025,0.50909,0.16364,0.32727,200,100,dp,33,165,10,1,random
2596,IR,13,"2026-07-15 03:23:27",70.9,0.605758,2.80452,4.9697,0.67545455,-0.11196364,0.356353,-0.120298,0.5,0.15854,0.34146,200,100,dp,33,164,10,1,random
2597,IR,14,"2026-07-15 03:23:33",77.3,0.614245,2.8549,4.9394,0.69257576,-0.12665152,0.340816,-0.133491,0.48466,0.17178,0.34356,200,100,dp,33,163,10,1,random
2598,IR,15,"2026-07-15 03:23:40",83.6,0.616967,2.87792,4.9394,0.6930303,-0.1221697,0.351097,-0.12455,0.47853,0.15951,0.36196,200,100,dp,33,163,10,1,random
2599,IR,16,"2026-07-15 03:23:46",89.9,0.620182,2.90347,4.8788,0.69742424,-0.12036364,0.322401,-0.126503,0.48447,0.14286,0.37267,200,100,dp,33,161,10,1,random
2600,IR,17,"2026-07-15 03:23:52",96.3,0.625694,2.93031,4.8788,0.6980303,-0.11470606,0.323559,-0.119223,0.47205,0.1677,0.36025,200,100,dp,33,161,10,1,random
2601,IR,18,"2026-07-15 03:23:59",102.6,0.628852,2.94537,4.8485,0.70606061,-0.12161818,0.360871,-0.124613,0.46875,0.16875,0.3625,200,100,dp,33,160,10,1,random
2602,IR,19,"2026-07-15 03:24:05",109,0.637285,3.00722,4.7576,0.71151515,-0.11833939,0.377936,-0.122589,0.4586,0.18471,0.35669,200,100,dp,33,157,10,1,random
2603,IR,20,"2026-07-15 03:24:11",115.4,0.6403,3.01506,4.7576,0.71878788,-0.12335758,0.401101,-0.124153,0.45223,0.19745,0.35032,200,100,dp,33,157,10,1,random
2604,AGR,1,"2026-07-15 03:24:19",7.2,0.521527,2.43395,5.8485,0.48393939,0.05713636,0.243292,0.058361,0.60622,0.09845,0.29534,200,100,dp,33,193,10,1,random
2605,AGR,2,"2026-07-15 03:24:26",14.1,0.54277,2.56706,5.7273,0.4980303,0.07470909,0.261584,0.067161,0.58201,0.12169,0.2963,200,100,dp,33,189,10,1,random
2606,AGR,3,"2026-07-15 03:24:33",20.9,0.563073,2.70547,5.7273,0.51803031,0.06934848,0.298082,0.066567,0.56085,0.10582,0.33333,200,100,dp,33,189,10,1,random
2607,AGR,4,"2026-07-15 03:24:40",27.8,0.582264,2.85165,5.7273,0.52439394,0.09463939,0.270057,0.087361,0.54497,0.13228,0.32275,200,100,dp,33,189,10,1,random
2608,AGR,5,"2026-07-15 03:24:47",34.8,0.599273,3.00461,5.697,0.55060606,0.0714303,0.313778,0.070611,0.53723,0.1383,0.32447,200,100,dp,33,188,10,1,random
2609,AGR,6,"2026-07-15 03:24:54",41.8,0.619836,3.17663,5.6667,0.57712121,0.06565152,0.353116,0.056466,0.50267,0.17112,0.3262,200,100,dp,33,187,10,1,random
2610,AGR,7,"2026-07-15 03:25:03",50.7,0.639652,3.35736,5.6667,0.59863637,0.05920606,0.388335,0.05196,0.50267,0.15508,0.34225,200,100,dp,33,187,10,1,random
2611,AGR,8,"2026-07-15 03:25:12",59.4,0.657561,3.55766,5.6667,0.60681819,0.07670909,0.41052,0.066589,0.48128,0.16578,0.35294,200,100,dp,33,187,10,1,random
2612,AGR,9,"2026-07-15 03:25:21",68.4,0.672742,3.74281,5.6667,0.64030303,0.05292727,0.425031,0.039504,0.4492,0.21925,0.33155,200,100,dp,33,187,10,1,random
2613,AGR,10,"2026-07-15 03:25:30",77.5,0.687409,3.93903,5.6667,0.63757576,0.0752697,0.513788,0.064357,0.42246,0.24064,0.3369,200,100,dp,33,187,10,1,random
2614,AGR,11,"2026-07-15 03:25:39",86.5,0.701161,4.11014,5.6667,0.65666667,0.06494848,0.537597,0.056409,0.41176,0.22995,0.35829,200,100,dp,33,187,10,1,random
2615,AGR,12,"2026-07-15 03:25:48",95.5,0.710976,4.24896,5.6667,0.6630303,0.07269697,0.541109,0.062652,0.37433,0.28877,0.3369,200,100,dp,33,187,10,1,random
2616,AGR,13,"2026-07-15 03:25:57",104.5,0.721285,4.41058,5.6667,0.67090909,0.07144849,0.594845,0.064614,0.37433,0.32086,0.30481,200,100,dp,33,187,10,1,random
2617,AGR,14,"2026-07-15 03:26:06",113.6,0.732727,4.59097,5.6667,0.69,0.05459091,0.730804,0.052626,0.29412,0.44385,0.26203,200,100,dp,33,187,10,1,random
2618,AGR,15,"2026-07-15 03:26:15",122.6,0.743127,4.75232,5.6667,0.69075758,0.07047879,0.781068,0.065927,0.26203,0.49733,0.24064,200,100,dp,33,187,10,1,random
2619,AGR,16,"2026-07-15 03:26:24",131.7,0.753227,4.87511,5.6364,0.71257576,0.05541818,0.827101,0.049168,0.23656,0.54839,0.21505,200,100,dp,33,186,10,1,random
2620,AGR,17,"2026-07-15 03:26:33",140.7,0.760624,5.00805,5.6364,0.72,0.05414849,0.91171,0.049964,0.22581,0.58602,0.18817,200,100,dp,33,186,10,1,random
2621,AGR,18,"2026-07-15 03:26:42",149.8,0.767709,5.10767,5.6364,0.70863636,0.07638485,1.01089,0.073958,0.2043,0.63978,0.15591,200,100,dp,33,186,10,1,random
2622,AGR,19,"2026-07-15 03:26:51",158.9,0.7767,5.24431,5.6364,0.74636364,0.03929394,1.17528,0.03494,0.17204,0.70968,0.11828,200,100,dp,33,186,10,1,random
2623,AGR,20,"2026-07-15 03:27:00",168.2,0.782645,5.34029,5.6364,0.74030303,0.05603939,1.39198,0.051767,0.12903,0.79032,0.08065,200,100,dp,33,186,10,1,random
2624,RANDOM,1,"2026-07-15 03:27:09",4.7,0.49733,2.29721,5.7273,0.50181818,-0.0031,0.213749,-0.002908,0.60317,0.12169,0.27513,200,100,dp,33,189,10,1,random
2625,RANDOM,2,"2026-07-15 03:27:14",9,0.500606,2.31662,5.3939,0.50787879,-0.01032424,0.246581,-0.015252,0.57865,0.1236,0.29775,200,100,dp,33,178,10,1,random
2626,RANDOM,3,"2026-07-15 03:27:18",13.2,0.500294,2.32177,5.303,0.50333334,-0.00097576,0.241569,-0.00227,0.57714,0.12571,0.29714,200,100,dp,33,175,10,1,random
2627,RANDOM,4,"2026-07-15 03:27:22",17.4,0.493112,2.30532,5.2121,0.49787878,-0.01114242,0.242772,0.000605,0.57558,0.14535,0.27907,200,100,dp,33,172,10,1,random
2628,RANDOM,5,"2026-07-15 03:27:26",21.7,0.494052,2.31443,5.0303,0.50712121,-0.02747576,0.278523,-0.025775,0.57229,0.15663,0.27108,200,100,dp,33,166,10,1,random
2629,RANDOM,6,"2026-07-15 03:27:31",26,0.493115,2.31456,4.9697,0.49893939,-0.0152,0.308699,-0.008001,0.56098,0.15854,0.28049,200,100,dp,33,164,10,1,random
2630,RANDOM,7,"2026-07-15 03:27:37",32,0.490676,2.29794,4.8788,0.48621212,0.01003636,0.295481,0.014393,0.54658,0.16149,0.29193,200,100,dp,33,161,10,1,random
2631,RANDOM,8,"2026-07-15 03:27:43",37.9,0.490921,2.28935,4.7879,0.49030303,0.00022121,0.277131,0.004525,0.55696,0.14557,0.29747,200,100,dp,33,158,10,1,random
2632,RANDOM,9,"2026-07-15 03:27:49",44,0.494982,2.30639,4.7273,0.49484848,-0.00219697,0.292512,0.000299,0.5641,0.12821,0.30769,200,100,dp,33,156,10,1,random
2633,RANDOM,10,"2026-07-15 03:27:55",50.2,0.490136,2.28309,4.697,0.48636364,0.00661212,0.27974,0.015833,0.56774,0.12903,0.30323,200,100,dp,33,155,10,1,random
2634,RANDOM,11,"2026-07-15 03:28:01",56.2,0.489385,2.28551,4.6667,0.49439394,-0.01330303,0.287194,-0.006242,0.56494,0.13636,0.2987,200,100,dp,33,154,10,1,random
2635,RANDOM,12,"2026-07-15 03:28:07",62.4,0.492373,2.27415,4.6364,0.49424242,-0.00502187,0.297747,-0.004124,0.56209,0.13725,0.30065,200,100,dp,33,153,10,1,random
2636,RANDOM,13,"2026-07-15 03:28:13",68.6,0.493664,2.26691,4.5758,0.49242424,-0.00121562,0.322883,0.003632,0.55629,0.13907,0.30464,200,100,dp,33,151,10,1,random
2637,RANDOM,14,"2026-07-15 03:28:20",74.8,0.491485,2.25317,4.5758,0.49424242,-0.00573438,0.323414,-0.001242,0.56291,0.13907,0.29801,200,100,dp,33,151,10,1,random
2638,RANDOM,15,"2026-07-15 03:28:26",81,0.489909,2.25268,4.5455,0.4910606,-0.00033437,0.332492,0.002021,0.56667,0.13333,0.3,200,100,dp,33,150,10,1,random
2639,RANDOM,16,"2026-07-15 03:28:32",87.2,0.48857,2.24447,4.4848,0.49303031,-0.01378437,0.330231,-0.005082,0.55405,0.14189,0.30405,200,100,dp,33,148,10,1,random
2640,RANDOM,17,"2026-07-15 03:28:38",93.4,0.488318,2.24928,4.4242,0.48151515,0.010025,0.329985,0.017063,0.56164,0.13699,0.30137,200,100,dp,33,146,10,1,random
2641,RANDOM,18,"2026-07-15 03:28:44",99.6,0.487718,2.24245,4.3333,0.48969697,-0.00346563,0.340514,-0.001137,0.57343,0.12587,0.3007,200,100,dp,33,143,10,1,random
2642,RANDOM,19,"2026-07-15 03:28:51",105.8,0.485345,2.23952,4.303,0.48439394,0.0042875,0.355306,0.007506,0.57746,0.12676,0.29577,200,100,dp,33,142,10,1,random
2643,RANDOM,20,"2026-07-15 03:28:57",111.9,0.483221,2.23444,4.2727,0.48015151,0.0003,0.365194,0.012376,0.57447,0.13475,0.29078,200,100,dp,33,141,10,1,random
2644,OI,1,"2026-07-15 03:29:12",5.1,0.530624,2.47789,5.7576,0.53939394,-0.01977273,0.264829,-0.042289,0.58421,0.11579,0.3,200,100,dp,34,190,10,1,random
2645,OI,2,"2026-07-15 03:29:17",9.9,0.559579,2.65392,5.6667,0.55878788,-0.00132424,0.290947,-0.02087,0.5615,0.12299,0.31551,200,100,dp,34,187,10,1,random
2646,OI,3,"2026-07-15 03:29:22",14.6,0.583712,2.80943,5.6667,0.57969697,0.00957273,0.329104,-0.010357,0.54545,0.12299,0.33155,200,100,dp,34,187,10,1,random
2647,OI,4,"2026-07-15 03:29:26",19.3,0.611039,2.99812,5.6364,0.61166666,-0.00173333,0.369859,-0.020892,0.52151,0.14516,0.33333,200,100,dp,34,186,10,1,random
2648,OI,5,"2026-07-15 03:29:31",24.2,0.63687,3.1944,5.5758,0.64606061,-0.01499394,0.41219,-0.031893,0.49457,0.15761,0.34783,200,100,dp,34,184,10,1,random
2649,OI,6,"2026-07-15 03:29:36",29,0.657994,3.36869,5.5758,0.66575757,-0.01244545,0.433671,-0.025402,0.44565,0.20109,0.35326,200,100,dp,34,184,10,1,random
2650,OI,7,"2026-07-15 03:29:42",35.5,0.675203,3.55483,5.5758,0.67424243,0.00613636,0.454478,-0.008934,0.40217,0.25543,0.34239,200,100,dp,34,184,10,1,random
2651,OI,8,"2026-07-15 03:29:49",41.9,0.693536,3.78117,5.5758,0.69318182,-0.00617576,0.517325,-0.010353,0.375,0.2663,0.3587,200,100,dp,34,184,10,1,random
2652,OI,9,"2026-07-15 03:29:56",48.7,0.708318,3.97607,5.5758,0.70424243,0.00407273,0.52256,-0.002503,0.36957,0.30435,0.32609,200,100,dp,34,184,10,1,random
2653,OI,10,"2026-07-15 03:30:03",55.6,0.723803,4.16149,5.5152,0.71818182,0.00808788,0.622937,-0.000752,0.34066,0.33516,0.32418,200,100,dp,34,182,10,1,random
2654,OI,11,"2026-07-15 03:30:10",63.1,0.734655,4.34441,5.5152,0.74090909,-0.00998182,0.671681,-0.014147,0.30769,0.41758,0.27473,200,100,dp,34,182,10,1,random
2655,OI,12,"2026-07-15 03:30:17",69.9,0.746339,4.52703,5.5152,0.75378788,-0.00982121,0.829324,-0.015816,0.25275,0.48901,0.25824,200,100,dp,34,182,10,1,random
2656,OI,13,"2026-07-15 03:30:24",76.6,0.755509,4.68136,5.5152,0.76818182,-0.01668485,0.847582,-0.020978,0.23626,0.54945,0.21429,200,100,dp,34,182,10,1,random
2657,OI,14,"2026-07-15 03:30:30",83.3,0.764021,4.83432,5.5152,0.75772727,0.00942121,1.05282,0.004287,0.17582,0.63187,0.19231,200,100,dp,34,182,10,1,random
2658,OI,15,"2026-07-15 03:30:37",90.1,0.770897,4.9758,5.5152,0.77287879,-0.00328182,0.972124,-0.00533,0.14835,0.66484,0.18681,200,100,dp,34,182,10,1,random
2659,OI,16,"2026-07-15 03:30:44",96.8,0.775879,5.09389,5.5152,0.78075757,-0.00776364,1.02281,-0.007978,0.12088,0.76923,0.10989,200,100,dp,34,182,10,1,random
2660,OI,17,"2026-07-15 03:30:51",103.7,0.779582,5.15978,5.5152,0.78075758,-0.00083636,1.25785,-0.002446,0.10989,0.76374,0.12637,200,100,dp,34,182,10,1,random
2661,OI,18,"2026-07-15 03:30:57",110.5,0.783103,5.25102,5.5152,0.78212121,0.00185455,1.29876,0.000628,0.1044,0.83516,0.06044,200,100,dp,34,182,10,1,random
2662,OI,19,"2026-07-15 03:31:04",117.2,0.785315,5.29688,5.5152,0.78454545,0.00126667,2.12012,0.001403,0.08242,0.85165,0.06593,200,100,dp,34,182,10,1,random
2663,OI,20,"2026-07-15 03:31:11",124,0.787236,5.35005,5.5152,0.78545454,0.00370606,1.81765,0.002771,0.06593,0.86813,0.06593,200,100,dp,34,182,10,1,random
2664,IR,1,"2026-07-15 03:31:20",5.2,0.512391,2.36202,5.697,0.5710606,-0.10702121,0.22837,-0.126952,0.60106,0.10106,0.29787,200,100,dp,34,188,10,1,random
2665,IR,2,"2026-07-15 03:31:25",10,0.522233,2.40672,5.5152,0.59530303,-0.12836061,0.23861,-0.148871,0.58791,0.10989,0.3022,200,100,dp,34,182,10,1,random
2666,IR,3,"2026-07-15 03:31:29",14.7,0.535997,2.47147,5.4242,0.59954545,-0.1121697,0.261339,-0.131364,0.57542,0.10615,0.31844,200,100,dp,34,179,10,1,random
2667,IR,4,"2026-07-15 03:31:34",19.5,0.544488,2.52042,5.3636,0.61439395,-0.11768182,0.255734,-0.135655,0.56497,0.10734,0.32768,200,100,dp,34,177,10,1,random
2668,IR,5,"2026-07-15 03:31:39",24.6,0.55467,2.57696,5.2121,0.61878788,-0.10420909,0.256832,-0.124161,0.55233,0.12209,0.32558,200,100,dp,34,172,10,1,random
2669,IR,6,"2026-07-15 03:31:44",29.5,0.565624,2.63985,5.1818,0.63393939,-0.11940303,0.289591,-0.129832,0.53801,0.12281,0.33918,200,100,dp,34,171,10,1,random
2670,IR,7,"2026-07-15 03:31:51",36.1,0.576767,2.66874,5.1515,0.64348485,-0.1106303,0.282555,-0.124851,0.52941,0.14118,0.32941,200,100,dp,34,170,10,1,random
2671,IR,8,"2026-07-15 03:31:57",42.6,0.587182,2.72145,5.1212,0.65636364,-0.11466667,0.309161,-0.125526,0.52663,0.13018,0.3432,200,100,dp,34,169,10,1,random
2672,IR,9,"2026-07-15 03:32:04",49.3,0.594909,2.76167,5.1212,0.66151515,-0.11142424,0.30466,-0.117096,0.52663,0.13609,0.33728,200,100,dp,34,169,10,1,random
2673,IR,10,"2026-07-15 03:32:11",56.2,0.599894,2.78744,5.0909,0.68257576,-0.13671818,0.320454,-0.141308,0.52976,0.125,0.34524,200,100,dp,34,168,10,1,random
2674,IR,11,"2026-07-15 03:32:17",62.9,0.6051,2.81467,5.0606,0.68030303,-0.12566667,0.318882,-0.127697,0.51497,0.13174,0.35329,200,100,dp,34,167,10,1,random
2675,IR,12,"2026-07-15 03:32:24",69.6,0.612636,2.84507,5.0606,0.6869697,-0.11994242,0.319912,-0.126376,0.50898,0.15569,0.33533,200,100,dp,34,167,10,1,random
2676,IR,13,"2026-07-15 03:32:31",76.3,0.622724,2.89255,5,0.69515151,-0.11588788,0.356804,-0.123439,0.49697,0.15152,0.35152,200,100,dp,34,165,10,1,random
2677,IR,14,"2026-07-15 03:32:38",83,0.628079,2.93334,5,0.69969697,-0.11519697,0.353263,-0.117111,0.49697,0.15152,0.35152,200,100,dp,34,165,10,1,random
2678,IR,15,"2026-07-15 03:32:44",89.7,0.630049,2.94043,5,0.70393939,-0.11946061,0.354322,-0.117667,0.47879,0.16364,0.35758,200,100,dp,34,165,10,1,random
2679,IR,16,"2026-07-15 03:32:51",96.4,0.638061,2.99672,4.9394,0.71818182,-0.12712424,0.356605,-0.130772,0.45399,0.20859,0.33742,200,100,dp,34,163,10,1,random
2680,IR,17,"2026-07-15 03:32:58",103.1,0.644542,3.04923,4.9091,0.71015152,-0.10334848,0.413705,-0.105888,0.44444,0.2037,0.35185,200,100,dp,34,162,10,1,random
2681,IR,18,"2026-07-15 03:33:04",109.8,0.647833,3.06343,4.8788,0.72378788,-0.12057879,0.402857,-0.118647,0.43478,0.21118,0.35404,200,100,dp,34,161,10,1,random
2682,IR,19,"2026-07-15 03:33:11",116.5,0.652209,3.08458,4.8485,0.72484849,-0.11466061,0.396619,-0.113508,0.43125,0.21875,0.35,200,100,dp,34,160,10,1,random
2683,IR,20,"2026-07-15 03:33:18",123.3,0.657358,3.10805,4.8182,0.73090909,-0.11346667,0.422666,-0.115143,0.43396,0.22642,0.33962,200,100,dp,34,159,10,1,random
2684,AGR,1,"2026-07-15 03:33:26",7.2,0.520851,2.43332,5.697,0.48121212,0.06183636,0.242195,0.061309,0.59574,0.10106,0.30319,200,100,dp,34,188,10,1,random
2685,AGR,2,"2026-07-15 03:33:33",14,0.542085,2.57571,5.6667,0.50030303,0.06747879,0.2663,0.062432,0.57754,0.10695,0.31551,200,100,dp,34,187,10,1,random
2686,AGR,3,"2026-07-15 03:33:40",21,0.559233,2.70862,5.6061,0.51439394,0.07039394,0.272537,0.069535,0.55676,0.11892,0.32432,200,100,dp,34,185,10,1,random
2687,AGR,4,"2026-07-15 03:33:46",27.8,0.578718,2.86089,5.6061,0.52742425,0.08568485,0.297015,0.075531,0.53514,0.14054,0.32432,200,100,dp,34,185,10,1,random
2688,AGR,5,"2026-07-15 03:33:53",34.8,0.595724,3.00468,5.5758,0.54439394,0.08310606,0.327636,0.075971,0.51087,0.1413,0.34783,200,100,dp,34,184,10,1,random
2689,AGR,6,"2026-07-15 03:34:00",41.8,0.612482,3.15844,5.5758,0.55909091,0.08559697,0.322197,0.07784,0.50543,0.125,0.36957,200,100,dp,34,184,10,1,random
2690,AGR,7,"2026-07-15 03:34:09",50.5,0.628773,3.30155,5.5758,0.57742424,0.08136364,0.319987,0.071374,0.5,0.125,0.375,200,100,dp,34,184,10,1,random
2691,AGR,8,"2026-07-15 03:34:18",59.4,0.645421,3.47573,5.5455,0.59469697,0.07503636,0.343219,0.069099,0.48087,0.14208,0.37705,200,100,dp,34,183,10,1,random
2692,AGR,9,"2026-07-15 03:34:27",68.5,0.660761,3.65967,5.5455,0.60969697,0.07925455,0.378337,0.068837,0.44262,0.1694,0.38798,200,100,dp,34,183,10,1,random
2693,AGR,10,"2026-07-15 03:34:36",77.4,0.675818,3.83532,5.5455,0.62106061,0.0783,0.389791,0.072906,0.4153,0.19672,0.38798,200,100,dp,34,183,10,1,random
2694,AGR,11,"2026-07-15 03:34:45",86.4,0.686103,4.00048,5.5455,0.63924243,0.07225151,0.419707,0.063226,0.39344,0.25137,0.35519,200,100,dp,34,183,10,1,random
2695,AGR,12,"2026-07-15 03:34:54",95.5,0.698161,4.16948,5.5455,0.66727273,0.04376364,0.519662,0.037671,0.37705,0.28962,0.33333,200,100,dp,34,183,10,1,random
2696,AGR,13,"2026-07-15 03:35:03",104.6,0.709688,4.3039,5.5455,0.65757576,0.07060909,0.592579,0.068001,0.36066,0.32787,0.31148,200,100,dp,34,183,10,1,random
2697,AGR,14,"2026-07-15 03:35:12",113.7,0.721685,4.45565,5.5455,0.67545455,0.06632121,0.669017,0.057854,0.32787,0.37705,0.29508,200,100,dp,34,183,10,1,random
2698,AGR,15,"2026-07-15 03:35:21",122.9,0.731076,4.60471,5.5455,0.68333333,0.06783333,0.723656,0.060879,0.31148,0.44262,0.2459,200,100,dp,34,183,10,1,random
2699,AGR,16,"2026-07-15 03:35:31",132.1,0.739779,4.73614,5.5455,0.69212121,0.06052727,0.868976,0.060339,0.27322,0.5082,0.21858,200,100,dp,34,183,10,1,random
2700,AGR,17,"2026-07-15 03:35:40",141.3,0.750903,4.88138,5.5455,0.69030303,0.08583636,0.936,0.075269,0.2459,0.56284,0.19126,200,100,dp,34,183,10,1,random
2701,AGR,18,"2026-07-15 03:35:49",150.3,0.759294,4.99114,5.5455,0.70878788,0.06988485,1.0869,0.062805,0.22951,0.59016,0.18033,200,100,dp,34,183,10,1,random
2702,AGR,19,"2026-07-15 03:35:58",159.5,0.765691,5.10752,5.5455,0.7230303,0.06178182,1.1517,0.053054,0.1694,0.70492,0.12568,200,100,dp,34,183,10,1,random
2703,AGR,20,"2026-07-15 03:36:07",168.6,0.771667,5.19082,5.5455,0.71484849,0.07651818,1.28426,0.071392,0.13661,0.74863,0.11475,200,100,dp,34,183,10,1,random
2704,RANDOM,1,"2026-07-15 03:36:16",4.9,0.499921,2.30904,5.697,0.50424242,-0.00709091,0.211304,-0.006983,0.60638,0.09574,0.29787,200,100,dp,34,188,10,1,random
2705,RANDOM,2,"2026-07-15 03:36:21",9.4,0.499118,2.30632,5.4848,0.49954545,-0.00230303,0.212271,0.003337,0.59116,0.10497,0.30387,200,100,dp,34,181,10,1,random
2706,RANDOM,3,"2026-07-15 03:36:25",14,0.496894,2.29724,5.3636,0.49257575,0.00299394,0.218154,0.013861,0.59322,0.10734,0.29944,200,100,dp,34,177,10,1,random
2707,RANDOM,4,"2026-07-15 03:36:30",18.6,0.494136,2.28334,5.2424,0.49984848,-0.00716061,0.23684,-0.005654,0.59538,0.12139,0.28324,200,100,dp,34,173,10,1,random
2708,RANDOM,5,"2026-07-15 03:36:34",23.2,0.491682,2.26392,5.2121,0.49,-0.00242121,0.265351,0.0091,0.58721,0.13372,0.27907,200,100,dp,34,172,10,1,random
2709,RANDOM,6,"2026-07-15 03:36:39",27.9,0.492433,2.26468,5.0606,0.5,-0.00771212,0.272998,-0.013176,0.59281,0.12575,0.28144,200,100,dp,34,167,10,1,random
2710,RANDOM,7,"2026-07-15 03:36:45",34.1,0.490312,2.25626,5.0606,0.48424243,0.00818485,0.281491,0.017154,0.58683,0.12575,0.28743,200,100,dp,34,167,10,1,random
2711,RANDOM,8,"2026-07-15 03:36:51",40.4,0.491321,2.25654,5.0303,0.48575757,0.01105455,0.269966,0.013668,0.57229,0.13855,0.28916,200,100,dp,34,166,10,1,random
2712,RANDOM,9,"2026-07-15 03:36:58",46.9,0.492215,2.26282,4.9091,0.49712121,-0.0119303,0.271067,-0.008528,0.57407,0.14198,0.28395,200,100,dp,34,162,10,1,random
2713,RANDOM,10,"2026-07-15 03:37:05",53.4,0.493491,2.27789,4.8182,0.49015151,0.00620909,0.294866,0.008531,0.56604,0.14465,0.28931,200,100,dp,34,159,10,1,random
2714,RANDOM,11,"2026-07-15 03:37:11",59.9,0.493076,2.28028,4.697,0.48439395,0.01305152,0.296512,0.020753,0.54839,0.14839,0.30323,200,100,dp,34,155,10,1,random
2715,RANDOM,12,"2026-07-15 03:37:18",66.6,0.489394,2.24593,4.6364,0.49196969,-0.01223333,0.275474,0.000818,0.56209,0.14379,0.29412,200,100,dp,34,153,10,1,random
2716,RANDOM,13,"2026-07-15 03:37:24",73.1,0.490703,2.25739,4.5758,0.49272727,-0.00346364,0.310808,-0.002523,0.56291,0.1457,0.29139,200,100,dp,34,151,10,1,random
2717,RANDOM,14,"2026-07-15 03:37:31",79.5,0.492045,2.2623,4.5455,0.4969697,-0.01078485,0.322533,-0.008925,0.55333,0.14667,0.3,200,100,dp,34,150,10,1,random
2718,RANDOM,15,"2026-07-15 03:37:37",86,0.492318,2.25118,4.5455,0.48984848,0.00236364,0.307025,0.007796,0.56,0.14,0.3,200,100,dp,34,150,10,1,random
2719,RANDOM,16,"2026-07-15 03:37:44",92.4,0.490455,2.24778,4.5152,0.49772727,-0.0105,0.307295,-0.008828,0.55705,0.12752,0.31544,200,100,dp,34,149,10,1,random
2720,RANDOM,17,"2026-07-15 03:37:50",98.9,0.490058,2.24278,4.5152,0.48772728,0.00641515,0.293064,0.010944,0.57718,0.11409,0.30872,200,100,dp,34,149,10,1,random
2721,RANDOM,18,"2026-07-15 03:37:57",105.4,0.486403,2.22241,4.4545,0.47863636,0.01563939,0.294944,0.023347,0.58503,0.10204,0.31293,200,100,dp,34,147,10,1,random
2722,RANDOM,19,"2026-07-15 03:38:03",111.9,0.486812,2.22968,4.4242,0.48939394,-0.00720303,0.302478,-0.003127,0.58904,0.09589,0.31507,200,100,dp,34,146,10,1,random
2723,RANDOM,20,"2026-07-15 03:38:10",118.5,0.485309,2.22328,4.4242,0.48484848,0.00566364,0.303042,0.00571,0.59589,0.08904,0.31507,200,100,dp,34,146,10,1,random
2724,OI,1,"2026-07-15 03:38:25",5.2,0.53223,2.47982,5.8182,0.55045454,-0.03685455,0.309235,-0.059289,0.58854,0.09896,0.3125,200,100,dp,35,192,10,1,random
2725,OI,2,"2026-07-15 03:38:30",10,0.560924,2.65364,5.7576,0.56621213,-0.00203636,0.28397,-0.032691,0.55789,0.13684,0.30526,200,100,dp,35,190,10,1,random
2726,OI,3,"2026-07-15 03:38:35",14.9,0.588564,2.82914,5.7273,0.58924242,-0.00474545,0.334816,-0.021981,0.53968,0.14286,0.31746,200,100,dp,35,189,10,1,random
2727,OI,4,"2026-07-15 03:38:40",19.6,0.614603,3.0355,5.6364,0.62166667,-0.01421515,0.364,-0.029878,0.52151,0.11828,0.36022,200,100,dp,35,186,10,1,random
2728,OI,5,"2026-07-15 03:38:45",24.5,0.635052,3.20083,5.6364,0.64409091,-0.01507879,0.351097,-0.027643,0.5,0.14516,0.35484,200,100,dp,35,186,10,1,random
2729,OI,6,"2026-07-15 03:38:50",29.3,0.655739,3.37506,5.6061,0.66848485,-0.01879697,0.398519,-0.032896,0.45405,0.20541,0.34054,200,100,dp,35,185,10,1,random
2730,OI,7,"2026-07-15 03:38:56",35.8,0.678382,3.60983,5.6061,0.68530303,-0.01053333,0.471532,-0.024424,0.43243,0.21622,0.35135,200,100,dp,35,185,10,1,random
2731,OI,8,"2026-07-15 03:39:03",42.4,0.694636,3.76816,5.5758,0.69651515,-0.00029394,0.507659,-0.012258,0.39674,0.25543,0.34783,200,100,dp,35,184,10,1,random
2732,OI,9,"2026-07-15 03:39:09",49.1,0.710761,3.99345,5.5152,0.71545454,-0.00824242,0.556571,-0.015953,0.36264,0.35714,0.28022,200,100,dp,35,182,10,1,random
2733,OI,10,"2026-07-15 03:39:16",55.9,0.727727,4.22196,5.5152,0.72378788,0.00661818,0.737189,-0.004134,0.32967,0.40659,0.26374,200,100,dp,35,182,10,1,random
2734,OI,11,"2026-07-15 03:39:23",62.7,0.741897,4.43377,5.5152,0.73515151,0.01096061,0.806996,0.001443,0.30769,0.47253,0.21978,200,100,dp,35,182,10,1,random
2735,OI,12,"2026-07-15 03:39:30",69.6,0.755206,4.63492,5.5152,0.75818182,-0.00203636,0.982548,-0.010704,0.24725,0.49451,0.25824,200,100,dp,35,182,10,1,random
2736,OI,13,"2026-07-15 03:39:37",76.3,0.764567,4.80434,5.5152,0.76606061,-0.00077879,0.85133,-0.006281,0.20879,0.57692,0.21429,200,100,dp,35,182,10,1,random
2737,OI,14,"2026-07-15 03:39:43",83.1,0.772655,4.96328,5.5152,0.77454546,-0.00304242,0.980172,-0.005631,0.17582,0.64835,0.17582,200,100,dp,35,182,10,1,random
2738,OI,15,"2026-07-15 03:39:50",89.8,0.778055,5.09613,5.5152,0.77742424,0.00212424,1.113,-0.000858,0.12088,0.73077,0.14835,200,100,dp,35,182,10,1,random
2739,OI,16,"2026-07-15 03:39:57",96.6,0.781558,5.19315,5.5152,0.78727274,-0.00658182,1.1462,-0.007987,0.1044,0.79121,0.1044,200,100,dp,35,182,10,1,random
2740,OI,17,"2026-07-15 03:40:04",103.8,0.7851,5.26572,5.5152,0.79030303,-0.00816667,1.42349,-0.006965,0.07143,0.86264,0.06593,200,100,dp,35,182,10,1,random
2741,OI,18,"2026-07-15 03:40:12",111.4,0.786242,5.28806,5.5152,0.78651515,-0.0012303,1.58672,0.000482,0.06593,0.87363,0.06044,200,100,dp,35,182,10,1,random
2742,OI,19,"2026-07-15 03:40:19",118.4,0.78723,5.31425,5.5152,0.7930303,-0.00733636,1.77531,-0.006249,0.05495,0.85714,0.08791,200,100,dp,35,182,10,1,random
2743,OI,20,"2026-07-15 03:40:26",125.4,0.789133,5.36811,5.5152,0.80045454,-0.01616667,1.35658,-0.01407,0.06593,0.89011,0.04396,200,100,dp,35,182,10,1,random
2744,IR,1,"2026-07-15 03:40:35",5.6,0.515433,2.37931,5.8485,0.58772727,-0.1234,0.277195,-0.152725,0.60622,0.11399,0.27979,200,100,dp,35,193,10,1,random
2745,IR,2,"2026-07-15 03:40:40",10.7,0.523185,2.40631,5.6364,0.58969697,-0.11289394,0.260414,-0.133001,0.60215,0.10215,0.2957,200,100,dp,35,186,10,1,random
2746,IR,3,"2026-07-15 03:40:45",15.7,0.531158,2.44415,5.5455,0.60090909,-0.1183303,0.264154,-0.137726,0.59563,0.10929,0.29508,200,100,dp,35,183,10,1,random
2747,IR,4,"2026-07-15 03:40:50",20.8,0.544185,2.49717,5.3939,0.61515151,-0.1229697,0.288293,-0.141598,0.57303,0.11236,0.31461,200,100,dp,35,178,10,1,random
2748,IR,5,"2026-07-15 03:40:56",26,0.557073,2.55028,5.303,0.62227272,-0.11276364,0.281853,-0.127483,0.56,0.12571,0.31429,200,100,dp,35,175,10,1,random
2749,IR,6,"2026-07-15 03:41:01",31.1,0.56577,2.58326,5.1515,0.63166666,-0.11347879,0.300343,-0.122852,0.54706,0.15294,0.3,200,100,dp,35,170,10,1,random
2750,IR,7,"2026-07-15 03:41:07",37.8,0.577509,2.63922,5.1212,0.64212121,-0.10723636,0.353806,-0.121698,0.53846,0.13018,0.33136,200,100,dp,35,169,10,1,random
2751,IR,8,"2026-07-15 03:41:14",44.5,0.58347,2.67717,5.0303,0.65484849,-0.11771818,0.316838,-0.126443,0.53012,0.13253,0.33735,200,100,dp,35,166,10,1,random
2752,IR,9,"2026-07-15 03:41:21",51.4,0.586645,2.69167,5.0303,0.67060606,-0.14077273,0.321969,-0.145093,0.51807,0.14458,0.33735,200,100,dp,35,166,10,1,random
2753,IR,10,"2026-07-15 03:41:28",58.4,0.5928,2.72131,5,0.66196969,-0.11420606,0.332267,-0.121161,0.50909,0.15152,0.33939,200,100,dp,35,165,10,1,random
2754,IR,11,"2026-07-15 03:41:35",65.4,0.599397,2.76924,5,0.67212121,-0.12200303,0.347818,-0.125319,0.49091,0.17576,0.33333,200,100,dp,35,165,10,1,random
2755,IR,12,"2026-07-15 03:41:42",72.4,0.605885,2.80152,5,0.68333333,-0.13055152,0.354233,-0.132762,0.46667,0.18788,0.34545,200,100,dp,35,165,10,1,random
2756,IR,13,"2026-07-15 03:41:49",79.4,0.612203,2.83736,4.9394,0.69333333,-0.12953636,0.333504,-0.136703,0.46626,0.17791,0.35583,200,100,dp,35,163,10,1,random
2757,IR,14,"2026-07-15 03:41:56",86.4,0.617036,2.85958,4.7879,0.69848485,-0.1328303,0.331224,-0.134847,0.44937,0.20886,0.34177,200,100,dp,35,158,10,1,random
2758,IR,15,"2026-07-15 03:42:03",93.4,0.623342,2.89706,4.7273,0.70151515,-0.12623636,0.389638,-0.129573,0.44872,0.17949,0.37179,200,100,dp,35,156,10,1,random
2759,IR,16,"2026-07-15 03:42:10",100.4,0.629921,2.94186,4.7273,0.70727273,-0.12425758,0.358571,-0.12744,0.44872,0.17949,0.37179,200,100,dp,35,156,10,1,random
2760,IR,17,"2026-07-15 03:42:17",107.4,0.63193,2.96855,4.7273,0.71787879,-0.1387697,0.365067,-0.136528,0.4359,0.19231,0.37179,200,100,dp,35,156,10,1,random
2761,IR,18,"2026-07-15 03:42:24",114.4,0.637367,3.01444,4.7273,0.71878788,-0.1306697,0.371066,-0.131269,0.4359,0.17949,0.38462,200,100,dp,35,156,10,1,random
2762,IR,19,"2026-07-15 03:42:31",121.4,0.641327,3.03815,4.7273,0.71378788,-0.11490606,0.364081,-0.115135,0.44231,0.17949,0.37821,200,100,dp,35,156,10,1,random
2763,IR,20,"2026-07-15 03:42:38",128.4,0.642224,3.04738,4.7273,0.71181819,-0.10892121,0.373708,-0.107711,0.4359,0.16026,0.40385,200,100,dp,35,156,10,1,random
2764,AGR,1,"2026-07-15 03:42:49",7.1,0.522612,2.44601,5.8485,0.47378788,0.08594242,0.289254,0.080717,0.60104,0.10363,0.29534,200,100,dp,35,193,10,1,random
2765,AGR,2,"2026-07-15 03:42:56",13.8,0.546024,2.59334,5.7879,0.49484848,0.0853303,0.276719,0.077881,0.58639,0.08377,0.32984,200,100,dp,35,191,10,1,random
2766,AGR,3,"2026-07-15 03:43:02",20.6,0.566427,2.73247,5.7576,0.52454545,0.06544849,0.255987,0.060367,0.56842,0.1,0.33158,200,100,dp,35,190,10,1,random
2767,AGR,4,"2026-07-15 03:43:09",27.4,0.586561,2.88063,5.6667,0.54,0.07695455,0.289421,0.066239,0.5508,0.09626,0.35294,200,100,dp,35,187,10,1,random
2768,AGR,5,"2026-07-15 03:43:16",34.2,0.606588,3.05017,5.6364,0.56318182,0.0687303,0.29786,0.058764,0.53763,0.10753,0.35484,200,100,dp,35,186,10,1,random
2769,AGR,6,"2026-07-15 03:43:23",41.2,0.620476,3.22737,5.6061,0.58212121,0.05509697,0.330872,0.053956,0.5027,0.14054,0.35676,200,100,dp,35,185,10,1,random
2770,AGR,7,"2026-07-15 03:43:32",50.1,0.634591,3.38938,5.6061,0.59060606,0.06458182,0.35755,0.060911,0.49189,0.15135,0.35676,200,100,dp,35,185,10,1,random
2771,AGR,8,"2026-07-15 03:43:41",59,0.652082,3.59738,5.6061,0.6080303,0.06787879,0.404066,0.057017,0.46486,0.17838,0.35676,200,100,dp,35,185,10,1,random
2772,AGR,9,"2026-07-15 03:43:50",68.2,0.664736,3.79525,5.5758,0.61833333,0.06237576,0.43481,0.06296,0.44565,0.17935,0.375,200,100,dp,35,184,10,1,random
2773,AGR,10,"2026-07-15 03:43:59",77.4,0.679858,3.95662,5.5758,0.62727273,0.0743,0.452374,0.068424,0.43478,0.21196,0.35326,200,100,dp,35,184,10,1,random
2774,AGR,11,"2026-07-15 03:44:09",86.8,0.693358,4.12902,5.5758,0.65030303,0.06132424,0.525194,0.054816,0.38587,0.28261,0.33152,200,100,dp,35,184,10,1,random
2775,AGR,12,"2026-07-15 03:44:18",95.8,0.703173,4.26848,5.5758,0.65636363,0.06455152,0.57126,0.061575,0.36957,0.29891,0.33152,200,100,dp,35,184,10,1,random
2776,AGR,13,"2026-07-15 03:44:27",104.9,0.715773,4.42256,5.5455,0.66742424,0.0692697,0.599601,0.061078,0.3388,0.32787,0.33333,200,100,dp,35,183,10,1,random
2777,AGR,14,"2026-07-15 03:44:36",113.8,0.726512,4.54492,5.5455,0.67439394,0.07079394,0.634577,0.066321,0.27322,0.42623,0.30055,200,100,dp,35,183,10,1,random
2778,AGR,15,"2026-07-15 03:44:44",122.7,0.736412,4.67283,5.5455,0.68560606,0.07143333,0.671959,0.063919,0.24044,0.48634,0.27322,200,100,dp,35,183,10,1,random
2779,AGR,16,"2026-07-15 03:44:53",131.6,0.745242,4.79618,5.5455,0.69772727,0.06695151,0.726994,0.059331,0.24044,0.51913,0.24044,200,100,dp,35,183,10,1,random
2780,AGR,17,"2026-07-15 03:45:03",140.9,0.75453,4.92398,5.5455,0.70454546,0.07036667,0.838879,0.061903,0.20219,0.57923,0.21858,200,100,dp,35,183,10,1,random
2781,AGR,18,"2026-07-15 03:45:12",150.1,0.761864,5.01692,5.5455,0.69924242,0.08387273,0.865981,0.07894,0.17486,0.64481,0.18033,200,100,dp,35,183,10,1,random
2782,AGR,19,"2026-07-15 03:45:21",159.3,0.766815,5.08644,5.5455,0.72439394,0.05656061,0.967772,0.053481,0.15847,0.69399,0.14754,200,100,dp,35,183,10,1,random
2783,AGR,20,"2026-07-15 03:45:30",168.5,0.771727,5.16276,5.5455,0.70681818,0.08847273,1.06518,0.08211,0.13115,0.73224,0.13661,200,100,dp,35,183,10,1,random
2784,RANDOM,1,"2026-07-15 03:45:39",4.7,0.504436,2.3397,5.8788,0.50787879,-0.01497576,0.261751,-0.006669,0.6134,0.12371,0.26289,200,100,dp,35,194,10,1,random
2785,RANDOM,2,"2026-07-15 03:45:43",8.9,0.503158,2.33458,5.6667,0.50363636,0.00409394,0.258881,0.002448,0.59358,0.13369,0.27273,200,100,dp,35,187,10,1,random
2786,RANDOM,3,"2026-07-15 03:45:47",13.1,0.501685,2.32895,5.5455,0.50424242,-0.00699394,0.25657,-0.001091,0.59563,0.14208,0.2623,200,100,dp,35,183,10,1,random
2787,RANDOM,4,"2026-07-15 03:45:51",17.2,0.498903,2.32959,5.4848,0.50212122,-0.01075455,0.28375,-0.001196,0.59669,0.13812,0.26519,200,100,dp,35,181,10,1,random
2788,RANDOM,5,"2026-07-15 03:45:56",21.4,0.498318,2.32709,5.3939,0.49833333,-0.00067273,0.286413,0.003114,0.60112,0.1236,0.27528,200,100,dp,35,178,10,1,random
2789,RANDOM,6,"2026-07-15 03:46:00",25.7,0.500697,2.3427,5.303,0.49727273,0.00218182,0.284758,0.007347,0.58857,0.10857,0.30286,200,100,dp,35,175,10,1,random
2790,RANDOM,7,"2026-07-15 03:46:06",31.6,0.5009,2.34763,5.2727,0.50424242,-0.00860909,0.250803,-0.003903,0.57471,0.13793,0.28736,200,100,dp,35,174,10,1,random
2791,RANDOM,8,"2026-07-15 03:46:11",37.4,0.500979,2.34863,5.2121,0.50363636,0,0.269981,-0.002635,0.56977,0.13953,0.2907,200,100,dp,35,172,10,1,random
2792,RANDOM,9,"2026-07-15 03:46:18",43.4,0.502691,2.35578,5.1818,0.50469697,-0.00266061,0.271606,-0.003104,0.5731,0.14035,0.28655,200,100,dp,35,171,10,1,random
2793,RANDOM,10,"2026-07-15 03:46:24",49.5,0.5032,2.36077,5.1212,0.49969697,0.00817576,0.285881,0.008864,0.57396,0.13018,0.29586,200,100,dp,35,169,10,1,random
2794,RANDOM,11,"2026-07-15 03:46:30",55.5,0.499364,2.34072,5,0.50439394,-0.00882121,0.276868,-0.003318,0.58182,0.12121,0.29697,200,100,dp,35,165,10,1,random
2795,RANDOM,12,"2026-07-15 03:46:36",61.7,0.502239,2.35189,4.9091,0.49878788,0.00563939,0.291337,0.007415,0.58025,0.12346,0.2963,200,100,dp,35,162,10,1,random
2796,RANDOM,13,"2026-07-15 03:46:42",67.8,0.504452,2.35698,4.9091,0.50075758,0.01138182,0.304099,0.008514,0.58025,0.12346,0.2963,200,100,dp,35,162,10,1,random
2797,RANDOM,14,"2026-07-15 03:46:48",73.9,0.502761,2.34572,4.8485,0.51287878,-0.0213,0.299039,-0.015251,0.56875,0.13125,0.3,200,100,dp,35,160,10,1,random
2798,RANDOM,15,"2026-07-15 03:46:54",80,0.506067,2.34699,4.8182,0.51590909,-0.01593333,0.30134,-0.018725,0.57862,0.10692,0.31447,200,100,dp,35,159,10,1,random
2799,RANDOM,16,"2026-07-15 03:47:00",86.3,0.506091,2.34211,4.7879,0.50560606,-0.00776061,0.27963,0.004724,0.58228,0.10127,0.31646,200,100,dp,35,158,10,1,random
2800,RANDOM,17,"2026-07-15 03:47:07",92.5,0.506197,2.34854,4.7273,0.50787878,0.00593636,0.283379,-0.000604,0.58333,0.11538,0.30128,200,100,dp,35,156,10,1,random
2801,RANDOM,18,"2026-07-15 03:47:13",98.6,0.508767,2.36726,4.7273,0.50893939,0.00109394,0.331765,-0.000017,0.55769,0.13462,0.30769,200,100,dp,35,156,10,1,random
2802,RANDOM,19,"2026-07-15 03:47:19",104.8,0.506461,2.34484,4.6667,0.50984848,-0.01004242,0.321593,-0.000757,0.55844,0.12987,0.31169,200,100,dp,35,154,10,1,random
2803,RANDOM,20,"2026-07-15 03:47:25",110.9,0.508506,2.34719,4.6364,0.51363636,-0.01136364,0.323553,-0.009549,0.56209,0.13725,0.30065,200,100,dp,35,153,10,1,random
2804,OI,1,"2026-07-15 03:47:40",4.7,0.53677,2.49307,5.8485,0.54212121,-0.01175758,0.289289,-0.034005,0.58031,0.10881,0.31088,200,100,dp,36,193,10,1,random
2805,OI,2,"2026-07-15 03:47:44",9,0.567467,2.68388,5.7576,0.5619697,0.01269091,0.285825,-0.014315,0.56316,0.11579,0.32105,200,100,dp,36,190,10,1,random
2806,OI,3,"2026-07-15 03:47:49",13.4,0.593018,2.86027,5.6364,0.60287879,-0.01606667,0.319064,-0.034918,0.52151,0.17204,0.30645,200,100,dp,36,186,10,1,random
2807,OI,4,"2026-07-15 03:47:53",17.8,0.619815,3.05317,5.6364,0.62409091,-0.00663636,0.405854,-0.0255,0.51075,0.14516,0.34409,200,100,dp,36,186,10,1,random
2808,OI,5,"2026-07-15 03:47:57",22.2,0.640364,3.24684,5.4545,0.6380303,0.00939091,0.371179,-0.0101,0.46667,0.23889,0.29444,200,100,dp,36,180,10,1,random
2809,OI,6,"2026-07-15 03:48:02",26.6,0.661603,3.45442,5.4545,0.67530303,-0.01969091,0.531244,-0.034714,0.45556,0.20556,0.33889,200,100,dp,36,180,10,1,random
2810,OI,7,"2026-07-15 03:48:08",32.6,0.681179,3.67071,5.4242,0.69363637,-0.02128182,0.500508,-0.030453,0.40782,0.30726,0.28492,200,100,dp,36,179,10,1,random
2811,OI,8,"2026-07-15 03:48:14",38.6,0.699188,3.87992,5.4242,0.70015152,-0.00465758,0.641494,-0.012528,0.39665,0.2905,0.31285,200,100,dp,36,179,10,1,random
2812,OI,9,"2026-07-15 03:48:20",44.9,0.713573,4.0863,5.4242,0.71954546,-0.00564545,0.660975,-0.016677,0.36313,0.3352,0.30168,200,100,dp,36,179,10,1,random
2813,OI,10,"2026-07-15 03:48:26",51.2,0.726876,4.27906,5.4242,0.72393939,0.00576667,0.733012,-0.002905,0.30726,0.38547,0.30726,200,100,dp,36,179,10,1,random
2814,OI,11,"2026-07-15 03:48:33",57.4,0.738633,4.44168,5.4242,0.74030303,-0.00287273,0.706571,-0.008402,0.27933,0.48045,0.24022,200,100,dp,36,179,10,1,random
2815,OI,12,"2026-07-15 03:48:39",63.7,0.750727,4.62593,5.4242,0.74924242,0.00097879,0.920034,-0.003612,0.23464,0.53631,0.22905,200,100,dp,36,179,10,1,random
2816,OI,13,"2026-07-15 03:48:45",70,0.759318,4.77029,5.4242,0.76606061,-0.0108,0.9375,-0.012812,0.2067,0.58659,0.2067,200,100,dp,36,179,10,1,random
2817,OI,14,"2026-07-15 03:48:51",76.1,0.76773,4.92859,5.4242,0.7719697,-0.00767576,1.01989,-0.009292,0.14525,0.68715,0.1676,200,100,dp,36,179,10,1,random
2818,OI,15,"2026-07-15 03:48:58",82.4,0.772521,5.0169,5.4242,0.76318182,0.01204242,1.04704,0.010913,0.12849,0.74302,0.12849,200,100,dp,36,179,10,1,random
2819,OI,16,"2026-07-15 03:49:04",88.6,0.777715,5.11466,5.4242,0.7939394,-0.01873636,1.22257,-0.022592,0.11732,0.76536,0.11732,200,100,dp,36,179,10,1,random
2820,OI,17,"2026-07-15 03:49:10",94.8,0.781649,5.18246,5.4242,0.78333333,-0.00121818,1.28085,-0.003138,0.07821,0.82682,0.09497,200,100,dp,36,179,10,1,random
2821,OI,18,"2026-07-15 03:49:16",101.1,0.783891,5.22483,5.4242,0.79212122,-0.00980303,1.34743,-0.010378,0.0838,0.85475,0.06145,200,100,dp,36,179,10,1,random
2822,OI,19,"2026-07-15 03:49:23",107.3,0.785733,5.2573,5.4242,0.79,-0.00518485,1.879,-0.004939,0.05028,0.89944,0.05028,200,100,dp,36,179,10,1,random
2823,OI,20,"2026-07-15 03:49:29",113.7,0.787633,5.2907,5.4242,0.79469697,-0.00807273,1.67639,-0.008812,0.02793,0.93855,0.03352,200,100,dp,36,179,10,1,random
2824,IR,1,"2026-07-15 03:49:35",4.7,0.516352,2.36533,5.7576,0.585,-0.1193303,0.24708,-0.140161,0.62632,0.09474,0.27895,200,100,dp,36,190,10,1,random
2825,IR,2,"2026-07-15 03:49:39",9,0.526452,2.40925,5.5152,0.58757576,-0.1072697,0.276938,-0.124258,0.6044,0.10989,0.28571,200,100,dp,36,182,10,1,random
2826,IR,3,"2026-07-15 03:49:43",13.3,0.53917,2.46785,5.3939,0.60484849,-0.11283636,0.300775,-0.13342,0.59551,0.10112,0.30337,200,100,dp,36,178,10,1,random
2827,IR,4,"2026-07-15 03:49:47",17.5,0.548624,2.5074,5.3636,0.61393939,-0.11391515,0.287199,-0.126198,0.59887,0.08475,0.31638,200,100,dp,36,177,10,1,random
2828,IR,5,"2026-07-15 03:49:52",21.8,0.559976,2.55751,5.2121,0.63060606,-0.12103031,0.285433,-0.13517,0.57558,0.08721,0.33721,200,100,dp,36,172,10,1,random
2829,IR,6,"2026-07-15 03:49:56",26.3,0.566118,2.57661,5.1818,0.63318182,-0.11448485,0.263642,-0.122649,0.56725,0.10526,0.32749,200,100,dp,36,171,10,1,random
2830,IR,7,"2026-07-15 03:50:03",32.7,0.575106,2.62297,5.1818,0.64469697,-0.1182697,0.298042,-0.1287,0.5614,0.09942,0.33918,200,100,dp,36,171,10,1,random
2831,IR,8,"2026-07-15 03:50:09",39.5,0.58523,2.6861,5.0606,0.65181818,-0.10879394,0.292025,-0.121756,0.5509,0.12575,0.32335,200,100,dp,36,167,10,1,random
2832,IR,9,"2026-07-15 03:50:16",45.9,0.591188,2.736,5.0606,0.6660606,-0.12360303,0.346994,-0.130404,0.53293,0.14371,0.32335,200,100,dp,36,167,10,1,random
2833,IR,10,"2026-07-15 03:50:22",52.2,0.602318,2.79219,5,0.67015152,-0.10777576,0.365802,-0.121417,0.51515,0.16364,0.32121,200,100,dp,36,165,10,1,random
2834,IR,11,"2026-07-15 03:50:28",58.5,0.609221,2.83096,5,0.66863637,-0.0942303,0.383545,-0.101693,0.53333,0.13333,0.33333,200,100,dp,36,165,10,1,random
2835,IR,12,"2026-07-15 03:50:35",64.8,0.614897,2.87572,4.9697,0.68348485,-0.11204848,0.379037,-0.1154,0.5061,0.16463,0.32927,200,100,dp,36,164,10,1,random
2836,IR,13,"2026-07-15 03:50:41",71,0.625894,2.93304,4.9697,0.70181818,-0.12237576,0.404553,-0.129453,0.5122,0.16463,0.32317,200,100,dp,36,164,10,1,random
2837,IR,14,"2026-07-15 03:50:47",77.1,0.636197,2.9894,4.9697,0.70969696,-0.11657576,0.455406,-0.12278,0.5061,0.17073,0.32317,200,100,dp,36,164,10,1,random
2838,IR,15,"2026-07-15 03:50:53",83.4,0.643261,3.03201,4.9091,0.72393939,-0.12671515,0.450219,-0.13013,0.50617,0.14815,0.34568,200,100,dp,36,162,10,1,random
2839,IR,16,"2026-07-15 03:51:00",89.7,0.647255,3.07199,4.9091,0.71484849,-0.10517879,0.437245,-0.106522,0.5,0.16667,0.33333,200,100,dp,36,162,10,1,random
2840,IR,17,"2026-07-15 03:51:06",96,0.653667,3.10699,4.9091,0.72712122,-0.11284849,0.47332,-0.116398,0.48148,0.18519,0.33333,200,100,dp,36,162,10,1,random
2841,IR,18,"2026-07-15 03:51:12",102.1,0.658445,3.15042,4.8788,0.73909091,-0.12322121,0.479985,-0.124837,0.48447,0.18012,0.3354,200,100,dp,36,161,10,1,random
2842,IR,19,"2026-07-15 03:51:18",108.4,0.666536,3.20984,4.8788,0.74151515,-0.11302121,0.493569,-0.118021,0.46584,0.19255,0.34161,200,100,dp,36,161,10,1,random
2843,IR,20,"2026-07-15 03:51:25",114.7,0.670561,3.22673,4.8788,0.74575757,-0.11451515,0.477748,-0.113993,0.45342,0.20497,0.34161,200,100,dp,36,161,10,1,random
2844,AGR,1,"2026-07-15 03:51:33",7,0.529706,2.4581,5.8485,0.48409091,0.07706061,0.270974,0.07085,0.59585,0.10363,0.30052,200,100,dp,36,193,10,1,random
2845,AGR,2,"2026-07-15 03:51:39",13.7,0.550797,2.59922,5.7273,0.50272727,0.0831697,0.27428,0.07268,0.57143,0.12169,0.30688,200,100,dp,36,189,10,1,random
2846,AGR,3,"2026-07-15 03:51:46",20.5,0.575918,2.77482,5.7273,0.53636363,0.0660303,0.309747,0.051728,0.56085,0.12169,0.31746,200,100,dp,36,189,10,1,random
2847,AGR,4,"2026-07-15 03:51:53",27.4,0.5984,2.95573,5.697,0.55272727,0.07286061,0.336542,0.062254,0.54255,0.13298,0.32447,200,100,dp,36,188,10,1,random
2848,AGR,5,"2026-07-15 03:52:00",34.4,0.615473,3.09462,5.697,0.56984849,0.06771818,0.361908,0.063773,0.53723,0.12766,0.33511,200,100,dp,36,188,10,1,random
2849,AGR,6,"2026-07-15 03:52:07",41.5,0.631436,3.24662,5.6667,0.57787879,0.08986061,0.370047,0.075541,0.49733,0.17647,0.3262,200,100,dp,36,187,10,1,random
2850,AGR,7,"2026-07-15 03:52:16",50.1,0.64843,3.39479,5.6364,0.6080303,0.06188182,0.418299,0.052206,0.48925,0.16667,0.34409,200,100,dp,36,186,10,1,random
2851,AGR,8,"2026-07-15 03:52:25",59,0.665297,3.56918,5.6061,0.62712121,0.05356667,0.447142,0.047685,0.45946,0.18919,0.35135,200,100,dp,36,185,10,1,random
2852,AGR,9,"2026-07-15 03:52:34",67.8,0.67977,3.7511,5.6061,0.62833334,0.0795,0.476921,0.06742,0.43243,0.22162,0.34595,200,100,dp,36,185,10,1,random
2853,AGR,10,"2026-07-15 03:52:42",76.7,0.693585,3.91023,5.6061,0.65439394,0.05740909,0.515595,0.048844,0.41622,0.24865,0.33514,200,100,dp,36,185,10,1,random
2854,AGR,11,"2026-07-15 03:52:51",85.7,0.706703,4.0828,5.5758,0.65621212,0.07203333,0.570624,0.064992,0.3913,0.2663,0.34239,200,100,dp,36,184,10,1,random
2855,AGR,12,"2026-07-15 03:53:00",94.7,0.720712,4.25766,5.5758,0.66712121,0.07675758,0.596951,0.067266,0.36413,0.32065,0.31522,200,100,dp,36,184,10,1,random
2856,AGR,13,"2026-07-15 03:53:09",103.7,0.731733,4.40104,5.5758,0.68651515,0.06375152,0.670595,0.056011,0.33152,0.38043,0.28804,200,100,dp,36,184,10,1,random
2857,AGR,14,"2026-07-15 03:53:19",112.8,0.743185,4.5737,5.5758,0.69848485,0.06349091,0.748281,0.054698,0.30435,0.44022,0.25543,200,100,dp,36,184,10,1,random
2858,AGR,15,"2026-07-15 03:53:28",121.8,0.754585,4.75668,5.5758,0.71151515,0.05845455,0.860722,0.051429,0.25543,0.53804,0.20652,200,100,dp,36,184,10,1,random
2859,AGR,16,"2026-07-15 03:53:37",130.8,0.762251,4.87459,5.5758,0.71393939,0.06557273,0.952535,0.06012,0.2337,0.54891,0.21739,200,100,dp,36,184,10,1,random
2860,AGR,17,"2026-07-15 03:53:46",139.9,0.769482,4.99465,5.5758,0.71439394,0.07321515,0.951812,0.068518,0.21196,0.60326,0.18478,200,100,dp,36,184,10,1,random
2861,AGR,18,"2026-07-15 03:53:55",149,0.774612,5.08548,5.5455,0.72151515,0.07078485,1.04022,0.066627,0.16393,0.69399,0.14208,200,100,dp,36,183,10,1,random
2862,AGR,19,"2026-07-15 03:54:04",157.9,0.780191,5.17739,5.5455,0.7330303,0.06313939,1.17771,0.05826,0.13661,0.73224,0.13115,200,100,dp,36,183,10,1,random
2863,AGR,20,"2026-07-15 03:54:13",167.1,0.784555,5.23698,5.5455,0.73060606,0.07035758,1.20557,0.067185,0.12022,0.77049,0.10929,200,100,dp,36,183,10,1,random
2864,RANDOM,1,"2026-07-15 03:54:21",4.5,0.504088,2.32431,5.7879,0.51272727,-0.01860909,0.235344,-0.012625,0.62304,0.10471,0.27225,200,100,dp,36,191,10,1,random
2865,RANDOM,2,"2026-07-15 03:54:25",8.7,0.497339,2.29127,5.6364,0.50363637,-0.01528485,0.247515,-0.002887,0.62903,0.0914,0.27957,200,100,dp,36,186,10,1,random
2866,RANDOM,3,"2026-07-15 03:54:29",12.7,0.496933,2.28873,5.4848,0.48666667,0.02186061,0.251986,0.024059,0.61878,0.09392,0.28729,200,100,dp,36,181,10,1,random
2867,RANDOM,4,"2026-07-15 03:54:33",16.8,0.496621,2.282,5.3636,0.49969697,-0.01061515,0.251011,-0.001766,0.62147,0.09605,0.28249,200,100,dp,36,177,10,1,random
2868,RANDOM,5,"2026-07-15 03:54:37",20.9,0.494582,2.2759,5.2727,0.48939394,0.00377879,0.268705,0.015661,0.62069,0.09195,0.28736,200,100,dp,36,174,10,1,random
2869,RANDOM,6,"2026-07-15 03:54:41",25.1,0.494261,2.2793,5.0909,0.48681818,0.01739697,0.270948,0.017674,0.60714,0.09524,0.29762,200,100,dp,36,168,10,1,random
2870,RANDOM,7,"2026-07-15 03:54:47",31,0.496255,2.2945,5,0.49560606,0.00240909,0.274488,0.002172,0.61818,0.09091,0.29091,200,100,dp,36,165,10,1,random
2871,RANDOM,8,"2026-07-15 03:54:53",36.6,0.495824,2.2848,4.9697,0.49787879,-0.0056,0.289516,-0.000698,0.60976,0.09146,0.29878,200,100,dp,36,164,10,1,random
2872,RANDOM,9,"2026-07-15 03:54:59",42.6,0.493403,2.27647,4.9091,0.49242424,0.00019697,0.278017,0.007711,0.59877,0.09877,0.30247,200,100,dp,36,162,10,1,random
2873,RANDOM,10,"2026-07-15 03:55:05",48.7,0.488258,2.26124,4.8485,0.49287879,-0.00708182,0.271235,-0.001087,0.6,0.1,0.3,200,100,dp,36,160,10,1,random
2874,RANDOM,11,"2026-07-15 03:55:11",54.6,0.488806,2.26846,4.7879,0.49151515,-0.00238788,0.28122,-0.003553,0.60127,0.10127,0.29747,200,100,dp,36,158,10,1,random
2875,RANDOM,12,"2026-07-15 03:55:17",60.7,0.492639,2.2792,4.7273,0.48939394,0.0046303,0.300106,0.00545,0.59615,0.09615,0.30769,200,100,dp,36,156,10,1,random
2876,RANDOM,13,"2026-07-15 03:55:23",66.9,0.493191,2.29252,4.697,0.49318182,-0.00008182,0.28781,0.003028,0.5871,0.09677,0.31613,200,100,dp,36,155,10,1,random
2877,RANDOM,14,"2026-07-15 03:55:29",72.9,0.490673,2.27668,4.6667,0.49030303,-0.00094848,0.276415,0.006855,0.59091,0.1039,0.30519,200,100,dp,36,154,10,1,random
2878,RANDOM,15,"2026-07-15 03:55:35",78.9,0.492233,2.27247,4.6667,0.49833333,-0.01121212,0.295712,-0.01061,0.59091,0.0974,0.31169,200,100,dp,36,154,10,1,random
2879,RANDOM,16,"2026-07-15 03:55:41",85,0.494555,2.27782,4.6364,0.49257576,0.00348182,0.287228,0.004404,0.5817,0.11111,0.30719,200,100,dp,36,153,10,1,random
2880,RANDOM,17,"2026-07-15 03:55:47",91.1,0.494548,2.2814,4.6061,0.49181818,0.00641515,0.300704,0.007663,0.58553,0.11184,0.30263,200,100,dp,36,152,10,1,random
2881,RANDOM,18,"2026-07-15 03:55:53",97.3,0.494824,2.29197,4.5758,0.4869697,0.0185697,0.312451,0.018981,0.56291,0.12583,0.31126,200,100,dp,36,151,10,1,random
2882,RANDOM,19,"2026-07-15 03:56:00",103.3,0.491848,2.26896,4.4848,0.4930303,0.00054242,0.289246,0.003629,0.57432,0.11486,0.31081,200,100,dp,36,148,10,1,random
2883,RANDOM,20,"2026-07-15 03:56:06",109.4,0.488821,2.25667,4.4545,0.48015152,0.01449697,0.297737,0.023597,0.57143,0.10884,0.31973,200,100,dp,36,147,10,1,random
2884,OI,1,"2026-07-15 03:59:46",4.6,0.538833,2.4869,5.9091,0.54712121,-0.01174242,0.293833,-0.041143,0.59487,0.09744,0.30769,200,100,dp,37,195,10,1,random
2885,OI,2,"2026-07-15 03:59:51",8.8,0.565864,2.64148,5.8788,0.56181818,0.01226061,0.282987,-0.012927,0.57216,0.10825,0.31959,200,100,dp,37,194,10,1,random
2886,OI,3,"2026-07-15 03:59:55",13,0.594006,2.82458,5.8485,0.59727273,-0.01172727,0.307089,-0.026382,0.55959,0.10881,0.33161,200,100,dp,37,193,10,1,random
2887,OI,4,"2026-07-15 03:59:59",17.3,0.621064,3.01248,5.8182,0.61742424,0.0047303,0.341475,-0.012748,0.51563,0.15625,0.32813,200,100,dp,37,192,10,1,random
2888,OI,5,"2026-07-15 04:00:04",22.3,0.645258,3.21589,5.8182,0.64742424,-0.00431212,0.383734,-0.019337,0.47917,0.18229,0.33854,200,100,dp,37,192,10,1,random
2889,OI,6,"2026-07-15 04:00:09",27.2,0.666942,3.43477,5.7879,0.66954545,-0.00155455,0.407828,-0.017805,0.46597,0.19372,0.34031,200,100,dp,37,191,10,1,random
2890,OI,7,"2026-07-15 04:00:15",33.5,0.690082,3.69927,5.7879,0.68590909,0.00480909,0.463178,-0.007706,0.43455,0.1623,0.40314,200,100,dp,37,191,10,1,random
2891,OI,8,"2026-07-15 04:00:21",39.6,0.706124,3.86384,5.7879,0.70787879,-0.00189091,0.396659,-0.011666,0.40314,0.2356,0.36126,200,100,dp,37,191,10,1,random
2892,OI,9,"2026-07-15 04:00:28",45.8,0.720876,4.03532,5.7576,0.7260606,-0.00928485,0.479577,-0.015708,0.37895,0.27895,0.34211,200,100,dp,37,190,10,1,random
2893,OI,10,"2026-07-15 04:00:34",52.1,0.736424,4.24301,5.7576,0.73727273,-0.00315455,0.561671,-0.009688,0.34211,0.32632,0.33158,200,100,dp,37,190,10,1,random
2894,OI,11,"2026-07-15 04:00:40",58.3,0.749249,4.43981,5.7576,0.75787879,-0.01110606,0.624106,-0.018319,0.33158,0.35789,0.31053,200,100,dp,37,190,10,1,random
2895,OI,12,"2026-07-15 04:00:46",64.6,0.761736,4.63932,5.7576,0.75984849,0.00205758,0.731083,-0.003815,0.27895,0.46316,0.25789,200,100,dp,37,190,10,1,random
2896,OI,13,"2026-07-15 04:00:53",70.9,0.77303,4.86316,5.7576,0.77530303,-0.00313333,0.84017,-0.008462,0.25263,0.53158,0.21579,200,100,dp,37,190,10,1,random
2897,OI,14,"2026-07-15 04:00:59",77.2,0.7817,5.04749,5.7576,0.78924243,-0.01032727,0.991675,-0.013714,0.2,0.6,0.2,200,100,dp,37,190,10,1,random
2898,OI,15,"2026-07-15 04:01:05",83.4,0.789006,5.21696,5.7576,0.79530303,-0.00937273,1.04922,-0.010847,0.17368,0.67368,0.15263,200,100,dp,37,190,10,1,random
2899,OI,16,"2026-07-15 04:01:11",89.6,0.793921,5.36716,5.7576,0.80015151,-0.00796667,1.24119,-0.009143,0.15789,0.72632,0.11579,200,100,dp,37,190,10,1,random
2900,OI,17,"2026-07-15 04:01:18",95.8,0.798321,5.48975,5.7576,0.79242424,0.00658788,1.58993,0.006411,0.08421,0.84737,0.06842,200,100,dp,37,190,10,1,random
2901,OI,18,"2026-07-15 04:01:24",102.2,0.80017,5.53457,5.7576,0.80181818,-0.00340909,1.60237,-0.001685,0.1,0.84211,0.05789,200,100,dp,37,190,10,1,random
2902,OI,19,"2026-07-15 04:01:30",108.5,0.801597,5.57435,5.7576,0.80121213,0.00054545,2.16949,0.001072,0.07368,0.85789,0.06842,200,100,dp,37,190,10,1,random
2903,OI,20,"2026-07-15 04:01:37",114.8,0.803645,5.61659,5.7576,0.79727273,0.00961515,1.6943,0.008415,0.05263,0.9,0.04737,200,100,dp,37,190,10,1,random
2904,IR,1,"2026-07-15 04:01:45",4.8,0.518379,2.36519,5.7879,0.57969697,-0.11074545,0.252622,-0.126739,0.60209,0.10471,0.29319,200,100,dp,37,191,10,1,random
2905,IR,2,"2026-07-15 04:01:50",9.2,0.528536,2.41358,5.6667,0.59030303,-0.11165758,0.242106,-0.124767,0.59893,0.10695,0.29412,200,100,dp,37,187,10,1,random
2906,IR,3,"2026-07-15 04:01:54",13.6,0.541173,2.46121,5.5152,0.60772727,-0.11594242,0.267049,-0.133739,0.58791,0.10989,0.3022,200,100,dp,37,182,10,1,random
2907,IR,4,"2026-07-15 04:01:59",18.1,0.551167,2.51791,5.4848,0.6180303,-0.1131,0.283246,-0.129871,0.58564,0.1105,0.30387,200,100,dp,37,181,10,1,random
2908,IR,5,"2026-07-15 04:02:03",22.7,0.566106,2.59309,5.3939,0.63151515,-0.1103303,0.29887,-0.128535,0.57865,0.08989,0.33146,200,100,dp,37,178,10,1,random
2909,IR,6,"2026-07-15 04:02:08",27.3,0.573355,2.62831,5.2727,0.64454546,-0.12145152,0.27698,-0.129748,0.56897,0.10345,0.32759,200,100,dp,37,174,10,1,random
2910,IR,7,"2026-07-15 04:02:14",33.4,0.582973,2.67638,5.2424,0.65348485,-0.11835152,0.303933,-0.128591,0.56069,0.09827,0.34104,200,100,dp,37,173,10,1,random
2911,IR,8,"2026-07-15 04:02:20",39.5,0.588397,2.69857,5.1515,0.66287879,-0.12672121,0.290344,-0.129783,0.54706,0.10588,0.34706,200,100,dp,37,170,10,1,random
2912,IR,9,"2026-07-15 04:02:26",45.9,0.594239,2.72021,5.0909,0.66939394,-0.12815152,0.308637,-0.130552,0.54167,0.125,0.33333,200,100,dp,37,168,10,1,random
2913,IR,10,"2026-07-15 04:02:33",52.2,0.603142,2.76864,5.0606,0.68242424,-0.13171515,0.350276,-0.138074,0.54491,0.10778,0.34731,200,100,dp,37,167,10,1,random
2914,IR,11,"2026-07-15 04:02:39",58.6,0.609258,2.82525,5.0606,0.6880303,-0.12918182,0.357685,-0.13271,0.53293,0.11377,0.35329,200,100,dp,37,167,10,1,random
2915,IR,12,"2026-07-15 04:02:45",65,0.614973,2.85182,5.0303,0.69151515,-0.12515454,0.34125,-0.128476,0.53012,0.12048,0.3494,200,100,dp,37,166,10,1,random
2916,IR,13,"2026-07-15 04:02:52",71.3,0.621921,2.89837,5.0303,0.69924243,-0.12754242,0.370797,-0.12908,0.53012,0.13253,0.33735,200,100,dp,37,166,10,1,random
2917,IR,14,"2026-07-15 04:02:58",77.6,0.626652,2.9319,5.0303,0.70272727,-0.1228303,0.398323,-0.124018,0.51807,0.13253,0.3494,200,100,dp,37,166,10,1,random
2918,IR,15,"2026-07-15 04:03:04",84,0.632303,2.97268,5,0.70530303,-0.11791212,0.382368,-0.119044,0.51515,0.13939,0.34545,200,100,dp,37,165,10,1,random
2919,IR,16,"2026-07-15 04:03:11",90.4,0.634724,2.99282,5,0.71060606,-0.12202121,0.393549,-0.120278,0.50303,0.12727,0.3697,200,100,dp,37,165,10,1,random
2920,IR,17,"2026-07-15 04:03:17",96.9,0.640697,3.03864,5,0.72075757,-0.12735455,0.365583,-0.129096,0.49091,0.11515,0.39394,200,100,dp,37,165,10,1,random
2921,IR,18,"2026-07-15 04:03:24",103.4,0.646549,3.09032,5,0.72409091,-0.12044242,0.336149,-0.123706,0.47879,0.14545,0.37576,200,100,dp,37,165,10,1,random
2922,IR,19,"2026-07-15 04:03:30",109.9,0.649542,3.1093,4.9394,0.72636364,-0.1171303,0.360658,-0.119623,0.48466,0.15337,0.36196,200,100,dp,37,163,10,1,random
2923,IR,20,"2026-07-15 04:03:37",116.4,0.652882,3.11194,4.9394,0.72181818,-0.10836667,0.401434,-0.107487,0.47239,0.15951,0.3681,200,100,dp,37,163,10,1,random
2924,AGR,1,"2026-07-15 04:03:45",7,0.533082,2.46235,5.7879,0.48439394,0.08239091,0.27691,0.074658,0.60209,0.09948,0.29843,200,100,dp,37,191,10,1,random
2925,AGR,2,"2026-07-15 04:03:52",13.6,0.552288,2.58826,5.6667,0.50636364,0.08270909,0.28076,0.071265,0.56684,0.12299,0.31016,200,100,dp,37,187,10,1,random
2926,AGR,3,"2026-07-15 04:03:59",20.6,0.570927,2.70612,5.6061,0.52060606,0.08162424,0.296935,0.077326,0.56216,0.12432,0.31351,200,100,dp,37,185,10,1,random
2927,AGR,4,"2026-07-15 04:04:06",27.5,0.5926,2.84731,5.6061,0.54787879,0.06861818,0.336688,0.061512,0.54595,0.12973,0.32432,200,100,dp,37,185,10,1,random
2928,AGR,5,"2026-07-15 04:04:13",34.3,0.611688,3.02289,5.5758,0.56878788,0.07312424,0.352248,0.0582,0.52174,0.15217,0.32609,200,100,dp,37,184,10,1,random
2929,AGR,6,"2026-07-15 04:04:20",41.1,0.630188,3.19567,5.5758,0.59121212,0.05789394,0.383838,0.050947,0.5163,0.11957,0.36413,200,100,dp,37,184,10,1,random
2930,AGR,7,"2026-07-15 04:04:28",49.6,0.647809,3.38302,5.5758,0.60954545,0.06284848,0.362145,0.048678,0.5,0.1413,0.3587,200,100,dp,37,184,10,1,random
2931,AGR,8,"2026-07-15 04:04:37",58.1,0.664997,3.57686,5.5758,0.62348484,0.05963939,0.40939,0.05238,0.4837,0.13587,0.38043,200,100,dp,37,184,10,1,random
2932,AGR,9,"2026-07-15 04:04:45",66.9,0.680464,3.76065,5.5758,0.62590909,0.07889394,0.412853,0.071848,0.46196,0.15761,0.38043,200,100,dp,37,184,10,1,random
2933,AGR,10,"2026-07-15 04:04:54",75.6,0.694767,3.94499,5.5455,0.63515152,0.09173333,0.431018,0.078421,0.43169,0.18579,0.38251,200,100,dp,37,183,10,1,random
2934,AGR,11,"2026-07-15 04:05:03",84.3,0.706658,4.11971,5.5455,0.66545454,0.05881212,0.479768,0.05223,0.40437,0.21858,0.37705,200,100,dp,37,183,10,1,random
2935,AGR,12,"2026-07-15 04:05:12",93.3,0.718409,4.25903,5.5455,0.65909091,0.08537576,0.515205,0.076747,0.38798,0.23497,0.37705,200,100,dp,37,183,10,1,random
2936,AGR,13,"2026-07-15 04:05:21",102.1,0.729282,4.42287,5.5455,0.6880303,0.05624848,0.567074,0.051357,0.34973,0.29508,0.35519,200,100,dp,37,183,10,1,random
2937,AGR,14,"2026-07-15 04:05:29",111,0.737885,4.56176,5.5455,0.69060606,0.06640303,0.618323,0.059593,0.31694,0.36066,0.3224,200,100,dp,37,183,10,1,random
2938,AGR,15,"2026-07-15 04:05:38",119.8,0.745852,4.70935,5.5455,0.69409091,0.07439394,0.758022,0.065871,0.28962,0.43169,0.27869,200,100,dp,37,183,10,1,random
2939,AGR,16,"2026-07-15 04:05:47",128.7,0.754485,4.82774,5.5455,0.70954545,0.06211515,0.840702,0.055639,0.2623,0.47541,0.2623,200,100,dp,37,183,10,1,random
2940,AGR,17,"2026-07-15 04:05:56",137.6,0.760948,4.951,5.5455,0.71181818,0.06991515,0.888891,0.061604,0.24044,0.53552,0.22404,200,100,dp,37,183,10,1,random
2941,AGR,18,"2026-07-15 04:06:05",146.5,0.765945,5.0589,5.5455,0.70651515,0.08038788,0.999917,0.07572,0.17486,0.6612,0.16393,200,100,dp,37,183,10,1,random
2942,AGR,19,"2026-07-15 04:06:14",155.4,0.770342,5.14093,5.5455,0.72227273,0.06781515,1.09823,0.060687,0.14754,0.70492,0.14754,200,100,dp,37,183,10,1,random
2943,AGR,20,"2026-07-15 04:06:23",164.3,0.773997,5.20229,5.5455,0.72136363,0.07064545,1.1758,0.066832,0.09836,0.77049,0.13115,200,100,dp,37,183,10,1,random
2944,RANDOM,1,"2026-07-15 04:06:31",4.9,0.507827,2.31193,5.6364,0.50469697,0.00193939,0.23975,0.009396,0.60215,0.11828,0.27957,200,100,dp,37,186,10,1,random
2945,RANDOM,2,"2026-07-15 04:06:36",9.5,0.510979,2.31909,5.5758,0.51484849,-0.00898788,0.254651,-0.007916,0.59783,0.10326,0.29891,200,100,dp,37,184,10,1,random
2946,RANDOM,3,"2026-07-15 04:06:40",14,0.507494,2.30378,5.303,0.50848484,-0.00870606,0.23165,0.004703,0.59429,0.09714,0.30857,200,100,dp,37,175,10,1,random
2947,RANDOM,4,"2026-07-15 04:06:45",18.4,0.506888,2.306,5.2121,0.50878788,-0.00741818,0.237806,0.000847,0.58721,0.12209,0.2907,200,100,dp,37,172,10,1,random
2948,RANDOM,5,"2026-07-15 04:06:49",23,0.513458,2.32628,5.0303,0.50878788,0.0071,0.278793,0.005641,0.57229,0.12651,0.3012,200,100,dp,37,166,10,1,random
2949,RANDOM,6,"2026-07-15 04:06:54",27.7,0.510685,2.30893,4.9091,0.50651515,0.01016061,0.270805,0.01426,0.54938,0.15432,0.2963,200,100,dp,37,162,10,1,random
2950,RANDOM,7,"2026-07-15 04:07:00",33.9,0.512736,2.32746,4.8182,0.5160606,0.00159697,0.287525,-0.005441,0.55346,0.13836,0.30818,200,100,dp,37,159,10,1,random
2951,RANDOM,8,"2026-07-15 04:07:06",40.1,0.512682,2.32519,4.7576,0.51742424,-0.00609697,0.281422,-0.006441,0.54777,0.15287,0.29936,200,100,dp,37,157,10,1,random
2952,RANDOM,9,"2026-07-15 04:07:13",46.6,0.50877,2.31011,4.697,0.51257575,-0.01044242,0.292093,-0.000654,0.54194,0.15484,0.30323,200,100,dp,37,155,10,1,random
2953,RANDOM,10,"2026-07-15 04:07:19",53,0.509912,2.31934,4.6061,0.50848485,0.0032303,0.296596,0.004503,0.53289,0.15789,0.30921,200,100,dp,37,152,10,1,random
2954,RANDOM,11,"2026-07-15 04:07:26",59.5,0.506458,2.31135,4.5758,0.50772728,-0.00424849,0.295544,0.004029,0.53642,0.15894,0.30464,200,100,dp,37,151,10,1,random
2955,RANDOM,12,"2026-07-15 04:07:32",65.9,0.508664,2.32754,4.5152,0.51121212,-0.0066697,0.308472,-0.004239,0.54362,0.14094,0.31544,200,100,dp,37,149,10,1,random
2956,RANDOM,13,"2026-07-15 04:07:39",72.3,0.513903,2.34447,4.4848,0.51272727,-0.00057273,0.313079,0.000292,0.54054,0.14189,0.31757,200,100,dp,37,148,10,1,random
2957,RANDOM,14,"2026-07-15 04:07:45",78.6,0.5122,2.34622,4.4545,0.51257576,-0.0036303,0.315637,0.003051,0.53741,0.12245,0.34014,200,100,dp,37,147,10,1,random
2958,RANDOM,15,"2026-07-15 04:07:51",85,0.512515,2.34832,4.4545,0.50757576,0.00778788,0.285818,0.012368,0.53741,0.10884,0.35374,200,100,dp,37,147,10,1,random
2959,RANDOM,16,"2026-07-15 04:07:58",91.4,0.513012,2.34812,4.4242,0.51409091,-0.00559394,0.263091,-0.000127,0.52055,0.13699,0.34247,200,100,dp,37,146,10,1,random
2960,RANDOM,17,"2026-07-15 04:08:04",97.9,0.514467,2.34386,4.3939,0.51121212,0.00688485,0.281641,0.008833,0.51724,0.13103,0.35172,200,100,dp,37,145,10,1,random
2961,RANDOM,18,"2026-07-15 04:08:11",104.4,0.511267,2.33125,4.3939,0.52333333,-0.01753939,0.266762,-0.018191,0.51724,0.15172,0.33103,200,100,dp,37,145,10,1,random
2962,RANDOM,19,"2026-07-15 04:08:17",110.9,0.512885,2.33679,4.3636,0.50106061,0.02033636,0.300011,0.023964,0.50694,0.16667,0.32639,200,100,dp,37,144,10,1,random
2963,RANDOM,20,"2026-07-15 04:08:24",117.4,0.514376,2.32606,4.303,0.51878788,-0.00735758,0.309431,-0.007331,0.51408,0.15493,0.33099,200,100,dp,37,142,10,1,random
2964,OI,1,"2026-07-15 04:08:39",4.7,0.533573,2.49152,5.7576,0.52878788,-0.00100909,0.281214,-0.016579,0.58421,0.12632,0.28947,200,100,dp,38,190,10,1,random
2965,OI,2,"2026-07-15 04:08:43",9,0.564252,2.65365,5.6667,0.57166666,-0.02227879,0.331958,-0.036751,0.55615,0.14439,0.29947,200,100,dp,38,187,10,1,random
2966,OI,3,"2026-07-15 04:08:47",13.2,0.592127,2.84297,5.6364,0.6019697,-0.01716061,0.343108,-0.037443,0.53763,0.12903,0.33333,200,100,dp,38,186,10,1,random
2967,OI,4,"2026-07-15 04:08:52",17.6,0.615415,3.03545,5.5758,0.61075758,0.00452424,0.337991,-0.008273,0.5,0.16848,0.33152,200,100,dp,38,184,10,1,random
2968,OI,5,"2026-07-15 04:08:56",22,0.6385,3.21547,5.5152,0.62984849,0.00749091,0.39121,-0.000947,0.46154,0.21429,0.32418,200,100,dp,38,182,10,1,random
2969,OI,6,"2026-07-15 04:09:00",26.4,0.658173,3.40478,5.5152,0.6630303,-0.00904848,0.450251,-0.020654,0.43407,0.1978,0.36813,200,100,dp,38,182,10,1,random
2970,OI,7,"2026-07-15 04:09:06",32.4,0.6766,3.5973,5.4848,0.68,-0.0029,0.409257,-0.016352,0.39779,0.24309,0.35912,200,100,dp,38,181,10,1,random
2971,OI,8,"2026-07-15 04:09:12",38.5,0.696709,3.82852,5.4242,0.69424242,0.0010303,0.482772,-0.008405,0.37989,0.26816,0.35196,200,100,dp,38,179,10,1,random
2972,OI,9,"2026-07-15 04:09:19",44.7,0.709961,4.01938,5.4242,0.71242424,-0.00511515,0.549612,-0.01052,0.3352,0.35196,0.31285,200,100,dp,38,179,10,1,random
2973,OI,10,"2026-07-15 04:09:25",51,0.723588,4.2037,5.4242,0.72090909,0.00307879,0.65419,-0.004057,0.30168,0.40223,0.29609,200,100,dp,38,179,10,1,random
2974,OI,11,"2026-07-15 04:09:31",57.2,0.738,4.40714,5.4242,0.73515151,0.00404545,0.711426,-0.00396,0.27374,0.42458,0.30168,200,100,dp,38,179,10,1,random
2975,OI,12,"2026-07-15 04:09:37",63.4,0.747079,4.54587,5.4242,0.75303031,-0.00734242,0.710513,-0.012052,0.26257,0.45251,0.28492,200,100,dp,38,179,10,1,random
2976,OI,13,"2026-07-15 04:09:44",69.7,0.754833,4.66806,5.4242,0.76530303,-0.01310909,0.784494,-0.017184,0.22905,0.54749,0.22346,200,100,dp,38,179,10,1,random
2977,OI,14,"2026-07-15 04:09:50",75.8,0.763418,4.82558,5.4242,0.77090909,-0.00887273,0.942683,-0.01367,0.17318,0.6257,0.20112,200,100,dp,38,179,10,1,random
2978,OI,15,"2026-07-15 04:09:56",82,0.769448,4.93381,5.4242,0.77212121,-0.00275758,0.980032,-0.005809,0.15642,0.70391,0.13966,200,100,dp,38,179,10,1,random
2979,OI,16,"2026-07-15 04:10:02",88.4,0.774533,5.04461,5.4242,0.78984848,-0.01870303,1.18358,-0.021172,0.12849,0.73184,0.13966,200,100,dp,38,179,10,1,random
2980,OI,17,"2026-07-15 04:10:09",95.5,0.779455,5.1307,5.4242,0.79075757,-0.01401515,1.20831,-0.016111,0.09497,0.81006,0.09497,200,100,dp,38,179,10,1,random
2981,OI,18,"2026-07-15 04:10:16",102,0.782185,5.18009,5.4242,0.78878788,-0.00878182,1.38749,-0.008531,0.07263,0.83799,0.08939,200,100,dp,38,179,10,1,random
2982,OI,19,"2026-07-15 04:10:22",108.5,0.784324,5.22066,5.4242,0.79000001,-0.00731515,1.36254,-0.0069,0.06145,0.86034,0.07821,200,100,dp,38,179,10,1,random
2983,OI,20,"2026-07-15 04:10:29",115,0.786618,5.26781,5.4242,0.78969697,-0.00511212,1.30436,-0.003771,0.02793,0.9162,0.05587,200,100,dp,38,179,10,1,random
2984,IR,1,"2026-07-15 04:10:38",4.8,0.511267,2.35107,5.7273,0.57287879,-0.11020303,0.242991,-0.128398,0.59788,0.1164,0.28571,200,100,dp,38,189,10,1,random
2985,IR,2,"2026-07-15 04:10:42",9.2,0.525267,2.40266,5.6667,0.60045455,-0.12953333,0.259436,-0.156283,0.59358,0.10695,0.29947,200,100,dp,38,187,10,1,random
2986,IR,3,"2026-07-15 04:10:46",13.6,0.534142,2.45254,5.5758,0.60136364,-0.11653333,0.253675,-0.133312,0.58696,0.1087,0.30435,200,100,dp,38,184,10,1,random
2987,IR,4,"2026-07-15 04:10:51",18,0.54273,2.49105,5.5152,0.61515152,-0.1281,0.273511,-0.140267,0.58791,0.10989,0.3022,200,100,dp,38,182,10,1,random
2988,IR,5,"2026-07-15 04:10:55",22.4,0.552988,2.54107,5.4848,0.62409091,-0.12481515,0.289103,-0.137103,0.59116,0.10497,0.30387,200,100,dp,38,181,10,1,random
2989,IR,6,"2026-07-15 04:11:00",26.9,0.563218,2.57991,5.4545,0.63651515,-0.12558485,0.305576,-0.138154,0.57778,0.11111,0.31111,200,100,dp,38,180,10,1,random
2990,IR,7,"2026-07-15 04:11:06",33.1,0.568073,2.61206,5.3939,0.64272728,-0.12493636,0.29874,-0.134376,0.56742,0.10112,0.33146,200,100,dp,38,178,10,1,random
2991,IR,8,"2026-07-15 04:11:12",39.2,0.573076,2.63785,5.3333,0.6460606,-0.12339394,0.281151,-0.130921,0.56818,0.11364,0.31818,200,100,dp,38,176,10,1,random
2992,IR,9,"2026-07-15 04:11:18",45.5,0.581997,2.68129,5.2727,0.65469697,-0.119,0.314407,-0.132085,0.54598,0.14368,0.31034,200,100,dp,38,174,10,1,random
2993,IR,10,"2026-07-15 04:11:25",51.8,0.589491,2.71772,5.1818,0.6569697,-0.10958182,0.353258,-0.120077,0.52047,0.1462,0.33333,200,100,dp,38,171,10,1,random
2994,IR,11,"2026-07-15 04:11:31",58.1,0.595088,2.74916,5.0303,0.66757576,-0.11755758,0.312758,-0.125608,0.5,0.16265,0.33735,200,100,dp,38,166,10,1,random
2995,IR,12,"2026-07-15 04:11:37",64.4,0.599115,2.7689,5.0303,0.67666667,-0.12808485,0.334568,-0.132287,0.5,0.15663,0.34337,200,100,dp,38,166,10,1,random
2996,IR,13,"2026-07-15 04:11:43",70.7,0.606785,2.81319,4.9697,0.67757576,-0.11222727,0.34469,-0.122724,0.47561,0.17073,0.35366,200,100,dp,38,164,10,1,random
2997,IR,14,"2026-07-15 04:11:50",76.9,0.61117,2.83763,4.9394,0.68954546,-0.12611212,0.335894,-0.130775,0.48466,0.15951,0.35583,200,100,dp,38,163,10,1,random
2998,IR,15,"2026-07-15 04:11:56",83.3,0.614936,2.86113,4.9091,0.68984848,-0.12099091,0.359356,-0.123655,0.46914,0.17901,0.35185,200,100,dp,38,162,10,1,random
2999,IR,16,"2026-07-15 04:12:02",89.6,0.619745,2.88757,4.9091,0.69590909,-0.12410606,0.38277,-0.126297,0.47531,0.16667,0.35802,200,100,dp,38,162,10,1,random
3000,IR,17,"2026-07-15 04:12:09",95.9,0.626024,2.92782,4.9091,0.69848485,-0.11639697,0.379348,-0.12003,0.45679,0.17901,0.3642,200,100,dp,38,162,10,1,random
3001,IR,18,"2026-07-15 04:12:15",102.3,0.633182,2.95635,4.8485,0.70681818,-0.11713636,0.371259,-0.121207,0.45625,0.175,0.36875,200,100,dp,38,160,10,1,random
3002,IR,19,"2026-07-15 04:12:21",108.6,0.637336,2.98345,4.8182,0.7159091,-0.12405455,0.39733,-0.12573,0.45283,0.1761,0.37107,200,100,dp,38,159,10,1,random
3003,IR,20,"2026-07-15 04:12:28",114.9,0.641239,3.00934,4.8182,0.71530303,-0.11529697,0.394628,-0.117534,0.45283,0.1761,0.37107,200,100,dp,38,159,10,1,random
3004,AGR,1,"2026-07-15 04:12:36",7.1,0.522655,2.45124,5.7576,0.47772728,0.07842121,0.258908,0.073133,0.58421,0.11053,0.30526,200,100,dp,38,190,10,1,random
3005,AGR,2,"2026-07-15 04:12:43",13.8,0.542864,2.57455,5.6667,0.50121212,0.0646,0.256515,0.062706,0.57219,0.1123,0.31551,200,100,dp,38,187,10,1,random
3006,AGR,3,"2026-07-15 04:12:49",20.5,0.562921,2.70626,5.6364,0.51681818,0.08234242,0.277586,0.068629,0.56989,0.0914,0.33871,200,100,dp,38,186,10,1,random
3007,AGR,4,"2026-07-15 04:12:56",27.2,0.579273,2.84652,5.4545,0.53030303,0.07748788,0.27458,0.073871,0.54444,0.11667,0.33889,200,100,dp,38,180,10,1,random
3008,AGR,5,"2026-07-15 04:13:03",34,0.596915,3.00142,5.4242,0.55378788,0.0639,0.328131,0.060691,0.53631,0.10056,0.36313,200,100,dp,38,179,10,1,random
3009,AGR,6,"2026-07-15 04:13:09",40.7,0.614679,3.16302,5.4242,0.5640909,0.08112727,0.33315,0.071523,0.51955,0.10615,0.3743,200,100,dp,38,179,10,1,random
3010,AGR,7,"2026-07-15 04:13:18",49.1,0.62997,3.33162,5.4242,0.59060606,0.06256364,0.340184,0.053371,0.47486,0.17318,0.35196,200,100,dp,38,179,10,1,random
3011,AGR,8,"2026-07-15 04:13:26",57.6,0.644794,3.50905,5.4242,0.60166667,0.06065152,0.408059,0.058406,0.45251,0.17318,0.3743,200,100,dp,38,179,10,1,random
3012,AGR,9,"2026-07-15 04:13:35",66.2,0.659779,3.69143,5.4242,0.61833334,0.05904545,0.400843,0.054136,0.44134,0.20112,0.35754,200,100,dp,38,179,10,1,random
3013,AGR,10,"2026-07-15 04:13:44",74.9,0.67327,3.86965,5.3939,0.62863637,0.06675152,0.464948,0.058717,0.41573,0.23596,0.34831,200,100,dp,38,178,10,1,random
3014,AGR,11,"2026-07-15 04:13:52",83.7,0.686942,4.04714,5.3636,0.63893939,0.07576061,0.520489,0.062607,0.38418,0.26554,0.35028,200,100,dp,38,177,10,1,random
3015,AGR,12,"2026-07-15 04:14:01",92.5,0.698345,4.20502,5.3636,0.65469697,0.05987273,0.55531,0.056642,0.37288,0.29944,0.32768,200,100,dp,38,177,10,1,random
3016,AGR,13,"2026-07-15 04:14:10",101.4,0.710648,4.35927,5.3636,0.65863636,0.07527576,0.650967,0.067204,0.29944,0.40113,0.29944,200,100,dp,38,177,10,1,random
3017,AGR,14,"2026-07-15 04:14:19",110.3,0.718736,4.47872,5.3636,0.67272728,0.06710606,0.689574,0.060637,0.27119,0.46328,0.26554,200,100,dp,38,177,10,1,random
3018,AGR,15,"2026-07-15 04:14:28",119.3,0.729748,4.61851,5.3636,0.68757576,0.06221818,0.792909,0.052421,0.24294,0.51412,0.24294,200,100,dp,38,177,10,1,random
3019,AGR,16,"2026-07-15 04:14:37",128.3,0.737315,4.71838,5.3636,0.67878788,0.08299697,0.849881,0.07613,0.21469,0.58192,0.20339,200,100,dp,38,177,10,1,random
3020,AGR,17,"2026-07-15 04:14:46",137.3,0.741118,4.797,5.3636,0.68560606,0.08236364,0.945364,0.073516,0.19774,0.59322,0.20904,200,100,dp,38,177,10,1,random
3021,AGR,18,"2026-07-15 04:14:55",146.3,0.74827,4.9012,5.3636,0.68772727,0.08303333,0.964847,0.077901,0.18079,0.64972,0.16949,200,100,dp,38,177,10,1,random
3022,AGR,19,"2026-07-15 04:15:04",155.3,0.754579,4.98627,5.3636,0.70090909,0.07517879,1.10735,0.06854,0.17514,0.70056,0.12429,200,100,dp,38,177,10,1,random
3023,AGR,20,"2026-07-15 04:15:13",164.3,0.758503,5.07404,5.3636,0.70333333,0.07587576,1.33599,0.071502,0.11299,0.78531,0.10169,200,100,dp,38,177,10,1,random
3024,RANDOM,1,"2026-07-15 04:15:23",5,0.500091,2.30917,5.7273,0.5,0.00357879,0.229872,0.004993,0.60847,0.11111,0.28042,200,100,dp,38,189,10,1,random
3025,RANDOM,2,"2026-07-15 04:15:27",9.5,0.49617,2.29635,5.6061,0.49772728,-0.00403636,0.239687,0.004013,0.59459,0.11892,0.28649,200,100,dp,38,185,10,1,random
3026,RANDOM,3,"2026-07-15 04:15:32",13.9,0.495367,2.29542,5.5152,0.50272727,-0.0161,0.240258,-0.010407,0.59341,0.12637,0.28022,200,100,dp,38,182,10,1,random
3027,RANDOM,4,"2026-07-15 04:15:36",18.3,0.496897,2.28484,5.4242,0.49560606,-0.00558485,0.25623,0.004348,0.59777,0.11732,0.28492,200,100,dp,38,179,10,1,random
3028,RANDOM,5,"2026-07-15 04:15:41",22.7,0.491858,2.26525,5.303,0.4880303,0.00792727,0.251425,0.015628,0.59429,0.13143,0.27429,200,100,dp,38,175,10,1,random
3029,RANDOM,6,"2026-07-15 04:15:45",27.3,0.489888,2.26354,5.1818,0.49136364,0.00249697,0.270772,0.001984,0.5848,0.1462,0.26901,200,100,dp,38,171,10,1,random
3030,RANDOM,7,"2026-07-15 04:15:51",33.4,0.491585,2.26598,5.1212,0.49621212,-0.0065303,0.307009,-0.008072,0.59172,0.14793,0.26036,200,100,dp,38,169,10,1,random
3031,RANDOM,8,"2026-07-15 04:15:57",39.4,0.492097,2.25562,5.0909,0.50166667,-0.02132727,0.32452,-0.016706,0.58929,0.14286,0.26786,200,100,dp,38,168,10,1,random
3032,RANDOM,9,"2026-07-15 04:16:04",45.7,0.493806,2.27356,4.9394,0.49893939,-0.00314848,0.308917,-0.008892,0.58282,0.15337,0.2638,200,100,dp,38,163,10,1,random
3033,RANDOM,10,"2026-07-15 04:16:10",52,0.492545,2.26394,4.8485,0.49015151,0.00598182,0.338177,0.008563,0.575,0.1625,0.2625,200,100,dp,38,160,10,1,random
3034,RANDOM,11,"2026-07-15 04:16:16",58.4,0.489342,2.2567,4.8182,0.49333333,-0.00205151,0.347425,-0.00085,0.57862,0.15094,0.27044,200,100,dp,38,159,10,1,random
3035,RANDOM,12,"2026-07-15 04:16:23",64.6,0.490182,2.26636,4.697,0.49651515,-0.01401515,0.342355,-0.009765,0.56774,0.14839,0.28387,200,100,dp,38,155,10,1,random
3036,RANDOM,13,"2026-07-15 04:16:29",71,0.489455,2.27079,4.6061,0.49227273,-0.00560303,0.321475,-0.001573,0.57237,0.15132,0.27632,200,100,dp,38,152,10,1,random
3037,RANDOM,14,"2026-07-15 04:16:35",77.3,0.489509,2.26394,4.5152,0.49257576,-0.00695152,0.347342,-0.002282,0.57718,0.14094,0.28188,200,100,dp,38,149,10,1,random
3038,RANDOM,15,"2026-07-15 04:16:42",83.6,0.487858,2.25338,4.4848,0.48621212,0.00400606,0.359523,0.008591,0.58784,0.12162,0.29054,200,100,dp,38,148,10,1,random
3039,RANDOM,16,"2026-07-15 04:16:48",89.9,0.492694,2.27149,4.4242,0.4919697,-0.0021697,0.350082,0.000149,0.58904,0.10959,0.30137,200,100,dp,38,146,10,1,random
3040,RANDOM,17,"2026-07-15 04:16:54",96.1,0.489794,2.25654,4.4242,0.4889394,-0.00090303,0.333951,0.007022,0.60274,0.10274,0.29452,200,100,dp,38,146,10,1,random
3041,RANDOM,18,"2026-07-15 04:17:00",102.4,0.486991,2.25308,4.4242,0.4830303,0.00869091,0.346023,0.0143,0.60274,0.10274,0.29452,200,100,dp,38,146,10,1,random
3042,RANDOM,19,"2026-07-15 04:17:07",108.8,0.488552,2.26362,4.4242,0.49196969,-0.00569394,0.350136,-0.006339,0.60274,0.10274,0.29452,200,100,dp,38,146,10,1,random
3043,RANDOM,20,"2026-07-15 04:17:13",115.1,0.484294,2.24994,4.303,0.48090909,0.00479091,0.349118,0.014369,0.58451,0.11972,0.29577,200,100,dp,38,142,10,1,random
3044,OI,1,"2026-07-15 04:17:32",4.9,0.529036,2.43836,5.9394,0.53848485,-0.01836364,0.257099,-0.04091,0.58673,0.13265,0.28061,200,100,dp,39,196,10,1,random
3045,OI,2,"2026-07-15 04:17:36",9.3,0.560958,2.63075,5.7879,0.56166667,-0.00185455,0.318742,-0.025805,0.56545,0.13089,0.30366,200,100,dp,39,191,10,1,random
3046,OI,3,"2026-07-15 04:17:41",13.8,0.589212,2.81997,5.7273,0.5830303,0.00906364,0.345566,-0.010259,0.56085,0.12169,0.31746,200,100,dp,39,189,10,1,random
3047,OI,4,"2026-07-15 04:17:45",18.2,0.617621,3.00306,5.7273,0.625,-0.01383636,0.397897,-0.032974,0.52381,0.1746,0.30159,200,100,dp,39,189,10,1,random
3048,OI,5,"2026-07-15 04:17:50",22.8,0.644133,3.2127,5.7273,0.65151515,-0.01008182,0.463497,-0.030148,0.49206,0.17989,0.32804,200,100,dp,39,189,10,1,random
3049,OI,6,"2026-07-15 04:17:54",27.3,0.665297,3.40224,5.697,0.67106061,-0.01094242,0.455599,-0.022463,0.45745,0.24468,0.29787,200,100,dp,39,188,10,1,random
3050,OI,7,"2026-07-15 04:18:00",33.3,0.688039,3.60656,5.697,0.68166666,0.01000303,0.577223,-0.004702,0.43085,0.23936,0.32979,200,100,dp,39,188,10,1,random
3051,OI,8,"2026-07-15 04:18:06",39.4,0.707009,3.83478,5.697,0.7169697,-0.01416667,0.570497,-0.025268,0.40957,0.25532,0.33511,200,100,dp,39,188,10,1,random
3052,OI,9,"2026-07-15 04:18:13",45.8,0.723297,4.05347,5.697,0.72348485,-0.00033636,0.61758,-0.009485,0.36702,0.34043,0.29255,200,100,dp,39,188,10,1,random
3053,OI,10,"2026-07-15 04:18:19",52,0.738579,4.28185,5.697,0.7530303,-0.02266667,0.754306,-0.027642,0.33511,0.39362,0.27128,200,100,dp,39,188,10,1,random
3054,OI,11,"2026-07-15 04:18:25",58.3,0.752997,4.51552,5.697,0.75075757,0.00443333,0.81768,-0.004556,0.28723,0.43617,0.2766,200,100,dp,39,188,10,1,random
3055,OI,12,"2026-07-15 04:18:31",64.6,0.764255,4.72386,5.697,0.76439394,0.00007879,0.823956,-0.005935,0.25532,0.52128,0.2234,200,100,dp,39,188,10,1,random
3056,OI,13,"2026-07-15 04:18:38",70.9,0.773039,4.90664,5.697,0.77318182,0.00177879,0.993908,-0.004215,0.21809,0.53723,0.24468,200,100,dp,39,188,10,1,random
3057,OI,14,"2026-07-15 04:18:44",77.1,0.779803,5.07513,5.697,0.78121212,-0.00299091,0.960425,-0.004552,0.18085,0.65426,0.16489,200,100,dp,39,188,10,1,random
3058,OI,15,"2026-07-15 04:18:50",83.4,0.785679,5.22857,5.697,0.78590909,-0.00162121,1.17255,-0.00239,0.14894,0.69149,0.15957,200,100,dp,39,188,10,1,random
3059,OI,16,"2026-07-15 04:18:57",89.9,0.789267,5.34512,5.697,0.78848485,0.00160909,1.20478,0.000489,0.11702,0.76064,0.12234,200,100,dp,39,188,10,1,random
3060,OI,17,"2026-07-15 04:19:03",96.2,0.7925,5.42989,5.697,0.79681818,-0.00599697,1.35999,-0.005847,0.07447,0.84043,0.08511,200,100,dp,39,188,10,1,random
3061,OI,18,"2026-07-15 04:19:09",102.5,0.794045,5.48611,5.697,0.80424242,-0.01361818,1.48018,-0.01227,0.06383,0.87766,0.05851,200,100,dp,39,188,10,1,random
3062,OI,19,"2026-07-15 04:19:16",108.8,0.794836,5.52162,5.697,0.79651515,-0.00119394,1.93042,-0.001128,0.04787,0.87234,0.07979,200,100,dp,39,188,10,1,random
3063,OI,20,"2026-07-15 04:19:22",115.1,0.796755,5.5706,5.697,0.80545454,-0.01289394,1.46512,-0.010369,0.03191,0.92021,0.04787,200,100,dp,39,188,10,1,random
3064,IR,1,"2026-07-15 04:19:34",6.3,0.510288,2.34348,5.7879,0.57439394,-0.11498788,0.217944,-0.132224,0.59686,0.10995,0.29319,200,100,dp,39,191,10,1,random
3065,IR,2,"2026-07-15 04:19:39",11.5,0.518291,2.3785,5.4242,0.58924242,-0.12284243,0.228527,-0.143667,0.59218,0.10615,0.30168,200,100,dp,39,179,10,1,random
3066,IR,3,"2026-07-15 04:19:45",17.4,0.531742,2.44933,5.3333,0.60772727,-0.12441818,0.262892,-0.155023,0.57386,0.11932,0.30682,200,100,dp,39,176,10,1,random
3067,IR,4,"2026-07-15 04:19:51",23,0.5434,2.50377,5.1818,0.60575758,-0.1034697,0.276754,-0.123868,0.5614,0.09942,0.33918,200,100,dp,39,171,10,1,random
3068,IR,5,"2026-07-15 04:19:57",29.3,0.55667,2.57421,5.1515,0.62954545,-0.12461515,0.269559,-0.141935,0.55294,0.10588,0.34118,200,100,dp,39,170,10,1,random
3069,IR,6,"2026-07-15 04:20:03",35.2,0.56637,2.62816,5.0909,0.63939394,-0.12319697,0.275622,-0.137028,0.53571,0.125,0.33929,200,100,dp,39,168,10,1,random
3070,IR,7,"2026-07-15 04:20:11",42.9,0.574921,2.67658,5.0909,0.64590909,-0.12281212,0.290503,-0.130459,0.53571,0.1131,0.35119,200,100,dp,39,168,10,1,random
3071,IR,8,"2026-07-15 04:20:18",50.4,0.585755,2.71026,5.0606,0.65484849,-0.11783333,0.289837,-0.125997,0.52695,0.11976,0.35329,200,100,dp,39,167,10,1,random
3072,IR,9,"2026-07-15 04:20:26",57.8,0.59283,2.73077,4.9394,0.66560606,-0.11812424,0.292794,-0.127239,0.51534,0.11656,0.3681,200,100,dp,39,163,10,1,random
3073,IR,10,"2026-07-15 04:20:33",65.4,0.600167,2.75843,4.8788,0.66893939,-0.11175758,0.293057,-0.120115,0.51553,0.13665,0.34783,200,100,dp,39,161,10,1,random
3074,IR,11,"2026-07-15 04:20:40",72.5,0.603073,2.77884,4.8485,0.67515151,-0.11806364,0.341306,-0.120503,0.5125,0.125,0.3625,200,100,dp,39,160,10,1,random
3075,IR,12,"2026-07-15 04:20:47",79.6,0.611361,2.82404,4.7879,0.69424242,-0.1332697,0.333929,-0.141817,0.49367,0.12658,0.37975,200,100,dp,39,158,10,1,random
3076,IR,13,"2026-07-15 04:20:54",86.6,0.619455,2.8719,4.7576,0.695,-0.12277273,0.323752,-0.127997,0.47771,0.1465,0.3758,200,100,dp,39,157,10,1,random
3077,IR,14,"2026-07-15 04:21:02",93.8,0.624158,2.90097,4.7273,0.69924242,-0.12321515,0.352141,-0.123107,0.46795,0.17308,0.35897,200,100,dp,39,156,10,1,random
3078,IR,15,"2026-07-15 04:21:09",101.5,0.627867,2.9279,4.7273,0.70484848,-0.1253303,0.380727,-0.124538,0.46795,0.16026,0.37179,200,100,dp,39,156,10,1,random
3079,IR,16,"2026-07-15 04:21:18",109.9,0.630833,2.9674,4.697,0.71090909,-0.12929394,0.368404,-0.128171,0.45161,0.18065,0.36774,200,100,dp,39,155,10,1,random
3080,IR,17,"2026-07-15 04:21:26",118.1,0.63163,2.96345,4.6667,0.70590909,-0.11837576,0.378812,-0.117047,0.45455,0.19481,0.35065,200,100,dp,39,154,10,1,random
3081,IR,18,"2026-07-15 04:21:34",126,0.636124,2.98232,4.5758,0.71106061,-0.12065757,0.419099,-0.120272,0.43709,0.21192,0.35099,200,100,dp,39,151,10,1,random
3082,IR,19,"2026-07-15 04:21:42",134.3,0.642312,3.01723,4.5758,0.72772727,-0.1350303,0.448084,-0.136992,0.44371,0.21854,0.33775,200,100,dp,39,151,10,1,random
3083,IR,20,"2026-07-15 04:21:51",142.7,0.646418,3.03548,4.5758,0.72772728,-0.12579394,0.488888,-0.128304,0.43046,0.22517,0.34437,200,100,dp,39,151,10,1,random
3084,AGR,1,"2026-07-15 04:22:02",7.3,0.527649,2.45262,5.8182,0.49378788,0.05754545,0.239907,0.045622,0.59375,0.08854,0.31771,200,100,dp,39,192,10,1,random
3085,AGR,2,"2026-07-15 04:22:09",14.3,0.54853,2.58584,5.7576,0.51060606,0.06498788,0.2369,0.05488,0.58421,0.1,0.31579,200,100,dp,39,190,10,1,random
3086,AGR,3,"2026-07-15 04:22:16",21.4,0.567439,2.71666,5.7576,0.52575758,0.06959697,0.276439,0.061341,0.56316,0.10526,0.33158,200,100,dp,39,190,10,1,random
3087,AGR,4,"2026-07-15 04:22:23",28.5,0.587145,2.85867,5.7273,0.53575757,0.0775697,0.280499,0.074843,0.56614,0.08995,0.34392,200,100,dp,39,189,10,1,random
3088,AGR,5,"2026-07-15 04:22:30",35.6,0.607715,3.02792,5.7273,0.56318182,0.07020909,0.306318,0.060284,0.54497,0.10582,0.34921,200,100,dp,39,189,10,1,random
3089,AGR,6,"2026-07-15 04:22:37",42.6,0.626127,3.19382,5.697,0.57772728,0.07751818,0.333944,0.066722,0.52128,0.12234,0.35638,200,100,dp,39,188,10,1,random
3090,AGR,7,"2026-07-15 04:22:46",51.3,0.641806,3.36274,5.697,0.59287879,0.07333333,0.361244,0.068011,0.50532,0.1117,0.38298,200,100,dp,39,188,10,1,random
3091,AGR,8,"2026-07-15 04:22:55",60,0.658112,3.55024,5.6667,0.61757576,0.0584,0.346863,0.051728,0.46524,0.15508,0.37968,200,100,dp,39,187,10,1,random
3092,AGR,9,"2026-07-15 04:23:04",68.9,0.675194,3.7184,5.6364,0.63030303,0.06875758,0.389169,0.056805,0.44624,0.16129,0.39247,200,100,dp,39,186,10,1,random
3093,AGR,10,"2026-07-15 04:23:13",78,0.688858,3.85923,5.6364,0.64136364,0.07147576,0.394779,0.062022,0.43011,0.20968,0.36022,200,100,dp,39,186,10,1,random
3094,AGR,11,"2026-07-15 04:23:22",87,0.7018,4.01205,5.6364,0.65090909,0.07395758,0.486702,0.065876,0.41398,0.22581,0.36022,200,100,dp,39,186,10,1,random
3095,AGR,12,"2026-07-15 04:23:31",95.9,0.715,4.16965,5.6364,0.67136364,0.06305151,0.518013,0.054329,0.37634,0.26882,0.35484,200,100,dp,39,186,10,1,random
3096,AGR,13,"2026-07-15 04:23:40",104.9,0.728015,4.32827,5.6364,0.685,0.06327879,0.555546,0.052459,0.36559,0.30645,0.32796,200,100,dp,39,186,10,1,random
3097,AGR,14,"2026-07-15 04:23:49",113.8,0.740436,4.49033,5.6364,0.70045455,0.05349697,0.662659,0.048102,0.33333,0.35484,0.31183,200,100,dp,39,186,10,1,random
3098,AGR,15,"2026-07-15 04:23:58",122.8,0.750497,4.64041,5.6364,0.70621212,0.0604303,0.701644,0.054366,0.27957,0.45699,0.26344,200,100,dp,39,186,10,1,random
3099,AGR,16,"2026-07-15 04:24:07",131.8,0.760836,4.78491,5.6364,0.71439394,0.06383636,0.785469,0.056007,0.24194,0.51075,0.24731,200,100,dp,39,186,10,1,random
3100,AGR,17,"2026-07-15 04:24:16",140.9,0.769761,4.94819,5.6364,0.72590909,0.05993636,0.843295,0.052773,0.18817,0.60753,0.2043,200,100,dp,39,186,10,1,random
3101,AGR,18,"2026-07-15 04:24:25",150,0.776448,5.07841,5.6364,0.72272727,0.07275758,0.924701,0.066702,0.18817,0.6129,0.19892,200,100,dp,39,186,10,1,random
3102,AGR,19,"2026-07-15 04:24:34",159.1,0.782136,5.19295,5.6364,0.72651515,0.07349091,1.01451,0.068991,0.16667,0.65054,0.1828,200,100,dp,39,186,10,1,random
3103,AGR,20,"2026-07-15 04:24:43",168.2,0.786536,5.28002,5.6364,0.74893939,0.05132727,1.09262,0.046314,0.13441,0.7043,0.16129,200,100,dp,39,186,10,1,random
3104,RANDOM,1,"2026-07-15 04:24:52",4.4,0.499842,2.29374,6.0303,0.50287879,-0.01212424,0.206842,-0.001018,0.61809,0.09548,0.28643,200,100,dp,39,199,10,1,random
3105,RANDOM,2,"2026-07-15 04:24:56",8.6,0.499324,2.29537,5.7576,0.50166666,-0.00709091,0.20381,-0.000791,0.6,0.11053,0.28947,200,100,dp,39,190,10,1,random
3106,RANDOM,3,"2026-07-15 04:25:00",12.6,0.500227,2.30429,5.6364,0.49893939,0.00367273,0.21696,0.004568,0.6129,0.09677,0.29032,200,100,dp,39,186,10,1,random
3107,RANDOM,4,"2026-07-15 04:25:04",16.8,0.499503,2.30018,5.5152,0.49818182,-0.00434848,0.230513,0.005217,0.5989,0.10989,0.29121,200,100,dp,39,182,10,1,random
3108,RANDOM,5,"2026-07-15 04:25:08",20.9,0.498276,2.2961,5.3333,0.49515151,0.01245758,0.236241,0.010103,0.60227,0.10227,0.29545,200,100,dp,39,176,10,1,random
3109,RANDOM,6,"2026-07-15 04:25:13",25.2,0.496845,2.30013,5.2424,0.49560606,-0.00350909,0.245086,0.007392,0.5896,0.10405,0.30636,200,100,dp,39,173,10,1,random
3110,RANDOM,7,"2026-07-15 04:25:19",31.2,0.494091,2.30184,5.1212,0.50030303,-0.00730303,0.230478,-0.006095,0.59172,0.10059,0.30769,200,100,dp,39,169,10,1,random
3111,RANDOM,8,"2026-07-15 04:25:25",37.3,0.49233,2.28749,5.0909,0.49606061,-0.00830303,0.240536,-0.002402,0.58929,0.10119,0.30952,200,100,dp,39,168,10,1,random
3112,RANDOM,9,"2026-07-15 04:25:31",43.4,0.496748,2.29925,5,0.50318181,-0.01695758,0.243208,-0.01444,0.59394,0.10303,0.30303,200,100,dp,39,165,10,1,random
3113,RANDOM,10,"2026-07-15 04:25:37",49.5,0.495645,2.29202,4.9697,0.49666666,-0.00694242,0.262454,0.002765,0.57927,0.10976,0.31098,200,100,dp,39,164,10,1,random
3114,RANDOM,11,"2026-07-15 04:25:43",55.5,0.496115,2.30614,4.9394,0.49333333,0.00903939,0.25311,0.008418,0.56442,0.11656,0.31902,200,100,dp,39,163,10,1,random
3115,RANDOM,12,"2026-07-15 04:25:49",61.6,0.498836,2.315,4.8182,0.49712121,-0.0033303,0.246064,0.00456,0.55975,0.1195,0.32075,200,100,dp,39,159,10,1,random
3116,RANDOM,13,"2026-07-15 04:25:55",67.8,0.494645,2.293,4.7273,0.48878788,0.0122697,0.25636,0.019098,0.5641,0.13462,0.30128,200,100,dp,39,156,10,1,random
3117,RANDOM,14,"2026-07-15 04:26:01",73.9,0.496167,2.29859,4.6364,0.48712121,0.01898182,0.291995,0.020323,0.54902,0.14379,0.30719,200,100,dp,39,153,10,1,random
3118,RANDOM,15,"2026-07-15 04:26:07",79.9,0.496173,2.29967,4.6061,0.49469697,0.00021212,0.287732,0.005814,0.54605,0.14474,0.30921,200,100,dp,39,152,10,1,random
3119,RANDOM,16,"2026-07-15 04:26:13",86.1,0.495321,2.29621,4.5758,0.50136364,-0.0143,0.285344,-0.009347,0.54967,0.12583,0.3245,200,100,dp,39,151,10,1,random
3120,RANDOM,17,"2026-07-15 04:26:19",92.1,0.496303,2.3035,4.5455,0.48909091,0.0110303,0.277753,0.017334,0.54667,0.12667,0.32667,200,100,dp,39,150,10,1,random
3121,RANDOM,18,"2026-07-15 04:26:26",98.2,0.495639,2.28653,4.4848,0.49969698,-0.01180909,0.271054,-0.005232,0.53378,0.14865,0.31757,200,100,dp,39,148,10,1,random
3122,RANDOM,19,"2026-07-15 04:26:32",104.4,0.493191,2.26957,4.4242,0.49909091,-0.01189091,0.284111,-0.006672,0.5411,0.12329,0.33562,200,100,dp,39,146,10,1,random
3123,RANDOM,20,"2026-07-15 04:26:38",110.5,0.491739,2.26106,4.3333,0.49212121,-0.00086667,0.26996,0.003366,0.53846,0.11189,0.34965,200,100,dp,39,143,10,1,random
3124,OI,1,"2026-07-15 04:26:57",4.9,0.53113,2.47426,5.7576,0.52863637,0.01043636,0.31716,-0.017771,0.58421,0.12105,0.29474,200,100,dp,40,190,10,1,random
3125,OI,2,"2026-07-15 04:27:01",9.4,0.559706,2.63926,5.6667,0.5610606,-0.00188788,0.323994,-0.024212,0.54545,0.14973,0.30481,200,100,dp,40,187,10,1,random
3126,OI,3,"2026-07-15 04:27:06",14,0.591309,2.8363,5.6364,0.59590909,-0.00542727,0.361788,-0.031783,0.51613,0.14516,0.33871,200,100,dp,40,186,10,1,random
3127,OI,4,"2026-07-15 04:27:10",18.5,0.614612,2.98578,5.5152,0.61469696,-0.00245758,0.358547,-0.016651,0.48352,0.18681,0.32967,200,100,dp,40,182,10,1,random
3128,OI,5,"2026-07-15 04:27:15",23.1,0.639082,3.18339,5.5152,0.65075758,-0.01893636,0.402145,-0.034837,0.46703,0.18132,0.35165,200,100,dp,40,182,10,1,random
3129,OI,6,"2026-07-15 04:27:19",27.7,0.661915,3.41892,5.5152,0.67363637,-0.01495455,0.416295,-0.032697,0.43956,0.20879,0.35165,200,100,dp,40,182,10,1,random
3130,OI,7,"2026-07-15 04:27:26",34,0.680667,3.61833,5.5152,0.68484849,-0.00508182,0.461339,-0.017742,0.40659,0.29121,0.3022,200,100,dp,40,182,10,1,random
3131,OI,8,"2026-07-15 04:27:32",40.2,0.698997,3.84754,5.5152,0.70333334,-0.00453939,0.572262,-0.016914,0.38462,0.27473,0.34066,200,100,dp,40,182,10,1,random
3132,OI,9,"2026-07-15 04:27:38",46.8,0.715367,4.06676,5.4848,0.70287878,0.01982424,0.559486,0.008378,0.35912,0.33702,0.30387,200,100,dp,40,181,10,1,random
3133,OI,10,"2026-07-15 04:27:45",53.3,0.728824,4.26229,5.4848,0.72727272,0.00397273,0.673347,-0.005132,0.34254,0.37017,0.28729,200,100,dp,40,181,10,1,random
3134,OI,11,"2026-07-15 04:27:51",59.8,0.741297,4.41428,5.4848,0.74045454,0.00177576,0.765575,-0.005144,0.29834,0.43646,0.26519,200,100,dp,40,181,10,1,random
3135,OI,12,"2026-07-15 04:27:58",66.4,0.753067,4.59279,5.4848,0.75742424,-0.00527576,0.829932,-0.011439,0.27072,0.48619,0.24309,200,100,dp,40,181,10,1,random
3136,OI,13,"2026-07-15 04:28:05",73,0.764248,4.77853,5.4848,0.76742424,-0.00386061,0.926546,-0.009746,0.20994,0.59116,0.1989,200,100,dp,40,181,10,1,random
3137,OI,14,"2026-07-15 04:28:11",79.6,0.770652,4.90532,5.4848,0.77439394,-0.00482727,1.07281,-0.007199,0.18232,0.63536,0.18232,200,100,dp,40,181,10,1,random
3138,OI,15,"2026-07-15 04:28:18",86,0.777067,5.0409,5.4848,0.78075758,-0.0056697,1.1261,-0.007069,0.1326,0.71271,0.1547,200,100,dp,40,181,10,1,random
3139,OI,16,"2026-07-15 04:28:24",92.5,0.782282,5.14648,5.4848,0.78742424,-0.00596667,1.20704,-0.008194,0.11602,0.75138,0.1326,200,100,dp,40,181,10,1,random
3140,OI,17,"2026-07-15 04:28:31",99.2,0.786094,5.22654,5.4848,0.79530303,-0.01175151,1.26924,-0.012511,0.0663,0.86188,0.07182,200,100,dp,40,181,10,1,random
3141,OI,18,"2026-07-15 04:28:37",105.8,0.789318,5.2927,5.4848,0.79878788,-0.01247576,1.42322,-0.012379,0.07735,0.8674,0.05525,200,100,dp,40,181,10,1,random
3142,OI,19,"2026-07-15 04:28:44",112.4,0.791139,5.32275,5.4848,0.78606061,0.00772424,2.29368,0.007247,0.05525,0.87845,0.0663,200,100,dp,40,181,10,1,random
3143,OI,20,"2026-07-15 04:28:51",118.9,0.792812,5.35867,5.4848,0.79272727,-0.00086364,1.72628,0.000817,0.03867,0.9337,0.02762,200,100,dp,40,181,10,1,random
3144,IR,1,"2026-07-15 04:28:59",5.2,0.517524,2.39013,5.7273,0.58,-0.11398485,0.286203,-0.133154,0.60317,0.1164,0.28042,200,100,dp,40,189,10,1,random
3145,IR,2,"2026-07-15 04:29:04",10,0.530024,2.44196,5.6061,0.59393939,-0.11340303,0.282326,-0.131517,0.58378,0.11892,0.2973,200,100,dp,40,185,10,1,random
3146,IR,3,"2026-07-15 04:29:09",14.7,0.540467,2.48085,5.5455,0.61166667,-0.12622424,0.27749,-0.140906,0.5847,0.11475,0.30055,200,100,dp,40,183,10,1,random
3147,IR,4,"2026-07-15 04:29:13",19.4,0.553197,2.53356,5.4242,0.61469697,-0.1081,0.294283,-0.122058,0.56425,0.12849,0.30726,200,100,dp,40,179,10,1,random
3148,IR,5,"2026-07-15 04:29:18",24.1,0.558515,2.55258,5.303,0.63030303,-0.12232424,0.291725,-0.131591,0.54286,0.14857,0.30857,200,100,dp,40,175,10,1,random
3149,IR,6,"2026-07-15 04:29:23",29,0.567615,2.59035,5.2727,0.64227272,-0.12360606,0.310915,-0.138481,0.54598,0.14943,0.3046,200,100,dp,40,174,10,1,random
3150,IR,7,"2026-07-15 04:29:29",35.4,0.576424,2.63782,5.2424,0.64515152,-0.11954848,0.335884,-0.125966,0.54913,0.13873,0.31214,200,100,dp,40,173,10,1,random
3151,IR,8,"2026-07-15 04:29:36",41.8,0.580497,2.67361,5.1818,0.65106061,-0.12090303,0.330802,-0.12363,0.54386,0.1345,0.32164,200,100,dp,40,171,10,1,random
3152,IR,9,"2026-07-15 04:29:43",48.5,0.584197,2.69143,5.1818,0.65757576,-0.12630909,0.327271,-0.127922,0.54386,0.1462,0.30994,200,100,dp,40,171,10,1,random
3153,IR,10,"2026-07-15 04:29:49",55.2,0.591355,2.72496,5.0606,0.66015152,-0.11155455,0.35563,-0.121622,0.53293,0.1497,0.31737,200,100,dp,40,167,10,1,random
3154,IR,11,"2026-07-15 04:29:56",61.8,0.596364,2.756,5.0606,0.67121212,-0.12536667,0.363993,-0.128968,0.52096,0.14371,0.33533,200,100,dp,40,167,10,1,random
3155,IR,12,"2026-07-15 04:30:03",68.8,0.603255,2.78939,5.0303,0.68712122,-0.13574848,0.350035,-0.144227,0.51205,0.15663,0.33133,200,100,dp,40,166,10,1,random
3156,IR,13,"2026-07-15 04:30:10",76.4,0.609809,2.84792,5,0.68409091,-0.12380606,0.365015,-0.126062,0.51515,0.13939,0.34545,200,100,dp,40,165,10,1,random
3157,IR,14,"2026-07-15 04:30:17",83.2,0.611324,2.85126,4.9394,0.68893939,-0.12905152,0.351343,-0.126816,0.5092,0.14724,0.34356,200,100,dp,40,163,10,1,random
3158,IR,15,"2026-07-15 04:30:24",90,0.616115,2.88839,4.9091,0.6930303,-0.12297576,0.379581,-0.128101,0.49383,0.16049,0.34568,200,100,dp,40,162,10,1,random
3159,IR,16,"2026-07-15 04:30:31",97.5,0.621415,2.91695,4.9091,0.69318181,-0.11815758,0.376846,-0.118584,0.5,0.15432,0.34568,200,100,dp,40,162,10,1,random
3160,IR,17,"2026-07-15 04:30:38",104.2,0.625082,2.93842,4.8788,0.69863637,-0.11788182,0.383131,-0.119512,0.50311,0.14907,0.34783,200,100,dp,40,161,10,1,random
3161,IR,18,"2026-07-15 04:30:45",111.1,0.630985,2.97466,4.8485,0.70545454,-0.12067273,0.393685,-0.12201,0.5,0.1375,0.3625,200,100,dp,40,160,10,1,random
3162,IR,19,"2026-07-15 04:30:52",118.1,0.636312,2.99719,4.8182,0.71090909,-0.12084242,0.373891,-0.120546,0.48428,0.16352,0.3522,200,100,dp,40,159,10,1,random
3163,IR,20,"2026-07-15 04:30:59",125,0.640958,3.02573,4.7879,0.7230303,-0.13100303,0.395086,-0.130628,0.46835,0.17089,0.36076,200,100,dp,40,158,10,1,random
3164,AGR,1,"2026-07-15 04:31:10",7.6,0.524097,2.43954,5.7576,0.48272727,0.06781515,0.29779,0.065135,0.59474,0.12632,0.27895,200,100,dp,40,190,10,1,random
3165,AGR,2,"2026-07-15 04:31:17",14.7,0.544045,2.57138,5.6667,0.50863636,0.05532727,0.306976,0.050484,0.57219,0.13369,0.29412,200,100,dp,40,187,10,1,random
3166,AGR,3,"2026-07-15 04:31:24",21.9,0.562421,2.70492,5.5455,0.52318182,0.06285151,0.319553,0.05737,0.56284,0.14208,0.29508,200,100,dp,40,183,10,1,random
3167,AGR,4,"2026-07-15 04:31:31",29,0.582397,2.86062,5.4848,0.5369697,0.07355757,0.367573,0.065236,0.53591,0.14917,0.31492,200,100,dp,40,181,10,1,random
3168,AGR,5,"2026-07-15 04:31:39",36.2,0.601351,3.03464,5.4242,0.56121212,0.05962727,0.371417,0.054856,0.50838,0.16201,0.32961,200,100,dp,40,179,10,1,random
3169,AGR,6,"2026-07-15 04:31:46",43.4,0.618776,3.19986,5.3333,0.58090909,0.0694697,0.395539,0.050523,0.47159,0.20455,0.32386,200,100,dp,40,176,10,1,random
3170,AGR,7,"2026-07-15 04:31:55",52.3,0.632824,3.34495,5.3333,0.57606061,0.08602727,0.431268,0.081577,0.45455,0.22159,0.32386,200,100,dp,40,176,10,1,random
3171,AGR,8,"2026-07-15 04:32:04",61.2,0.646921,3.52131,5.2727,0.59848485,0.06890303,0.4681,0.067293,0.43678,0.24138,0.32184,200,100,dp,40,174,10,1,random
3172,AGR,9,"2026-07-15 04:32:13",70.3,0.660479,3.67753,5.2727,0.61333333,0.07099091,0.533383,0.064019,0.4023,0.27586,0.32184,200,100,dp,40,174,10,1,random
3173,AGR,10,"2026-07-15 04:32:22",79.4,0.67433,3.841,5.2727,0.63015152,0.06731212,0.557423,0.05774,0.37356,0.28736,0.33908,200,100,dp,40,174,10,1,random
3174,AGR,11,"2026-07-15 04:32:31",88.5,0.687112,3.9879,5.2727,0.64257575,0.06791212,0.552839,0.058506,0.34483,0.32759,0.32759,200,100,dp,40,174,10,1,random
3175,AGR,12,"2026-07-15 04:32:40",97.8,0.697891,4.144,5.2727,0.645,0.07948485,0.589181,0.070557,0.31609,0.37356,0.31034,200,100,dp,40,174,10,1,random
3176,AGR,13,"2026-07-15 04:32:49",107,0.707106,4.2685,5.2727,0.64954546,0.07956667,0.639676,0.07668,0.2931,0.41379,0.2931,200,100,dp,40,174,10,1,random
3177,AGR,14,"2026-07-15 04:32:59",116.6,0.716482,4.40375,5.2727,0.66424243,0.07979394,0.697594,0.068495,0.25287,0.48851,0.25862,200,100,dp,40,174,10,1,random
3178,AGR,15,"2026-07-15 04:33:09",126.2,0.724906,4.51678,5.2727,0.67045454,0.07467273,0.77469,0.071133,0.22989,0.56322,0.2069,200,100,dp,40,174,10,1,random
3179,AGR,16,"2026-07-15 04:33:18",135.4,0.731527,4.60201,5.2727,0.67484848,0.08136364,0.885354,0.074685,0.21264,0.58046,0.2069,200,100,dp,40,174,10,1,random
3180,AGR,17,"2026-07-15 04:33:27",144.6,0.73903,4.70807,5.2727,0.695,0.0602697,0.905116,0.056189,0.17241,0.63218,0.1954,200,100,dp,40,174,10,1,random
3181,AGR,18,"2026-07-15 04:33:36",153.8,0.744785,4.78656,5.2727,0.6909091,0.07539091,0.898202,0.069992,0.16667,0.66092,0.17241,200,100,dp,40,174,10,1,random
3182,AGR,19,"2026-07-15 04:33:46",163.1,0.750103,4.85357,5.2727,0.70060606,0.06985151,0.976946,0.063946,0.15517,0.70115,0.14368,200,100,dp,40,174,10,1,random
3183,AGR,20,"2026-07-15 04:33:55",172.5,0.754161,4.91524,5.2727,0.70545455,0.0686303,1.061,0.063044,0.13793,0.75287,0.1092,200,100,dp,40,174,10,1,random
3184,RANDOM,1,"2026-07-15 04:34:04",4.6,0.502806,2.31713,5.7576,0.51484849,-0.02171818,0.267078,-0.020493,0.61053,0.12632,0.26316,200,100,dp,40,190,10,1,random
3185,RANDOM,2,"2026-07-15 04:34:08",8.8,0.502315,2.30647,5.5455,0.48878788,0.0272303,0.272485,0.029666,0.59563,0.12568,0.27869,200,100,dp,40,183,10,1,random
3186,RANDOM,3,"2026-07-15 04:34:12",13,0.504909,2.31447,5.4242,0.51136364,-0.01754242,0.269222,-0.01147,0.60335,0.11173,0.28492,200,100,dp,40,179,10,1,random
3187,RANDOM,4,"2026-07-15 04:34:16",17.1,0.501967,2.311,5.2727,0.50575758,-0.00899394,0.275333,-0.001709,0.60345,0.10345,0.2931,200,100,dp,40,174,10,1,random
3188,RANDOM,5,"2026-07-15 04:34:21",21.4,0.501473,2.30908,5.1818,0.50151515,0.00233636,0.278536,0.002563,0.60234,0.10526,0.2924,200,100,dp,40,171,10,1,random
3189,RANDOM,6,"2026-07-15 04:34:25",25.8,0.503912,2.32681,5.1515,0.51515151,-0.02041515,0.287961,-0.021922,0.6,0.1,0.3,200,100,dp,40,170,10,1,random
3190,RANDOM,7,"2026-07-15 04:34:31",31.6,0.503339,2.32902,5.1212,0.49484849,0.02330606,0.284492,0.020871,0.5858,0.11834,0.29586,200,100,dp,40,169,10,1,random
3191,RANDOM,8,"2026-07-15 04:34:37",37.5,0.503591,2.33309,5.0303,0.49757575,0.01812424,0.290631,0.014324,0.59036,0.10843,0.3012,200,100,dp,40,166,10,1,random
3192,RANDOM,9,"2026-07-15 04:34:43",43.8,0.50197,2.32078,4.9091,0.51060606,-0.01901818,0.292507,-0.012,0.57407,0.11111,0.31481,200,100,dp,40,162,10,1,random
3193,RANDOM,10,"2026-07-15 04:34:49",50.1,0.505636,2.33185,4.9091,0.51348485,-0.01213636,0.287675,-0.01627,0.57407,0.09877,0.32716,200,100,dp,40,162,10,1,random
3194,RANDOM,11,"2026-07-15 04:34:55",56.1,0.507073,2.3347,4.7273,0.5010606,0.00927879,0.273557,0.013876,0.55769,0.12821,0.3141,200,100,dp,40,156,10,1,random
3195,RANDOM,12,"2026-07-15 04:35:01",62.2,0.504085,2.32617,4.697,0.50378788,0.00563333,0.304379,0.006347,0.55484,0.12903,0.31613,200,100,dp,40,155,10,1,random
3196,RANDOM,13,"2026-07-15 04:35:08",68.4,0.506273,2.32431,4.6061,0.5139394,-0.01242424,0.304502,-0.014375,0.54605,0.13816,0.31579,200,100,dp,40,152,10,1,random
3197,RANDOM,14,"2026-07-15 04:35:14",74.5,0.506279,2.31361,4.5455,0.51015152,-0.0050303,0.311567,-0.004511,0.54667,0.14667,0.30667,200,100,dp,40,150,10,1,random
3198,RANDOM,15,"2026-07-15 04:35:20",80.8,0.507621,2.32548,4.4848,0.50909091,-0.00666667,0.333655,-0.001601,0.55405,0.12162,0.32432,200,100,dp,40,148,10,1,random
3199,RANDOM,16,"2026-07-15 04:35:26",87,0.508164,2.33235,4.4545,0.51863636,-0.02739394,0.323709,-0.018857,0.54422,0.12925,0.32653,200,100,dp,40,147,10,1,random
3200,RANDOM,17,"2026-07-15 04:35:32",93.1,0.507603,2.31935,4.4242,0.51121212,-0.01116364,0.321485,-0.003531,0.5411,0.15753,0.30137,200,100,dp,40,146,10,1,random
3201,RANDOM,18,"2026-07-15 04:35:38",99.3,0.509721,2.32879,4.3636,0.52575758,-0.02924545,0.360745,-0.030495,0.54167,0.15972,0.29861,200,100,dp,40,144,10,1,random
3202,RANDOM,19,"2026-07-15 04:35:44",105.3,0.509621,2.32408,4.3636,0.515,-0.00657273,0.363138,-0.006898,0.54167,0.15972,0.29861,200,100,dp,40,144,10,1,random
3203,RANDOM,20,"2026-07-15 04:35:50",111.4,0.504915,2.29679,4.303,0.50878788,-0.00348788,0.359868,-0.000113,0.54225,0.14085,0.3169,200,100,dp,40,142,10,1,random
3204,OI,1,"2026-07-15 04:36:07",5.4,0.532273,2.47373,6.0909,0.5330303,0.00326061,0.260184,-0.025367,0.60697,0.10945,0.28358,200,100,dp,41,201,10,1,random
3205,OI,2,"2026-07-15 04:36:12",10.2,0.563703,2.66237,5.9394,0.55424243,0.01358485,0.313316,-0.006753,0.56633,0.10204,0.33163,200,100,dp,41,196,10,1,random
3206,OI,3,"2026-07-15 04:36:17",15.2,0.589103,2.83538,5.8485,0.58530303,0.00681818,0.281436,-0.011704,0.54922,0.15026,0.30052,200,100,dp,41,193,10,1,random
3207,OI,4,"2026-07-15 04:36:22",20.1,0.61523,3.05119,5.8182,0.60863637,0.01138485,0.396036,-0.007922,0.53646,0.11458,0.34896,200,100,dp,41,192,10,1,random
3208,OI,5,"2026-07-15 04:36:27",25.1,0.637385,3.23775,5.8182,0.63272728,0.00631515,0.358111,-0.007245,0.51042,0.13542,0.35417,200,100,dp,41,192,10,1,random
3209,OI,6,"2026-07-15 04:36:32",30.1,0.661091,3.44203,5.7879,0.67045455,-0.01181818,0.383152,-0.030426,0.4712,0.15707,0.37173,200,100,dp,41,191,10,1,random
3210,OI,7,"2026-07-15 04:36:38",36.7,0.678909,3.65125,5.7879,0.68727273,-0.01454545,0.394575,-0.023508,0.45026,0.20419,0.34555,200,100,dp,41,191,10,1,random
3211,OI,8,"2026-07-15 04:36:45",43.3,0.698715,3.8705,5.7879,0.70045455,-0.00180909,0.479622,-0.014408,0.42408,0.25654,0.31937,200,100,dp,41,191,10,1,random
3212,OI,9,"2026-07-15 04:36:52",50.2,0.715418,4.0838,5.7576,0.71530303,-0.0000697,0.609119,-0.00916,0.38947,0.27895,0.33158,200,100,dp,41,190,10,1,random
3213,OI,10,"2026-07-15 04:36:59",57.1,0.731739,4.30969,5.7576,0.74166667,-0.01274545,0.628624,-0.022446,0.34737,0.34211,0.31053,200,100,dp,41,190,10,1,random
3214,OI,11,"2026-07-15 04:37:05",64,0.744415,4.49983,5.7576,0.74772728,-0.00371515,0.684818,-0.011367,0.28421,0.42632,0.28947,200,100,dp,41,190,10,1,random
3215,OI,12,"2026-07-15 04:37:12",70.8,0.755788,4.69555,5.7273,0.76272727,-0.00910303,0.747857,-0.01468,0.27513,0.45503,0.26984,200,100,dp,41,189,10,1,random
3216,OI,13,"2026-07-15 04:37:19",77.7,0.766164,4.88063,5.7273,0.77621212,-0.01346061,0.8513,-0.018093,0.2328,0.52381,0.24339,200,100,dp,41,189,10,1,random
3217,OI,14,"2026-07-15 04:37:26",84.5,0.774236,5.04944,5.7273,0.77151515,0.00379697,0.935643,0.000196,0.19577,0.64021,0.16402,200,100,dp,41,189,10,1,random
3218,OI,15,"2026-07-15 04:37:33",91.3,0.780836,5.21216,5.7273,0.78287878,-0.00092424,1.2023,-0.00538,0.16402,0.69312,0.14286,200,100,dp,41,189,10,1,random
3219,OI,16,"2026-07-15 04:37:40",98.1,0.784627,5.33544,5.7273,0.79575757,-0.01544545,1.31288,-0.01505,0.12169,0.75132,0.12698,200,100,dp,41,189,10,1,random
3220,OI,17,"2026-07-15 04:37:46",105,0.787482,5.41559,5.7273,0.79257575,-0.00436364,1.30043,-0.006703,0.11111,0.7672,0.12169,200,100,dp,41,189,10,1,random
3221,OI,18,"2026-07-15 04:37:53",111.8,0.790821,5.50186,5.7273,0.79878788,-0.00850909,1.40028,-0.010654,0.08466,0.85185,0.06349,200,100,dp,41,189,10,1,random
3222,OI,19,"2026-07-15 04:38:00",118.6,0.791788,5.55423,5.7273,0.79636364,-0.0052697,1.97899,-0.004806,0.07407,0.86243,0.06349,200,100,dp,41,189,10,1,random
3223,OI,20,"2026-07-15 04:38:07",125.5,0.793724,5.60664,5.7273,0.805,-0.01511818,1.96975,-0.014145,0.04762,0.93651,0.01587,200,100,dp,41,189,10,1,random
3224,IR,1,"2026-07-15 04:38:18",5.5,0.516397,2.37806,5.8788,0.57939394,-0.1120303,0.230962,-0.133059,0.60309,0.09794,0.29897,200,100,dp,41,194,10,1,random
3225,IR,2,"2026-07-15 04:38:23",10.4,0.52557,2.41575,5.7879,0.59181818,-0.11856364,0.230076,-0.133687,0.60209,0.08901,0.3089,200,100,dp,41,191,10,1,random
3226,IR,3,"2026-07-15 04:38:28",15.1,0.539752,2.48067,5.5152,0.60515152,-0.10885454,0.241671,-0.133701,0.57143,0.10989,0.31868,200,100,dp,41,182,10,1,random
3227,IR,4,"2026-07-15 04:38:33",19.8,0.551055,2.53401,5.3939,0.62060606,-0.11945152,0.264265,-0.135838,0.55618,0.11798,0.32584,200,100,dp,41,178,10,1,random
3228,IR,5,"2026-07-15 04:38:38",24.7,0.562291,2.58751,5.303,0.62575757,-0.10946364,0.278084,-0.122258,0.54857,0.11429,0.33714,200,100,dp,41,175,10,1,random
3229,IR,6,"2026-07-15 04:38:43",29.8,0.574055,2.63469,5.1818,0.63863636,-0.10816667,0.281622,-0.121657,0.54386,0.11111,0.34503,200,100,dp,41,171,10,1,random
3230,IR,7,"2026-07-15 04:38:50",36.7,0.583327,2.68077,5.1515,0.65621212,-0.11842424,0.294678,-0.131773,0.52941,0.11176,0.35882,200,100,dp,41,170,10,1,random
3231,IR,8,"2026-07-15 04:38:56",43.2,0.594103,2.73908,5.1515,0.66318182,-0.11238182,0.290734,-0.124919,0.52353,0.11765,0.35882,200,100,dp,41,170,10,1,random
3232,IR,9,"2026-07-15 04:39:03",50,0.6008,2.78048,5.1515,0.67530303,-0.12229697,0.297382,-0.128647,0.53529,0.11176,0.35294,200,100,dp,41,170,10,1,random
3233,IR,10,"2026-07-15 04:39:10",56.8,0.608279,2.82506,5.1515,0.68257576,-0.12059091,0.327397,-0.127545,0.53529,0.1,0.36471,200,100,dp,41,170,10,1,random
3234,IR,11,"2026-07-15 04:39:16",63.4,0.615494,2.86247,5.1212,0.68818182,-0.11879394,0.322248,-0.123243,0.53254,0.10651,0.36095,200,100,dp,41,169,10,1,random
3235,IR,12,"2026-07-15 04:39:23",70.2,0.624055,2.90325,5.0303,0.69757576,-0.1191394,0.342442,-0.123652,0.50602,0.13253,0.36145,200,100,dp,41,166,10,1,random
3236,IR,13,"2026-07-15 04:39:30",76.9,0.630233,2.94079,5.0303,0.70363636,-0.11702727,0.354307,-0.120395,0.5,0.13855,0.36145,200,100,dp,41,166,10,1,random
3237,IR,14,"2026-07-15 04:39:37",83.6,0.634615,2.95865,5.0303,0.70772728,-0.11815758,0.352316,-0.117653,0.5,0.13253,0.36747,200,100,dp,41,166,10,1,random
3238,IR,15,"2026-07-15 04:39:43",90.4,0.641039,3.01548,4.9697,0.72257576,-0.13,0.354053,-0.131274,0.4939,0.12805,0.37805,200,100,dp,41,164,10,1,random
3239,IR,16,"2026-07-15 04:39:50",97.1,0.644548,3.05169,4.9091,0.72242425,-0.12256061,0.359628,-0.122663,0.46914,0.15432,0.37654,200,100,dp,41,162,10,1,random
3240,IR,17,"2026-07-15 04:39:57",103.9,0.647752,3.05851,4.8788,0.72439394,-0.12171212,0.365824,-0.119639,0.45342,0.18012,0.36646,200,100,dp,41,161,10,1,random
3241,IR,18,"2026-07-15 04:40:04",111.1,0.652512,3.09675,4.8182,0.72621213,-0.11466667,0.394071,-0.115952,0.44654,0.21384,0.33962,200,100,dp,41,159,10,1,random
3242,IR,19,"2026-07-15 04:40:12",118.8,0.657,3.13518,4.8182,0.73878788,-0.1282606,0.45683,-0.127249,0.43396,0.20126,0.36478,200,100,dp,41,159,10,1,random
3243,IR,20,"2026-07-15 04:40:19",125.8,0.661288,3.16803,4.8182,0.7369697,-0.11899394,0.412494,-0.117174,0.43396,0.20755,0.35849,200,100,dp,41,159,10,1,random
3244,AGR,1,"2026-07-15 04:40:27",7.6,0.524015,2.41215,6.0303,0.46636364,0.10154546,0.24074,0.097016,0.60804,0.10553,0.28643,200,100,dp,41,199,10,1,random
3245,AGR,2,"2026-07-15 04:40:35",14.7,0.546521,2.54276,5.8788,0.50787879,0.06128485,0.266129,0.055071,0.57732,0.11856,0.30412,200,100,dp,41,194,10,1,random
3246,AGR,3,"2026-07-15 04:40:42",21.8,0.567412,2.67912,5.8788,0.52833333,0.06721515,0.280998,0.055466,0.58247,0.08763,0.3299,200,100,dp,41,194,10,1,random
3247,AGR,4,"2026-07-15 04:40:49",28.8,0.586045,2.84242,5.8788,0.54378788,0.07036364,0.275681,0.060855,0.56186,0.09794,0.34021,200,100,dp,41,194,10,1,random
3248,AGR,5,"2026-07-15 04:40:56",36,0.605803,3.01588,5.8182,0.55666667,0.07706667,0.294193,0.068511,0.54688,0.08333,0.36979,200,100,dp,41,192,10,1,random
3249,AGR,6,"2026-07-15 04:41:03",43.2,0.624758,3.18669,5.7576,0.58348485,0.06442121,0.28166,0.05462,0.52632,0.10526,0.36842,200,100,dp,41,190,10,1,random
3250,AGR,7,"2026-07-15 04:41:12",52.1,0.643494,3.36219,5.7576,0.60060606,0.06532121,0.325249,0.054957,0.51579,0.11579,0.36842,200,100,dp,41,190,10,1,random
3251,AGR,8,"2026-07-15 04:41:21",60.9,0.660412,3.53126,5.7576,0.62287879,0.05479091,0.35982,0.047005,0.50526,0.12632,0.36842,200,100,dp,41,190,10,1,random
3252,AGR,9,"2026-07-15 04:41:30",70,0.677082,3.72837,5.7576,0.63242424,0.07188788,0.405773,0.05681,0.46842,0.16316,0.36842,200,100,dp,41,190,10,1,random
3253,AGR,10,"2026-07-15 04:41:39",79,0.687952,3.90244,5.7273,0.65075758,0.05395758,0.430672,0.048278,0.42857,0.21164,0.35979,200,100,dp,41,189,10,1,random
3254,AGR,11,"2026-07-15 04:41:48",88,0.700248,4.07215,5.7273,0.65545454,0.06317879,0.480686,0.05744,0.39153,0.22751,0.38095,200,100,dp,41,189,10,1,random
3255,AGR,12,"2026-07-15 04:41:57",97.2,0.711376,4.23936,5.697,0.68030303,0.04412424,0.463311,0.037693,0.36702,0.25532,0.37766,200,100,dp,41,188,10,1,random
3256,AGR,13,"2026-07-15 04:42:06",106.3,0.721973,4.40015,5.697,0.66772728,0.08094848,0.506236,0.069704,0.32979,0.31915,0.35106,200,100,dp,41,188,10,1,random
3257,AGR,14,"2026-07-15 04:42:15",115.5,0.733261,4.57166,5.6667,0.69181818,0.05733636,0.584745,0.050981,0.30481,0.35829,0.3369,200,100,dp,41,187,10,1,random
3258,AGR,15,"2026-07-15 04:42:24",124.7,0.744403,4.74504,5.6667,0.69439394,0.07142121,0.678012,0.062001,0.27807,0.45989,0.26203,200,100,dp,41,187,10,1,random
3259,AGR,16,"2026-07-15 04:42:34",133.8,0.750709,4.86892,5.6667,0.70893939,0.05703636,0.842764,0.053005,0.25134,0.49733,0.25134,200,100,dp,41,187,10,1,random
3260,AGR,17,"2026-07-15 04:42:43",142.9,0.756712,4.97737,5.6667,0.70378788,0.0736,0.865787,0.067499,0.23529,0.5615,0.20321,200,100,dp,41,187,10,1,random
3261,AGR,18,"2026-07-15 04:42:52",152.2,0.7637,5.09237,5.6667,0.71954546,0.06021818,0.994468,0.054727,0.19786,0.58824,0.2139,200,100,dp,41,187,10,1,random
3262,AGR,19,"2026-07-15 04:43:01",161.4,0.768339,5.18079,5.6667,0.71469698,0.07173939,0.940986,0.068001,0.16578,0.6631,0.17112,200,100,dp,41,187,10,1,random
3263,AGR,20,"2026-07-15 04:43:10",170.6,0.772291,5.25123,5.6667,0.72151515,0.06971212,1.04817,0.064517,0.13904,0.71123,0.14973,200,100,dp,41,187,10,1,random
3264,RANDOM,1,"2026-07-15 04:43:19",4.5,0.502906,2.30294,5.7879,0.51818182,-0.02540909,0.210245,-0.027051,0.61257,0.09424,0.29319,200,100,dp,41,191,10,1,random
3265,RANDOM,2,"2026-07-15 04:43:23",8.6,0.502924,2.30448,5.5152,0.50378788,-0.00548788,0.223953,0.001968,0.58242,0.12637,0.29121,200,100,dp,41,182,10,1,random
3266,RANDOM,3,"2026-07-15 04:43:27",12.6,0.502985,2.29835,5.4545,0.50212121,0.00239697,0.234843,0.004192,0.58889,0.13333,0.27778,200,100,dp,41,180,10,1,random
3267,RANDOM,4,"2026-07-15 04:43:31",16.8,0.499421,2.28459,5.3636,0.50363637,-0.01063636,0.256631,-0.001561,0.58757,0.11864,0.29379,200,100,dp,41,177,10,1,random
3268,RANDOM,5,"2026-07-15 04:43:36",21,0.500155,2.29592,5.2424,0.50015152,-0.00167576,0.244271,0.001665,0.58382,0.11561,0.30058,200,100,dp,41,173,10,1,random
3269,RANDOM,6,"2026-07-15 04:43:40",25.3,0.501152,2.28995,5.1212,0.51,-0.01822727,0.242624,-0.015506,0.57396,0.13018,0.29586,200,100,dp,41,169,10,1,random
3270,RANDOM,7,"2026-07-15 04:43:46",31.1,0.497906,2.27635,5.0303,0.50287879,-0.01143636,0.257565,-0.003837,0.57229,0.13253,0.29518,200,100,dp,41,166,10,1,random
3271,RANDOM,8,"2026-07-15 04:43:52",36.9,0.500067,2.28103,4.9697,0.5130303,-0.02327879,0.270347,-0.025526,0.57317,0.12805,0.29878,200,100,dp,41,164,10,1,random
3272,RANDOM,9,"2026-07-15 04:43:58",43,0.500045,2.28699,4.8485,0.50848485,-0.01742424,0.266922,-0.01437,0.55625,0.1375,0.30625,200,100,dp,41,160,10,1,random
3273,RANDOM,10,"2026-07-15 04:44:04",49.1,0.500164,2.28291,4.7879,0.49742424,0.00378485,0.266389,0.008055,0.55063,0.13924,0.31013,200,100,dp,41,158,10,1,random
3274,RANDOM,11,"2026-07-15 04:44:10",55.3,0.495848,2.2607,4.7273,0.4880303,0.0157303,0.261352,0.022671,0.55769,0.14103,0.30128,200,100,dp,41,156,10,1,random
3275,RANDOM,12,"2026-07-15 04:44:16",61.5,0.495345,2.25341,4.697,0.49893939,-0.00904545,0.285769,-0.003001,0.54839,0.14194,0.30968,200,100,dp,41,155,10,1,random
3276,RANDOM,13,"2026-07-15 04:44:22",67.5,0.495436,2.24816,4.6667,0.49515152,-0.00436364,0.273664,0.004502,0.54545,0.14935,0.30519,200,100,dp,41,154,10,1,random
3277,RANDOM,14,"2026-07-15 04:44:28",73.6,0.494676,2.23196,4.6061,0.49212122,0.00306364,0.281847,0.008578,0.54605,0.13816,0.31579,200,100,dp,41,152,10,1,random
3278,RANDOM,15,"2026-07-15 04:44:34",79.6,0.492082,2.21685,4.5455,0.49621212,-0.01026364,0.272595,-0.003527,0.54667,0.15333,0.3,200,100,dp,41,150,10,1,random
3279,RANDOM,16,"2026-07-15 04:44:40",85.7,0.487761,2.19818,4.4242,0.49696969,-0.0123303,0.290487,-0.011459,0.5411,0.15753,0.30137,200,100,dp,41,146,10,1,random
3280,RANDOM,17,"2026-07-15 04:44:46",91.7,0.489018,2.21209,4.3939,0.49712122,-0.01651515,0.303911,-0.015482,0.55172,0.14483,0.30345,200,100,dp,41,145,10,1,random
3281,RANDOM,18,"2026-07-15 04:44:53",97.9,0.492215,2.22103,4.3333,0.50106061,-0.02021212,0.315259,-0.016937,0.55245,0.13287,0.31469,200,100,dp,41,143,10,1,random
3282,RANDOM,19,"2026-07-15 04:44:59",104,0.487073,2.19675,4.2121,0.48666667,0.00496667,0.298558,0.009295,0.56835,0.11511,0.31655,200,100,dp,41,139,10,1,random
3283,RANDOM,20,"2026-07-15 04:45:05",110,0.487688,2.19877,4.1515,0.49378788,-0.0130697,0.32347,-0.009865,0.52555,0.16058,0.31387,200,100,dp,41,137,10,1,random
3284,OI,1,"2026-07-15 04:50:10",5.5,0.532258,2.4854,5.5455,0.53393939,0.00193333,0.286893,-0.027795,0.5847,0.10383,0.31148,200,100,dp,42,183,10,1,random
3285,OI,2,"2026-07-15 04:50:14",10.3,0.561548,2.67694,5.4242,0.56560606,-0.01060909,0.303884,-0.029904,0.53631,0.12849,0.3352,200,100,dp,42,179,10,1,random
3286,OI,3,"2026-07-15 04:50:19",15.2,0.588018,2.85071,5.3939,0.5940909,-0.00973636,0.319191,-0.030513,0.52247,0.10112,0.3764,200,100,dp,42,178,10,1,random
3287,OI,4,"2026-07-15 04:50:24",19.9,0.612288,3.04205,5.303,0.6110606,0.00372121,0.309263,-0.015297,0.49143,0.18857,0.32,200,100,dp,42,175,10,1,random
3288,OI,5,"2026-07-15 04:50:29",25.1,0.634545,3.21332,5.303,0.64121212,-0.01016061,0.448816,-0.025487,0.45143,0.22857,0.32,200,100,dp,42,175,10,1,random
3289,OI,6,"2026-07-15 04:50:34",29.9,0.657658,3.40872,5.2727,0.66545455,-0.01218485,0.478998,-0.026886,0.44253,0.23563,0.32184,200,100,dp,42,174,10,1,random
3290,OI,7,"2026-07-15 04:50:39",34.5,0.676858,3.60116,5.2727,0.68030303,-0.00066061,0.571101,-0.016603,0.3908,0.24713,0.36207,200,100,dp,42,174,10,1,random
3291,OI,8,"2026-07-15 04:50:43",39.2,0.692382,3.77333,5.2424,0.69575758,-0.00104545,0.537332,-0.013943,0.34682,0.34104,0.31214,200,100,dp,42,173,10,1,random
3292,OI,9,"2026-07-15 04:50:48",43.8,0.708364,3.96539,5.2424,0.70545454,0.00311212,0.651196,-0.005097,0.30636,0.43353,0.26012,200,100,dp,42,173,10,1,random
3293,OI,10,"2026-07-15 04:50:52",48.4,0.721897,4.12339,5.2424,0.69833334,0.03246667,0.773476,0.025435,0.28902,0.45665,0.25434,200,100,dp,42,173,10,1,random
3294,OI,11,"2026-07-15 04:50:57",53,0.735088,4.2871,5.2424,0.72424242,0.01500909,0.828095,0.007709,0.24277,0.55491,0.20231,200,100,dp,42,173,10,1,random
3295,OI,12,"2026-07-15 04:51:02",57.7,0.746767,4.46091,5.2424,0.75484848,-0.01107576,0.9385,-0.016971,0.21965,0.56069,0.21965,200,100,dp,42,173,10,1,random
3296,OI,13,"2026-07-15 04:51:06",62.3,0.75547,4.59717,5.2424,0.75106061,0.00689091,0.955972,0.001746,0.18497,0.63006,0.18497,200,100,dp,42,173,10,1,random
3297,OI,14,"2026-07-15 04:51:11",67,0.762145,4.71857,5.2424,0.76333334,-0.00078182,1.11635,-0.003891,0.15607,0.6763,0.16763,200,100,dp,42,173,10,1,random
3298,OI,15,"2026-07-15 04:51:16",71.6,0.767815,4.81154,5.2424,0.76878788,-0.00272424,1.146,-0.0028,0.12139,0.7341,0.14451,200,100,dp,42,173,10,1,random
3299,OI,16,"2026-07-15 04:51:20",76.3,0.772236,4.91085,5.2424,0.7619697,0.01186667,1.24229,0.01217,0.10983,0.76301,0.12717,200,100,dp,42,173,10,1,random
3300,OI,17,"2026-07-15 04:51:25",80.9,0.774279,4.97936,5.2424,0.77560606,-0.00204545,1.29508,-0.001608,0.08092,0.83237,0.08671,200,100,dp,42,173,10,1,random
3301,OI,18,"2026-07-15 04:51:30",85.6,0.776773,5.05139,5.2121,0.77227272,0.00565152,1.54926,0.005673,0.06395,0.86628,0.06977,200,100,dp,42,172,10,1,random
3302,OI,19,"2026-07-15 04:51:34",90.3,0.777915,5.08267,5.2121,0.79045455,-0.01677879,1.7519,-0.015031,0.0407,0.92442,0.03488,200,100,dp,42,172,10,1,random
3303,OI,20,"2026-07-15 04:51:39",95,0.778827,5.09284,5.2121,0.78606061,-0.00946667,2.37018,-0.008352,0.0407,0.92442,0.03488,200,100,dp,42,172,10,1,random
3304,IR,1,"2026-07-15 04:51:47",4.6,0.509539,2.34684,5.4545,0.56863637,-0.10429394,0.24339,-0.122235,0.59444,0.11111,0.29444,200,100,dp,42,180,10,1,random
3305,IR,2,"2026-07-15 04:51:51",8.6,0.520582,2.40199,5.3636,0.59045455,-0.12368788,0.25864,-0.143251,0.58757,0.10169,0.31073,200,100,dp,42,177,10,1,random
3306,IR,3,"2026-07-15 04:51:55",12.8,0.529442,2.43556,5.2424,0.59863636,-0.12025758,0.260036,-0.137534,0.5896,0.09249,0.31792,200,100,dp,42,173,10,1,random
3307,IR,4,"2026-07-15 04:51:59",17,0.543021,2.50468,5.0909,0.61136364,-0.1155303,0.277634,-0.137669,0.56548,0.10714,0.32738,200,100,dp,42,168,10,1,random
3308,IR,5,"2026-07-15 04:52:04",21.4,0.549576,2.53099,5.0606,0.6210606,-0.12044849,0.283356,-0.134949,0.55689,0.11377,0.32934,200,100,dp,42,167,10,1,random
3309,IR,6,"2026-07-15 04:52:08",25.8,0.556642,2.55049,5.0303,0.62681818,-0.12194849,0.290219,-0.13147,0.56024,0.10843,0.33133,200,100,dp,42,166,10,1,random
3310,IR,7,"2026-07-15 04:52:14",31.6,0.563524,2.57826,5,0.63893939,-0.12966364,0.293076,-0.138915,0.56364,0.09091,0.34545,200,100,dp,42,165,10,1,random
3311,IR,8,"2026-07-15 04:52:20",37.6,0.572276,2.62541,4.9394,0.64196969,-0.11978788,0.291565,-0.128299,0.53988,0.1227,0.33742,200,100,dp,42,163,10,1,random
3312,IR,9,"2026-07-15 04:52:26",43.7,0.580527,2.66079,4.9394,0.65454545,-0.12009394,0.313855,-0.134336,0.53988,0.1227,0.33742,200,100,dp,42,163,10,1,random
3313,IR,10,"2026-07-15 04:52:32",49.8,0.585185,2.68982,4.9091,0.64924242,-0.11080303,0.330995,-0.112254,0.52469,0.11111,0.3642,200,100,dp,42,162,10,1,random
3314,IR,11,"2026-07-15 04:52:38",55.8,0.592539,2.72612,4.9091,0.66060606,-0.11477273,0.29965,-0.12057,0.51235,0.12346,0.3642,200,100,dp,42,162,10,1,random
3315,IR,12,"2026-07-15 04:52:44",61.9,0.599033,2.75343,4.8485,0.6769697,-0.12814242,0.300052,-0.134901,0.5,0.15,0.35,200,100,dp,42,160,10,1,random
3316,IR,13,"2026-07-15 04:52:50",68.1,0.605012,2.78203,4.7576,0.68318182,-0.13101212,0.333455,-0.133593,0.48408,0.15287,0.36306,200,100,dp,42,157,10,1,random
3317,IR,14,"2026-07-15 04:52:56",74.1,0.611239,2.81958,4.7576,0.69484848,-0.13849394,0.326816,-0.141266,0.47771,0.15924,0.36306,200,100,dp,42,157,10,1,random
3318,IR,15,"2026-07-15 04:53:03",80.2,0.617873,2.86439,4.7273,0.68393939,-0.10686061,0.344847,-0.111609,0.46795,0.17308,0.35897,200,100,dp,42,156,10,1,random
3319,IR,16,"2026-07-15 04:53:09",86.3,0.619921,2.88738,4.7273,0.6930303,-0.12157576,0.368539,-0.118218,0.46154,0.17308,0.36538,200,100,dp,42,156,10,1,random
3320,IR,17,"2026-07-15 04:53:15",92.5,0.62197,2.89292,4.697,0.69409091,-0.11788788,0.364408,-0.11655,0.47097,0.16129,0.36774,200,100,dp,42,155,10,1,random
3321,IR,18,"2026-07-15 04:53:21",98.7,0.629252,2.94036,4.6364,0.70409091,-0.12638788,0.381168,-0.12414,0.46405,0.16993,0.36601,200,100,dp,42,153,10,1,random
3322,IR,19,"2026-07-15 04:53:27",104.9,0.633555,2.95763,4.6061,0.70848485,-0.1210303,0.399077,-0.12081,0.45395,0.15789,0.38816,200,100,dp,42,152,10,1,random
3323,IR,20,"2026-07-15 04:53:34",111.1,0.635794,2.96842,4.6061,0.70954545,-0.11834849,0.369646,-0.116629,0.45395,0.17105,0.375,200,100,dp,42,152,10,1,random
3324,AGR,1,"2026-07-15 04:53:42",7.7,0.524021,2.44592,5.4242,0.48636364,0.06022424,0.266316,0.055903,0.58659,0.11173,0.30168,200,100,dp,42,179,10,1,random
3325,AGR,2,"2026-07-15 04:53:49",14.6,0.547267,2.59308,5.303,0.49469697,0.0927,0.299779,0.08029,0.56571,0.11429,0.32,200,100,dp,42,175,10,1,random
3326,AGR,3,"2026-07-15 04:53:56",21.6,0.56383,2.72955,5.2727,0.52181818,0.0712,0.31063,0.064988,0.55172,0.12069,0.32759,200,100,dp,42,174,10,1,random
3327,AGR,4,"2026-07-15 04:54:03",28.6,0.581903,2.87243,5.2424,0.53787879,0.07445758,0.339106,0.064015,0.53179,0.12139,0.34682,200,100,dp,42,173,10,1,random
3328,AGR,5,"2026-07-15 04:54:10",35.8,0.600279,3.03794,5.2424,0.56484848,0.04998485,0.336275,0.047212,0.50289,0.15607,0.34104,200,100,dp,42,173,10,1,random
3329,AGR,6,"2026-07-15 04:54:17",43.2,0.617612,3.19386,5.2121,0.57575757,0.06881515,0.384068,0.05688,0.48256,0.17442,0.34302,200,100,dp,42,172,10,1,random
3330,AGR,7,"2026-07-15 04:54:26",52.1,0.634852,3.37327,5.1818,0.60121212,0.04949091,0.419057,0.042417,0.45614,0.18713,0.35673,200,100,dp,42,171,10,1,random
3331,AGR,8,"2026-07-15 04:54:35",60.8,0.651491,3.53629,5.1818,0.59424242,0.08689394,0.428783,0.078216,0.42105,0.23392,0.34503,200,100,dp,42,171,10,1,random
3332,AGR,9,"2026-07-15 04:54:44",69.7,0.664333,3.69112,5.1515,0.61666667,0.07082121,0.48189,0.064603,0.38235,0.28824,0.32941,200,100,dp,42,170,10,1,random
3333,AGR,10,"2026-07-15 04:54:53",78.8,0.681679,3.85861,5.1515,0.63848485,0.06660303,0.549538,0.053426,0.36471,0.31176,0.32353,200,100,dp,42,170,10,1,random
3334,AGR,11,"2026-07-15 04:55:02",87.8,0.694988,4.00804,5.1515,0.63666667,0.08475455,0.595883,0.076777,0.34706,0.32941,0.32353,200,100,dp,42,170,10,1,random
3335,AGR,12,"2026-07-15 04:55:11",97.1,0.707703,4.13266,5.1515,0.66893939,0.05353636,0.63173,0.04795,0.31765,0.38235,0.3,200,100,dp,42,170,10,1,random
3336,AGR,13,"2026-07-15 04:55:21",106.4,0.721439,4.29641,5.1515,0.68181818,0.05910909,0.709945,0.047464,0.3,0.46471,0.23529,200,100,dp,42,170,10,1,random
3337,AGR,14,"2026-07-15 04:55:30",115.8,0.731918,4.41619,5.1515,0.68560606,0.06519394,0.905845,0.058173,0.27059,0.51765,0.21176,200,100,dp,42,170,10,1,random
3338,AGR,15,"2026-07-15 04:55:39",125,0.741245,4.52262,5.1515,0.69378788,0.06793333,0.990675,0.059738,0.23529,0.58824,0.17647,200,100,dp,42,170,10,1,random
3339,AGR,16,"2026-07-15 04:55:48",134.2,0.750088,4.64143,5.1515,0.70090909,0.06841818,1.09449,0.061434,0.18235,0.67647,0.14118,200,100,dp,42,170,10,1,random
3340,AGR,17,"2026-07-15 04:55:58",143.4,0.756815,4.71377,5.1515,0.71121212,0.06359394,1.18836,0.057634,0.17059,0.67647,0.15294,200,100,dp,42,170,10,1,random
3341,AGR,18,"2026-07-15 04:56:07",152.7,0.762703,4.79954,5.1515,0.71272727,0.06746364,1.19539,0.063139,0.15294,0.69412,0.15294,200,100,dp,42,170,10,1,random
3342,AGR,19,"2026-07-15 04:56:16",162.1,0.767273,4.87601,5.1515,0.71984848,0.06557576,1.25925,0.06004,0.11765,0.79412,0.08824,200,100,dp,42,170,10,1,random
3343,AGR,20,"2026-07-15 04:56:26",171.4,0.770848,4.92731,5.1515,0.70909091,0.08357273,1.40303,0.079168,0.08824,0.81765,0.09412,200,100,dp,42,170,10,1,random
3344,RANDOM,1,"2026-07-15 04:56:35",4.8,0.496803,2.28075,5.4242,0.4989394,-0.00656364,0.22946,0.004002,0.60335,0.11173,0.28492,200,100,dp,42,179,10,1,random
3345,RANDOM,2,"2026-07-15 04:56:39",9,0.491488,2.24025,5.2121,0.49212121,-0.00581212,0.237492,0.007592,0.60465,0.11047,0.28488,200,100,dp,42,172,10,1,random
3346,RANDOM,3,"2026-07-15 04:56:43",13.4,0.493518,2.24552,5.1212,0.49424242,0.00095758,0.258942,0.00027,0.59763,0.10651,0.29586,200,100,dp,42,169,10,1,random
3347,RANDOM,4,"2026-07-15 04:56:48",17.7,0.495306,2.24665,5.0303,0.49348485,0.00596667,0.251835,0.00466,0.58434,0.12048,0.29518,200,100,dp,42,166,10,1,random
3348,RANDOM,5,"2026-07-15 04:56:52",22,0.496318,2.25808,4.9697,0.495,0.00241515,0.263491,0.004652,0.58537,0.12195,0.29268,200,100,dp,42,164,10,1,random
3349,RANDOM,6,"2026-07-15 04:56:56",26.4,0.492424,2.2362,4.8788,0.49742424,-0.00991515,0.272638,-0.002857,0.58385,0.11801,0.29814,200,100,dp,42,161,10,1,random
3350,RANDOM,7,"2026-07-15 04:57:02",32.3,0.488827,2.22267,4.8485,0.48954546,-0.00506061,0.267767,0.005534,0.5875,0.10625,0.30625,200,100,dp,42,160,10,1,random
3351,RANDOM,8,"2026-07-15 04:57:08",38.3,0.48653,2.21377,4.697,0.48666667,-0.00029091,0.262577,0.005335,0.6,0.10323,0.29677,200,100,dp,42,155,10,1,random
3352,RANDOM,9,"2026-07-15 04:57:14",44.5,0.484485,2.20887,4.5758,0.49166666,-0.01374242,0.290643,-0.009381,0.5894,0.12583,0.28477,200,100,dp,42,151,10,1,random
3353,RANDOM,10,"2026-07-15 04:57:21",50.6,0.486461,2.21013,4.5152,0.47893939,0.01208485,0.331637,0.016135,0.57718,0.14094,0.28188,200,100,dp,42,149,10,1,random
3354,RANDOM,11,"2026-07-15 04:57:27",56.8,0.480409,2.18177,4.5152,0.48424242,-0.01272727,0.332507,0.001237,0.59732,0.11409,0.28859,200,100,dp,42,149,10,1,random
3355,RANDOM,12,"2026-07-15 04:57:33",63,0.480918,2.18225,4.4545,0.47469697,0.01153636,0.329911,0.015669,0.58503,0.11565,0.29932,200,100,dp,42,147,10,1,random
3356,RANDOM,13,"2026-07-15 04:57:39",69.2,0.482258,2.18668,4.4545,0.48575757,-0.01197879,0.319126,-0.004775,0.58503,0.10884,0.30612,200,100,dp,42,147,10,1,random
3357,RANDOM,14,"2026-07-15 04:57:45",75.4,0.480024,2.17871,4.3636,0.48696969,-0.02072121,0.303452,-0.008627,0.56944,0.11806,0.3125,200,100,dp,42,144,10,1,random
3358,RANDOM,15,"2026-07-15 04:57:52",81.8,0.477197,2.15916,4.3636,0.46909091,0.01702121,0.300922,0.023556,0.56944,0.11806,0.3125,200,100,dp,42,144,10,1,random
3359,RANDOM,16,"2026-07-15 04:57:58",88.1,0.474842,2.14787,4.303,0.47863636,-0.01104849,0.283811,-0.002505,0.57746,0.10563,0.3169,200,100,dp,42,142,10,1,random
3360,RANDOM,17,"2026-07-15 04:58:04",94.4,0.470612,2.11906,4.303,0.47166667,0.00568788,0.28102,0.004205,0.58451,0.10563,0.30986,200,100,dp,42,142,10,1,random
3361,RANDOM,18,"2026-07-15 04:58:11",100.6,0.4701,2.1173,4.303,0.47560606,-0.01690303,0.290942,-0.007173,0.58451,0.11972,0.29577,200,100,dp,42,142,10,1,random
3362,RANDOM,19,"2026-07-15 04:58:17",106.9,0.4736,2.13269,4.303,0.47015151,0.00386061,0.323112,0.008029,0.59859,0.09155,0.30986,200,100,dp,42,142,10,1,random
3363,RANDOM,20,"2026-07-15 04:58:23",113.2,0.473645,2.12419,4.2121,0.48181818,-0.01406364,0.296541,-0.013683,0.58273,0.10791,0.30935,200,100,dp,42,139,10,1,random
3364,OI,1,"2026-07-15 04:58:43",4.9,0.532258,2.48124,5.697,0.53848485,-0.00707273,0.307154,-0.038319,0.57979,0.13298,0.28723,200,100,dp,43,188,10,1,random
3365,OI,2,"2026-07-15 04:58:48",9.3,0.562436,2.66221,5.6061,0.57060607,-0.0123697,0.340235,-0.038611,0.54595,0.12432,0.32973,200,100,dp,43,185,10,1,random
3366,OI,3,"2026-07-15 04:58:52",13.6,0.589318,2.84892,5.5758,0.59090909,-0.00761515,0.30807,-0.022474,0.52717,0.125,0.34783,200,100,dp,43,184,10,1,random
3367,OI,4,"2026-07-15 04:58:56",18.1,0.612573,3.02921,5.4545,0.61484848,-0.00578182,0.325131,-0.020189,0.49444,0.14444,0.36111,200,100,dp,43,180,10,1,random
3368,OI,5,"2026-07-15 04:59:01",22.6,0.635788,3.20875,5.4242,0.64439394,-0.01461818,0.384711,-0.030017,0.47486,0.17318,0.35196,200,100,dp,43,179,10,1,random
3369,OI,6,"2026-07-15 04:59:05",27.2,0.657545,3.40922,5.4242,0.66045454,-0.00477576,0.451768,-0.018464,0.45251,0.20112,0.34637,200,100,dp,43,179,10,1,random
3370,OI,7,"2026-07-15 04:59:12",33.3,0.676273,3.61353,5.3939,0.66772727,0.00786667,0.487732,0.001534,0.40449,0.27528,0.32022,200,100,dp,43,178,10,1,random
3371,OI,8,"2026-07-15 04:59:18",39.4,0.693579,3.81466,5.3939,0.70484849,-0.01789394,0.580219,-0.0263,0.35955,0.30899,0.33146,200,100,dp,43,178,10,1,random
3372,OI,9,"2026-07-15 04:59:24",45.8,0.711448,4.02274,5.3939,0.71257576,-0.00253939,0.598258,-0.012031,0.33146,0.37079,0.29775,200,100,dp,43,178,10,1,random
3373,OI,10,"2026-07-15 04:59:30",52.1,0.728424,4.26293,5.3939,0.72742424,-0.00015758,0.707892,-0.008036,0.28652,0.46067,0.25281,200,100,dp,43,178,10,1,random
3374,OI,11,"2026-07-15 04:59:37",58.6,0.741021,4.46075,5.3636,0.74393939,-0.00511212,0.861048,-0.010378,0.24859,0.50282,0.24859,200,100,dp,43,177,10,1,random
3375,OI,12,"2026-07-15 04:59:43",64.9,0.752161,4.63984,5.3636,0.76287879,-0.01468485,0.898733,-0.020015,0.24294,0.54237,0.21469,200,100,dp,43,177,10,1,random
3376,OI,13,"2026-07-15 04:59:50",71.5,0.760533,4.79972,5.3636,0.76272727,-0.00373939,1.09749,-0.006335,0.19774,0.63277,0.16949,200,100,dp,43,177,10,1,random
3377,OI,14,"2026-07-15 04:59:56",77.9,0.766442,4.91708,5.3636,0.76651516,-0.00263939,1.27476,-0.001921,0.15254,0.70056,0.14689,200,100,dp,43,177,10,1,random
3378,OI,15,"2026-07-15 05:00:03",84.5,0.771045,4.99361,5.3636,0.77863636,-0.01125152,1.3396,-0.010352,0.12429,0.74011,0.13559,200,100,dp,43,177,10,1,random
3379,OI,16,"2026-07-15 05:00:10",91.8,0.774139,5.07388,5.3636,0.77954545,-0.0064697,1.36524,-0.00731,0.07345,0.82486,0.10169,200,100,dp,43,177,10,1,random
3380,OI,17,"2026-07-15 05:00:17",98.4,0.775521,5.12604,5.3636,0.78257576,-0.01078182,1.26994,-0.008518,0.07345,0.84746,0.0791,200,100,dp,43,177,10,1,random
3381,OI,18,"2026-07-15 05:00:23",104.9,0.777309,5.18097,5.3636,0.78348485,-0.00979394,1.60268,-0.007387,0.0678,0.86441,0.0678,200,100,dp,43,177,10,1,random
3382,OI,19,"2026-07-15 05:00:30",111.4,0.778648,5.22151,5.3636,0.78136364,-0.0033303,1.9017,-0.002672,0.05085,0.88701,0.06215,200,100,dp,43,177,10,1,random
3383,OI,20,"2026-07-15 05:00:36",117.8,0.779915,5.26139,5.3636,0.77212121,0.01021818,1.9362,0.01073,0.05085,0.9209,0.02825,200,100,dp,43,177,10,1,random
3384,IR,1,"2026-07-15 05:00:45",5.3,0.509236,2.35158,5.6061,0.56515151,-0.0985,0.264159,-0.117522,0.6,0.11351,0.28649,200,100,dp,43,185,10,1,random
3385,IR,2,"2026-07-15 05:00:50",10,0.521576,2.42236,5.5152,0.58454546,-0.0998,0.275147,-0.132042,0.59341,0.09341,0.31319,200,100,dp,43,182,10,1,random
3386,IR,3,"2026-07-15 05:00:54",14.8,0.531158,2.47636,5.3636,0.5930303,-0.1059303,0.258719,-0.124808,0.58192,0.10169,0.31638,200,100,dp,43,177,10,1,random
3387,IR,4,"2026-07-15 05:00:59",19.6,0.54007,2.52418,5.2727,0.60969697,-0.1186697,0.278747,-0.135798,0.55747,0.11494,0.32759,200,100,dp,43,174,10,1,random
3388,IR,5,"2026-07-15 05:01:04",24.6,0.545642,2.55015,5.1515,0.61181818,-0.11150606,0.266607,-0.125094,0.55294,0.11765,0.32941,200,100,dp,43,170,10,1,random
3389,IR,6,"2026-07-15 05:01:09",29.5,0.553548,2.58667,5.0909,0.61878788,-0.11001515,0.286505,-0.123878,0.54167,0.11905,0.33929,200,100,dp,43,168,10,1,random
3390,IR,7,"2026-07-15 05:01:16",36,0.564167,2.65051,5.0606,0.62439393,-0.10521515,0.290517,-0.115716,0.53293,0.13174,0.33533,200,100,dp,43,167,10,1,random
3391,IR,8,"2026-07-15 05:01:22",42.5,0.570536,2.68542,5.0606,0.63681818,-0.11045152,0.312464,-0.120987,0.53892,0.13772,0.32335,200,100,dp,43,167,10,1,random
3392,IR,9,"2026-07-15 05:01:29",49.2,0.576476,2.70855,5.0303,0.64833333,-0.12081212,0.334974,-0.128878,0.5241,0.13855,0.33735,200,100,dp,43,166,10,1,random
3393,IR,10,"2026-07-15 05:01:36",55.9,0.583203,2.72577,5.0303,0.65530303,-0.12015455,0.322985,-0.128467,0.5241,0.12651,0.3494,200,100,dp,43,166,10,1,random
3394,IR,11,"2026-07-15 05:01:42",62.6,0.592882,2.7824,4.9697,0.65924243,-0.11073636,0.324987,-0.119301,0.51829,0.15244,0.32927,200,100,dp,43,164,10,1,random
3395,IR,12,"2026-07-15 05:01:49",69.3,0.599764,2.81673,4.9697,0.66484848,-0.10758788,0.38256,-0.11329,0.5122,0.16463,0.32317,200,100,dp,43,164,10,1,random
3396,IR,13,"2026-07-15 05:01:56",76,0.601876,2.82577,4.9091,0.67742425,-0.12296061,0.386674,-0.126161,0.52469,0.12346,0.35185,200,100,dp,43,162,10,1,random
3397,IR,14,"2026-07-15 05:02:02",82.7,0.606882,2.84704,4.9091,0.67575758,-0.11526061,0.362539,-0.116069,0.51235,0.15432,0.33333,200,100,dp,43,162,10,1,random
3398,IR,15,"2026-07-15 05:02:09",89.4,0.613309,2.88875,4.8788,0.68257575,-0.10615455,0.397233,-0.116769,0.50932,0.13043,0.36025,200,100,dp,43,161,10,1,random
3399,IR,16,"2026-07-15 05:02:16",96.2,0.617576,2.91081,4.8485,0.68909091,-0.11721212,0.353804,-0.118131,0.50625,0.1375,0.35625,200,100,dp,43,160,10,1,random
3400,IR,17,"2026-07-15 05:02:23",102.9,0.622861,2.93997,4.7576,0.69742424,-0.12185758,0.372823,-0.12311,0.49682,0.1465,0.35669,200,100,dp,43,157,10,1,random
3401,IR,18,"2026-07-15 05:02:29",109.7,0.626167,2.96733,4.7576,0.69484848,-0.10909091,0.392659,-0.110912,0.47771,0.18471,0.33758,200,100,dp,43,157,10,1,random
3402,IR,19,"2026-07-15 05:02:36",116.4,0.632664,3.00344,4.7273,0.71,-0.12417576,0.443435,-0.126659,0.45513,0.19872,0.34615,200,100,dp,43,156,10,1,random
3403,IR,20,"2026-07-15 05:02:43",123.1,0.635421,3.01585,4.6061,0.71181818,-0.12107576,0.428065,-0.121204,0.46053,0.20395,0.33553,200,100,dp,43,152,10,1,random
3404,AGR,1,"2026-07-15 05:02:54",7.4,0.521424,2.43685,5.6667,0.47439394,0.08578788,0.284683,0.075313,0.59358,0.1016,0.30481,200,100,dp,43,187,10,1,random
3405,AGR,2,"2026-07-15 05:03:01",14.4,0.542506,2.56932,5.5758,0.50136364,0.06683636,0.273828,0.06184,0.58696,0.09239,0.32065,200,100,dp,43,184,10,1,random
3406,AGR,3,"2026-07-15 05:03:08",21.4,0.563915,2.71609,5.5758,0.51121212,0.09157576,0.293624,0.078786,0.57609,0.07609,0.34783,200,100,dp,43,184,10,1,random
3407,AGR,4,"2026-07-15 05:03:15",28.7,0.583833,2.86496,5.5455,0.54318182,0.07086061,0.285524,0.055323,0.54645,0.12568,0.32787,200,100,dp,43,183,10,1,random
3408,AGR,5,"2026-07-15 05:03:23",35.9,0.6022,3.05304,5.5455,0.57030303,0.04805758,0.350691,0.041389,0.51366,0.13661,0.34973,200,100,dp,43,183,10,1,random
3409,AGR,6,"2026-07-15 05:03:30",43.2,0.619873,3.22803,5.5455,0.57954545,0.06141515,0.346282,0.054355,0.49727,0.13661,0.36612,200,100,dp,43,183,10,1,random
3410,AGR,7,"2026-07-15 05:03:39",52.2,0.634685,3.40262,5.5455,0.59469697,0.0576303,0.334726,0.054955,0.48087,0.14208,0.37705,200,100,dp,43,183,10,1,random
3411,AGR,8,"2026-07-15 05:03:48",61.2,0.652061,3.59446,5.5152,0.60878788,0.06384848,0.372778,0.055938,0.44505,0.16484,0.39011,200,100,dp,43,182,10,1,random
3412,AGR,9,"2026-07-15 05:03:57",70.4,0.664045,3.76731,5.5152,0.62212121,0.0633,0.384922,0.05662,0.43407,0.2033,0.36264,200,100,dp,43,182,10,1,random
3413,AGR,10,"2026-07-15 05:04:06",79.5,0.678091,3.9441,5.4848,0.62818181,0.07162424,0.461578,0.066313,0.40884,0.20994,0.38122,200,100,dp,43,181,10,1,random
3414,AGR,11,"2026-07-15 05:04:15",88.7,0.690058,4.08239,5.4848,0.65363637,0.05340303,0.459723,0.046466,0.36464,0.25414,0.38122,200,100,dp,43,181,10,1,random
3415,AGR,12,"2026-07-15 05:04:25",98,0.701397,4.21137,5.4848,0.64833334,0.07816667,0.482152,0.06944,0.33702,0.33702,0.32597,200,100,dp,43,181,10,1,random
3416,AGR,13,"2026-07-15 05:04:34",107.5,0.711549,4.35486,5.4848,0.65727272,0.07701515,0.584111,0.071681,0.33149,0.35359,0.31492,200,100,dp,43,181,10,1,random
3417,AGR,14,"2026-07-15 05:04:44",116.9,0.723873,4.51798,5.4848,0.69060606,0.0432,0.650999,0.039334,0.30387,0.40331,0.29282,200,100,dp,43,181,10,1,random
3418,AGR,15,"2026-07-15 05:04:53",126.3,0.73317,4.6385,5.4848,0.68545455,0.06624848,0.716976,0.060633,0.26519,0.45856,0.27624,200,100,dp,43,181,10,1,random
3419,AGR,16,"2026-07-15 05:05:02",135.6,0.7428,4.75859,5.4848,0.6839394,0.0811,0.76154,0.074667,0.24862,0.50276,0.24862,200,100,dp,43,181,10,1,random
3420,AGR,17,"2026-07-15 05:05:12",145,0.751345,4.86225,5.4848,0.70439394,0.06550606,0.85445,0.058479,0.21547,0.59116,0.19337,200,100,dp,43,181,10,1,random
3421,AGR,18,"2026-07-15 05:05:21",154.5,0.757903,4.95267,5.4848,0.6969697,0.08468788,0.978127,0.077525,0.20994,0.61326,0.1768,200,100,dp,43,181,10,1,random
3422,AGR,19,"2026-07-15 05:05:31",164,0.764488,5.04525,5.4848,0.71590909,0.06610909,1.08221,0.060902,0.1768,0.67956,0.14365,200,100,dp,43,181,10,1,random
3423,AGR,20,"2026-07-15 05:05:40",173.4,0.769606,5.145,5.4848,0.71848485,0.07169697,1.1872,0.064371,0.1326,0.74033,0.12707,200,100,dp,43,181,10,1,random
3424,RANDOM,1,"2026-07-15 05:05:50",4.8,0.501455,2.31664,5.4848,0.51227273,-0.02156667,0.251797,-0.018645,0.60221,0.11602,0.28177,200,100,dp,43,181,10,1,random
3425,RANDOM,2,"2026-07-15 05:05:54",9.1,0.501382,2.30644,5.303,0.49757576,0.00228485,0.258006,0.01056,0.58857,0.12571,0.28571,200,100,dp,43,175,10,1,random
3426,RANDOM,3,"2026-07-15 05:05:59",13.5,0.499809,2.29882,5.2424,0.49409091,0.01297576,0.26417,0.015871,0.5896,0.11561,0.2948,200,100,dp,43,173,10,1,random
3427,RANDOM,4,"2026-07-15 05:06:03",17.8,0.500606,2.30953,5.0909,0.49060606,0.01582424,0.262031,0.023239,0.57738,0.10714,0.31548,200,100,dp,43,168,10,1,random
3428,RANDOM,5,"2026-07-15 05:06:07",22.1,0.497782,2.29608,4.9394,0.49651515,-0.00159091,0.239588,0.008012,0.57055,0.11656,0.31288,200,100,dp,43,163,10,1,random
3429,RANDOM,6,"2026-07-15 05:06:12",26.6,0.499376,2.30892,4.9091,0.50227273,-0.0051,0.259429,-0.004808,0.5679,0.11728,0.31481,200,100,dp,43,162,10,1,random
3430,RANDOM,7,"2026-07-15 05:06:18",32.5,0.493076,2.2972,4.8485,0.49621212,-0.00648485,0.253061,0.003721,0.56875,0.1,0.33125,200,100,dp,43,160,10,1,random
3431,RANDOM,8,"2026-07-15 05:06:24",38.5,0.49447,2.30478,4.7879,0.4969697,-0.00480606,0.243707,-0.002864,0.57595,0.09494,0.32911,200,100,dp,43,158,10,1,random
3432,RANDOM,9,"2026-07-15 05:06:30",44.8,0.493376,2.30414,4.7879,0.48954545,0.00972727,0.253401,0.011765,0.57595,0.08861,0.33544,200,100,dp,43,158,10,1,random
3433,RANDOM,10,"2026-07-15 05:06:36",51.1,0.49177,2.29889,4.697,0.49015152,0.00555455,0.239645,0.008505,0.57419,0.09032,0.33548,200,100,dp,43,155,10,1,random
3434,RANDOM,11,"2026-07-15 05:06:43",57.4,0.488952,2.284,4.6667,0.48833334,-0.00813939,0.245923,0.008107,0.57143,0.1039,0.32468,200,100,dp,43,154,10,1,random
3435,RANDOM,12,"2026-07-15 05:06:49",63.7,0.490482,2.28793,4.6667,0.49651515,-0.01710303,0.263701,-0.011116,0.57792,0.08442,0.33766,200,100,dp,43,154,10,1,random
3436,RANDOM,13,"2026-07-15 05:06:55",69.9,0.487212,2.2733,4.6061,0.49030303,0.00022424,0.246728,-0.000251,0.57237,0.09211,0.33553,200,100,dp,43,152,10,1,random
3437,RANDOM,14,"2026-07-15 05:07:01",76.2,0.485582,2.27284,4.5758,0.48530303,-0.00560909,0.252983,0.006254,0.57616,0.09272,0.33113,200,100,dp,43,151,10,1,random
3438,RANDOM,15,"2026-07-15 05:07:08",82.4,0.486676,2.27572,4.5152,0.48742425,-0.00283939,0.265208,0.000369,0.56376,0.10738,0.32886,200,100,dp,43,149,10,1,random
3439,RANDOM,16,"2026-07-15 05:07:14",88.7,0.482894,2.27043,4.4242,0.47954545,0.00514848,0.268518,0.014622,0.57534,0.08904,0.33562,200,100,dp,43,146,10,1,random
3440,RANDOM,17,"2026-07-15 05:07:20",94.9,0.480255,2.25944,4.3636,0.48454545,-0.00733636,0.269282,-0.003113,0.57639,0.09722,0.32639,200,100,dp,43,144,10,1,random
3441,RANDOM,18,"2026-07-15 05:07:26",101.2,0.476218,2.23869,4.3333,0.48212121,-0.01301515,0.281454,-0.005119,0.58042,0.0979,0.32168,200,100,dp,43,143,10,1,random
3442,RANDOM,19,"2026-07-15 05:07:33",107.4,0.472076,2.2243,4.303,0.47348485,-0.00056364,0.290894,0.004688,0.56338,0.11972,0.3169,200,100,dp,43,142,10,1,random
3443,RANDOM,20,"2026-07-15 05:07:39",113.6,0.47077,2.22649,4.2727,0.46590909,0.00799394,0.295445,0.015817,0.5461,0.12057,0.33333,200,100,dp,43,141,10,1,random
3444,OI,1,"2026-07-15 05:07:57",4.8,0.534358,2.46132,5.8788,0.54742424,-0.02157576,0.277025,-0.051027,0.58763,0.10309,0.30928,200,100,dp,44,194,10,1,random
3445,OI,2,"2026-07-15 05:08:02",9,0.562442,2.62238,5.7273,0.55924243,0.00203939,0.277223,-0.016839,0.55026,0.13757,0.31217,200,100,dp,44,189,10,1,random
3446,OI,3,"2026-07-15 05:08:06",13.3,0.592109,2.8068,5.697,0.59666667,-0.00232424,0.324425,-0.029648,0.53191,0.14362,0.32447,200,100,dp,44,188,10,1,random
3447,OI,4,"2026-07-15 05:08:10",17.6,0.616867,2.99377,5.6364,0.62045454,-0.01009697,0.339896,-0.023238,0.52151,0.11828,0.36022,200,100,dp,44,186,10,1,random
3448,OI,5,"2026-07-15 05:08:15",22,0.641055,3.18599,5.6364,0.64833333,-0.01204848,0.34709,-0.028005,0.49462,0.15054,0.35484,200,100,dp,44,186,10,1,random
3449,OI,6,"2026-07-15 05:08:19",26.5,0.662655,3.39665,5.6364,0.67227273,-0.01253939,0.419008,-0.02879,0.44624,0.20968,0.34409,200,100,dp,44,186,10,1,random
3450,OI,7,"2026-07-15 05:08:25",32.4,0.681952,3.60514,5.6061,0.68515151,-0.00313333,0.480406,-0.016595,0.4,0.27027,0.32973,200,100,dp,44,185,10,1,random
3451,OI,8,"2026-07-15 05:08:31",38.5,0.701682,3.81534,5.5758,0.69545454,0.01048788,0.537293,-0.002921,0.38043,0.27174,0.34783,200,100,dp,44,184,10,1,random
3452,OI,9,"2026-07-15 05:08:37",44.8,0.718939,4.04195,5.5758,0.71681818,0.00071515,0.557133,-0.007029,0.3587,0.32609,0.31522,200,100,dp,44,184,10,1,random
3453,OI,10,"2026-07-15 05:08:44",51,0.733209,4.23797,5.5455,0.7310606,0.00343636,0.669285,-0.004813,0.32787,0.40437,0.26776,200,100,dp,44,183,10,1,random
3454,OI,11,"2026-07-15 05:08:50",57.5,0.745067,4.4368,5.5455,0.73909091,0.00873333,0.820174,0.002062,0.31148,0.40984,0.27869,200,100,dp,44,183,10,1,random
3455,OI,12,"2026-07-15 05:08:56",63.8,0.756106,4.63182,5.5455,0.76272727,-0.00833636,0.819188,-0.013909,0.27869,0.43169,0.28962,200,100,dp,44,183,10,1,random
3456,OI,13,"2026-07-15 05:09:03",70.2,0.765306,4.8299,5.5455,0.77015152,-0.00542424,0.853466,-0.010424,0.23497,0.53005,0.23497,200,100,dp,44,183,10,1,random
3457,OI,14,"2026-07-15 05:09:09",76.5,0.773055,4.98179,5.5455,0.77136364,0.00159697,1.06842,-0.00061,0.19126,0.62295,0.18579,200,100,dp,44,183,10,1,random
3458,OI,15,"2026-07-15 05:09:15",82.8,0.778564,5.12606,5.5455,0.77090909,0.01184545,1.14195,0.007934,0.13661,0.72678,0.13661,200,100,dp,44,183,10,1,random
3459,OI,16,"2026-07-15 05:09:22",89.2,0.781876,5.21886,5.5455,0.77818182,0.00495758,1.21683,0.004243,0.10383,0.77049,0.12568,200,100,dp,44,183,10,1,random
3460,OI,17,"2026-07-15 05:09:28",95.5,0.784318,5.27708,5.5455,0.78348485,0.00369697,1.27343,0.001289,0.08743,0.8306,0.08197,200,100,dp,44,183,10,1,random
3461,OI,18,"2026-07-15 05:09:34",101.8,0.787203,5.33325,5.5455,0.79818182,-0.01376364,1.65228,-0.01405,0.06557,0.86885,0.06557,200,100,dp,44,183,10,1,random
3462,OI,19,"2026-07-15 05:09:41",108.1,0.789003,5.37095,5.5455,0.79757575,-0.01225455,1.83057,-0.009827,0.06557,0.88525,0.04918,200,100,dp,44,183,10,1,random
3463,OI,20,"2026-07-15 05:09:47",114.6,0.790403,5.40751,5.5455,0.79121213,-0.0012303,2.35934,-0.000231,0.04372,0.89071,0.06557,200,100,dp,44,183,10,1,random
3464,IR,1,"2026-07-15 05:09:56",5.1,0.516652,2.36364,5.7576,0.58409091,-0.11818182,0.243167,-0.142821,0.6,0.10526,0.29474,200,100,dp,44,190,10,1,random
3465,IR,2,"2026-07-15 05:10:01",10,0.525964,2.40565,5.6061,0.59090909,-0.1135303,0.231837,-0.131017,0.58919,0.0973,0.31351,200,100,dp,44,185,10,1,random
3466,IR,3,"2026-07-15 05:10:06",15.2,0.534339,2.4545,5.5152,0.595,-0.10734242,0.233381,-0.119772,0.58242,0.09341,0.32418,200,100,dp,44,182,10,1,random
3467,IR,4,"2026-07-15 05:10:12",20.3,0.543315,2.506,5.4545,0.61303031,-0.11674546,0.235718,-0.135716,0.57222,0.11667,0.31111,200,100,dp,44,180,10,1,random
3468,IR,5,"2026-07-15 05:10:16",25.2,0.553524,2.55339,5.3939,0.63075758,-0.13345757,0.271606,-0.14805,0.55618,0.13483,0.30899,200,100,dp,44,178,10,1,random
3469,IR,6,"2026-07-15 05:10:21",30.2,0.561639,2.59784,5.3939,0.62954545,-0.11494545,0.287191,-0.127508,0.55618,0.11798,0.32584,200,100,dp,44,178,10,1,random
3470,IR,7,"2026-07-15 05:10:28",36.7,0.569748,2.63301,5.3333,0.6369697,-0.11191212,0.270023,-0.123902,0.53977,0.11932,0.34091,200,100,dp,44,176,10,1,random
3471,IR,8,"2026-07-15 05:10:35",43.3,0.576442,2.67434,5.2727,0.65151515,-0.1256697,0.258152,-0.134773,0.52874,0.12069,0.35057,200,100,dp,44,174,10,1,random
3472,IR,9,"2026-07-15 05:10:41",50.1,0.584309,2.71103,5.2727,0.65969697,-0.12683636,0.263023,-0.134221,0.52299,0.12644,0.35057,200,100,dp,44,174,10,1,random
3473,IR,10,"2026-07-15 05:10:48",56.9,0.591961,2.75068,5.1515,0.66469697,-0.12202424,0.280105,-0.128878,0.52353,0.11765,0.35882,200,100,dp,44,170,10,1,random
3474,IR,11,"2026-07-15 05:10:55",63.5,0.598239,2.77065,5.0606,0.66742424,-0.1164697,0.295026,-0.119848,0.52096,0.11976,0.35928,200,100,dp,44,167,10,1,random
3475,IR,12,"2026-07-15 05:11:02",70.3,0.604839,2.81572,5.0606,0.67833333,-0.12157273,0.320247,-0.126365,0.51497,0.11377,0.37126,200,100,dp,44,167,10,1,random
3476,IR,13,"2026-07-15 05:11:08",77.1,0.607985,2.84207,5.0303,0.68151515,-0.12221515,0.303739,-0.122985,0.50602,0.14458,0.3494,200,100,dp,44,166,10,1,random
3477,IR,14,"2026-07-15 05:11:15",83.8,0.615724,2.87966,5,0.695,-0.12734242,0.365315,-0.134603,0.49091,0.15758,0.35152,200,100,dp,44,165,10,1,random
3478,IR,15,"2026-07-15 05:11:22",90.4,0.623945,2.9193,4.9697,0.69560606,-0.11676061,0.375313,-0.120922,0.4878,0.15244,0.35976,200,100,dp,44,164,10,1,random
3479,IR,16,"2026-07-15 05:11:29",97.2,0.629227,2.94505,4.9697,0.71636364,-0.14191818,0.362155,-0.142044,0.48171,0.15244,0.36585,200,100,dp,44,164,10,1,random
3480,IR,17,"2026-07-15 05:11:35",104.1,0.632591,2.96662,4.9394,0.70560607,-0.11753333,0.369103,-0.117218,0.47239,0.19018,0.33742,200,100,dp,44,163,10,1,random
3481,IR,18,"2026-07-15 05:11:42",110.9,0.637876,3.00101,4.8788,0.7089394,-0.11557576,0.418024,-0.115003,0.46584,0.17391,0.36025,200,100,dp,44,161,10,1,random
3482,IR,19,"2026-07-15 05:11:49",117.6,0.644718,3.05336,4.8182,0.72348485,-0.12608182,0.404489,-0.126839,0.45283,0.20755,0.33962,200,100,dp,44,159,10,1,random
3483,IR,20,"2026-07-15 05:11:56",124.3,0.650367,3.08801,4.8182,0.73484849,-0.13574849,0.442128,-0.13393,0.44654,0.20755,0.34591,200,100,dp,44,159,10,1,random
3484,AGR,1,"2026-07-15 05:12:08",7.7,0.523306,2.42666,5.7879,0.48666667,0.05972121,0.255785,0.056844,0.59162,0.11518,0.29319,200,100,dp,44,191,10,1,random
3485,AGR,2,"2026-07-15 05:12:15",15.1,0.544718,2.54944,5.697,0.495,0.08964848,0.268307,0.075928,0.56915,0.12766,0.30319,200,100,dp,44,188,10,1,random
3486,AGR,3,"2026-07-15 05:12:22",22.5,0.560348,2.66439,5.5758,0.51015151,0.07962424,0.279467,0.079786,0.54891,0.1413,0.30978,200,100,dp,44,184,10,1,random
3487,AGR,4,"2026-07-15 05:12:30",29.8,0.577558,2.80362,5.4848,0.54030303,0.05447576,0.307128,0.054526,0.53591,0.14365,0.32044,200,100,dp,44,181,10,1,random
3488,AGR,5,"2026-07-15 05:12:37",37.2,0.594879,2.97439,5.4545,0.55348485,0.06685758,0.338874,0.05871,0.52778,0.13889,0.33333,200,100,dp,44,180,10,1,random
3489,AGR,6,"2026-07-15 05:12:45",44.9,0.613094,3.14586,5.4242,0.57212121,0.0653,0.364261,0.054996,0.50838,0.15642,0.3352,200,100,dp,44,179,10,1,random
3490,AGR,7,"2026-07-15 05:12:54",54.1,0.630548,3.32846,5.3939,0.58181818,0.07075758,0.398016,0.066858,0.47753,0.1573,0.36517,200,100,dp,44,178,10,1,random
3491,AGR,8,"2026-07-15 05:13:03",63.4,0.647067,3.51069,5.3939,0.60484849,0.06125152,0.385107,0.055244,0.44382,0.20225,0.35393,200,100,dp,44,178,10,1,random
3492,AGR,9,"2026-07-15 05:13:13",72.7,0.662927,3.67077,5.3939,0.61560606,0.07283333,0.439857,0.062407,0.42697,0.19101,0.38202,200,100,dp,44,178,10,1,random
3493,AGR,10,"2026-07-15 05:13:22",82.2,0.676733,3.84385,5.3939,0.63666667,0.05739697,0.432517,0.051775,0.41573,0.20787,0.3764,200,100,dp,44,178,10,1,random
3494,AGR,11,"2026-07-15 05:13:32",91.8,0.68857,3.98893,5.3939,0.64984849,0.05208788,0.476432,0.049806,0.39888,0.24719,0.35393,200,100,dp,44,178,10,1,random
3495,AGR,12,"2026-07-15 05:13:41",101.4,0.698267,4.11544,5.3939,0.64666667,0.07151515,0.546826,0.069429,0.37079,0.26966,0.35955,200,100,dp,44,178,10,1,random
3496,AGR,13,"2026-07-15 05:13:51",111.4,0.709412,4.28364,5.3939,0.665,0.06350909,0.571805,0.056736,0.3427,0.33146,0.32584,200,100,dp,44,178,10,1,random
3497,AGR,14,"2026-07-15 05:14:01",121.2,0.717552,4.4349,5.3939,0.66681818,0.07164545,0.677421,0.066933,0.29775,0.41573,0.28652,200,100,dp,44,178,10,1,random
3498,AGR,15,"2026-07-15 05:14:11",130.9,0.726464,4.55446,5.3939,0.67272727,0.07864545,0.751242,0.069793,0.24719,0.48315,0.26966,200,100,dp,44,178,10,1,random
3499,AGR,16,"2026-07-15 05:14:21",140.7,0.734191,4.66152,5.3939,0.68696969,0.06425758,0.764092,0.060866,0.20787,0.55618,0.23596,200,100,dp,44,178,10,1,random
3500,AGR,17,"2026-07-15 05:14:30",150.4,0.741088,4.76726,5.3939,0.69287879,0.07214242,0.849236,0.061895,0.19663,0.58989,0.21348,200,100,dp,44,178,10,1,random
3501,AGR,18,"2026-07-15 05:14:40",160.3,0.747224,4.86136,5.3939,0.69242424,0.0794303,0.891313,0.070789,0.17416,0.64607,0.17978,200,100,dp,44,178,10,1,random
3502,AGR,19,"2026-07-15 05:14:50",170.2,0.752882,4.95176,5.3939,0.69333334,0.07841212,0.972023,0.076899,0.1573,0.68539,0.1573,200,100,dp,44,178,10,1,random
3503,AGR,20,"2026-07-15 05:15:00",179.9,0.757461,5.02815,5.3939,0.70378788,0.07212727,1.05717,0.069113,0.13483,0.74157,0.1236,200,100,dp,44,178,10,1,random
3504,RANDOM,1,"2026-07-15 05:15:09",5,0.504527,2.3199,5.8182,0.50681818,-0.00575455,0.230082,-0.002976,0.60417,0.11458,0.28125,200,100,dp,44,192,10,1,random
3505,RANDOM,2,"2026-07-15 05:15:13",9.5,0.506182,2.32949,5.5758,0.50939394,-0.01220606,0.231833,-0.003887,0.60326,0.1087,0.28804,200,100,dp,44,184,10,1,random
3506,RANDOM,3,"2026-07-15 05:15:18",14.1,0.500561,2.31174,5.4848,0.50454545,-0.0138303,0.243511,0.002076,0.61878,0.08287,0.29834,200,100,dp,44,181,10,1,random
3507,RANDOM,4,"2026-07-15 05:15:23",18.8,0.498479,2.29908,5.3939,0.49681818,0.00447273,0.232379,0.008725,0.6236,0.07303,0.30337,200,100,dp,44,178,10,1,random
3508,RANDOM,5,"2026-07-15 05:15:27",23.6,0.495627,2.28888,5.2424,0.48712121,0.01987576,0.233047,0.024417,0.62428,0.07514,0.30058,200,100,dp,44,173,10,1,random
3509,RANDOM,6,"2026-07-15 05:15:32",28.5,0.493815,2.27868,5.1212,0.49333333,0.00228182,0.249314,0.005755,0.60947,0.09467,0.29586,200,100,dp,44,169,10,1,random
3510,RANDOM,7,"2026-07-15 05:15:39",34.8,0.490909,2.27032,5.0303,0.48727273,0.00244242,0.258691,0.013579,0.60241,0.10241,0.29518,200,100,dp,44,166,10,1,random
3511,RANDOM,8,"2026-07-15 05:15:45",41,0.487776,2.25807,4.9697,0.49409091,-0.00852121,0.267798,-0.007513,0.60976,0.10366,0.28659,200,100,dp,44,164,10,1,random
3512,RANDOM,9,"2026-07-15 05:15:51",47.6,0.487933,2.25718,4.8788,0.48515151,0.00889394,0.290691,0.007945,0.59006,0.11801,0.29193,200,100,dp,44,161,10,1,random
3513,RANDOM,10,"2026-07-15 05:15:58",54.2,0.489252,2.26531,4.7576,0.49227273,-0.00775152,0.295938,-0.004812,0.57325,0.13376,0.29299,200,100,dp,44,157,10,1,random
3514,RANDOM,11,"2026-07-15 05:16:04",60.7,0.491515,2.27601,4.6667,0.49590909,-0.00918438,0.31011,-0.007904,0.55844,0.14935,0.29221,200,100,dp,44,154,10,1,random
3515,RANDOM,12,"2026-07-15 05:16:11",67.3,0.492855,2.2766,4.6364,0.49681818,-0.00494063,0.346724,-0.0063,0.56209,0.14379,0.29412,200,100,dp,44,153,10,1,random
3516,RANDOM,13,"2026-07-15 05:16:18",73.8,0.491088,2.26048,4.6061,0.49954545,-0.01526563,0.345756,-0.011804,0.56579,0.13816,0.29605,200,100,dp,44,152,10,1,random
3517,RANDOM,14,"2026-07-15 05:16:24",80.4,0.496361,2.27131,4.5758,0.49287878,0.01151875,0.35316,0.005015,0.56954,0.12583,0.30464,200,100,dp,44,151,10,1,random
3518,RANDOM,15,"2026-07-15 05:16:31",86.9,0.495485,2.26968,4.5455,0.5069697,-0.0181125,0.346838,-0.01948,0.56667,0.13333,0.3,200,100,dp,44,150,10,1,random
3519,RANDOM,16,"2026-07-15 05:16:37",93.4,0.495424,2.26607,4.5152,0.48848485,0.0093625,0.354854,0.017969,0.57047,0.13423,0.2953,200,100,dp,44,149,10,1,random
3520,RANDOM,17,"2026-07-15 05:16:44",100.1,0.496542,2.27365,4.4545,0.5,-0.00669375,0.368647,-0.005034,0.56463,0.12925,0.30612,200,100,dp,44,147,10,1,random
3521,RANDOM,18,"2026-07-15 05:16:51",106.8,0.493127,2.25983,4.3939,0.495,-0.01166563,0.349292,0.002536,0.57931,0.11034,0.31034,200,100,dp,44,145,10,1,random
3522,RANDOM,19,"2026-07-15 05:16:57",113.4,0.493191,2.25047,4.3333,0.49590909,-0.00405625,0.356704,-0.001958,0.55944,0.15385,0.28671,200,100,dp,44,143,10,1,random
3523,RANDOM,20,"2026-07-15 05:17:04",120,0.492773,2.24742,4.3333,0.49090909,0.00075937,0.388924,0.006527,0.55944,0.13287,0.30769,200,100,dp,44,143,10,1,random
3524,OI,1,"2026-07-15 05:17:20",5.3,0.534524,2.50729,5.6061,0.53772728,-0.01229394,0.309111,-0.028918,0.58378,0.11351,0.3027,200,100,dp,45,185,10,1,random
3525,OI,2,"2026-07-15 05:17:25",10.3,0.564039,2.68626,5.5152,0.57060606,-0.01076667,0.314753,-0.035426,0.54945,0.12637,0.32418,200,100,dp,45,182,10,1,random
3526,OI,3,"2026-07-15 05:17:30",15.3,0.590812,2.86143,5.4848,0.59121212,-0.00498788,0.335395,-0.020385,0.52486,0.1547,0.32044,200,100,dp,45,181,10,1,random
3527,OI,4,"2026-07-15 05:17:35",20.2,0.618376,3.07185,5.4545,0.62363636,-0.00711515,0.397683,-0.028227,0.48889,0.16111,0.35,200,100,dp,45,180,10,1,random
3528,OI,5,"2026-07-15 05:17:40",25.1,0.641555,3.28397,5.4545,0.64515151,-0.01097879,0.409127,-0.020772,0.45556,0.2,0.34444,200,100,dp,45,180,10,1,random
3529,OI,6,"2026-07-15 05:17:45",30.2,0.663715,3.49381,5.4242,0.67181818,-0.01382121,0.467296,-0.026233,0.43017,0.2067,0.36313,200,100,dp,45,179,10,1,random
3530,OI,7,"2026-07-15 05:17:51",36.7,0.683951,3.69971,5.4242,0.68636364,0.00033333,0.464788,-0.016227,0.40782,0.21229,0.37989,200,100,dp,45,179,10,1,random
3531,OI,8,"2026-07-15 05:17:58",43.5,0.700791,3.88324,5.3939,0.70863636,-0.0112697,0.501605,-0.02111,0.3764,0.2809,0.3427,200,100,dp,45,178,10,1,random
3532,OI,9,"2026-07-15 05:18:05",50.7,0.714767,4.05995,5.3939,0.71484848,0.00142424,0.611554,-0.007984,0.34831,0.36517,0.28652,200,100,dp,45,178,10,1,random
3533,OI,10,"2026-07-15 05:18:12",57.5,0.7291,4.22834,5.3636,0.73363636,-0.0065303,0.774531,-0.014123,0.29944,0.39548,0.30508,200,100,dp,45,177,10,1,random
3534,OI,11,"2026-07-15 05:18:19",64.3,0.740876,4.3749,5.3636,0.7430303,-0.00231515,0.731987,-0.008941,0.27119,0.48588,0.24294,200,100,dp,45,177,10,1,random
3535,OI,12,"2026-07-15 05:18:26",71.3,0.753203,4.57913,5.3636,0.75984848,-0.00922121,0.931805,-0.015021,0.24294,0.55932,0.19774,200,100,dp,45,177,10,1,random
3536,OI,13,"2026-07-15 05:18:33",78.2,0.763079,4.75874,5.3636,0.7721212,-0.01153939,1.11497,-0.016112,0.20339,0.60452,0.19209,200,100,dp,45,177,10,1,random
3537,OI,14,"2026-07-15 05:18:40",85.3,0.769976,4.90023,5.3636,0.78469697,-0.02050606,1.14966,-0.02155,0.15254,0.70621,0.14124,200,100,dp,45,177,10,1,random
3538,OI,15,"2026-07-15 05:18:47",92.2,0.774476,5.0086,5.3636,0.77469697,0.00198788,1.25079,-0.001344,0.11299,0.75706,0.12994,200,100,dp,45,177,10,1,random
3539,OI,16,"2026-07-15 05:18:54",99.1,0.778539,5.09509,5.3636,0.78060606,-0.00287273,1.3308,-0.003135,0.09605,0.81921,0.08475,200,100,dp,45,177,10,1,random
3540,OI,17,"2026-07-15 05:19:00",106,0.781021,5.16105,5.3636,0.79439394,-0.01681818,1.59392,-0.017235,0.07345,0.84746,0.0791,200,100,dp,45,177,10,1,random
3541,OI,18,"2026-07-15 05:19:07",113,0.782382,5.19742,5.3636,0.78439394,-0.00268788,1.6851,-0.001774,0.0565,0.9096,0.0339,200,100,dp,45,177,10,1,random
3542,OI,19,"2026-07-15 05:19:14",119.9,0.783415,5.21611,5.3636,0.78181818,0.00239697,2.75945,0.002589,0.05085,0.90395,0.0452,200,100,dp,45,177,10,1,random
3543,OI,20,"2026-07-15 05:19:21",126.8,0.784282,5.24197,5.3636,0.80030303,-0.02163939,2.1028,-0.01966,0.0339,0.93785,0.02825,200,100,dp,45,177,10,1,random
3544,IR,1,"2026-07-15 05:19:28",5.6,0.517048,2.39361,5.6667,0.58166667,-0.1154697,0.274339,-0.133441,0.59893,0.12834,0.27273,200,100,dp,45,187,10,1,random
3545,IR,2,"2026-07-15 05:19:33",10.6,0.530439,2.4573,5.5455,0.59742424,-0.11656364,0.295461,-0.138327,0.5847,0.13115,0.28415,200,100,dp,45,183,10,1,random
3546,IR,3,"2026-07-15 05:19:38",15.6,0.542036,2.50894,5.4545,0.60909091,-0.11623636,0.298966,-0.133414,0.56667,0.12222,0.31111,200,100,dp,45,180,10,1,random
3547,IR,4,"2026-07-15 05:19:43",20.7,0.551121,2.54368,5.3333,0.61484849,-0.10882424,0.268073,-0.123167,0.55682,0.11932,0.32386,200,100,dp,45,176,10,1,random
3548,IR,5,"2026-07-15 05:19:48",25.9,0.556924,2.56627,5.2424,0.62348485,-0.11509697,0.264455,-0.12319,0.54335,0.14451,0.31214,200,100,dp,45,173,10,1,random
3549,IR,6,"2026-07-15 05:19:53",31.1,0.565345,2.61282,5.2121,0.6419697,-0.1306697,0.300939,-0.142271,0.55233,0.11628,0.3314,200,100,dp,45,172,10,1,random
3550,IR,7,"2026-07-15 05:20:00",38,0.570703,2.63387,5.1515,0.63454546,-0.1083303,0.289359,-0.115085,0.54706,0.12941,0.32353,200,100,dp,45,170,10,1,random
3551,IR,8,"2026-07-15 05:20:08",45.6,0.578724,2.65913,5.1515,0.64621212,-0.11478485,0.309894,-0.122951,0.55294,0.12353,0.32353,200,100,dp,45,170,10,1,random
3552,IR,9,"2026-07-15 05:20:15",52.9,0.587033,2.71763,5.0606,0.65909091,-0.11830303,0.328736,-0.128926,0.53892,0.10778,0.35329,200,100,dp,45,167,10,1,random
3553,IR,10,"2026-07-15 05:20:22",60,0.593715,2.73791,5.0606,0.67015151,-0.1286303,0.31007,-0.133459,0.50898,0.14371,0.34731,200,100,dp,45,167,10,1,random
3554,IR,11,"2026-07-15 05:20:29",67,0.601021,2.77273,5.0303,0.67484848,-0.12036364,0.309395,-0.128226,0.50602,0.13253,0.36145,200,100,dp,45,166,10,1,random
3555,IR,12,"2026-07-15 05:20:36",74.2,0.608545,2.82545,4.9697,0.67969697,-0.11850606,0.307989,-0.122094,0.4878,0.18293,0.32927,200,100,dp,45,164,10,1,random
3556,IR,13,"2026-07-15 05:20:43",81.3,0.61407,2.86211,4.9091,0.68818182,-0.1221606,0.36497,-0.123962,0.48148,0.20988,0.30864,200,100,dp,45,162,10,1,random
3557,IR,14,"2026-07-15 05:20:50",88.1,0.617524,2.88323,4.8182,0.69757576,-0.12749091,0.422768,-0.131227,0.48428,0.16352,0.3522,200,100,dp,45,159,10,1,random
3558,IR,15,"2026-07-15 05:20:57",95.1,0.625164,2.9389,4.7879,0.69803031,-0.11588182,0.378957,-0.122409,0.48101,0.15823,0.36076,200,100,dp,45,158,10,1,random
3559,IR,16,"2026-07-15 05:21:04",102,0.631221,2.96598,4.7879,0.71257576,-0.12923939,0.385861,-0.13305,0.46835,0.17089,0.36076,200,100,dp,45,158,10,1,random
3560,IR,17,"2026-07-15 05:21:11",109,0.638606,3.00825,4.7273,0.71121212,-0.11580303,0.392378,-0.118906,0.46154,0.1859,0.35256,200,100,dp,45,156,10,1,random
3561,IR,18,"2026-07-15 05:21:18",116,0.643194,3.0351,4.697,0.72075758,-0.12218182,0.4241,-0.123451,0.45806,0.1871,0.35484,200,100,dp,45,155,10,1,random
3562,IR,19,"2026-07-15 05:21:25",123.2,0.646173,3.04233,4.697,0.72878788,-0.13019091,0.424538,-0.129062,0.45806,0.1871,0.35484,200,100,dp,45,155,10,1,random
3563,IR,20,"2026-07-15 05:21:32",130.2,0.651203,3.09096,4.697,0.73272728,-0.12701212,0.4415,-0.128626,0.43871,0.19355,0.36774,200,100,dp,45,155,10,1,random
3564,AGR,1,"2026-07-15 05:21:43",7.3,0.528388,2.47764,5.7879,0.48590909,0.06745151,0.291407,0.064993,0.60733,0.10995,0.28272,200,100,dp,45,191,10,1,random
3565,AGR,2,"2026-07-15 05:21:50",14.2,0.549212,2.60132,5.6667,0.51166667,0.0652,0.302146,0.054368,0.59358,0.10695,0.29947,200,100,dp,45,187,10,1,random
3566,AGR,3,"2026-07-15 05:21:57",21,0.571185,2.75492,5.6364,0.52378788,0.07870909,0.31946,0.069121,0.58065,0.10215,0.3172,200,100,dp,45,186,10,1,random
3567,AGR,4,"2026-07-15 05:22:04",28,0.591203,2.92461,5.5758,0.54787879,0.06897576,0.334605,0.060294,0.54891,0.11957,0.33152,200,100,dp,45,184,10,1,random
3568,AGR,5,"2026-07-15 05:22:11",35,0.609709,3.07946,5.5758,0.55939394,0.07630606,0.353665,0.070665,0.52174,0.14674,0.33152,200,100,dp,45,184,10,1,random
3569,AGR,6,"2026-07-15 05:22:18",42,0.626794,3.23256,5.5152,0.58272728,0.07010606,0.373241,0.059692,0.50549,0.14286,0.35165,200,100,dp,45,182,10,1,random
3570,AGR,7,"2026-07-15 05:22:27",50.7,0.645179,3.41795,5.5152,0.61318182,0.04345758,0.384477,0.037874,0.47253,0.17582,0.35165,200,100,dp,45,182,10,1,random
3571,AGR,8,"2026-07-15 05:22:35",59.4,0.65867,3.57802,5.5152,0.60833333,0.07545758,0.417158,0.068939,0.44505,0.2033,0.35165,200,100,dp,45,182,10,1,random
3572,AGR,9,"2026-07-15 05:22:44",68.3,0.675412,3.77892,5.4848,0.63575758,0.05984849,0.455102,0.049344,0.40884,0.25414,0.33702,200,100,dp,45,181,10,1,random
3573,AGR,10,"2026-07-15 05:22:53",77.3,0.691339,3.93125,5.4848,0.64212121,0.07015455,0.511964,0.062379,0.38674,0.29282,0.32044,200,100,dp,45,181,10,1,random
3574,AGR,11,"2026-07-15 05:23:02",86.3,0.703133,4.09503,5.4545,0.65545454,0.06505758,0.57905,0.061964,0.35556,0.31667,0.32778,200,100,dp,45,180,10,1,random
3575,AGR,12,"2026-07-15 05:23:11",95.6,0.717779,4.25263,5.4545,0.66090909,0.08083333,0.606208,0.071366,0.32778,0.36667,0.30556,200,100,dp,45,180,10,1,random
3576,AGR,13,"2026-07-15 05:23:20",104.6,0.729718,4.40501,5.4545,0.6739394,0.07804242,0.686724,0.070472,0.28889,0.42778,0.28333,200,100,dp,45,180,10,1,random
3577,AGR,14,"2026-07-15 05:23:29",113.6,0.741915,4.55409,5.4545,0.68636364,0.07672424,0.74056,0.068887,0.26667,0.45,0.28333,200,100,dp,45,180,10,1,random
3578,AGR,15,"2026-07-15 05:23:39",122.7,0.751052,4.68611,5.4545,0.70439394,0.06289394,0.785188,0.057921,0.23889,0.51111,0.25,200,100,dp,45,180,10,1,random
3579,AGR,16,"2026-07-15 05:23:48",131.9,0.758958,4.81618,5.4545,0.72712121,0.04384849,0.841692,0.038362,0.19444,0.59444,0.21111,200,100,dp,45,180,10,1,random
3580,AGR,17,"2026-07-15 05:23:57",141,0.767067,4.95025,5.4545,0.72121213,0.0630303,0.925106,0.056149,0.18333,0.63333,0.18333,200,100,dp,45,180,10,1,random
3581,AGR,18,"2026-07-15 05:24:06",150.1,0.7721,5.04478,5.4545,0.72984848,0.05710303,1.03757,0.05264,0.17222,0.66111,0.16667,200,100,dp,45,180,10,1,random
3582,AGR,19,"2026-07-15 05:24:15",159.3,0.777373,5.13725,5.4545,0.72015151,0.07600909,1.13395,0.07173,0.13333,0.72778,0.13889,200,100,dp,45,180,10,1,random
3583,AGR,20,"2026-07-15 05:24:24",168.6,0.781394,5.20475,5.4545,0.73424242,0.06455758,1.19104,0.059018,0.09444,0.81111,0.09444,200,100,dp,45,180,10,1,random
3584,RANDOM,1,"2026-07-15 05:24:33",4.8,0.504127,2.32991,5.5758,0.50969697,-0.01276667,0.259028,-0.004119,0.59239,0.13587,0.27174,200,100,dp,45,184,10,1,random
3585,RANDOM,2,"2026-07-15 05:24:38",9.2,0.503894,2.3233,5.3333,0.51424243,-0.02004848,0.263995,-0.01724,0.59091,0.13068,0.27841,200,100,dp,45,176,10,1,random
3586,RANDOM,3,"2026-07-15 05:24:42",13.5,0.506273,2.33638,5.2727,0.50545455,-0.00360606,0.281127,0.00261,0.59195,0.13218,0.27586,200,100,dp,45,174,10,1,random
3587,RANDOM,4,"2026-07-15 05:24:46",17.8,0.506142,2.34497,5.2424,0.50863636,-0.00417879,0.298085,-0.002046,0.59538,0.13295,0.27168,200,100,dp,45,173,10,1,random
3588,RANDOM,5,"2026-07-15 05:24:51",22.2,0.504888,2.35279,5.1818,0.50378788,-0.00167273,0.30659,0.005598,0.5731,0.1462,0.2807,200,100,dp,45,171,10,1,random
3589,RANDOM,6,"2026-07-15 05:24:55",26.8,0.505745,2.35788,5.0303,0.50333333,0.01601515,0.292053,0.006508,0.56627,0.13253,0.3012,200,100,dp,45,166,10,1,random
3590,RANDOM,7,"2026-07-15 05:25:01",32.8,0.504248,2.36028,4.9394,0.50954546,-0.0119697,0.27731,-0.005682,0.56442,0.15337,0.28221,200,100,dp,45,163,10,1,random
3591,RANDOM,8,"2026-07-15 05:25:08",38.9,0.497324,2.32777,4.9394,0.50121212,-0.01118485,0.30525,0.001382,0.56442,0.12883,0.30675,200,100,dp,45,163,10,1,random
3592,RANDOM,9,"2026-07-15 05:25:14",45.1,0.497712,2.3319,4.8485,0.49318182,0.00234848,0.276135,0.011207,0.575,0.1375,0.2875,200,100,dp,45,160,10,1,random
3593,RANDOM,10,"2026-07-15 05:25:20",51.5,0.496255,2.31213,4.8485,0.49606061,-0.00580303,0.305709,0.004625,0.56875,0.13125,0.3,200,100,dp,45,160,10,1,random
3594,RANDOM,11,"2026-07-15 05:25:27",57.9,0.497036,2.31825,4.8182,0.50636363,-0.00929091,0.289512,-0.016945,0.55975,0.15723,0.28302,200,100,dp,45,159,10,1,random
3595,RANDOM,12,"2026-07-15 05:25:33",64.1,0.495648,2.30618,4.7879,0.49954545,-0.00834242,0.308599,-0.004191,0.55063,0.15823,0.29114,200,100,dp,45,158,10,1,random
3596,RANDOM,13,"2026-07-15 05:25:39",70.4,0.495361,2.30928,4.7273,0.49590908,0.00261212,0.29687,0.001379,0.54487,0.14744,0.30769,200,100,dp,45,156,10,1,random
3597,RANDOM,14,"2026-07-15 05:25:45",76.5,0.495091,2.31119,4.6364,0.5019697,-0.01439091,0.281849,-0.011109,0.52941,0.16993,0.30065,200,100,dp,45,153,10,1,random
3598,RANDOM,15,"2026-07-15 05:25:51",82.7,0.495945,2.30827,4.5758,0.49712121,-0.00154848,0.299431,-0.00084,0.53642,0.15894,0.30464,200,100,dp,45,151,10,1,random
3599,RANDOM,16,"2026-07-15 05:25:58",89,0.496721,2.30874,4.5152,0.5019697,-0.01297576,0.307241,-0.007961,0.5302,0.16107,0.30872,200,100,dp,45,149,10,1,random
3600,RANDOM,17,"2026-07-15 05:26:04",95.2,0.498327,2.33179,4.5152,0.50318182,-0.00229697,0.311584,-0.008831,0.55034,0.14765,0.30201,200,100,dp,45,149,10,1,random
3601,RANDOM,18,"2026-07-15 05:26:10",101.5,0.495797,2.33196,4.4848,0.48924243,0.01544545,0.324436,0.018811,0.5473,0.14189,0.31081,200,100,dp,45,148,10,1,random
3602,RANDOM,19,"2026-07-15 05:26:16",107.8,0.489688,2.29975,4.4242,0.4789394,0.01608788,0.310789,0.030813,0.53425,0.14384,0.32192,200,100,dp,45,146,10,1,random
3603,RANDOM,20,"2026-07-15 05:26:23",114.1,0.490042,2.30775,4.3939,0.48787878,0.00313636,0.305267,0.006217,0.53103,0.15172,0.31724,200,100,dp,45,145,10,1,random
3604,OI,1,"2026-07-15 05:26:38",5,0.526052,2.43723,5.8485,0.52560606,-0.00000606,0.296978,-0.024634,0.60622,0.10363,0.29016,200,100,dp,46,193,10,1,random
3605,OI,2,"2026-07-15 05:26:43",9.5,0.5569,2.62528,5.7273,0.55272727,0.01058182,0.295508,-0.017389,0.56085,0.13757,0.30159,200,100,dp,46,189,10,1,random
3606,OI,3,"2026-07-15 05:26:47",14,0.584148,2.79482,5.6364,0.59030303,-0.01366667,0.328902,-0.031051,0.53763,0.15591,0.30645,200,100,dp,46,186,10,1,random
3607,OI,4,"2026-07-15 05:26:52",18.5,0.60763,2.96567,5.6061,0.60469697,0.0032303,0.389007,-0.011875,0.51892,0.14595,0.33514,200,100,dp,46,185,10,1,random
3608,OI,5,"2026-07-15 05:26:56",23.1,0.632315,3.15127,5.5152,0.63833333,-0.01253636,0.393078,-0.026761,0.49451,0.1978,0.30769,200,100,dp,46,182,10,1,random
3609,OI,6,"2026-07-15 05:27:01",27.6,0.656706,3.38117,5.4545,0.65590909,0.00365152,0.484162,-0.014397,0.42222,0.22222,0.35556,200,100,dp,46,180,10,1,random
3610,OI,7,"2026-07-15 05:27:07",33.9,0.677782,3.59601,5.4545,0.67530303,0.00178485,0.45023,-0.009373,0.41111,0.25,0.33889,200,100,dp,46,180,10,1,random
3611,OI,8,"2026-07-15 05:27:13",40.1,0.697733,3.77589,5.4242,0.70272727,-0.00878485,0.5262,-0.019207,0.36872,0.27374,0.35754,200,100,dp,46,179,10,1,random
3612,OI,9,"2026-07-15 05:27:20",46.6,0.714618,3.98545,5.3636,0.71287879,0.00330909,0.538208,-0.007165,0.35028,0.33333,0.31638,200,100,dp,46,177,10,1,random
3613,OI,10,"2026-07-15 05:27:26",53,0.727855,4.16409,5.3636,0.73681818,-0.01158788,0.661897,-0.019277,0.29379,0.40678,0.29944,200,100,dp,46,177,10,1,random
3614,OI,11,"2026-07-15 05:27:33",59.5,0.740603,4.36121,5.3636,0.73590909,0.00679697,0.689572,-0.000042,0.27119,0.49153,0.23729,200,100,dp,46,177,10,1,random
3615,OI,12,"2026-07-15 05:27:39",66.1,0.751318,4.52651,5.3636,0.75621212,-0.00708182,0.910515,-0.011759,0.23729,0.52542,0.23729,200,100,dp,46,177,10,1,random
3616,OI,13,"2026-07-15 05:27:46",72.6,0.759227,4.68534,5.3333,0.75621212,0.0043303,0.893367,0.000619,0.19886,0.63068,0.17045,200,100,dp,46,176,10,1,random
3617,OI,14,"2026-07-15 05:27:52",79,0.766276,4.82868,5.3333,0.77333333,-0.0091303,1.10822,-0.011985,0.17045,0.66477,0.16477,200,100,dp,46,176,10,1,random
3618,OI,15,"2026-07-15 05:27:59",85.5,0.772742,4.94797,5.3333,0.77075758,0.00305152,1.11778,-0.000161,0.13068,0.74432,0.125,200,100,dp,46,176,10,1,random
3619,OI,16,"2026-07-15 05:28:05",91.9,0.778988,5.04093,5.3333,0.78030303,-0.00178182,1.23541,-0.004102,0.125,0.77273,0.10227,200,100,dp,46,176,10,1,random
3620,OI,17,"2026-07-15 05:28:12",98.5,0.783406,5.10948,5.3333,0.79166667,-0.01007576,1.52325,-0.011289,0.06818,0.85227,0.07955,200,100,dp,46,176,10,1,random
3621,OI,18,"2026-07-15 05:28:18",105.1,0.786076,5.15921,5.3333,0.78363637,0.00326364,1.57461,0.002912,0.0625,0.88636,0.05114,200,100,dp,46,176,10,1,random
3622,OI,19,"2026-07-15 05:28:25",111.7,0.787224,5.18095,5.3333,0.79151515,-0.00560303,2.16801,-0.004302,0.03977,0.90909,0.05114,200,100,dp,46,176,10,1,random
3623,OI,20,"2026-07-15 05:28:32",118.2,0.787064,5.18017,5.3333,0.7910606,-0.00593636,1.67368,-0.003434,0.03977,0.90909,0.05114,200,100,dp,46,176,10,1,random
3624,IR,1,"2026-07-15 05:28:41",5.4,0.504952,2.31918,5.8485,0.56484848,-0.10992727,0.257288,-0.12671,0.62694,0.09845,0.27461,200,100,dp,46,193,10,1,random
3625,IR,2,"2026-07-15 05:28:46",10.2,0.514812,2.36471,5.5152,0.58333334,-0.12366061,0.24682,-0.141497,0.61538,0.08791,0.2967,200,100,dp,46,182,10,1,random
3626,IR,3,"2026-07-15 05:28:51",15,0.521364,2.388,5.3636,0.58712121,-0.11495151,0.248025,-0.131071,0.59887,0.10169,0.29944,200,100,dp,46,177,10,1,random
3627,IR,4,"2026-07-15 05:28:56",19.8,0.530709,2.43292,5.2727,0.59712121,-0.11537879,0.267229,-0.132895,0.58046,0.12644,0.2931,200,100,dp,46,174,10,1,random
3628,IR,5,"2026-07-15 05:29:01",24.8,0.541649,2.50038,5.2121,0.61212121,-0.11908788,0.296797,-0.139651,0.56977,0.13372,0.29651,200,100,dp,46,172,10,1,random
3629,IR,6,"2026-07-15 05:29:06",29.9,0.548252,2.53751,5.1212,0.62227272,-0.12889697,0.314903,-0.13993,0.5503,0.14793,0.30178,200,100,dp,46,169,10,1,random
3630,IR,7,"2026-07-15 05:29:13",36.7,0.554064,2.56286,5.0909,0.62621212,-0.12471212,0.317695,-0.133872,0.53571,0.14881,0.31548,200,100,dp,46,168,10,1,random
3631,IR,8,"2026-07-15 05:29:19",43.4,0.563733,2.61741,5.0909,0.6310606,-0.11419394,0.313939,-0.126429,0.52976,0.14881,0.32143,200,100,dp,46,168,10,1,random
3632,IR,9,"2026-07-15 05:29:26",50.4,0.574124,2.67071,5,0.64727273,-0.12259697,0.318962,-0.135916,0.52727,0.14545,0.32727,200,100,dp,46,165,10,1,random
3633,IR,10,"2026-07-15 05:29:33",57.3,0.584973,2.72629,4.9697,0.65166666,-0.10966061,0.33633,-0.122786,0.53049,0.14634,0.32317,200,100,dp,46,164,10,1,random
3634,IR,11,"2026-07-15 05:29:40",64.4,0.592691,2.7672,4.9697,0.66681818,-0.11809697,0.364997,-0.13104,0.51829,0.15244,0.32927,200,100,dp,46,164,10,1,random
3635,IR,12,"2026-07-15 05:29:47",71.3,0.601703,2.79885,4.9394,0.67621212,-0.12001515,0.35148,-0.130837,0.52147,0.15951,0.31902,200,100,dp,46,163,10,1,random
3636,IR,13,"2026-07-15 05:29:54",78.3,0.610485,2.85085,4.9091,0.68651515,-0.12178485,0.40491,-0.131065,0.52469,0.12346,0.35185,200,100,dp,46,162,10,1,random
3637,IR,14,"2026-07-15 05:30:01",85.3,0.615955,2.87225,4.9091,0.69030303,-0.11782121,0.362616,-0.124189,0.50617,0.14815,0.34568,200,100,dp,46,162,10,1,random
3638,IR,15,"2026-07-15 05:30:09",93.2,0.623942,2.91884,4.8485,0.69833333,-0.11784242,0.37804,-0.124832,0.51875,0.14375,0.3375,200,100,dp,46,160,10,1,random
3639,IR,16,"2026-07-15 05:30:17",100.7,0.633042,2.97158,4.7879,0.69954545,-0.10526364,0.425093,-0.111283,0.50633,0.17089,0.32278,200,100,dp,46,158,10,1,random
3640,IR,17,"2026-07-15 05:30:24",107.7,0.634315,2.96629,4.7273,0.70075757,-0.10722121,0.455388,-0.104378,0.49359,0.17308,0.33333,200,100,dp,46,156,10,1,random
3641,IR,18,"2026-07-15 05:30:31",114.8,0.640688,2.98435,4.7273,0.71666666,-0.11804848,0.443463,-0.122849,0.48718,0.1859,0.32692,200,100,dp,46,156,10,1,random
3642,IR,19,"2026-07-15 05:30:38",121.8,0.649448,3.0383,4.697,0.72060606,-0.11103636,0.470875,-0.115834,0.47097,0.1871,0.34194,200,100,dp,46,155,10,1,random
3643,IR,20,"2026-07-15 05:30:45",128.9,0.652818,3.06613,4.6364,0.73242424,-0.12723939,0.459111,-0.123669,0.47059,0.17647,0.35294,200,100,dp,46,153,10,1,random
3644,AGR,1,"2026-07-15 05:30:53",7.6,0.516655,2.4133,5.8485,0.48560606,0.04843939,0.278034,0.045229,0.60622,0.11917,0.27461,200,100,dp,46,193,10,1,random
3645,AGR,2,"2026-07-15 05:31:00",14.8,0.535518,2.54571,5.7879,0.50303031,0.05660909,0.290295,0.048229,0.59686,0.10995,0.29319,200,100,dp,46,191,10,1,random
3646,AGR,3,"2026-07-15 05:31:08",22,0.558536,2.68197,5.7273,0.51606061,0.0634,0.301301,0.059713,0.57143,0.11111,0.31746,200,100,dp,46,189,10,1,random
3647,AGR,4,"2026-07-15 05:31:15",29.3,0.576415,2.8271,5.697,0.5289394,0.07144848,0.293359,0.071476,0.55319,0.12234,0.32447,200,100,dp,46,188,10,1,random
3648,AGR,5,"2026-07-15 05:31:22",36.6,0.595739,2.9886,5.697,0.54984849,0.06994545,0.319705,0.064632,0.54787,0.10638,0.34574,200,100,dp,46,188,10,1,random
3649,AGR,6,"2026-07-15 05:31:30",44,0.611915,3.14747,5.697,0.56772727,0.06853636,0.32151,0.061795,0.51596,0.14894,0.33511,200,100,dp,46,188,10,1,random
3650,AGR,7,"2026-07-15 05:31:39",53,0.629318,3.32481,5.6667,0.5869697,0.06627879,0.371417,0.056877,0.49733,0.16043,0.34225,200,100,dp,46,187,10,1,random
3651,AGR,8,"2026-07-15 05:31:48",62.1,0.645888,3.48351,5.6061,0.61,0.05553939,0.409857,0.045422,0.46486,0.19459,0.34054,200,100,dp,46,185,10,1,random
3652,AGR,9,"2026-07-15 05:31:57",71.4,0.660782,3.64505,5.5758,0.61878788,0.06181818,0.443059,0.05524,0.44565,0.21739,0.33696,200,100,dp,46,184,10,1,random
3653,AGR,10,"2026-07-15 05:32:06",80.8,0.673373,3.79822,5.5455,0.62909091,0.06524546,0.483291,0.058741,0.42077,0.2459,0.33333,200,100,dp,46,183,10,1,random
3654,AGR,11,"2026-07-15 05:32:16",90.2,0.687385,3.92833,5.5455,0.64515152,0.06043939,0.515134,0.053781,0.39891,0.26776,0.33333,200,100,dp,46,183,10,1,random
3655,AGR,12,"2026-07-15 05:32:25",99.7,0.6997,4.09721,5.5455,0.64545454,0.07803939,0.555962,0.070925,0.37705,0.29508,0.32787,200,100,dp,46,183,10,1,random
3656,AGR,13,"2026-07-15 05:32:35",109.1,0.710588,4.24838,5.5455,0.66454545,0.06153333,0.588925,0.059337,0.34426,0.36066,0.29508,200,100,dp,46,183,10,1,random
3657,AGR,14,"2026-07-15 05:32:44",118.6,0.722067,4.41514,5.5455,0.67287879,0.0675,0.660872,0.062411,0.31148,0.40984,0.27869,200,100,dp,46,183,10,1,random
3658,AGR,15,"2026-07-15 05:32:54",128.1,0.734512,4.56752,5.5152,0.68575758,0.06786364,0.724416,0.060553,0.29121,0.44505,0.26374,200,100,dp,46,182,10,1,random
3659,AGR,16,"2026-07-15 05:33:03",137.6,0.742758,4.67759,5.5152,0.69272727,0.06979091,0.783857,0.063852,0.26923,0.48352,0.24725,200,100,dp,46,182,10,1,random
3660,AGR,17,"2026-07-15 05:33:13",147.2,0.750627,4.79634,5.5152,0.71257576,0.05285152,0.845821,0.047316,0.23626,0.54396,0.21978,200,100,dp,46,182,10,1,random
3661,AGR,18,"2026-07-15 05:33:22",156.5,0.759221,4.91819,5.5152,0.71151515,0.06420303,0.934359,0.059317,0.2033,0.6044,0.19231,200,100,dp,46,182,10,1,random
3662,AGR,19,"2026-07-15 05:33:31",165.9,0.766064,5.02431,5.5152,0.71606061,0.06793636,1.01296,0.062554,0.15385,0.68681,0.15934,200,100,dp,46,182,10,1,random
3663,AGR,20,"2026-07-15 05:33:41",175.4,0.771788,5.11506,5.5152,0.72636364,0.06018182,1.0299,0.056545,0.14286,0.75824,0.0989,200,100,dp,46,182,10,1,random
3664,RANDOM,1,"2026-07-15 05:33:50",5.1,0.5009,2.31814,5.5455,0.49848485,-0.00305758,0.258022,0.003213,0.60109,0.12568,0.27322,200,100,dp,46,183,10,1,random
3665,RANDOM,2,"2026-07-15 05:33:54",9.7,0.503261,2.31895,5.5152,0.50575757,-0.0035303,0.264777,-0.003735,0.58791,0.13736,0.27473,200,100,dp,46,182,10,1,random
3666,RANDOM,3,"2026-07-15 05:33:59",14.2,0.502885,2.30738,5.4545,0.50848485,-0.00814848,0.264485,-0.008055,0.6,0.12778,0.27222,200,100,dp,46,180,10,1,random
3667,RANDOM,4,"2026-07-15 05:34:03",18.6,0.50197,2.30769,5.2727,0.50454546,-0.00751515,0.276909,-0.000889,0.59195,0.14368,0.26437,200,100,dp,46,174,10,1,random
3668,RANDOM,5,"2026-07-15 05:34:08",23.3,0.503115,2.31866,5.2121,0.5010606,0.00136061,0.301743,0.005699,0.59302,0.13953,0.26744,200,100,dp,46,172,10,1,random
3669,RANDOM,6,"2026-07-15 05:34:13",27.9,0.502048,2.30704,5.0303,0.50454545,-0.00864242,0.300663,-0.001361,0.60241,0.13253,0.26506,200,100,dp,46,166,10,1,random
3670,RANDOM,7,"2026-07-15 05:34:19",34.3,0.498858,2.28798,4.9697,0.49924243,0.00882121,0.321605,0.005488,0.60976,0.11585,0.27439,200,100,dp,46,164,10,1,random
3671,RANDOM,8,"2026-07-15 05:34:25",40.6,0.492706,2.25872,4.9091,0.49151515,-0.00081818,0.306947,0.012283,0.60494,0.09877,0.2963,200,100,dp,46,162,10,1,random
3672,RANDOM,9,"2026-07-15 05:34:32",47,0.497348,2.28747,4.8788,0.50833333,-0.02158485,0.280853,-0.023397,0.59627,0.10559,0.29814,200,100,dp,46,161,10,1,random
3673,RANDOM,10,"2026-07-15 05:34:38",53.4,0.498436,2.29768,4.8485,0.49772727,0.0055303,0.282301,0.002354,0.6,0.125,0.275,200,100,dp,46,160,10,1,random
3674,RANDOM,11,"2026-07-15 05:34:45",59.9,0.494418,2.27705,4.7879,0.4880303,0.00743939,0.319649,0.020511,0.59494,0.12658,0.27848,200,100,dp,46,158,10,1,random
3675,RANDOM,12,"2026-07-15 05:34:51",66.3,0.492388,2.25868,4.697,0.50181818,-0.01830303,0.320112,-0.013366,0.60645,0.10323,0.29032,200,100,dp,46,155,10,1,random
3676,RANDOM,13,"2026-07-15 05:34:58",72.8,0.494348,2.26594,4.6667,0.49954546,-0.01307576,0.317205,-0.009204,0.61039,0.0974,0.29221,200,100,dp,46,154,10,1,random
3677,RANDOM,14,"2026-07-15 05:35:04",79.2,0.494145,2.27117,4.5758,0.4939394,-0.00514849,0.317163,0.00383,0.60265,0.09272,0.30464,200,100,dp,46,151,10,1,random
3678,RANDOM,15,"2026-07-15 05:35:11",85.8,0.488385,2.25135,4.5455,0.48606061,0.00496061,0.297098,0.014007,0.60667,0.08667,0.30667,200,100,dp,46,150,10,1,random
3679,RANDOM,16,"2026-07-15 05:35:17",92.5,0.488573,2.25199,4.4242,0.49363637,-0.00920606,0.300588,-0.00688,0.58904,0.10959,0.30137,200,100,dp,46,146,10,1,random
3680,RANDOM,17,"2026-07-15 05:35:24",99.1,0.488227,2.24935,4.3939,0.49227273,-0.00408788,0.324628,-0.004687,0.5931,0.11034,0.29655,200,100,dp,46,145,10,1,random
3681,RANDOM,18,"2026-07-15 05:35:30",105.7,0.487106,2.23337,4.3636,0.48363636,-0.00479091,0.3347,0.01116,0.57639,0.125,0.29861,200,100,dp,46,144,10,1,random
3682,RANDOM,19,"2026-07-15 05:35:37",112.3,0.490158,2.24675,4.3333,0.48939394,0.00160303,0.337472,0.000879,0.56643,0.13287,0.3007,200,100,dp,46,143,10,1,random
3683,RANDOM,20,"2026-07-15 05:35:44",118.8,0.486033,2.23486,4.3333,0.4830303,-0.00266061,0.328073,0.014175,0.57343,0.13287,0.29371,200,100,dp,46,143,10,1,random
3684,OI,1,"2026-07-15 05:50:09",5.7,0.533415,2.47015,6,0.53257576,-0.00077879,0.265325,-0.024258,0.60101,0.08586,0.31313,200,100,dp,47,198,10,1,random
3685,OI,2,"2026-07-15 05:50:14",10.5,0.559794,2.62768,5.9697,0.55318182,0.00906364,0.26902,-0.007879,0.57868,0.1269,0.29442,200,100,dp,47,197,10,1,random
3686,OI,3,"2026-07-15 05:50:18",15.2,0.586536,2.799,5.9394,0.59075757,-0.00507879,0.346881,-0.026683,0.55102,0.14286,0.30612,200,100,dp,47,196,10,1,random
3687,OI,4,"2026-07-15 05:50:23",20,0.610651,2.97814,5.8182,0.61424242,-0.00936061,0.387162,-0.0234,0.51563,0.17708,0.30729,200,100,dp,47,192,10,1,random
3688,OI,5,"2026-07-15 05:50:28",25,0.636176,3.15729,5.8182,0.64196969,-0.00859394,0.437512,-0.026861,0.48438,0.22396,0.29167,200,100,dp,47,192,10,1,random
3689,OI,6,"2026-07-15 05:50:33",30,0.660958,3.36135,5.7576,0.66621212,-0.00795455,0.506387,-0.023769,0.45263,0.23158,0.31579,200,100,dp,47,190,10,1,random
3690,OI,7,"2026-07-15 05:50:39",36.4,0.677382,3.52738,5.697,0.67893939,-0.00160606,0.512105,-0.012656,0.43617,0.26596,0.29787,200,100,dp,47,188,10,1,random
3691,OI,8,"2026-07-15 05:50:46",42.8,0.699006,3.75402,5.697,0.71530303,-0.02322121,0.606473,-0.036697,0.41489,0.29255,0.29255,200,100,dp,47,188,10,1,random
3692,OI,9,"2026-07-15 05:50:52",49.4,0.718024,3.9881,5.6667,0.73212121,-0.02015152,0.663668,-0.030853,0.37433,0.32086,0.30481,200,100,dp,47,187,10,1,random
3693,OI,10,"2026-07-15 05:50:59",56,0.732882,4.22069,5.6667,0.73969697,-0.00875455,0.69493,-0.017595,0.34225,0.35829,0.29947,200,100,dp,47,187,10,1,random
3694,OI,11,"2026-07-15 05:51:06",62.7,0.746652,4.45144,5.6667,0.74484848,0.0017303,0.755551,-0.004621,0.29947,0.4385,0.26203,200,100,dp,47,187,10,1,random
3695,OI,12,"2026-07-15 05:51:12",69.3,0.756924,4.61014,5.6667,0.76530303,-0.01298485,0.874745,-0.016178,0.27807,0.53476,0.18717,200,100,dp,47,187,10,1,random
3696,OI,13,"2026-07-15 05:51:19",76,0.766912,4.81425,5.6667,0.77121213,-0.00586667,1.10152,-0.010317,0.24064,0.5615,0.19786,200,100,dp,47,187,10,1,random
3697,OI,14,"2026-07-15 05:51:26",82.6,0.775488,5.00815,5.6667,0.77924243,-0.004,1.15736,-0.008495,0.18182,0.65775,0.16043,200,100,dp,47,187,10,1,random
3698,OI,15,"2026-07-15 05:51:32",89.2,0.780436,5.12624,5.6667,0.78575758,-0.0078697,1.17837,-0.008005,0.17647,0.66845,0.15508,200,100,dp,47,187,10,1,random
3699,OI,16,"2026-07-15 05:51:39",95.9,0.786658,5.27987,5.6667,0.79136364,-0.0048303,1.27359,-0.008245,0.12834,0.77005,0.1016,200,100,dp,47,187,10,1,random
3700,OI,17,"2026-07-15 05:51:46",102.5,0.789509,5.35382,5.6667,0.79181818,-0.00284848,1.50582,-0.002867,0.1123,0.7861,0.1016,200,100,dp,47,187,10,1,random
3701,OI,18,"2026-07-15 05:51:52",109.2,0.792406,5.44395,5.6667,0.79287879,0.00145455,1.63398,-0.000947,0.06417,0.85561,0.08021,200,100,dp,47,187,10,1,random
3702,OI,19,"2026-07-15 05:51:59",116,0.793624,5.48857,5.6667,0.7940909,-0.00056364,1.34635,-0.000034,0.05348,0.91444,0.03209,200,100,dp,47,187,10,1,random
3703,OI,20,"2026-07-15 05:52:06",122.8,0.794027,5.49135,5.6667,0.80666667,-0.01512424,2.47092,-0.014849,0.05348,0.86631,0.08021,200,100,dp,47,187,10,1,random
3704,IR,1,"2026-07-15 05:52:14",4.7,0.514361,2.3784,6.0606,0.57651515,-0.11214546,0.230505,-0.133143,0.625,0.08,0.295,200,100,dp,47,200,10,1,random
3705,IR,2,"2026-07-15 05:52:18",8.9,0.524524,2.42418,5.8485,0.59075758,-0.11956667,0.223084,-0.134945,0.60622,0.11399,0.27979,200,100,dp,47,193,10,1,random
3706,IR,3,"2026-07-15 05:52:23",13.2,0.533864,2.47553,5.7576,0.6,-0.11396667,0.275233,-0.131928,0.6,0.11579,0.28421,200,100,dp,47,190,10,1,random
3707,IR,4,"2026-07-15 05:52:27",17.6,0.547164,2.54489,5.6667,0.61515152,-0.11829394,0.295264,-0.135643,0.59358,0.10695,0.29947,200,100,dp,47,187,10,1,random
3708,IR,5,"2026-07-15 05:52:32",22,0.55743,2.60476,5.6364,0.62606061,-0.11502121,0.290486,-0.131356,0.57527,0.1129,0.31183,200,100,dp,47,186,10,1,random
3709,IR,6,"2026-07-15 05:52:36",26.5,0.566012,2.64905,5.4545,0.64030303,-0.12707576,0.282137,-0.137589,0.55556,0.14444,0.3,200,100,dp,47,180,10,1,random
3710,IR,7,"2026-07-15 05:52:42",32.5,0.573673,2.68807,5.4242,0.63878788,-0.11173636,0.332114,-0.119015,0.55866,0.12849,0.31285,200,100,dp,47,179,10,1,random
3711,IR,8,"2026-07-15 05:52:48",38.6,0.581179,2.71295,5.3939,0.65515152,-0.12164545,0.331694,-0.133093,0.55618,0.13483,0.30899,200,100,dp,47,178,10,1,random
3712,IR,9,"2026-07-15 05:52:54",44.8,0.589749,2.74025,5.3939,0.65848485,-0.11475454,0.347977,-0.122851,0.55618,0.12921,0.31461,200,100,dp,47,178,10,1,random
3713,IR,10,"2026-07-15 05:53:01",51.1,0.592579,2.75626,5.303,0.66560606,-0.12077273,0.341883,-0.124378,0.54286,0.13143,0.32571,200,100,dp,47,175,10,1,random
3714,IR,11,"2026-07-15 05:53:07",57.4,0.597182,2.78261,5.2424,0.67075758,-0.1208303,0.33673,-0.125932,0.54335,0.12717,0.32948,200,100,dp,47,173,10,1,random
3715,IR,12,"2026-07-15 05:53:13",63.7,0.603421,2.82748,5.2121,0.67333333,-0.11217273,0.349939,-0.120082,0.52907,0.12791,0.34302,200,100,dp,47,172,10,1,random
3716,IR,13,"2026-07-15 05:53:20",70,0.609055,2.84601,5.1212,0.67681818,-0.11236364,0.341155,-0.114738,0.52071,0.13018,0.34911,200,100,dp,47,169,10,1,random
3717,IR,14,"2026-07-15 05:53:26",76.4,0.616609,2.88411,5.1212,0.67848484,-0.09980909,0.35654,-0.105481,0.50888,0.14201,0.34911,200,100,dp,47,169,10,1,random
3718,IR,15,"2026-07-15 05:53:32",82.6,0.620427,2.90983,5.0909,0.69151515,-0.1125697,0.362931,-0.11687,0.50595,0.14881,0.34524,200,100,dp,47,168,10,1,random
3719,IR,16,"2026-07-15 05:53:39",89,0.625061,2.93347,5.0909,0.70318182,-0.12462727,0.379444,-0.127863,0.5,0.14881,0.35119,200,100,dp,47,168,10,1,random
3720,IR,17,"2026-07-15 05:53:45",95.3,0.634621,2.99735,5.0909,0.71151515,-0.1223,0.391545,-0.127905,0.49405,0.15476,0.35119,200,100,dp,47,168,10,1,random
3721,IR,18,"2026-07-15 05:53:51",101.7,0.63967,3.01625,5.0909,0.71272727,-0.11550909,0.399107,-0.117141,0.49405,0.1369,0.36905,200,100,dp,47,168,10,1,random
3722,IR,19,"2026-07-15 05:53:58",108.1,0.645245,3.058,5.0606,0.72181818,-0.12291818,0.381437,-0.12217,0.48503,0.15569,0.35928,200,100,dp,47,167,10,1,random
3723,IR,20,"2026-07-15 05:54:04",114.4,0.649039,3.09075,5.0606,0.73424242,-0.13320909,0.39724,-0.133519,0.47904,0.16766,0.35329,200,100,dp,47,167,10,1,random
3724,AGR,1,"2026-07-15 05:54:12",7.3,0.523391,2.43582,6.0909,0.47772727,0.07892727,0.244965,0.072503,0.60697,0.10448,0.28856,200,100,dp,47,201,10,1,random
3725,AGR,2,"2026-07-15 05:54:19",14.3,0.543745,2.57195,6.0909,0.505,0.06084848,0.265357,0.056626,0.60199,0.0995,0.29851,200,100,dp,47,201,10,1,random
3726,AGR,3,"2026-07-15 05:54:26",21.5,0.562555,2.70877,5.8485,0.50742424,0.0939697,0.278083,0.085486,0.56995,0.10881,0.32124,200,100,dp,47,193,10,1,random
3727,AGR,4,"2026-07-15 05:54:33",28.4,0.579655,2.84053,5.8182,0.54045454,0.05826364,0.289763,0.056462,0.5625,0.10938,0.32813,200,100,dp,47,192,10,1,random
3728,AGR,5,"2026-07-15 05:54:40",35.5,0.598288,3.00167,5.7273,0.56833333,0.04772121,0.312191,0.037738,0.53439,0.13228,0.33333,200,100,dp,47,189,10,1,random
3729,AGR,6,"2026-07-15 05:54:47",42.6,0.615942,3.15458,5.697,0.57151515,0.07131515,0.343543,0.061092,0.51596,0.14362,0.34043,200,100,dp,47,188,10,1,random
3730,AGR,7,"2026-07-15 05:54:56",51.3,0.63433,3.34408,5.697,0.58772727,0.07024545,0.372844,0.062241,0.50532,0.1383,0.35638,200,100,dp,47,188,10,1,random
3731,AGR,8,"2026-07-15 05:55:05",60.2,0.651739,3.51506,5.697,0.61772727,0.04972121,0.373839,0.041507,0.48404,0.14362,0.37234,200,100,dp,47,188,10,1,random
3732,AGR,9,"2026-07-15 05:55:14",69.3,0.66823,3.70572,5.697,0.61621212,0.07754242,0.394482,0.068387,0.44681,0.20213,0.35106,200,100,dp,47,188,10,1,random
3733,AGR,10,"2026-07-15 05:55:23",78.6,0.681939,3.86502,5.6667,0.63863637,0.06319697,0.452242,0.055891,0.45989,0.19786,0.34225,200,100,dp,47,187,10,1,random
3734,AGR,11,"2026-07-15 05:55:32",87.6,0.695952,4.01951,5.6364,0.6560606,0.05719091,0.541618,0.049335,0.41935,0.23656,0.34409,200,100,dp,47,186,10,1,random
3735,AGR,12,"2026-07-15 05:55:41",96.8,0.70733,4.16828,5.5758,0.65909091,0.06918485,0.568217,0.062609,0.38587,0.29348,0.32065,200,100,dp,47,184,10,1,random
3736,AGR,13,"2026-07-15 05:55:51",105.9,0.718558,4.33488,5.5758,0.66818182,0.07122121,0.644069,0.064417,0.33696,0.36957,0.29348,200,100,dp,47,184,10,1,random
3737,AGR,14,"2026-07-15 05:56:00",115,0.729506,4.48849,5.5455,0.69015152,0.05580909,0.731487,0.048774,0.30601,0.4153,0.27869,200,100,dp,47,183,10,1,random
3738,AGR,15,"2026-07-15 05:56:09",124.2,0.739821,4.63349,5.5455,0.69106061,0.06882121,0.784359,0.061147,0.2623,0.48087,0.25683,200,100,dp,47,183,10,1,random
3739,AGR,16,"2026-07-15 05:56:18",133.4,0.749867,4.75404,5.5455,0.70833333,0.05550303,0.845506,0.050676,0.22404,0.56831,0.20765,200,100,dp,47,183,10,1,random
3740,AGR,17,"2026-07-15 05:56:27",142.7,0.760248,4.88252,5.5455,0.72727273,0.04372424,0.972125,0.03848,0.20219,0.60656,0.19126,200,100,dp,47,183,10,1,random
3741,AGR,18,"2026-07-15 05:56:36",151.8,0.767897,4.97422,5.5455,0.71272727,0.07530606,1.03914,0.068593,0.18579,0.6612,0.15301,200,100,dp,47,183,10,1,random
3742,AGR,19,"2026-07-15 05:56:46",161.1,0.773527,5.0492,5.5455,0.7139394,0.08021818,1.18397,0.07475,0.18033,0.65574,0.16393,200,100,dp,47,183,10,1,random
3743,AGR,20,"2026-07-15 05:56:55",170.3,0.779685,5.13671,5.5455,0.7269697,0.07046667,1.17508,0.065346,0.14208,0.71585,0.14208,200,100,dp,47,183,10,1,random
3744,RANDOM,1,"2026-07-15 05:57:04",4.6,0.5023,2.3056,5.8788,0.50424243,-0.00251212,0.218184,-0.002234,0.62371,0.08763,0.28866,200,100,dp,47,194,10,1,random
3745,RANDOM,2,"2026-07-15 05:57:08",8.7,0.508879,2.33338,5.6061,0.50909091,-0.0063697,0.230801,-0.003739,0.59459,0.10811,0.2973,200,100,dp,47,185,10,1,random
3746,RANDOM,3,"2026-07-15 05:57:12",12.8,0.507076,2.33147,5.4545,0.50560606,0.00354242,0.232986,0.007886,0.59444,0.1,0.30556,200,100,dp,47,180,10,1,random
3747,RANDOM,4,"2026-07-15 05:57:16",17,0.506994,2.31973,5.4242,0.50484849,0.00493939,0.235799,0.007386,0.59218,0.10615,0.30168,200,100,dp,47,179,10,1,random
3748,RANDOM,5,"2026-07-15 05:57:20",21.2,0.509812,2.33061,5.2424,0.51242424,0.00293939,0.245078,-0.004972,0.57803,0.12139,0.30058,200,100,dp,47,173,10,1,random
3749,RANDOM,6,"2026-07-15 05:57:24",25.5,0.514809,2.34844,5.1515,0.51242424,0.00106364,0.270256,0.001876,0.57647,0.13529,0.28824,200,100,dp,47,170,10,1,random
3750,RANDOM,7,"2026-07-15 05:57:30",31.3,0.513894,2.33838,5.0303,0.51727273,0.00038788,0.305707,-0.002123,0.56627,0.1506,0.28313,200,100,dp,47,166,10,1,random
3751,RANDOM,8,"2026-07-15 05:57:36",37.2,0.511324,2.32588,5.0303,0.51424242,-0.00932727,0.316296,-0.000333,0.58434,0.12048,0.29518,200,100,dp,47,166,10,1,random
3752,RANDOM,9,"2026-07-15 05:57:42",43.2,0.506118,2.29654,4.9697,0.50666666,-0.00174545,0.289861,0.005901,0.57927,0.11585,0.30488,200,100,dp,47,164,10,1,random
3753,RANDOM,10,"2026-07-15 05:57:48",49.3,0.504839,2.28846,4.8788,0.50651515,-0.00396061,0.274724,0.000843,0.58385,0.12422,0.29193,200,100,dp,47,161,10,1,random
3754,RANDOM,11,"2026-07-15 05:57:54",55.2,0.50643,2.28806,4.8182,0.50454546,0.00497576,0.307018,0.00551,0.56604,0.13836,0.2956,200,100,dp,47,159,10,1,random
3755,RANDOM,12,"2026-07-15 05:58:00",61.3,0.508394,2.29878,4.7879,0.51439394,-0.00081818,0.312826,-0.011568,0.56962,0.13924,0.29114,200,100,dp,47,158,10,1,random
3756,RANDOM,13,"2026-07-15 05:58:06",67.4,0.511897,2.32376,4.7576,0.50469697,0.00813636,0.333382,0.013296,0.57325,0.13376,0.29299,200,100,dp,47,157,10,1,random
3757,RANDOM,14,"2026-07-15 05:58:12",73.4,0.513227,2.32988,4.6667,0.52681818,-0.02797879,0.337006,-0.025802,0.57143,0.12338,0.30519,200,100,dp,47,154,10,1,random
3758,RANDOM,15,"2026-07-15 05:58:19",79.6,0.509509,2.32598,4.6364,0.50712122,0.00227273,0.321586,0.010963,0.56209,0.15033,0.28758,200,100,dp,47,153,10,1,random
3759,RANDOM,16,"2026-07-15 05:58:25",85.7,0.5094,2.33214,4.5455,0.50833333,-0.00101818,0.346268,0.004881,0.54667,0.16,0.29333,200,100,dp,47,150,10,1,random
3760,RANDOM,17,"2026-07-15 05:58:31",91.8,0.511264,2.34846,4.4848,0.51818182,-0.01376667,0.348065,-0.012319,0.5473,0.14189,0.31081,200,100,dp,47,148,10,1,random
3761,RANDOM,18,"2026-07-15 05:58:37",98,0.510085,2.34005,4.4545,0.51333333,-0.00961515,0.327563,-0.002463,0.54422,0.15646,0.29932,200,100,dp,47,147,10,1,random
3762,RANDOM,19,"2026-07-15 05:58:43",104.3,0.512188,2.3492,4.4545,0.50818182,0.01314242,0.350562,0.008382,0.53741,0.16327,0.29932,200,100,dp,47,147,10,1,random
3763,RANDOM,20,"2026-07-15 05:58:49",110.4,0.509394,2.32921,4.3636,0.51015151,0.00205758,0.345119,0.003823,0.54167,0.15972,0.29861,200,100,dp,47,144,10,1,random
3764,OI,1,"2026-07-15 05:59:05",5.1,0.533676,2.47657,5.697,0.53151515,-0.00073636,0.301754,-0.021488,0.58511,0.12234,0.29255,200,100,dp,48,188,10,1,random
3765,OI,2,"2026-07-15 05:59:10",9.9,0.56373,2.65685,5.6667,0.56075758,0.00363636,0.321195,-0.018028,0.5615,0.11765,0.32086,200,100,dp,48,187,10,1,random
3766,OI,3,"2026-07-15 05:59:15",14.7,0.591248,2.8565,5.6364,0.57939394,0.02241515,0.331056,0.000818,0.52688,0.13441,0.33871,200,100,dp,48,186,10,1,random
3767,OI,4,"2026-07-15 05:59:19",19.5,0.615158,3.03552,5.6364,0.61227273,0.00744849,0.342289,-0.012126,0.49462,0.17204,0.33333,200,100,dp,48,186,10,1,random
3768,OI,5,"2026-07-15 05:59:24",24.4,0.637258,3.24441,5.6061,0.63393939,0.00468788,0.377629,-0.009681,0.46486,0.16757,0.36757,200,100,dp,48,185,10,1,random
3769,OI,6,"2026-07-15 05:59:29",29.2,0.659497,3.44567,5.5758,0.65954546,0.00040606,0.37277,-0.014762,0.41304,0.22283,0.36413,200,100,dp,48,184,10,1,random
3770,OI,7,"2026-07-15 05:59:36",35.7,0.67793,3.62357,5.5152,0.67515152,0.00692121,0.412252,-0.007559,0.37363,0.25824,0.36813,200,100,dp,48,182,10,1,random
3771,OI,8,"2026-07-15 05:59:42",42.2,0.695276,3.81974,5.4848,0.70878788,-0.02350303,0.464494,-0.029566,0.35359,0.28177,0.36464,200,100,dp,48,181,10,1,random
3772,OI,9,"2026-07-15 05:59:49",48.9,0.712124,4.0286,5.4848,0.71621212,-0.00456364,0.512546,-0.01539,0.34807,0.30939,0.34254,200,100,dp,48,181,10,1,random
3773,OI,10,"2026-07-15 05:59:56",55.7,0.726233,4.22182,5.4848,0.72939394,-0.00577879,0.609759,-0.012165,0.30939,0.37569,0.31492,200,100,dp,48,181,10,1,random
3774,OI,11,"2026-07-15 06:00:03",62.6,0.739942,4.38797,5.4848,0.74439394,-0.00647576,0.68179,-0.013335,0.30387,0.40884,0.28729,200,100,dp,48,181,10,1,random
3775,OI,12,"2026-07-15 06:00:10",70.1,0.751121,4.56352,5.4848,0.75969697,-0.00953939,0.81673,-0.016852,0.28729,0.46409,0.24862,200,100,dp,48,181,10,1,random
3776,OI,13,"2026-07-15 06:00:17",77,0.761136,4.71643,5.4848,0.77181818,-0.01357273,0.957464,-0.018555,0.23204,0.53591,0.23204,200,100,dp,48,181,10,1,random
3777,OI,14,"2026-07-15 06:00:24",83.9,0.768967,4.86065,5.4848,0.78303031,-0.01954848,0.958274,-0.021789,0.20994,0.60221,0.18785,200,100,dp,48,181,10,1,random
3778,OI,15,"2026-07-15 06:00:31",90.8,0.776491,4.98873,5.4848,0.78227273,-0.00874242,1.13487,-0.010394,0.18232,0.66298,0.1547,200,100,dp,48,181,10,1,random
3779,OI,16,"2026-07-15 06:00:38",97.6,0.782839,5.0992,5.4545,0.78439394,-0.00230909,1.27877,-0.004209,0.16667,0.70556,0.12778,200,100,dp,48,180,10,1,random
3780,OI,17,"2026-07-15 06:00:44",104.4,0.787176,5.18943,5.4545,0.78681818,0.00024848,1.69406,-0.000456,0.08333,0.82778,0.08889,200,100,dp,48,180,10,1,random
3781,OI,18,"2026-07-15 06:00:51",111.3,0.789285,5.28166,5.4545,0.7869697,0.00364848,1.55935,0.003256,0.06667,0.86667,0.06667,200,100,dp,48,180,10,1,random
3782,OI,19,"2026-07-15 06:00:58",118.1,0.790997,5.32106,5.4545,0.79606061,-0.0064697,1.85143,-0.00592,0.04444,0.91667,0.03889,200,100,dp,48,180,10,1,random
3783,OI,20,"2026-07-15 06:01:05",125.1,0.791382,5.33106,5.4545,0.79727272,-0.00741818,2.66335,-0.006316,0.03889,0.92222,0.03889,200,100,dp,48,180,10,1,random
3784,IR,1,"2026-07-15 06:01:15",5.6,0.515373,2.37013,5.8485,0.57272727,-0.1001697,0.266293,-0.123592,0.6114,0.10363,0.28497,200,100,dp,48,193,10,1,random
3785,IR,2,"2026-07-15 06:01:20",10.8,0.5266,2.42593,5.6061,0.59469697,-0.11863636,0.260365,-0.138954,0.58919,0.1027,0.30811,200,100,dp,48,185,10,1,random
3786,IR,3,"2026-07-15 06:01:25",15.9,0.532991,2.46285,5.4848,0.60257576,-0.12293939,0.24656,-0.134996,0.58011,0.12155,0.29834,200,100,dp,48,181,10,1,random
3787,IR,4,"2026-07-15 06:01:30",20.9,0.544061,2.52384,5.3939,0.60545454,-0.10361818,0.283553,-0.122258,0.5618,0.13483,0.30337,200,100,dp,48,178,10,1,random
3788,IR,5,"2026-07-15 06:01:35",26,0.552518,2.5562,5.303,0.62272727,-0.11808788,0.285275,-0.133822,0.56,0.13714,0.30286,200,100,dp,48,175,10,1,random
3789,IR,6,"2026-07-15 06:01:40",31.1,0.559636,2.58584,5.2424,0.63651515,-0.1312303,0.308809,-0.142757,0.54335,0.15029,0.30636,200,100,dp,48,173,10,1,random
3790,IR,7,"2026-07-15 06:01:47",37.8,0.569045,2.62837,5.2121,0.63696969,-0.11039091,0.319954,-0.12684,0.54651,0.14535,0.30814,200,100,dp,48,172,10,1,random
3791,IR,8,"2026-07-15 06:01:54",44.5,0.577245,2.67643,5.1212,0.64712121,-0.11306667,0.34288,-0.127475,0.53254,0.14793,0.31953,200,100,dp,48,169,10,1,random
3792,IR,9,"2026-07-15 06:02:01",51.5,0.585764,2.71017,5.0909,0.65560606,-0.11353333,0.346536,-0.125013,0.51786,0.16667,0.31548,200,100,dp,48,168,10,1,random
3793,IR,10,"2026-07-15 06:02:08",58.6,0.593288,2.75249,5.0606,0.66575757,-0.11948485,0.367008,-0.127708,0.51497,0.16766,0.31737,200,100,dp,48,167,10,1,random
3794,IR,11,"2026-07-15 06:02:15",65.6,0.597291,2.77175,5,0.67348485,-0.12441212,0.37227,-0.129494,0.50303,0.1697,0.32727,200,100,dp,48,165,10,1,random
3795,IR,12,"2026-07-15 06:02:22",72.6,0.604667,2.80712,4.9697,0.67575757,-0.11557273,0.372879,-0.122336,0.5,0.17073,0.32927,200,100,dp,48,164,10,1,random
3796,IR,13,"2026-07-15 06:02:29",79.7,0.612667,2.84406,4.9394,0.68787879,-0.11997576,0.386878,-0.128405,0.49693,0.17178,0.33129,200,100,dp,48,163,10,1,random
3797,IR,14,"2026-07-15 06:02:36",86.7,0.617767,2.88586,4.9394,0.69772727,-0.12862121,0.392483,-0.132776,0.47239,0.21472,0.31288,200,100,dp,48,163,10,1,random
3798,IR,15,"2026-07-15 06:02:43",93.6,0.624015,2.9188,4.7879,0.69727273,-0.11787273,0.415968,-0.121455,0.44937,0.23418,0.31646,200,100,dp,48,158,10,1,random
3799,IR,16,"2026-07-15 06:02:50",100.6,0.630448,2.96332,4.7273,0.715,-0.13512424,0.436524,-0.138418,0.44872,0.21795,0.33333,200,100,dp,48,156,10,1,random
3800,IR,17,"2026-07-15 06:02:57",107.5,0.634736,3.00318,4.7273,0.7119697,-0.12429091,0.44755,-0.123945,0.46154,0.1859,0.35256,200,100,dp,48,156,10,1,random
3801,IR,18,"2026-07-15 06:03:04",114.5,0.638761,3.02061,4.7273,0.71045455,-0.11425758,0.416919,-0.114587,0.44872,0.21154,0.33974,200,100,dp,48,156,10,1,random
3802,IR,19,"2026-07-15 06:03:11",121.5,0.639812,3.04539,4.697,0.71727273,-0.12096364,0.448413,-0.120278,0.46452,0.1871,0.34839,200,100,dp,48,155,10,1,random
3803,IR,20,"2026-07-15 06:03:18",128.5,0.645009,3.09713,4.6667,0.72015152,-0.1182303,0.457443,-0.119708,0.44156,0.20779,0.35065,200,100,dp,48,154,10,1,random
3804,AGR,1,"2026-07-15 06:03:26",7.4,0.522361,2.43743,5.6667,0.47030303,0.09986061,0.276925,0.086478,0.60428,0.09626,0.29947,200,100,dp,48,187,10,1,random
3805,AGR,2,"2026-07-15 06:03:33",14.2,0.542312,2.57541,5.5758,0.49909091,0.0689303,0.279598,0.067012,0.58696,0.10326,0.30978,200,100,dp,48,184,10,1,random
3806,AGR,3,"2026-07-15 06:03:40",21.2,0.562873,2.7247,5.5455,0.5180303,0.07397273,0.30842,0.066504,0.55738,0.10383,0.3388,200,100,dp,48,183,10,1,random
3807,AGR,4,"2026-07-15 06:03:47",28.1,0.583718,2.88805,5.5455,0.55681818,0.03741818,0.293786,0.032112,0.54645,0.11475,0.3388,200,100,dp,48,183,10,1,random
3808,AGR,5,"2026-07-15 06:03:54",35.1,0.599309,3.03519,5.5152,0.55378788,0.06940606,0.322671,0.066339,0.52747,0.13187,0.34066,200,100,dp,48,182,10,1,random
3809,AGR,6,"2026-07-15 06:04:01",42.2,0.614052,3.19976,5.5152,0.56212121,0.07512727,0.356474,0.076223,0.48901,0.14286,0.36813,200,100,dp,48,182,10,1,random
3810,AGR,7,"2026-07-15 06:04:09",50.9,0.632012,3.34656,5.5152,0.58378788,0.06850909,0.335954,0.066056,0.46154,0.18681,0.35165,200,100,dp,48,182,10,1,random
3811,AGR,8,"2026-07-15 06:04:18",59.6,0.647036,3.52513,5.5152,0.60166666,0.06576061,0.393593,0.061892,0.42308,0.21429,0.36264,200,100,dp,48,182,10,1,random
3812,AGR,9,"2026-07-15 06:04:27",68.8,0.660691,3.68652,5.4848,0.61181818,0.07265758,0.400671,0.06607,0.41436,0.22652,0.35912,200,100,dp,48,181,10,1,random
3813,AGR,10,"2026-07-15 06:04:36",77.8,0.678548,3.85657,5.4848,0.63787879,0.06032121,0.473935,0.050396,0.40331,0.24862,0.34807,200,100,dp,48,181,10,1,random
3814,AGR,11,"2026-07-15 06:04:45",86.8,0.692788,4.02584,5.4848,0.64787879,0.06640303,0.530343,0.057527,0.38674,0.27072,0.34254,200,100,dp,48,181,10,1,random
3815,AGR,12,"2026-07-15 06:04:54",95.9,0.706221,4.20646,5.4848,0.67075758,0.05116364,0.588883,0.043463,0.37017,0.30939,0.32044,200,100,dp,48,181,10,1,random
3816,AGR,13,"2026-07-15 06:05:03",104.9,0.71923,4.35326,5.4848,0.67666666,0.06006061,0.661024,0.05248,0.32597,0.36464,0.30939,200,100,dp,48,181,10,1,random
3817,AGR,14,"2026-07-15 06:05:12",113.8,0.726673,4.45516,5.4848,0.67075757,0.08112424,0.691043,0.073272,0.30939,0.41436,0.27624,200,100,dp,48,181,10,1,random
3818,AGR,15,"2026-07-15 06:05:21",122.9,0.735542,4.58382,5.4545,0.70121212,0.04940303,0.795591,0.042486,0.27778,0.49444,0.22778,200,100,dp,48,180,10,1,random
3819,AGR,16,"2026-07-15 06:05:31",132.3,0.744236,4.70424,5.4545,0.7009091,0.06134848,0.91153,0.054053,0.25,0.51111,0.23889,200,100,dp,48,180,10,1,random
3820,AGR,17,"2026-07-15 06:05:40",141.4,0.751336,4.81125,5.4545,0.69333333,0.0793697,0.89594,0.07418,0.21667,0.60556,0.17778,200,100,dp,48,180,10,1,random
3821,AGR,18,"2026-07-15 06:05:49",150.6,0.758579,4.92228,5.4545,0.71409091,0.06260606,1.04353,0.055496,0.2,0.62778,0.17222,200,100,dp,48,180,10,1,random
3822,AGR,19,"2026-07-15 06:05:58",159.8,0.763945,5.00873,5.4545,0.70560606,0.07941212,1.12552,0.074086,0.16111,0.68889,0.15,200,100,dp,48,180,10,1,random
3823,AGR,20,"2026-07-15 06:06:08",169.1,0.769018,5.07915,5.4545,0.73393939,0.04730606,1.13078,0.043746,0.13889,0.73333,0.12778,200,100,dp,48,180,10,1,random
3824,RANDOM,1,"2026-07-15 06:06:17",4.8,0.500839,2.30098,5.5758,0.49606061,0.00457273,0.248462,0.013389,0.61413,0.09783,0.28804,200,100,dp,48,184,10,1,random
3825,RANDOM,2,"2026-07-15 06:06:21",9.2,0.504809,2.31481,5.3636,0.49893939,0.0053303,0.256757,0.01109,0.60452,0.0904,0.30508,200,100,dp,48,177,10,1,random
3826,RANDOM,3,"2026-07-15 06:06:26",13.5,0.50363,2.3174,5.2121,0.50333333,0.00704242,0.249435,0.004035,0.59884,0.09884,0.30233,200,100,dp,48,172,10,1,random
3827,RANDOM,4,"2026-07-15 06:06:30",17.8,0.499267,2.30889,5.1515,0.5040909,-0.01251212,0.261032,-0.002096,0.60588,0.09412,0.3,200,100,dp,48,170,10,1,random
3828,RANDOM,5,"2026-07-15 06:06:34",22.3,0.504433,2.32645,5.1212,0.50454545,-0.00308788,0.279606,-0.003046,0.59763,0.09467,0.30769,200,100,dp,48,169,10,1,random
3829,RANDOM,6,"2026-07-15 06:06:39",26.7,0.502609,2.3191,5.0606,0.51,-0.01262727,0.259838,-0.010558,0.5988,0.09581,0.30539,200,100,dp,48,167,10,1,random
3830,RANDOM,7,"2026-07-15 06:06:45",32.7,0.49737,2.29922,5,0.49333333,0.00940606,0.258608,0.016095,0.6,0.09091,0.30909,200,100,dp,48,165,10,1,random
3831,RANDOM,8,"2026-07-15 06:06:51",38.7,0.493033,2.28422,4.9091,0.49651515,-0.00247273,0.254895,0.001063,0.59877,0.08642,0.31481,200,100,dp,48,162,10,1,random
3832,RANDOM,9,"2026-07-15 06:06:57",45,0.490779,2.27296,4.8182,0.48954545,-0.0047,0.255416,0.007444,0.58491,0.1195,0.2956,200,100,dp,48,159,10,1,random
3833,RANDOM,10,"2026-07-15 06:07:03",51.3,0.4868,2.25858,4.7879,0.48969697,0.00050909,0.286543,0.001053,0.58228,0.10127,0.31646,200,100,dp,48,158,10,1,random
3834,RANDOM,11,"2026-07-15 06:07:10",57.8,0.4849,2.2516,4.7273,0.47924242,0.01239091,0.262218,0.016318,0.57051,0.10256,0.32692,200,100,dp,48,156,10,1,random
3835,RANDOM,12,"2026-07-15 06:07:16",64.2,0.484697,2.24428,4.6667,0.48787879,-0.00695455,0.248829,-0.003393,0.55844,0.12338,0.31818,200,100,dp,48,154,10,1,random
3836,RANDOM,13,"2026-07-15 06:07:22",70.4,0.483645,2.24603,4.6061,0.49030303,-0.01202727,0.268087,-0.010081,0.56579,0.11184,0.32237,200,100,dp,48,152,10,1,random
3837,RANDOM,14,"2026-07-15 06:07:29",76.9,0.479627,2.24263,4.6061,0.48,-0.00818182,0.264504,0.005819,0.56579,0.125,0.30921,200,100,dp,48,152,10,1,random
3838,RANDOM,15,"2026-07-15 06:07:35",83.3,0.477248,2.23298,4.5758,0.48181818,-0.01152424,0.280702,-0.00415,0.56291,0.11921,0.31788,200,100,dp,48,151,10,1,random
3839,RANDOM,16,"2026-07-15 06:07:42",89.6,0.4772,2.22602,4.5455,0.47257576,0.00152121,0.270795,0.013108,0.56,0.12667,0.31333,200,100,dp,48,150,10,1,random
3840,RANDOM,17,"2026-07-15 06:07:48",96,0.478152,2.21868,4.4848,0.48075757,-0.00651818,0.28014,-0.00276,0.55405,0.11486,0.33108,200,100,dp,48,148,10,1,random
3841,RANDOM,18,"2026-07-15 06:07:54",102.3,0.479788,2.22337,4.4545,0.48515151,0.00719697,0.251927,-0.01019,0.55102,0.11565,0.33333,200,100,dp,48,147,10,1,random
3842,RANDOM,19,"2026-07-15 06:08:01",108.6,0.479176,2.21444,4.4242,0.48181818,-0.00867879,0.252026,-0.001564,0.56164,0.11644,0.32192,200,100,dp,48,146,10,1,random
3843,RANDOM,20,"2026-07-15 06:08:07",114.8,0.477742,2.21355,4.3636,0.48136363,-0.00988788,0.267576,-0.002689,0.55556,0.13194,0.3125,200,100,dp,48,144,10,1,random
3844,OI,1,"2026-07-15 06:08:23",5.2,0.534158,2.47754,6,0.53939394,-0.01023333,0.255065,-0.028141,0.59596,0.11111,0.29293,200,100,dp,49,198,10,1,random
3845,OI,2,"2026-07-15 06:08:27",9.9,0.564067,2.63685,5.9697,0.56787879,-0.00725455,0.309915,-0.029783,0.5736,0.12183,0.30457,200,100,dp,49,197,10,1,random
3846,OI,3,"2026-07-15 06:08:32",14.5,0.593451,2.83189,5.9091,0.59939394,-0.00589697,0.337637,-0.032124,0.55385,0.11795,0.32821,200,100,dp,49,195,10,1,random
3847,OI,4,"2026-07-15 06:08:37",19.1,0.617318,3.02039,5.9091,0.61712121,-0.00190909,0.342148,-0.015927,0.51795,0.15897,0.32308,200,100,dp,49,195,10,1,random
3848,OI,5,"2026-07-15 06:08:41",23.8,0.642227,3.23045,5.9091,0.63469697,0.01301515,0.387588,-0.004612,0.49744,0.1641,0.33846,200,100,dp,49,195,10,1,random
3849,OI,6,"2026-07-15 06:08:46",28.6,0.664012,3.42419,5.9091,0.66439394,-0.00118788,0.407133,-0.014806,0.48205,0.17436,0.34359,200,100,dp,49,195,10,1,random
3850,OI,7,"2026-07-15 06:08:52",34.9,0.684203,3.64828,5.8788,0.68757576,-0.00023636,0.433857,-0.017437,0.43814,0.20619,0.35567,200,100,dp,49,194,10,1,random
3851,OI,8,"2026-07-15 06:08:59",41.3,0.704442,3.87605,5.8485,0.71530303,-0.0161697,0.48627,-0.027589,0.39896,0.30052,0.30052,200,100,dp,49,193,10,1,random
3852,OI,9,"2026-07-15 06:09:05",47.9,0.721852,4.09349,5.8485,0.71712121,0.0097,0.617004,-0.002985,0.37306,0.27979,0.34715,200,100,dp,49,193,10,1,random
3853,OI,10,"2026-07-15 06:09:12",54.5,0.733576,4.27077,5.8485,0.74257576,-0.01209394,0.555995,-0.01865,0.34197,0.35751,0.30052,200,100,dp,49,193,10,1,random
3854,OI,11,"2026-07-15 06:09:19",61.2,0.74817,4.47389,5.8485,0.73409091,0.02120909,0.670059,0.011255,0.31088,0.39896,0.29016,200,100,dp,49,193,10,1,random
3855,OI,12,"2026-07-15 06:09:25",67.9,0.758958,4.65764,5.8485,0.76530303,-0.00808788,0.739645,-0.013694,0.29534,0.41969,0.28497,200,100,dp,49,193,10,1,random
3856,OI,13,"2026-07-15 06:09:32",74.6,0.768288,4.83028,5.8485,0.77015152,-0.00284545,0.797162,-0.006546,0.25389,0.48705,0.25907,200,100,dp,49,193,10,1,random
3857,OI,14,"2026-07-15 06:09:39",81.2,0.777542,5.01707,5.8485,0.78075757,-0.00297576,0.866293,-0.008318,0.21244,0.61658,0.17098,200,100,dp,49,193,10,1,random
3858,OI,15,"2026-07-15 06:09:45",87.9,0.78427,5.1608,5.8485,0.79530303,-0.01343333,1.1109,-0.016636,0.19171,0.62694,0.18135,200,100,dp,49,193,10,1,random
3859,OI,16,"2026-07-15 06:09:52",94.5,0.790124,5.32135,5.8485,0.79712121,-0.00985454,1.11252,-0.011048,0.13472,0.74093,0.12435,200,100,dp,49,193,10,1,random
3860,OI,17,"2026-07-15 06:09:59",101.1,0.794521,5.42478,5.8485,0.79257577,0.00294545,1.28296,0.00127,0.11399,0.76166,0.12435,200,100,dp,49,193,10,1,random
3861,OI,18,"2026-07-15 06:10:06",108.5,0.797785,5.51552,5.8485,0.78893939,0.01065152,1.24924,0.010447,0.12435,0.7772,0.09845,200,100,dp,49,193,10,1,random
3862,OI,19,"2026-07-15 06:10:13",115.8,0.800261,5.59791,5.8485,0.80015151,0.0013303,1.75526,0.000288,0.05699,0.87047,0.07254,200,100,dp,49,193,10,1,random
3863,OI,20,"2026-07-15 06:10:20",122.5,0.800524,5.61111,5.8485,0.80924243,-0.01118485,1.39973,-0.009533,0.08808,0.83938,0.07254,200,100,dp,49,193,10,1,random
3864,IR,1,"2026-07-15 06:10:30",5.3,0.51813,2.37998,5.8788,0.58469697,-0.11796061,0.212542,-0.135328,0.6134,0.10309,0.28351,200,100,dp,49,194,10,1,random
3865,IR,2,"2026-07-15 06:10:34",10.1,0.528224,2.41109,5.6667,0.59545455,-0.11426364,0.247219,-0.135619,0.59358,0.1123,0.29412,200,100,dp,49,187,10,1,random
3866,IR,3,"2026-07-15 06:10:39",14.8,0.535803,2.44422,5.5455,0.60227272,-0.11396667,0.251917,-0.129653,0.59563,0.0929,0.31148,200,100,dp,49,183,10,1,random
3867,IR,4,"2026-07-15 06:10:44",19.6,0.542188,2.47402,5.5152,0.61727273,-0.13366364,0.251853,-0.143699,0.58242,0.1044,0.31319,200,100,dp,49,182,10,1,random
3868,IR,5,"2026-07-15 06:10:49",24.4,0.550006,2.50868,5.4545,0.61166666,-0.10853333,0.2569,-0.118089,0.57222,0.12222,0.30556,200,100,dp,49,180,10,1,random
3869,IR,6,"2026-07-15 06:10:54",29.3,0.563024,2.57954,5.3636,0.63303031,-0.11140303,0.290139,-0.13592,0.55367,0.12429,0.32203,200,100,dp,49,177,10,1,random
3870,IR,7,"2026-07-15 06:11:00",35.9,0.56807,2.61013,5.2727,0.64060606,-0.1235303,0.27681,-0.131318,0.54598,0.13793,0.31609,200,100,dp,49,174,10,1,random
3871,IR,8,"2026-07-15 06:11:07",42.3,0.573952,2.62421,5.0909,0.64893939,-0.12917576,0.301693,-0.135117,0.52976,0.1369,0.33333,200,100,dp,49,168,10,1,random
3872,IR,9,"2026-07-15 06:11:13",49,0.584397,2.68462,5.0909,0.65772727,-0.12283333,0.313105,-0.13395,0.53571,0.11905,0.34524,200,100,dp,49,168,10,1,random
3873,IR,10,"2026-07-15 06:11:20",55.9,0.592052,2.72704,5.0303,0.66075758,-0.11303333,0.301633,-0.121637,0.51807,0.13253,0.3494,200,100,dp,49,166,10,1,random
3874,IR,11,"2026-07-15 06:11:27",62.6,0.599039,2.76225,5.0303,0.67287879,-0.12116061,0.320796,-0.128066,0.5241,0.12651,0.3494,200,100,dp,49,166,10,1,random
3875,IR,12,"2026-07-15 06:11:34",69.4,0.605833,2.80252,4.9697,0.67727272,-0.1180697,0.332374,-0.122601,0.51829,0.14024,0.34146,200,100,dp,49,164,10,1,random
3876,IR,13,"2026-07-15 06:11:40",76.1,0.614182,2.84732,4.9697,0.6869697,-0.11954545,0.364112,-0.124553,0.5122,0.14024,0.34756,200,100,dp,49,164,10,1,random
3877,IR,14,"2026-07-15 06:11:47",82.8,0.618203,2.87746,4.9394,0.69393939,-0.12307879,0.359992,-0.124851,0.5092,0.1411,0.34969,200,100,dp,49,163,10,1,random
3878,IR,15,"2026-07-15 06:11:54",89.5,0.626164,2.91831,4.9091,0.70666667,-0.1307697,0.375415,-0.134248,0.48765,0.16667,0.34568,200,100,dp,49,162,10,1,random
3879,IR,16,"2026-07-15 06:12:00",96.3,0.627748,2.94647,4.8182,0.69818182,-0.11382121,0.384335,-0.111777,0.49057,0.15094,0.35849,200,100,dp,49,159,10,1,random
3880,IR,17,"2026-07-15 06:12:07",103,0.631639,2.96167,4.7879,0.70969697,-0.12479394,0.388667,-0.12538,0.47468,0.17722,0.3481,200,100,dp,49,158,10,1,random
3881,IR,18,"2026-07-15 06:12:14",109.8,0.637185,2.99908,4.7879,0.71121212,-0.11670909,0.405164,-0.119626,0.47468,0.17722,0.3481,200,100,dp,49,158,10,1,random
3882,IR,19,"2026-07-15 06:12:21",116.6,0.642909,3.04312,4.7879,0.71818181,-0.12041515,0.428711,-0.120581,0.46203,0.1962,0.34177,200,100,dp,49,158,10,1,random
3883,IR,20,"2026-07-15 06:12:28",123.3,0.647785,3.07402,4.7576,0.72757576,-0.12749091,0.454524,-0.12602,0.45223,0.19108,0.35669,200,100,dp,49,157,10,1,random
3884,AGR,1,"2026-07-15 06:12:36",7.9,0.532736,2.48636,5.9697,0.50484848,0.03814242,0.235776,0.036064,0.60406,0.09137,0.30457,200,100,dp,49,197,10,1,random
3885,AGR,2,"2026-07-15 06:12:44",15.1,0.552406,2.6117,5.7576,0.5010606,0.08370606,0.248011,0.079816,0.58421,0.08947,0.32632,200,100,dp,49,190,10,1,random
3886,AGR,3,"2026-07-15 06:12:51",22.3,0.571124,2.7486,5.6061,0.52666666,0.07421515,0.264065,0.065396,0.56216,0.09189,0.34595,200,100,dp,49,185,10,1,random
3887,AGR,4,"2026-07-15 06:12:58",29.6,0.592976,2.92038,5.5455,0.55651516,0.05580303,0.284429,0.046249,0.53005,0.12022,0.34973,200,100,dp,49,183,10,1,random
3888,AGR,5,"2026-07-15 06:13:06",37.3,0.612097,3.07576,5.5152,0.56863636,0.06819091,0.312851,0.058884,0.51099,0.12088,0.36813,200,100,dp,49,182,10,1,random
3889,AGR,6,"2026-07-15 06:13:13",44.9,0.628233,3.23521,5.5152,0.5828788,0.0678697,0.315889,0.062258,0.50549,0.12637,0.36813,200,100,dp,49,182,10,1,random
3890,AGR,7,"2026-07-15 06:13:22",53.9,0.645921,3.41234,5.4848,0.61015151,0.05231515,0.349653,0.04427,0.48066,0.1547,0.36464,200,100,dp,49,181,10,1,random
3891,AGR,8,"2026-07-15 06:13:32",63.2,0.661545,3.59363,5.4848,0.62484848,0.06075152,0.396768,0.046119,0.44751,0.18785,0.36464,200,100,dp,49,181,10,1,random
3892,AGR,9,"2026-07-15 06:13:41",72.7,0.675712,3.75403,5.4848,0.63030303,0.06738182,0.427368,0.05882,0.43094,0.20442,0.36464,200,100,dp,49,181,10,1,random
3893,AGR,10,"2026-07-15 06:13:50",82.1,0.688755,3.90722,5.4848,0.64378788,0.06371515,0.466308,0.058453,0.39779,0.23757,0.36464,200,100,dp,49,181,10,1,random
3894,AGR,11,"2026-07-15 06:14:00",91.4,0.703773,4.1068,5.4545,0.65924243,0.0672697,0.499838,0.055109,0.37222,0.25556,0.37222,200,100,dp,49,180,10,1,random
3895,AGR,12,"2026-07-15 06:14:09",100.9,0.716352,4.29546,5.4545,0.67075758,0.06323636,0.52936,0.05712,0.34444,0.32778,0.32778,200,100,dp,49,180,10,1,random
3896,AGR,13,"2026-07-15 06:14:19",110.3,0.725964,4.43211,5.4545,0.67636363,0.06955152,0.648764,0.063641,0.3,0.37222,0.32778,200,100,dp,49,180,10,1,random
3897,AGR,14,"2026-07-15 06:14:28",119.8,0.734906,4.5684,5.4545,0.69621213,0.0532697,0.664229,0.048482,0.26667,0.44444,0.28889,200,100,dp,49,180,10,1,random
3898,AGR,15,"2026-07-15 06:14:38",129.5,0.741852,4.68017,5.4545,0.68575757,0.07571515,0.735957,0.072664,0.24444,0.50556,0.25,200,100,dp,49,180,10,1,random
3899,AGR,16,"2026-07-15 06:14:48",139.1,0.750024,4.78959,5.4545,0.71151516,0.05230909,0.816674,0.047648,0.21667,0.55556,0.22778,200,100,dp,49,180,10,1,random
3900,AGR,17,"2026-07-15 06:14:57",148.8,0.756576,4.89526,5.4545,0.71484848,0.05893636,0.885302,0.052449,0.2,0.61667,0.18333,200,100,dp,49,180,10,1,random
3901,AGR,18,"2026-07-15 06:15:07",158.9,0.761688,4.98854,5.4545,0.72121212,0.05711212,1.01606,0.051042,0.16667,0.67222,0.16111,200,100,dp,49,180,10,1,random
3902,AGR,19,"2026-07-15 06:15:17",168.4,0.765612,5.04048,5.4545,0.70151515,0.08694545,1.08258,0.082484,0.12778,0.71111,0.16111,200,100,dp,49,180,10,1,random
3903,AGR,20,"2026-07-15 06:15:27",178.5,0.770882,5.11862,5.4545,0.72924242,0.05761818,1.05367,0.052016,0.11111,0.77222,0.11667,200,100,dp,49,180,10,1,random
3904,RANDOM,1,"2026-07-15 06:15:35",5,0.509788,2.33844,6,0.51242424,-0.0075303,0.210505,-0.002318,0.61616,0.09596,0.28788,200,100,dp,49,198,10,1,random
3905,RANDOM,2,"2026-07-15 06:15:40",9.5,0.508479,2.33523,5.8485,0.50909091,-0.00158182,0.22727,0.00357,0.6114,0.10363,0.28497,200,100,dp,49,193,10,1,random
3906,RANDOM,3,"2026-07-15 06:15:44",13.9,0.508558,2.34256,5.6061,0.50393939,0.00468182,0.236386,0.012331,0.6,0.11351,0.28649,200,100,dp,49,185,10,1,random
3907,RANDOM,4,"2026-07-15 06:15:49",18.3,0.504703,2.32755,5.5152,0.50530303,-0.00183333,0.253584,0.006576,0.60989,0.1044,0.28571,200,100,dp,49,182,10,1,random
3908,RANDOM,5,"2026-07-15 06:15:53",22.8,0.504452,2.32912,5.4545,0.51348485,-0.01253939,0.25914,-0.014761,0.61111,0.1,0.28889,200,100,dp,49,180,10,1,random
3909,RANDOM,6,"2026-07-15 06:15:58",27.4,0.504824,2.32432,5.3636,0.51060606,-0.00388485,0.258697,-0.010819,0.60452,0.09605,0.29944,200,100,dp,49,177,10,1,random
3910,RANDOM,7,"2026-07-15 06:16:04",33.5,0.506961,2.32588,5.2727,0.49954546,0.00841515,0.254807,0.01493,0.5977,0.0977,0.3046,200,100,dp,49,174,10,1,random
3911,RANDOM,8,"2026-07-15 06:16:10",39.7,0.502652,2.32115,5.1515,0.50045454,0.00138788,0.249193,0.010953,0.59412,0.11765,0.28824,200,100,dp,49,170,10,1,random
3912,RANDOM,9,"2026-07-15 06:16:16",46,0.503945,2.3264,5.0606,0.50151515,0.00919697,0.28782,0.006686,0.59281,0.1018,0.30539,200,100,dp,49,167,10,1,random
3913,RANDOM,10,"2026-07-15 06:16:23",52.3,0.50097,2.31968,5.0606,0.49757576,0.00203636,0.267465,0.013034,0.58683,0.11377,0.2994,200,100,dp,49,167,10,1,random
3914,RANDOM,11,"2026-07-15 06:16:29",58.7,0.498442,2.31943,5.0606,0.49348485,0.00931818,0.271786,0.015976,0.58683,0.11377,0.2994,200,100,dp,49,167,10,1,random
3915,RANDOM,12,"2026-07-15 06:16:35",65.1,0.496145,2.30431,5.0303,0.49212121,0.00344243,0.276418,0.013919,0.60843,0.08434,0.30723,200,100,dp,49,166,10,1,random
3916,RANDOM,13,"2026-07-15 06:16:42",71.4,0.501055,2.33159,5,0.49075758,0.01229697,0.272624,0.019353,0.58788,0.10303,0.30909,200,100,dp,49,165,10,1,random
3917,RANDOM,14,"2026-07-15 06:16:48",77.7,0.501697,2.34384,4.8485,0.50348484,0.00043636,0.27403,-0.001621,0.58125,0.10625,0.3125,200,100,dp,49,160,10,1,random
3918,RANDOM,15,"2026-07-15 06:16:54",84.1,0.497752,2.32462,4.7879,0.50181818,-0.00845455,0.278438,-0.000983,0.56962,0.13291,0.29747,200,100,dp,49,158,10,1,random
3919,RANDOM,16,"2026-07-15 06:17:01",90.5,0.502164,2.34595,4.7879,0.49772728,0.00629394,0.308975,0.007976,0.57595,0.12658,0.29747,200,100,dp,49,158,10,1,random
3920,RANDOM,17,"2026-07-15 06:17:07",96.8,0.504218,2.36326,4.7879,0.50515152,-0.00370606,0.316216,-0.000321,0.58861,0.10759,0.3038,200,100,dp,49,158,10,1,random
3921,RANDOM,18,"2026-07-15 06:17:14",103.3,0.501382,2.34281,4.6667,0.50469697,-0.01360606,0.310232,-0.00141,0.56494,0.14935,0.28571,200,100,dp,49,154,10,1,random
3922,RANDOM,19,"2026-07-15 06:17:20",109.7,0.501139,2.35004,4.6061,0.51030303,-0.01437879,0.349167,-0.014405,0.55921,0.15132,0.28947,200,100,dp,49,152,10,1,random
3923,RANDOM,20,"2026-07-15 06:17:26",116,0.500912,2.35443,4.6061,0.50242425,-0.00248788,0.341693,-0.000599,0.54605,0.16447,0.28947,200,100,dp,49,152,10,1,random
3924,OI,1,"2026-07-15 06:17:43",5,0.538136,2.48314,6,0.55060606,-0.02100909,0.277376,-0.048416,0.60101,0.11111,0.28788,200,100,dp,50,198,10,1,random
3925,OI,2,"2026-07-15 06:17:47",9.7,0.569158,2.67143,5.9394,0.57515152,-0.00821818,0.308497,-0.035316,0.57143,0.12245,0.30612,200,100,dp,50,196,10,1,random
3926,OI,3,"2026-07-15 06:17:52",14.3,0.597997,2.84314,5.8788,0.59515151,0.00015758,0.330038,-0.017195,0.5567,0.12371,0.31959,200,100,dp,50,194,10,1,random
3927,OI,4,"2026-07-15 06:17:57",19,0.623303,3.02462,5.8485,0.61954545,0.00691212,0.361317,-0.011409,0.52332,0.14508,0.33161,200,100,dp,50,193,10,1,random
3928,OI,5,"2026-07-15 06:18:01",23.9,0.646821,3.21958,5.8485,0.65257576,-0.00801818,0.400123,-0.024738,0.49741,0.18135,0.32124,200,100,dp,50,193,10,1,random
3929,OI,6,"2026-07-15 06:18:06",28.7,0.667264,3.40799,5.8485,0.66530303,0.00307273,0.445659,-0.010136,0.46114,0.2228,0.31606,200,100,dp,50,193,10,1,random
3930,OI,7,"2026-07-15 06:18:13",35,0.686694,3.62393,5.8485,0.68787878,-0.00166667,0.501185,-0.014202,0.44041,0.22798,0.33161,200,100,dp,50,193,10,1,random
3931,OI,8,"2026-07-15 06:18:19",41.4,0.705621,3.86884,5.8485,0.69272727,0.02176061,0.545632,0.007495,0.41451,0.24352,0.34197,200,100,dp,50,193,10,1,random
3932,OI,9,"2026-07-15 06:18:26",48,0.721497,4.10624,5.7879,0.71909091,0.00193939,0.55878,-0.00531,0.38743,0.3089,0.30366,200,100,dp,50,191,10,1,random
3933,OI,10,"2026-07-15 06:18:32",54.9,0.735727,4.32119,5.7879,0.74060606,-0.00583333,0.684604,-0.014123,0.34031,0.35079,0.3089,200,100,dp,50,191,10,1,random
3934,OI,11,"2026-07-15 06:18:39",61.6,0.748312,4.52311,5.7879,0.74727273,0.00151818,0.725711,-0.005177,0.31937,0.37696,0.30366,200,100,dp,50,191,10,1,random
3935,OI,12,"2026-07-15 06:18:46",68.3,0.759606,4.73318,5.7879,0.76272727,-0.00315152,0.757419,-0.009841,0.26702,0.44503,0.28796,200,100,dp,50,191,10,1,random
3936,OI,13,"2026-07-15 06:18:52",74.9,0.767949,4.90732,5.7879,0.77515151,-0.01006364,0.813931,-0.01319,0.24084,0.51832,0.24084,200,100,dp,50,191,10,1,random
3937,OI,14,"2026-07-15 06:18:59",81.5,0.77587,5.08134,5.7879,0.78454545,-0.01084242,0.989777,-0.014576,0.18848,0.57592,0.2356,200,100,dp,50,191,10,1,random
3938,OI,15,"2026-07-15 06:19:06",88.1,0.781991,5.22268,5.7879,0.78757576,-0.00926061,0.964081,-0.009268,0.15183,0.69634,0.15183,200,100,dp,50,191,10,1,random
3939,OI,16,"2026-07-15 06:19:12",94.8,0.786167,5.3351,5.7879,0.79560606,-0.01189394,1.24921,-0.012992,0.13089,0.74869,0.12042,200,100,dp,50,191,10,1,random
3940,OI,17,"2026-07-15 06:19:19",101.5,0.790167,5.42685,5.7879,0.79409091,-0.0063697,1.3612,-0.005904,0.10471,0.78534,0.10995,200,100,dp,50,191,10,1,random
3941,OI,18,"2026-07-15 06:19:26",108.3,0.792936,5.50342,5.7879,0.78969697,0.00380303,1.44122,0.003906,0.08901,0.80105,0.10995,200,100,dp,50,191,10,1,random
3942,OI,19,"2026-07-15 06:19:33",115,0.794533,5.56598,5.7879,0.79287879,0.00274242,1.39628,0.002579,0.06806,0.85864,0.0733,200,100,dp,50,191,10,1,random
3943,OI,20,"2026-07-15 06:19:39",121.7,0.795973,5.60777,5.7879,0.78954545,0.01009394,1.67314,0.008873,0.06806,0.86387,0.06806,200,100,dp,50,191,10,1,random
3944,IR,1,"2026-07-15 06:19:49",5.4,0.517758,2.3618,5.8788,0.57060606,-0.09267879,0.237561,-0.111113,0.62887,0.08763,0.28351,200,100,dp,50,194,10,1,random
3945,IR,2,"2026-07-15 06:19:54",10.4,0.527997,2.40874,5.7576,0.59363636,-0.11769697,0.251343,-0.132761,0.61579,0.09474,0.28947,200,100,dp,50,190,10,1,random
3946,IR,3,"2026-07-15 06:19:59",15.3,0.537509,2.4569,5.7273,0.60454546,-0.11938485,0.256188,-0.132687,0.59788,0.10582,0.2963,200,100,dp,50,189,10,1,random
3947,IR,4,"2026-07-15 06:20:05",20.7,0.545539,2.47985,5.6061,0.6130303,-0.11617576,0.253815,-0.129993,0.6,0.08108,0.31892,200,100,dp,50,185,10,1,random
3948,IR,5,"2026-07-15 06:20:10",26,0.554445,2.52253,5.5152,0.6319697,-0.13180909,0.245045,-0.146929,0.58791,0.08791,0.32418,200,100,dp,50,182,10,1,random
3949,IR,6,"2026-07-15 06:20:15",31.1,0.559524,2.55871,5.4848,0.63166667,-0.12054242,0.25269,-0.132252,0.57459,0.10497,0.32044,200,100,dp,50,181,10,1,random
3950,IR,7,"2026-07-15 06:20:22",37.6,0.566879,2.58406,5.4242,0.63348485,-0.11145455,0.263662,-0.123435,0.57542,0.10615,0.31844,200,100,dp,50,179,10,1,random
3951,IR,8,"2026-07-15 06:20:28",44.3,0.575915,2.62041,5.2727,0.64803031,-0.12350303,0.281448,-0.132214,0.56322,0.11494,0.32184,200,100,dp,50,174,10,1,random
3952,IR,9,"2026-07-15 06:20:35",51.2,0.584636,2.67449,5.2424,0.65651515,-0.11963939,0.302905,-0.129445,0.55491,0.10983,0.33526,200,100,dp,50,173,10,1,random
3953,IR,10,"2026-07-15 06:20:42",58,0.59393,2.71568,5.1818,0.66681818,-0.12,0.295575,-0.129855,0.54386,0.10526,0.35088,200,100,dp,50,171,10,1,random
3954,IR,11,"2026-07-15 06:20:49",64.8,0.602848,2.76909,5.1818,0.67242424,-0.11539394,0.290765,-0.121697,0.53801,0.09942,0.36257,200,100,dp,50,171,10,1,random
3955,IR,12,"2026-07-15 06:20:56",71.6,0.610106,2.81307,5.0909,0.68621212,-0.12449091,0.278561,-0.129624,0.51786,0.125,0.35714,200,100,dp,50,168,10,1,random
3956,IR,13,"2026-07-15 06:21:03",78.5,0.614,2.84008,5.0303,0.68757575,-0.12065455,0.30919,-0.121936,0.51205,0.13855,0.3494,200,100,dp,50,166,10,1,random
3957,IR,14,"2026-07-15 06:21:09",85.4,0.621076,2.88596,5,0.6980303,-0.12301515,0.337199,-0.129042,0.50909,0.13939,0.35152,200,100,dp,50,165,10,1,random
3958,IR,15,"2026-07-15 06:21:16",92.2,0.626627,2.92522,4.9394,0.71030303,-0.13320303,0.355293,-0.137617,0.49693,0.1411,0.36196,200,100,dp,50,163,10,1,random
3959,IR,16,"2026-07-15 06:21:23",99.1,0.6333,2.95426,4.9394,0.71166667,-0.12625152,0.362965,-0.128,0.4908,0.1411,0.3681,200,100,dp,50,163,10,1,random
3960,IR,17,"2026-07-15 06:21:30",105.9,0.638952,3.01003,4.9394,0.71681819,-0.12399697,0.358842,-0.125416,0.47239,0.16564,0.36196,200,100,dp,50,163,10,1,random
3961,IR,18,"2026-07-15 06:21:37",112.8,0.643697,3.04098,4.9394,0.71636363,-0.11413939,0.393719,-0.115926,0.48466,0.15337,0.36196,200,100,dp,50,163,10,1,random
3962,IR,19,"2026-07-15 06:21:44",119.6,0.649076,3.07805,4.9394,0.72833334,-0.12752424,0.386851,-0.125139,0.47853,0.16564,0.35583,200,100,dp,50,163,10,1,random
3963,IR,20,"2026-07-15 06:21:51",126.5,0.656339,3.12743,4.9091,0.73212121,-0.12019394,0.405589,-0.120185,0.47531,0.18519,0.33951,200,100,dp,50,162,10,1,random
3964,AGR,1,"2026-07-15 06:22:02",7.3,0.532736,2.46059,6,0.49590909,0.05839394,0.259591,0.052047,0.61111,0.10101,0.28788,200,100,dp,50,198,10,1,random
3965,AGR,2,"2026-07-15 06:22:08",14.2,0.553967,2.5877,5.8788,0.51969697,0.05750909,0.278796,0.047303,0.58763,0.10825,0.30412,200,100,dp,50,194,10,1,random
3966,AGR,3,"2026-07-15 06:22:15",21.1,0.575206,2.74606,5.8485,0.53863636,0.06088485,0.291371,0.049592,0.58549,0.10363,0.31088,200,100,dp,50,193,10,1,random
3967,AGR,4,"2026-07-15 06:22:22",28.1,0.596152,2.91464,5.8182,0.54712121,0.0743,0.31895,0.069638,0.5625,0.11458,0.32292,200,100,dp,50,192,10,1,random
3968,AGR,5,"2026-07-15 06:22:29",35.3,0.616564,3.10235,5.7576,0.57909091,0.06259697,0.328451,0.047768,0.54211,0.12105,0.33684,200,100,dp,50,190,10,1,random
3969,AGR,6,"2026-07-15 06:22:37",42.4,0.634655,3.29148,5.7576,0.58681818,0.0752697,0.352507,0.064689,0.52632,0.13158,0.34211,200,100,dp,50,190,10,1,random
3970,AGR,7,"2026-07-15 06:22:45",51.3,0.648842,3.47623,5.7273,0.60257576,0.06854545,0.37995,0.06333,0.50794,0.14286,0.34921,200,100,dp,50,189,10,1,random
3971,AGR,8,"2026-07-15 06:22:54",60.1,0.663836,3.62465,5.7273,0.61696969,0.0680697,0.405341,0.061821,0.4709,0.15873,0.37037,200,100,dp,50,189,10,1,random
3972,AGR,9,"2026-07-15 06:23:03",69.1,0.680891,3.79884,5.697,0.63696969,0.06255152,0.404167,0.05442,0.45213,0.18617,0.3617,200,100,dp,50,188,10,1,random
3973,AGR,10,"2026-07-15 06:23:12",78.3,0.693227,3.98723,5.697,0.63121212,0.09226364,0.459126,0.083291,0.42553,0.21809,0.35638,200,100,dp,50,188,10,1,random
3974,AGR,11,"2026-07-15 06:23:22",87.5,0.706385,4.15312,5.6667,0.66045455,0.0647303,0.495457,0.057974,0.37968,0.28877,0.33155,200,100,dp,50,187,10,1,random
3975,AGR,12,"2026-07-15 06:23:31",96.8,0.716679,4.29255,5.6364,0.67409091,0.06091212,0.549156,0.054228,0.35484,0.31183,0.33333,200,100,dp,50,186,10,1,random
3976,AGR,13,"2026-07-15 06:23:40",106,0.728961,4.41888,5.6364,0.67727272,0.07459091,0.59527,0.064644,0.32258,0.35484,0.32258,200,100,dp,50,186,10,1,random
3977,AGR,14,"2026-07-15 06:23:49",115.2,0.740445,4.57451,5.6364,0.69121212,0.07039394,0.657993,0.060634,0.30645,0.39785,0.2957,200,100,dp,50,186,10,1,random
3978,AGR,15,"2026-07-15 06:23:58",124.3,0.749497,4.71047,5.6364,0.70727273,0.05860303,0.738506,0.052272,0.27419,0.44624,0.27957,200,100,dp,50,186,10,1,random
3979,AGR,16,"2026-07-15 06:24:08",133.4,0.757867,4.83555,5.6364,0.70636364,0.0706,0.788983,0.064253,0.25806,0.53226,0.20968,200,100,dp,50,186,10,1,random
3980,AGR,17,"2026-07-15 06:24:17",142.7,0.765903,4.94376,5.6364,0.71318182,0.07108485,0.955548,0.065374,0.22043,0.54839,0.23118,200,100,dp,50,186,10,1,random
3981,AGR,18,"2026-07-15 06:24:26",151.9,0.772888,5.05519,5.6364,0.72636364,0.06388788,0.891534,0.0573,0.1828,0.62366,0.19355,200,100,dp,50,186,10,1,random
3982,AGR,19,"2026-07-15 06:24:35",161.2,0.779024,5.1526,5.6364,0.73212121,0.06185455,0.977095,0.057758,0.15054,0.7043,0.14516,200,100,dp,50,186,10,1,random
3983,AGR,20,"2026-07-15 06:24:45",170.4,0.78363,5.23515,5.6364,0.72939394,0.07247273,1.13417,0.067643,0.13441,0.74731,0.11828,200,100,dp,50,186,10,1,random
3984,RANDOM,1,"2026-07-15 06:24:53",4.7,0.503109,2.29486,5.9394,0.50939394,-0.01146667,0.221673,-0.004278,0.63265,0.09184,0.27551,200,100,dp,50,196,10,1,random
3985,RANDOM,2,"2026-07-15 06:24:57",9.1,0.500436,2.27843,5.7879,0.50272727,-0.00332727,0.230582,0.001262,0.62304,0.09948,0.27749,200,100,dp,50,191,10,1,random
3986,RANDOM,3,"2026-07-15 06:25:02",13.6,0.499736,2.27595,5.5758,0.49681818,0.00547273,0.232892,0.009252,0.61957,0.10326,0.27717,200,100,dp,50,184,10,1,random
3987,RANDOM,4,"2026-07-15 06:25:06",18,0.498997,2.26382,5.3636,0.49712121,0.00929091,0.245329,0.00666,0.61017,0.11299,0.27684,200,100,dp,50,177,10,1,random
3988,RANDOM,5,"2026-07-15 06:25:11",22.5,0.496148,2.25174,5.303,0.49833334,-0.00765151,0.259138,0.001701,0.61714,0.10286,0.28,200,100,dp,50,175,10,1,random
3989,RANDOM,6,"2026-07-15 06:25:15",27,0.495006,2.24965,5.2424,0.49545454,-0.0038697,0.262937,0.004173,0.61272,0.10983,0.27746,200,100,dp,50,173,10,1,random
3990,RANDOM,7,"2026-07-15 06:25:22",33.2,0.4941,2.2369,5.1818,0.50257576,-0.01158788,0.270711,-0.014002,0.59064,0.12865,0.2807,200,100,dp,50,171,10,1,random
3991,RANDOM,8,"2026-07-15 06:25:28",39.5,0.490118,2.22497,5.0606,0.48666667,0.00782424,0.258848,0.013694,0.58683,0.13174,0.28144,200,100,dp,50,167,10,1,random
3992,RANDOM,9,"2026-07-15 06:25:34",45.7,0.491155,2.21591,5,0.48681818,0.00843333,0.267994,0.009942,0.58788,0.12727,0.28485,200,100,dp,50,165,10,1,random
3993,RANDOM,10,"2026-07-15 06:25:40",52.2,0.4923,2.23234,4.9091,0.48166666,0.02166667,0.270933,0.02369,0.58025,0.1358,0.28395,200,100,dp,50,162,10,1,random
3994,RANDOM,11,"2026-07-15 06:25:47",58.5,0.485897,2.21025,4.8485,0.49257576,-0.01554545,0.275644,-0.004024,0.60625,0.1125,0.28125,200,100,dp,50,160,10,1,random
3995,RANDOM,12,"2026-07-15 06:25:53",64.9,0.483121,2.20236,4.7879,0.47363636,0.01226364,0.292848,0.025524,0.60759,0.10759,0.28481,200,100,dp,50,158,10,1,random
3996,RANDOM,13,"2026-07-15 06:26:00",71.4,0.481415,2.2042,4.6667,0.48439394,-0.00787576,0.292792,-0.000026,0.59091,0.12338,0.28571,200,100,dp,50,154,10,1,random
3997,RANDOM,14,"2026-07-15 06:26:06",77.7,0.484106,2.21694,4.5758,0.48363636,-0.00275758,0.305667,0.002014,0.56954,0.13907,0.29139,200,100,dp,50,151,10,1,random
3998,RANDOM,15,"2026-07-15 06:26:12",84.1,0.483139,2.20356,4.5455,0.4780303,0.00662727,0.298256,0.015085,0.60667,0.1,0.29333,200,100,dp,50,150,10,1,random
3999,RANDOM,16,"2026-07-15 06:26:19",90.5,0.479561,2.17805,4.5152,0.47424242,0.00915152,0.300426,0.018573,0.58389,0.12081,0.2953,200,100,dp,50,149,10,1,random
4000,RANDOM,17,"2026-07-15 06:26:25",96.9,0.480282,2.18079,4.3939,0.47681818,-0.00046061,0.296243,0.010678,0.58621,0.11034,0.30345,200,100,dp,50,145,10,1,random
4001,RANDOM,18,"2026-07-15 06:26:32",103.3,0.476648,2.15806,4.3333,0.47318182,0.00389697,0.291239,0.013607,0.57343,0.11189,0.31469,200,100,dp,50,143,10,1,random
4002,RANDOM,19,"2026-07-15 06:26:38",109.8,0.471452,2.13008,4.3333,0.47166667,-0.00108182,0.277536,0.008545,0.59441,0.0979,0.30769,200,100,dp,50,143,10,1,random
4003,RANDOM,20,"2026-07-15 06:26:45",116.3,0.466015,2.11693,4.2727,0.45757576,0.01067273,0.288051,0.028082,0.58865,0.09929,0.31206,200,100,dp,50,141,10,1,random
4004,OI,1,"2026-07-15 06:27:03",4.8,0.534067,2.48555,5.697,0.53681819,-0.01226667,0.281226,-0.02979,0.59043,0.09574,0.31383,200,100,dp,18,188,10,1,random
4005,OI,2,"2026-07-15 06:27:07",9.3,0.560791,2.66769,5.6061,0.56212121,-0.00562121,0.295064,-0.023436,0.56216,0.10811,0.32973,200,100,dp,18,185,10,1,random
4006,OI,3,"2026-07-15 06:27:12",13.6,0.586079,2.83702,5.5758,0.59757576,-0.01644545,0.315131,-0.038758,0.53804,0.13043,0.33152,200,100,dp,18,184,10,1,random
4007,OI,4,"2026-07-15 06:27:16",17.9,0.611091,3.03948,5.5455,0.61454546,-0.00784242,0.371319,-0.023028,0.48634,0.18033,0.33333,200,100,dp,18,183,10,1,random
4008,OI,5,"2026-07-15 06:27:21",22.4,0.635633,3.22537,5.5152,0.63757575,-0.00806061,0.409918,-0.019585,0.45604,0.24725,0.2967,200,100,dp,18,182,10,1,random
4009,OI,6,"2026-07-15 06:27:25",27.1,0.658985,3.45334,5.5152,0.66136364,-0.00189394,0.540807,-0.018587,0.43956,0.23077,0.32967,200,100,dp,18,182,10,1,random
4010,OI,7,"2026-07-15 06:27:31",33.1,0.680039,3.70855,5.5152,0.67363637,0.01379091,0.513527,-0.004042,0.3956,0.28022,0.32418,200,100,dp,18,182,10,1,random
4011,OI,8,"2026-07-15 06:27:37",39.2,0.698615,3.94634,5.5152,0.70484848,-0.00961212,0.581096,-0.019933,0.37363,0.28571,0.34066,200,100,dp,18,182,10,1,random
4012,OI,9,"2026-07-15 06:27:44",45.4,0.716294,4.17227,5.5152,0.70772727,0.01333939,0.621255,0.002112,0.35165,0.36264,0.28571,200,100,dp,18,182,10,1,random
4013,OI,10,"2026-07-15 06:27:50",51.7,0.732058,4.39486,5.5152,0.74212121,-0.01313333,0.774954,-0.022669,0.31868,0.42308,0.25824,200,100,dp,18,182,10,1,random
4014,OI,11,"2026-07-15 06:27:56",58,0.745955,4.60079,5.5152,0.73909091,0.01177576,0.893163,0.002403,0.26923,0.43407,0.2967,200,100,dp,18,182,10,1,random
4015,OI,12,"2026-07-15 06:28:02",64.3,0.755773,4.77639,5.5152,0.75833333,-0.00626061,0.808463,-0.007848,0.22527,0.51648,0.25824,200,100,dp,18,182,10,1,random
4016,OI,13,"2026-07-15 06:28:09",70.6,0.763573,4.93199,5.5152,0.76363636,0.00011212,0.906958,-0.003592,0.2033,0.58242,0.21429,200,100,dp,18,182,10,1,random
4017,OI,14,"2026-07-15 06:28:15",76.9,0.769842,5.07308,5.5152,0.77787879,-0.01234242,1.08619,-0.012636,0.14835,0.70879,0.14286,200,100,dp,18,182,10,1,random
4018,OI,15,"2026-07-15 06:28:21",83.1,0.774703,5.19504,5.5152,0.77530303,-0.00084848,1.28242,-0.002141,0.12637,0.74725,0.12637,200,100,dp,18,182,10,1,random
4019,OI,16,"2026-07-15 06:28:28",89.5,0.778391,5.27588,5.5152,0.77727273,-0.00188485,1.33492,0.000643,0.0989,0.81868,0.08242,200,100,dp,18,182,10,1,random
4020,OI,17,"2026-07-15 06:28:34",96,0.780661,5.33424,5.5152,0.78,0.00139091,1.78711,0.000982,0.06593,0.87363,0.06044,200,100,dp,18,182,10,1,random
4021,OI,18,"2026-07-15 06:28:41",102.4,0.782333,5.36901,5.5152,0.77984849,0.00376667,1.98399,0.003684,0.06593,0.88462,0.04945,200,100,dp,18,182,10,1,random
4022,OI,19,"2026-07-15 06:28:47",108.8,0.783391,5.40527,5.5152,0.79106061,-0.01255758,2.8244,-0.008714,0.03297,0.95604,0.01099,200,100,dp,18,182,10,1,random
4023,OI,20,"2026-07-15 06:28:53",115.3,0.782376,5.37449,5.5152,0.78651515,-0.0066303,2.26432,-0.003808,0.04945,0.89011,0.06044,200,100,dp,18,182,10,1,random
4024,IR,1,"2026-07-15 06:29:02",5.2,0.515864,2.3867,5.6364,0.57757576,-0.10563939,0.24565,-0.129791,0.59677,0.10753,0.2957,200,100,dp,18,186,10,1,random
4025,IR,2,"2026-07-15 06:29:07",9.9,0.527924,2.43803,5.5455,0.59681818,-0.12148788,0.255986,-0.140528,0.5847,0.10929,0.30601,200,100,dp,18,183,10,1,random
4026,IR,3,"2026-07-15 06:29:12",14.6,0.539479,2.49474,5.5152,0.61257576,-0.12911818,0.257879,-0.145596,0.58791,0.0989,0.31319,200,100,dp,18,182,10,1,random
4027,IR,4,"2026-07-15 06:29:17",19.3,0.546655,2.52918,5.3636,0.60742424,-0.10056364,0.26256,-0.11637,0.58192,0.0904,0.32768,200,100,dp,18,177,10,1,random
4028,IR,5,"2026-07-15 06:29:21",24.1,0.558045,2.57897,5.2424,0.63136364,-0.12036061,0.275928,-0.141492,0.57225,0.08671,0.34104,200,100,dp,18,173,10,1,random
4029,IR,6,"2026-07-15 06:29:26",29,0.56887,2.63839,5.1515,0.64151515,-0.12453636,0.284304,-0.136798,0.55882,0.1,0.34118,200,100,dp,18,170,10,1,random
4030,IR,7,"2026-07-15 06:29:33",35.3,0.576361,2.66957,5.1212,0.64530303,-0.11644242,0.299143,-0.12525,0.55621,0.10059,0.3432,200,100,dp,18,169,10,1,random
4031,IR,8,"2026-07-15 06:29:39",41.9,0.581303,2.70718,5.1212,0.65272727,-0.11474849,0.305447,-0.125454,0.53846,0.13018,0.33136,200,100,dp,18,169,10,1,random
4032,IR,9,"2026-07-15 06:29:46",48.4,0.587142,2.72252,5.0909,0.65863636,-0.11409697,0.325789,-0.12597,0.53571,0.11905,0.34524,200,100,dp,18,168,10,1,random
4033,IR,10,"2026-07-15 06:29:52",55.1,0.593473,2.76145,5.0909,0.66621213,-0.12038182,0.323054,-0.126758,0.53571,0.10119,0.3631,200,100,dp,18,168,10,1,random
4034,IR,11,"2026-07-15 06:29:59",61.7,0.598512,2.77524,5.0606,0.66863636,-0.11630606,0.296043,-0.120619,0.53892,0.11976,0.34132,200,100,dp,18,167,10,1,random
4035,IR,12,"2026-07-15 06:30:06",69.1,0.605139,2.81071,4.9697,0.68151516,-0.12603333,0.344446,-0.130617,0.52439,0.12805,0.34756,200,100,dp,18,164,10,1,random
4036,IR,13,"2026-07-15 06:30:14",76.3,0.6146,2.86075,4.9394,0.68621213,-0.11698788,0.353963,-0.12364,0.50307,0.15951,0.33742,200,100,dp,18,163,10,1,random
4037,IR,14,"2026-07-15 06:30:20",82.8,0.621439,2.89391,4.8788,0.68530303,-0.10394242,0.382172,-0.107247,0.49068,0.17391,0.3354,200,100,dp,18,161,10,1,random
4038,IR,15,"2026-07-15 06:30:27",89.5,0.628261,2.9477,4.8788,0.70348485,-0.12345758,0.404139,-0.124571,0.49068,0.15528,0.35404,200,100,dp,18,161,10,1,random
4039,IR,16,"2026-07-15 06:30:33",96.1,0.631436,2.96475,4.8182,0.70484848,-0.11586364,0.379543,-0.118243,0.47799,0.20126,0.32075,200,100,dp,18,159,10,1,random
4040,IR,17,"2026-07-15 06:30:40",102.8,0.636667,2.99446,4.7576,0.71530303,-0.12421818,0.444923,-0.12684,0.47771,0.19108,0.33121,200,100,dp,18,157,10,1,random
4041,IR,18,"2026-07-15 06:30:47",109.5,0.642124,3.03818,4.7273,0.71227273,-0.11345455,0.456379,-0.112716,0.44231,0.19872,0.35897,200,100,dp,18,156,10,1,random
4042,IR,19,"2026-07-15 06:30:54",116.2,0.644979,3.06391,4.7273,0.72454546,-0.12252727,0.419981,-0.124763,0.46154,0.1859,0.35256,200,100,dp,18,156,10,1,random
4043,IR,20,"2026-07-15 06:31:00",122.9,0.646358,3.07613,4.7273,0.7230303,-0.12130909,0.433192,-0.118414,0.46154,0.17949,0.35897,200,100,dp,18,156,10,1,random
4044,AGR,1,"2026-07-15 06:31:11",7.1,0.524221,2.45055,5.5758,0.48181818,0.06597576,0.261869,0.067887,0.58696,0.125,0.28804,200,100,dp,18,184,10,1,random
4045,AGR,2,"2026-07-15 06:31:18",13.8,0.544533,2.58123,5.3939,0.51030303,0.06634848,0.30866,0.048781,0.5618,0.11798,0.32022,200,100,dp,18,178,10,1,random
4046,AGR,3,"2026-07-15 06:31:25",20.6,0.563155,2.71331,5.3636,0.52227273,0.07332727,0.306008,0.061007,0.54802,0.13559,0.31638,200,100,dp,18,177,10,1,random
4047,AGR,4,"2026-07-15 06:31:32",27.3,0.583215,2.88713,5.303,0.54166667,0.06473939,0.354135,0.058037,0.53143,0.14857,0.32,200,100,dp,18,175,10,1,random
4048,AGR,5,"2026-07-15 06:31:38",34.2,0.605112,3.06503,5.2727,0.55469697,0.07697576,0.408876,0.069302,0.51724,0.14368,0.33908,200,100,dp,18,174,10,1,random
4049,AGR,6,"2026-07-15 06:31:45",41,0.624076,3.23667,5.2424,0.57803031,0.0711303,0.419359,0.0625,0.50289,0.15029,0.34682,200,100,dp,18,173,10,1,random
4050,AGR,7,"2026-07-15 06:31:54",49.6,0.642712,3.41902,5.2121,0.60015151,0.06262727,0.458049,0.055893,0.46512,0.19186,0.34302,200,100,dp,18,172,10,1,random
4051,AGR,8,"2026-07-15 06:32:02",58.3,0.659939,3.59112,5.1818,0.61318182,0.07082727,0.506588,0.060746,0.42105,0.23977,0.33918,200,100,dp,18,171,10,1,random
4052,AGR,9,"2026-07-15 06:32:11",67.2,0.672561,3.78234,5.1818,0.63045455,0.06447879,0.545837,0.056726,0.40351,0.25731,0.33918,200,100,dp,18,171,10,1,random
4053,AGR,10,"2026-07-15 06:32:20",76.1,0.68547,3.94003,5.1515,0.63969697,0.06520303,0.586985,0.059984,0.36471,0.3,0.33529,200,100,dp,18,170,10,1,random
4054,AGR,11,"2026-07-15 06:32:29",84.9,0.698782,4.10424,5.1515,0.64833333,0.07795152,0.627916,0.065069,0.34706,0.33529,0.31765,200,100,dp,18,170,10,1,random
4055,AGR,12,"2026-07-15 06:32:38",93.8,0.709336,4.23126,5.1515,0.65999999,0.07285151,0.730015,0.06411,0.31765,0.4,0.28235,200,100,dp,18,170,10,1,random
4056,AGR,13,"2026-07-15 06:32:47",102.6,0.720239,4.37035,5.1515,0.66212122,0.08539091,0.850008,0.075368,0.28235,0.46471,0.25294,200,100,dp,18,170,10,1,random
4057,AGR,14,"2026-07-15 06:32:56",111.5,0.728955,4.48792,5.1515,0.66575757,0.09202727,0.925329,0.082931,0.25882,0.50588,0.23529,200,100,dp,18,170,10,1,random
4058,AGR,15,"2026-07-15 06:33:05",120.5,0.736673,4.59888,5.1515,0.68166667,0.08425152,0.982222,0.070997,0.24118,0.54706,0.21176,200,100,dp,18,170,10,1,random
4059,AGR,16,"2026-07-15 06:33:14",129.5,0.745245,4.72005,5.1515,0.70712121,0.0554697,1.0893,0.047266,0.21176,0.61765,0.17059,200,100,dp,18,170,10,1,random
4060,AGR,17,"2026-07-15 06:33:23",138.5,0.751488,4.80592,5.1515,0.70712121,0.06324243,1.22524,0.056568,0.18235,0.65882,0.15882,200,100,dp,18,170,10,1,random
4061,AGR,18,"2026-07-15 06:33:32",147.6,0.756148,4.88973,5.1515,0.71121212,0.06380606,1.27566,0.057723,0.12941,0.76471,0.10588,200,100,dp,18,170,10,1,random
4062,AGR,19,"2026-07-15 06:33:41",156.7,0.760145,4.95766,5.1515,0.70196969,0.08536364,1.41175,0.075279,0.11765,0.79412,0.08824,200,100,dp,18,170,10,1,random
4063,AGR,20,"2026-07-15 06:33:50",165.6,0.763376,5.01826,5.1515,0.70560606,0.08191515,1.62967,0.074837,0.07059,0.86471,0.06471,200,100,dp,18,170,10,1,random
4064,RANDOM,1,"2026-07-15 06:33:58",4.7,0.504818,2.32731,5.6364,0.495,0.01851212,0.232989,0.023234,0.60753,0.0914,0.30108,200,100,dp,18,186,10,1,random
4065,RANDOM,2,"2026-07-15 06:34:03",9,0.503224,2.31154,5.4242,0.49954545,0.00594242,0.2249,0.012422,0.60894,0.07821,0.31285,200,100,dp,18,179,10,1,random
4066,RANDOM,3,"2026-07-15 06:34:07",13.2,0.50023,2.29327,5.1818,0.4919697,0.01763333,0.231144,0.022427,0.59064,0.10526,0.30409,200,100,dp,18,171,10,1,random
4067,RANDOM,4,"2026-07-15 06:34:11",17.4,0.501915,2.29525,5.0909,0.50454546,-0.0048,0.260392,-0.003245,0.58333,0.10714,0.30952,200,100,dp,18,168,10,1,random
4068,RANDOM,5,"2026-07-15 06:34:15",21.7,0.502282,2.29103,5,0.50333333,-0.00542121,0.266736,0.000941,0.58182,0.12727,0.29091,200,100,dp,18,165,10,1,random
4069,RANDOM,6,"2026-07-15 06:34:20",26.1,0.499439,2.2782,4.9394,0.50272727,0.00521818,0.290263,-0.000082,0.58896,0.11656,0.29448,200,100,dp,18,163,10,1,random
4070,RANDOM,7,"2026-07-15 06:34:26",32,0.498758,2.27434,4.9394,0.51469697,-0.02944242,0.293066,-0.02823,0.59509,0.10429,0.30061,200,100,dp,18,163,10,1,random
4071,RANDOM,8,"2026-07-15 06:34:31",37.9,0.498836,2.27906,4.8182,0.51015151,-0.02245455,0.283575,-0.020351,0.57233,0.12579,0.30189,200,100,dp,18,159,10,1,random
4072,RANDOM,9,"2026-07-15 06:34:38",44.1,0.501215,2.2872,4.7576,0.5030303,0.0073697,0.291627,-0.004334,0.54777,0.14013,0.3121,200,100,dp,18,157,10,1,random
4073,RANDOM,10,"2026-07-15 06:34:44",50.4,0.503264,2.2867,4.6364,0.49757576,0.00727879,0.286103,0.012497,0.55556,0.14379,0.30065,200,100,dp,18,153,10,1,random
4074,RANDOM,11,"2026-07-15 06:34:50",56.6,0.500242,2.28233,4.6061,0.50969697,-0.01906364,0.318642,-0.012992,0.55921,0.11842,0.32237,200,100,dp,18,152,10,1,random
4075,RANDOM,12,"2026-07-15 06:34:56",62.7,0.502064,2.30684,4.5758,0.50242424,-0.00040303,0.304999,-0.000293,0.56291,0.11258,0.3245,200,100,dp,18,151,10,1,random
4076,RANDOM,13,"2026-07-15 06:35:02",68.9,0.502167,2.30047,4.5455,0.49636364,0.01515758,0.311564,0.013497,0.55333,0.12667,0.32,200,100,dp,18,150,10,1,random
4077,RANDOM,14,"2026-07-15 06:35:09",75.1,0.499497,2.29059,4.5455,0.50712121,-0.0120303,0.307865,-0.009823,0.55333,0.12667,0.32,200,100,dp,18,150,10,1,random
4078,RANDOM,15,"2026-07-15 06:35:15",81.3,0.499082,2.28333,4.5152,0.49909091,0.00534545,0.307893,0.003643,0.55034,0.14094,0.30872,200,100,dp,18,149,10,1,random
4079,RANDOM,16,"2026-07-15 06:35:21",87.7,0.497752,2.26785,4.4848,0.49878788,-0.00428485,0.320923,0.001563,0.56757,0.12838,0.30405,200,100,dp,18,148,10,1,random
4080,RANDOM,17,"2026-07-15 06:35:28",94.1,0.498406,2.25991,4.4848,0.50681818,-0.02069091,0.336868,-0.014412,0.56081,0.12838,0.31081,200,100,dp,18,148,10,1,random
4081,RANDOM,18,"2026-07-15 06:35:34",100.3,0.501945,2.28415,4.4545,0.50242424,-0.00723939,0.328675,-0.001664,0.55102,0.12245,0.32653,200,100,dp,18,147,10,1,random
4082,RANDOM,19,"2026-07-15 06:35:40",106.6,0.501827,2.28129,4.3939,0.49969697,-0.00194848,0.30411,0.006546,0.54483,0.11034,0.34483,200,100,dp,18,145,10,1,random
4083,RANDOM,20,"2026-07-15 06:35:46",112.7,0.502955,2.28226,4.3333,0.49681818,0.01205455,0.282119,0.012718,0.53846,0.12587,0.33566,200,100,dp,18,143,10,1,random
