id,strategy,gen,completed_at,elapsed_seconds,avg_he,avg_ne,avg_na,avg_oi,avg_ir,band_infr,band_norm,band_hfreq,num_breeders,breed_suffix,replicate_num,total_alleles,avg_ho,avg_fis,litter_size,sires_per_dam,num_breeding_sires,sire_mode
1,OI,1,"2026-07-11 11:08:49",7.9,0.729303,4.10228,8.4242,0.371308,-0.008919,0.55036,0.1223,0.32734,200,sp,1,278,0.72681818,0.00264545,10,1,100,random
2,OI,2,"2026-07-11 11:08:54",12.8,0.748855,4.41971,8.303,0.373923,-0.010097,0.52555,0.17153,0.30292,200,sp,1,274,0.74818182,0.00226364,10,1,100,random
3,OI,3,"2026-07-11 11:08:59",17.7,0.765067,4.7118,8.2121,0.463915,-0.003673,0.47232,0.22509,0.30258,200,sp,1,271,0.76090909,0.00468182,10,1,100,random
4,OI,4,"2026-07-11 11:09:04",22.7,0.78133,5.05088,8.2121,0.511326,-0.02323,0.43911,0.25092,0.30996,200,sp,1,271,0.79287879,-0.01496061,10,1,100,random
5,OI,5,"2026-07-11 11:09:09",27.6,0.797424,5.42198,8.1818,0.557914,-0.022953,0.3963,0.2963,0.30741,200,sp,1,270,0.80893939,-0.01504848,10,1,100,random
6,OI,6,"2026-07-11 11:09:14",32.6,0.809739,5.78059,8.1818,0.61514,-0.011861,0.37407,0.3037,0.32222,200,sp,1,270,0.81454545,-0.00685152,10,1,100,random
7,OI,7,"2026-07-11 11:09:20",39.2,0.820051,6.07599,8.1818,0.62513,-0.018643,0.35185,0.34074,0.30741,200,sp,1,270,0.83166667,-0.01412121,10,1,100,random
8,OI,8,"2026-07-11 11:09:27",45.9,0.829882,6.39948,8.1212,0.6929,-0.003965,0.30224,0.36194,0.33582,200,sp,1,268,0.82954546,0.00028485,10,1,100,random
9,OI,9,"2026-07-11 11:09:34",52.6,0.836939,6.65061,8.1212,0.679659,-0.010074,0.27612,0.4291,0.29478,200,sp,1,268,0.8430303,-0.00762727,10,1,100,random
10,OI,10,"2026-07-11 11:09:41",59.5,0.842979,6.88675,8.1212,0.794251,-0.019475,0.24627,0.48881,0.26493,200,sp,1,268,0.85757576,-0.01787576,10,1,100,random
11,OI,11,"2026-07-11 11:09:48",66.5,0.848761,7.12885,8.1212,0.894538,0.000877,0.20522,0.55224,0.24254,200,sp,1,268,0.84636364,0.00281515,10,1,100,random
12,OI,12,"2026-07-11 11:09:55",73.4,0.852697,7.32323,8.1212,0.942545,0.000455,0.16045,0.67164,0.16791,200,sp,1,268,0.85151515,0.00178182,10,1,100,random
13,OI,13,"2026-07-11 11:10:01",80.3,0.855694,7.47043,8.1212,1.16651,-0.010683,0.16045,0.70149,0.13806,200,sp,1,268,0.86454545,-0.01031212,10,1,100,random
14,OI,14,"2026-07-11 11:10:09",87.8,0.858076,7.60959,8.1212,1.38883,-0.003593,0.10821,0.76493,0.12687,200,sp,1,268,0.86106061,-0.00301515,10,1,100,random
15,OI,15,"2026-07-11 11:10:16",94.9,0.860191,7.72343,8.1212,1.29456,-0.003843,0.09328,0.83209,0.07463,200,sp,1,268,0.86363636,-0.00419091,10,1,100,random
16,OI,16,"2026-07-11 11:10:23",101.7,0.861003,7.76502,8.1212,1.81143,-0.000652,0.10075,0.79104,0.10821,200,sp,1,268,0.86242424,-0.00149697,10,1,100,random
17,OI,17,"2026-07-11 11:10:30",108.7,0.862736,7.85965,8.1212,1.52555,-0.01708,0.07836,0.85821,0.06343,200,sp,1,268,0.87772727,-0.01770909,10,1,100,random
18,OI,18,"2026-07-11 11:10:37",115.5,0.862676,7.86235,8.1212,2.11513,0.001817,0.0709,0.86194,0.06716,200,sp,1,268,0.86227272,0.00014545,10,1,100,random
19,OI,19,"2026-07-11 11:10:44",122.4,0.863073,7.88281,8.1212,1.8058,-0.013931,0.0709,0.87313,0.05597,200,sp,1,268,0.87606061,-0.01523636,10,1,100,random
20,OI,20,"2026-07-11 11:10:50",129.3,0.863439,7.90121,8.1212,2.45443,0.003201,0.04104,0.89925,0.0597,200,sp,1,268,0.86166667,0.00215151,10,1,100,random
21,IR,1,"2026-07-11 11:10:59",4.8,0.71403,3.86848,8.2727,0.315495,-0.103714,0.58608,0.10256,0.31136,200,sp,1,273,0.78560607,-0.10243333,10,1,100,random
22,IR,2,"2026-07-11 11:11:03",9.2,0.717564,3.88013,8.1212,0.307381,-0.101597,0.58209,0.09328,0.32463,200,sp,1,268,0.78924242,-0.1039,10,1,100,random
23,IR,3,"2026-07-11 11:11:08",13.6,0.722818,3.95688,8,0.303512,-0.102576,0.57576,0.0947,0.32955,200,sp,1,264,0.79515152,-0.10383333,10,1,100,random
24,IR,4,"2026-07-11 11:11:12",17.9,0.727788,4.01081,7.9697,0.317552,-0.109058,0.55513,0.12928,0.31559,200,sp,1,263,0.80515151,-0.1092,10,1,100,random
25,IR,5,"2026-07-11 11:11:16",22.3,0.732248,4.08341,7.8485,0.337038,-0.099837,0.54826,0.11969,0.33205,200,sp,1,259,0.80363636,-0.09977576,10,1,100,random
26,IR,6,"2026-07-11 11:11:21",26.7,0.73627,4.15321,7.8182,0.327533,-0.102704,0.55426,0.1124,0.33333,200,sp,1,258,0.81045455,-0.10430303,10,1,100,random
27,IR,7,"2026-07-11 11:11:27",32.9,0.738851,4.1809,7.7879,0.335342,-0.102559,0.54475,0.12451,0.33074,200,sp,1,257,0.81378788,-0.10360303,10,1,100,random
28,IR,8,"2026-07-11 11:11:33",38.8,0.741555,4.19249,7.697,0.338333,-0.106276,0.54331,0.11811,0.33858,200,sp,1,254,0.81954545,-0.10905152,10,1,100,random
29,IR,9,"2026-07-11 11:11:39",45.1,0.742391,4.20015,7.6061,0.333371,-0.100238,0.55378,0.08367,0.36255,200,sp,1,251,0.81712121,-0.10294545,10,1,100,random
30,IR,10,"2026-07-11 11:11:45",51.3,0.741994,4.17995,7.4242,0.311923,-0.102555,0.53878,0.09388,0.36735,200,sp,1,245,0.8189394,-0.10766061,10,1,100,random
31,IR,11,"2026-07-11 11:11:52",57.6,0.745421,4.20183,7.3333,0.309648,-0.104394,0.52893,0.09917,0.3719,200,sp,1,242,0.82212121,-0.10450303,10,1,100,random
32,IR,12,"2026-07-11 11:11:58",63.8,0.747952,4.24857,7.3333,0.31055,-0.100417,0.53306,0.09917,0.36777,200,sp,1,242,0.82242424,-0.10216061,10,1,100,random
33,IR,13,"2026-07-11 11:12:04",70.1,0.749927,4.25956,7.2727,0.324412,-0.102949,0.5125,0.11667,0.37083,200,sp,1,240,0.82681819,-0.10437576,10,1,100,random
34,IR,14,"2026-07-11 11:12:10",76.3,0.751918,4.27335,7.2121,0.324929,-0.105556,0.4916,0.14286,0.36555,200,sp,1,238,0.83075758,-0.1066697,10,1,100,random
35,IR,15,"2026-07-11 11:12:17",82.7,0.753821,4.32046,7.0909,0.337245,-0.086307,0.48291,0.15385,0.36325,200,sp,1,234,0.81848485,-0.08809394,10,1,100,random
36,IR,16,"2026-07-11 11:12:23",89,0.756515,4.3662,7.0606,0.36453,-0.090677,0.48069,0.14163,0.37768,200,sp,1,233,0.82424243,-0.09105455,10,1,100,random
37,IR,17,"2026-07-11 11:12:29",95.3,0.759194,4.40735,7.0303,0.348797,-0.090779,0.47845,0.15948,0.36207,200,sp,1,232,0.82742425,-0.09188485,10,1,100,random
38,IR,18,"2026-07-11 11:12:36",101.6,0.758027,4.3943,7.0303,0.369223,-0.086135,0.47414,0.16379,0.36207,200,sp,1,232,0.82469697,-0.08953636,10,1,100,random
39,IR,19,"2026-07-11 11:12:42",107.8,0.759994,4.45539,6.9697,0.384049,-0.09944,0.47826,0.14348,0.37826,200,sp,1,230,0.83530303,-0.10190606,10,1,100,random
40,IR,20,"2026-07-11 11:12:48",114.1,0.761315,4.47168,6.9394,0.377465,-0.090601,0.46288,0.16157,0.37555,200,sp,1,229,0.83015152,-0.09159091,10,1,100,random
41,AGR,1,"2026-07-11 11:12:57",7.6,0.726088,4.09658,8.4242,0.352155,0.055245,0.58633,0.08993,0.32374,200,sp,1,278,0.67924242,0.06614545,10,1,100,random
42,AGR,2,"2026-07-11 11:13:04",14.8,0.742342,4.36923,8.2727,0.345508,0.037718,0.55311,0.12454,0.32234,200,sp,1,273,0.70818182,0.0461,10,1,100,random
43,AGR,3,"2026-07-11 11:13:11",22,0.758033,4.69312,8.2727,0.395083,0.052977,0.53846,0.12454,0.337,200,sp,1,273,0.71181818,0.06294545,10,1,100,random
44,AGR,4,"2026-07-11 11:13:18",29.3,0.773182,5.01918,8.2727,0.420707,0.041544,0.49084,0.15751,0.35165,200,sp,1,273,0.73515151,0.05175455,10,1,100,random
45,AGR,5,"2026-07-11 11:13:26",36.7,0.787051,5.34991,8.2424,0.430693,0.047877,0.45956,0.20588,0.33456,200,sp,1,272,0.74409091,0.05526364,10,1,100,random
46,AGR,6,"2026-07-11 11:13:33",44,0.798279,5.67379,8.2424,0.505515,0.040106,0.41912,0.25735,0.32353,200,sp,1,272,0.7619697,0.04632424,10,1,100,random
47,AGR,7,"2026-07-11 11:13:42",53.1,0.807442,5.94498,8.2121,0.544141,0.041369,0.39852,0.24723,0.35424,200,sp,1,271,0.77075758,0.04800909,10,1,100,random
48,AGR,8,"2026-07-11 11:13:51",62.2,0.817015,6.23882,8.2121,0.544712,0.045554,0.369,0.29151,0.33948,200,sp,1,271,0.77621212,0.05054848,10,1,100,random
49,AGR,9,"2026-07-11 11:14:00",71.3,0.826209,6.5554,8.2121,0.616089,0.017042,0.32103,0.369,0.30996,200,sp,1,271,0.80878788,0.02160606,10,1,100,random
50,AGR,10,"2026-07-11 11:14:10",80.5,0.835133,6.83004,8.2121,0.718363,0.031382,0.29151,0.40221,0.30627,200,sp,1,271,0.80575757,0.03624242,10,1,100,random
51,AGR,11,"2026-07-11 11:14:19",89.7,0.84143,7.04364,8.1818,0.751148,0.045458,0.24444,0.49259,0.26296,200,sp,1,270,0.80121212,0.04863333,10,1,100,random
52,AGR,12,"2026-07-11 11:14:28",98.9,0.846394,7.26047,8.1818,0.849266,0.032495,0.2037,0.57778,0.21852,200,sp,1,270,0.81757576,0.03427879,10,1,100,random
53,AGR,13,"2026-07-11 11:14:37",108,0.851439,7.44184,8.1818,0.9668,0.024864,0.17778,0.64074,0.18148,200,sp,1,270,0.82878788,0.02730606,10,1,100,random
54,AGR,14,"2026-07-11 11:14:46",117.1,0.856058,7.60747,8.1818,1.12584,0.025797,0.14074,0.72222,0.13704,200,sp,1,270,0.83272728,0.02807273,10,1,100,random
55,AGR,15,"2026-07-11 11:14:55",126.4,0.859388,7.75657,8.1818,1.24914,0.030141,0.10741,0.7963,0.0963,200,sp,1,270,0.83287879,0.03165758,10,1,100,random
56,AGR,16,"2026-07-11 11:15:05",135.7,0.8615,7.86582,8.1818,1.46416,0.040634,0.05926,0.87407,0.06667,200,sp,1,270,0.82636364,0.04158182,10,1,100,random
57,AGR,17,"2026-07-11 11:15:14",144.9,0.8633,7.95491,8.1818,1.40635,0.032627,0.05185,0.90741,0.04074,200,sp,1,270,0.83530304,0.03315758,10,1,100,random
58,AGR,18,"2026-07-11 11:15:23",154.3,0.864485,8.00057,8.1818,1.90414,0.027717,0.04444,0.92963,0.02593,200,sp,1,270,0.84090909,0.02813636,10,1,100,random
59,AGR,19,"2026-07-11 11:15:33",163.5,0.864852,8.0267,8.1818,1.83486,0.04576,0.03333,0.94074,0.02593,200,sp,1,270,0.82590909,0.04582727,10,1,100,random
60,AGR,20,"2026-07-11 11:15:42",172.9,0.865182,8.05683,8.1818,1.65637,0.048043,0.02593,0.95185,0.02222,200,sp,1,270,0.82424242,0.04843636,10,1,100,random
61,RANDOM,1,"2026-07-11 11:15:50",4.8,0.706891,3.79883,8.3333,0.306356,-0.007053,0.58182,0.09455,0.32364,200,sp,1,275,0.71333333,-0.00838788,10,1,100,random
62,RANDOM,2,"2026-07-11 11:15:55",9.2,0.704533,3.74988,8.0909,0.264884,0.008072,0.58052,0.10861,0.31086,200,sp,1,267,0.70075758,0.00454545,10,1,100,random
63,RANDOM,3,"2026-07-11 11:15:59",13.7,0.702727,3.7258,8.0303,0.292898,-0.009159,0.59245,0.08302,0.32453,200,sp,1,265,0.71090908,-0.01160606,10,1,100,random
64,RANDOM,4,"2026-07-11 11:16:04",18.1,0.7016,3.71502,7.7879,0.281913,-0.00427,0.58755,0.07782,0.33463,200,sp,1,257,0.70606061,-0.00843333,10,1,100,random
65,RANDOM,5,"2026-07-11 11:16:08",22.6,0.701261,3.71609,7.697,0.276601,-0.011979,0.58268,0.08268,0.33465,200,sp,1,254,0.71060606,-0.01481818,10,1,100,random
66,RANDOM,6,"2026-07-11 11:16:13",27.1,0.701382,3.71379,7.6061,0.282587,0.021104,0.57769,0.0757,0.34661,200,sp,1,251,0.68742424,0.01913333,10,1,100,random
67,RANDOM,7,"2026-07-11 11:16:19",33.2,0.702821,3.71391,7.5758,0.26683,0.015931,0.56,0.108,0.332,200,sp,1,250,0.69166667,0.01555152,10,1,100,random
68,RANDOM,8,"2026-07-11 11:16:25",39.2,0.698615,3.66273,7.4848,0.279086,-0.005788,0.57085,0.10931,0.31984,200,sp,1,247,0.70560606,-0.00862121,10,1,100,random
69,RANDOM,9,"2026-07-11 11:16:31",45.5,0.698064,3.65181,7.3333,0.30312,0.000167,0.57438,0.10331,0.32231,200,sp,1,242,0.69909091,-0.00125758,10,1,100,random
70,RANDOM,10,"2026-07-11 11:16:37",51.7,0.697897,3.64188,7.2727,0.314566,-0.00589,0.5625,0.12083,0.31667,200,sp,1,240,0.70287879,-0.00705152,10,1,100,random
71,RANDOM,11,"2026-07-11 11:16:44",58,0.694191,3.6012,7.1818,0.323248,0.001679,0.56962,0.11814,0.31224,200,sp,1,237,0.69575757,-0.00115758,10,1,100,random
72,RANDOM,12,"2026-07-11 11:16:50",64.3,0.691842,3.5809,7.0909,0.338442,0.000895,0.55983,0.14957,0.2906,200,sp,1,234,0.69318182,-0.00197576,10,1,100,random
73,RANDOM,13,"2026-07-11 11:16:56",70.6,0.694982,3.60853,7.0303,0.39089,-0.008597,0.55603,0.15517,0.28879,200,sp,1,232,0.69984848,-0.00700606,10,1,100,random
74,RANDOM,14,"2026-07-11 11:17:02",76.9,0.694467,3.60302,7,0.394555,-0.009936,0.54978,0.16017,0.29004,200,sp,1,231,0.70257575,-0.01201212,10,1,100,random
75,RANDOM,15,"2026-07-11 11:17:09",83.1,0.693864,3.60911,6.9394,0.389198,0.000114,0.55022,0.14847,0.30131,200,sp,1,229,0.69484849,0.00040303,10,1,100,random
76,RANDOM,16,"2026-07-11 11:17:15",89.4,0.693745,3.60013,6.9091,0.373672,-0.008325,0.54825,0.13596,0.31579,200,sp,1,228,0.70030303,-0.01152727,10,1,100,random
77,RANDOM,17,"2026-07-11 11:17:21",95.7,0.692158,3.56777,6.6667,0.34699,-0.003475,0.55,0.13636,0.31364,200,sp,1,220,0.69621212,-0.00696667,10,1,100,random
78,RANDOM,18,"2026-07-11 11:17:28",102,0.692855,3.58424,6.6364,0.373042,0.00028,0.52055,0.15525,0.3242,200,sp,1,219,0.69333334,0.00058485,10,1,100,random
79,RANDOM,19,"2026-07-11 11:17:34",108.3,0.696012,3.62328,6.5758,0.360644,0.008984,0.52535,0.15207,0.32258,200,sp,1,217,0.6889394,0.0109,10,1,100,random
80,RANDOM,20,"2026-07-11 11:17:40",114.6,0.697951,3.65597,6.5455,0.385236,-0.002667,0.53241,0.14815,0.31944,200,sp,1,216,0.69984848,-0.00229091,10,1,100,random
81,OI,1,"2026-07-11 11:20:38",5.6,0.723055,4.02749,8.303,0.339352,-0.019157,0.56569,0.12044,0.31387,200,sp,2,274,0.72757575,-0.00574242,10,1,100,random
82,OI,2,"2026-07-11 11:20:43",10.5,0.744579,4.34721,8.2424,0.40733,-0.017571,0.52206,0.15441,0.32353,200,sp,2,272,0.74833333,-0.00515455,10,1,100,random
83,OI,3,"2026-07-11 11:20:48",15.4,0.763812,4.69831,8.2424,0.43364,-0.021414,0.47426,0.20956,0.31618,200,sp,2,272,0.7719697,-0.01076667,10,1,100,random
84,OI,4,"2026-07-11 11:20:53",20.4,0.780161,5.05212,8.1515,0.494003,-0.010206,0.43866,0.24907,0.31227,200,sp,2,269,0.78136363,-0.00252424,10,1,100,random
85,OI,5,"2026-07-11 11:20:58",25.5,0.794409,5.38737,8.1212,0.553017,-0.017941,0.38433,0.3097,0.30597,200,sp,2,268,0.80272727,-0.01064242,10,1,100,random
86,OI,6,"2026-07-11 11:21:03",30.5,0.80547,5.70489,8.0909,0.586956,-0.01355,0.35581,0.35955,0.28464,200,sp,2,267,0.81196969,-0.00835152,10,1,100,random
87,OI,7,"2026-07-11 11:21:10",37.2,0.817118,6.05626,8.0909,0.676449,-0.010321,0.33708,0.34082,0.3221,200,sp,2,267,0.82106061,-0.00450606,10,1,100,random
88,OI,8,"2026-07-11 11:21:17",43.9,0.825433,6.32531,8.0909,0.644705,-0.004157,0.30712,0.41199,0.2809,200,sp,2,267,0.82590909,-0.00068182,10,1,100,random
89,OI,9,"2026-07-11 11:21:23",50.7,0.832852,6.57779,8.0909,0.762223,0.005658,0.26592,0.47566,0.25843,200,sp,2,267,0.82560606,0.00878788,10,1,100,random
90,OI,10,"2026-07-11 11:21:30",57.6,0.839064,6.83138,8.0909,0.842248,-0.000977,0.22846,0.53558,0.23596,200,sp,2,267,0.8380303,0.00078182,10,1,100,random
91,OI,11,"2026-07-11 11:21:37",64.4,0.845373,7.08383,8.0909,0.904474,0.002409,0.21723,0.57678,0.20599,200,sp,2,267,0.84151515,0.00483636,10,1,100,random
92,OI,12,"2026-07-11 11:21:44",71.3,0.84973,7.27722,8.0606,1.08486,-0.004242,0.18045,0.65038,0.16917,200,sp,2,266,0.85227272,-0.00275758,10,1,100,random
93,OI,13,"2026-07-11 11:21:51",78.2,0.853612,7.45738,8.0606,1.21346,-0.00302,0.15414,0.70301,0.14286,200,sp,2,266,0.85545455,-0.00192727,10,1,100,random
94,OI,14,"2026-07-11 11:21:58",85,0.856548,7.58344,8.0606,1.39281,-0.005999,0.11654,0.76692,0.11654,200,sp,2,266,0.86136363,-0.00569697,10,1,100,random
95,OI,15,"2026-07-11 11:22:05",91.9,0.858382,7.66726,8.0606,1.42787,-0.000229,0.09023,0.83835,0.07143,200,sp,2,266,0.85878788,-0.00059697,10,1,100,random
96,OI,16,"2026-07-11 11:22:11",98.7,0.858579,7.6879,8.0606,2.11611,-0.001303,0.07519,0.81579,0.10902,200,sp,2,266,0.86075757,-0.00277576,10,1,100,random
97,OI,17,"2026-07-11 11:22:18",105.5,0.860124,7.7769,8.0606,1.29424,0.005851,0.05639,0.87218,0.07143,200,sp,2,266,0.85545454,0.00541515,10,1,100,random
98,OI,18,"2026-07-11 11:22:25",112.4,0.860627,7.8014,8.0606,1.61507,-0.000537,0.07143,0.8797,0.04887,200,sp,2,266,0.86212121,-0.00134849,10,1,100,random
99,OI,19,"2026-07-11 11:22:32",119.2,0.861242,7.82877,8.0606,2.67729,-0.003726,0.06767,0.87594,0.05639,200,sp,2,266,0.86515151,-0.00454545,10,1,100,random
100,OI,20,"2026-07-11 11:22:39",126.2,0.861467,7.84554,8.0606,2.51564,0.001301,0.06767,0.86466,0.06767,200,sp,2,266,0.86121213,0.00060303,10,1,100,random
101,IR,1,"2026-07-11 11:22:48",4.8,0.705973,3.75583,8.3333,0.289097,-0.110075,0.59273,0.09818,0.30909,200,sp,2,275,0.78227273,-0.11014848,10,1,100,random
102,IR,2,"2026-07-11 11:22:52",9.2,0.714827,3.83194,8.0606,0.310675,-0.106193,0.56391,0.11654,0.31955,200,sp,2,266,0.78681818,-0.10277879,10,1,100,random
103,IR,3,"2026-07-11 11:22:56",13.6,0.718039,3.85605,7.8485,0.310413,-0.100771,0.55985,0.139,0.30116,200,sp,2,259,0.78939394,-0.10121818,10,1,100,random
104,IR,4,"2026-07-11 11:23:01",18,0.724642,3.93324,7.8182,0.376964,-0.102138,0.56202,0.13178,0.3062,200,sp,2,258,0.79575758,-0.10034849,10,1,100,random
105,IR,5,"2026-07-11 11:23:05",22.5,0.729785,3.98925,7.697,0.368944,-0.095877,0.54331,0.14961,0.30709,200,sp,2,254,0.79757576,-0.09562424,10,1,100,random
106,IR,6,"2026-07-11 11:23:10",27,0.734733,4.06007,7.6364,0.380377,-0.10332,0.54365,0.15476,0.30159,200,sp,2,252,0.80848485,-0.10217273,10,1,100,random
107,IR,7,"2026-07-11 11:23:16",33,0.737782,4.1233,7.6061,0.411861,-0.103379,0.5259,0.17131,0.30279,200,sp,2,251,0.81303031,-0.10329697,10,1,100,random
108,IR,8,"2026-07-11 11:23:22",39.1,0.740533,4.15795,7.6061,0.415586,-0.099361,0.53785,0.16733,0.29482,200,sp,2,251,0.81333333,-0.10000303,10,1,100,random
109,IR,9,"2026-07-11 11:23:28",45.5,0.743776,4.17656,7.5758,0.428062,-0.100796,0.544,0.132,0.324,200,sp,2,250,0.81787879,-0.10161818,10,1,100,random
110,IR,10,"2026-07-11 11:23:35",51.8,0.747618,4.24144,7.4848,0.385178,-0.101056,0.52227,0.16194,0.31579,200,sp,2,247,0.82166667,-0.10184849,10,1,100,random
111,IR,11,"2026-07-11 11:23:41",58,0.748652,4.2839,7.3636,0.410295,-0.096962,0.5144,0.16049,0.3251,200,sp,2,243,0.82136363,-0.09940303,10,1,100,random
112,IR,12,"2026-07-11 11:23:47",64.3,0.74913,4.31791,7.3333,0.408852,-0.096154,0.49587,0.18182,0.32231,200,sp,2,242,0.82166667,-0.09872727,10,1,100,random
113,IR,13,"2026-07-11 11:23:53",70.6,0.752421,4.37743,7.3333,0.4293,-0.100686,0.50413,0.15289,0.34298,200,sp,2,242,0.82712121,-0.10140303,10,1,100,random
114,IR,14,"2026-07-11 11:24:00",76.9,0.755827,4.42435,7.303,0.399035,-0.08801,0.49378,0.17012,0.3361,200,sp,2,241,0.82121212,-0.08817273,10,1,100,random
115,IR,15,"2026-07-11 11:24:06",83.1,0.757767,4.44,7.2424,0.421889,-0.101355,0.4728,0.1841,0.3431,200,sp,2,239,0.83424242,-0.10281515,10,1,100,random
116,IR,16,"2026-07-11 11:24:12",89.5,0.760591,4.47282,7.2424,0.411333,-0.104709,0.48536,0.16736,0.34728,200,sp,2,239,0.83939394,-0.10567576,10,1,100,random
117,IR,17,"2026-07-11 11:24:19",95.8,0.763251,4.4914,7.2424,0.406754,-0.101648,0.48536,0.19247,0.32218,200,sp,2,239,0.84,-0.10286061,10,1,100,random
118,IR,18,"2026-07-11 11:24:25",102.1,0.763191,4.48127,7.2424,0.456196,-0.095642,0.48117,0.1841,0.33473,200,sp,2,239,0.8369697,-0.09865152,10,1,100,random
119,IR,19,"2026-07-11 11:24:31",108.3,0.763909,4.50448,7.2424,0.431941,-0.101659,0.46862,0.20084,0.33054,200,sp,2,239,0.8419697,-0.10431212,10,1,100,random
120,IR,20,"2026-07-11 11:24:37",114.7,0.764194,4.51159,7.1818,0.436846,-0.096416,0.46835,0.19409,0.33755,200,sp,2,237,0.83848485,-0.09793333,10,1,100,random
121,AGR,1,"2026-07-11 11:24:46",8.1,0.719952,3.9986,8.3333,0.323266,0.046702,0.58182,0.09818,0.32,200,sp,2,275,0.67969698,0.05723636,10,1,100,random
122,AGR,2,"2026-07-11 11:24:54",15.7,0.73777,4.2901,8.303,0.355263,0.028865,0.5438,0.12409,0.33212,200,sp,2,274,0.70924243,0.03933333,10,1,100,random
123,AGR,3,"2026-07-11 11:25:02",23.5,0.752452,4.56432,8.2424,0.375423,0.047364,0.51471,0.14338,0.34191,200,sp,2,272,0.71121212,0.05526667,10,1,100,random
124,AGR,4,"2026-07-11 11:25:09",31.2,0.766712,4.86092,8.2121,0.385703,0.045547,0.50185,0.14391,0.35424,200,sp,2,271,0.72621212,0.05392727,10,1,100,random
125,AGR,5,"2026-07-11 11:25:17",38.9,0.779703,5.15493,8.2121,0.415824,0.034652,0.47601,0.17712,0.34686,200,sp,2,271,0.74772727,0.04268182,10,1,100,random
126,AGR,6,"2026-07-11 11:25:25",46.8,0.792473,5.45595,8.1818,0.462137,0.037794,0.44074,0.18519,0.37407,200,sp,2,270,0.75787878,0.04482727,10,1,100,random
127,AGR,7,"2026-07-11 11:25:34",56.3,0.803303,5.75362,8.1212,0.451709,0.040003,0.41418,0.22761,0.35821,200,sp,2,268,0.76727272,0.04696061,10,1,100,random
128,AGR,8,"2026-07-11 11:25:44",66,0.81227,6.02909,8.1212,0.521422,0.037402,0.39179,0.26119,0.34701,200,sp,2,268,0.77863637,0.04272121,10,1,100,random
129,AGR,9,"2026-07-11 11:25:54",75.6,0.821464,6.32017,8.0909,0.593602,0.035874,0.35206,0.30337,0.34457,200,sp,2,267,0.78878788,0.04189394,10,1,100,random
130,AGR,10,"2026-07-11 11:26:04",85.5,0.828558,6.61033,8.0909,0.638508,0.030306,0.30712,0.37828,0.31461,200,sp,2,267,0.80106061,0.03424242,10,1,100,random
131,AGR,11,"2026-07-11 11:26:13",95.2,0.834958,6.84972,8.0909,0.70963,0.03913,0.2809,0.43446,0.28464,200,sp,2,267,0.80015152,0.04206667,10,1,100,random
132,AGR,12,"2026-07-11 11:26:23",105.1,0.840536,7.07099,8.0909,0.793202,0.042496,0.2397,0.50936,0.25094,200,sp,2,267,0.80303031,0.04655758,10,1,100,random
133,AGR,13,"2026-07-11 11:26:33",115.1,0.845867,7.28011,8.0909,0.922524,0.037961,0.21723,0.58427,0.1985,200,sp,2,267,0.81212121,0.04068485,10,1,100,random
134,AGR,14,"2026-07-11 11:26:43",124.8,0.850055,7.4416,8.0909,1.09779,0.028785,0.17978,0.65543,0.16479,200,sp,2,267,0.82439394,0.03080606,10,1,100,random
135,AGR,15,"2026-07-11 11:26:53",134.6,0.854139,7.5931,8.0909,1.20661,0.026308,0.13109,0.74906,0.11985,200,sp,2,267,0.83060606,0.02877576,10,1,100,random
136,AGR,16,"2026-07-11 11:27:03",144.7,0.856842,7.72065,8.0909,1.35522,0.042029,0.10112,0.79775,0.10112,200,sp,2,267,0.82045454,0.04341818,10,1,100,random
137,AGR,17,"2026-07-11 11:27:13",154.6,0.859394,7.81483,8.0909,1.40021,0.042137,0.07116,0.88015,0.04869,200,sp,2,267,0.82287879,0.04320606,10,1,100,random
138,AGR,18,"2026-07-11 11:27:23",164.4,0.860688,7.85723,8.0909,1.8524,0.054579,0.07116,0.89139,0.03745,200,sp,2,267,0.81393939,0.05500909,10,1,100,random
139,AGR,19,"2026-07-11 11:27:32",174.3,0.861882,7.90296,8.0909,2.23763,0.039824,0.05243,0.90637,0.0412,200,sp,2,267,0.82787879,0.04009091,10,1,100,random
140,AGR,20,"2026-07-11 11:27:42",184.2,0.862733,7.9452,8.0909,2.06526,0.0455,0.03371,0.93633,0.02996,200,sp,2,267,0.82393939,0.04552121,10,1,100,random
141,RANDOM,1,"2026-07-11 11:27:53",4.9,0.699285,3.71219,8.2121,0.277251,-0.005188,0.58672,0.10701,0.30627,200,sp,2,271,0.70515151,-0.01191212,10,1,100,random
142,RANDOM,2,"2026-07-11 11:27:57",9.3,0.697379,3.65448,8.0606,0.28334,-0.013285,0.57895,0.10526,0.31579,200,sp,2,266,0.70863637,-0.0164,10,1,100,random
143,RANDOM,3,"2026-07-11 11:28:01",13.6,0.694661,3.62956,7.7879,0.274446,0.01469,0.56809,0.11284,0.31907,200,sp,2,257,0.68636364,0.01114545,10,1,100,random
144,RANDOM,4,"2026-07-11 11:28:06",18,0.692021,3.61111,7.6364,0.276349,0.001486,0.58333,0.10317,0.31349,200,sp,2,252,0.69303031,-0.00028788,10,1,100,random
145,RANDOM,5,"2026-07-11 11:28:10",22.5,0.6909,3.61556,7.5455,0.297174,-0.007873,0.58233,0.1004,0.31727,200,sp,2,249,0.69787879,-0.00900909,10,1,100,random
146,RANDOM,6,"2026-07-11 11:28:15",27,0.687661,3.56838,7.4848,0.300701,-0.002361,0.5668,0.10931,0.32389,200,sp,2,247,0.69181818,-0.00552727,10,1,100,random
147,RANDOM,7,"2026-07-11 11:28:21",33.1,0.689545,3.59506,7.4848,0.297902,0.000551,0.5668,0.11741,0.31579,200,sp,2,247,0.68924243,-0.00108182,10,1,100,random
148,RANDOM,8,"2026-07-11 11:28:27",39.2,0.688382,3.60925,7.4848,0.309924,0.004247,0.57895,0.10931,0.31174,200,sp,2,247,0.68712122,0.00225455,10,1,100,random
149,RANDOM,9,"2026-07-11 11:28:33",45.7,0.684564,3.57254,7.4545,0.311995,0.00892,0.58537,0.10976,0.30488,200,sp,2,246,0.68136364,0.00539697,10,1,100,random
150,RANDOM,10,"2026-07-11 11:28:40",52.5,0.680797,3.53168,7.3333,0.31635,0.004023,0.57438,0.1157,0.30992,200,sp,2,242,0.68090909,-0.0014,10,1,100,random
151,RANDOM,11,"2026-07-11 11:28:47",58.9,0.680985,3.51853,7.3333,0.309054,0.008715,0.57025,0.10744,0.32231,200,sp,2,242,0.6760606,0.00806667,10,1,100,random
152,RANDOM,12,"2026-07-11 11:28:53",65.3,0.679221,3.52257,7.303,0.294166,-0.006189,0.57676,0.09544,0.3278,200,sp,2,241,0.68530303,-0.00831212,10,1,100,random
153,RANDOM,13,"2026-07-11 11:28:59",71.6,0.676448,3.46971,7.1515,0.292409,-0.008199,0.58475,0.09746,0.3178,200,sp,2,236,0.68469697,-0.01440303,10,1,100,random
154,RANDOM,14,"2026-07-11 11:29:06",77.8,0.674779,3.45954,6.9394,0.32067,0.005264,0.56769,0.1048,0.32751,200,sp,2,229,0.6730303,0.00102424,10,1,100,random
155,RANDOM,15,"2026-07-11 11:29:12",84.1,0.669785,3.40231,6.8788,0.314849,0.000628,0.57269,0.10573,0.32159,200,sp,2,227,0.67272728,-0.00590909,10,1,100,random
156,RANDOM,16,"2026-07-11 11:29:18",90.4,0.673618,3.42258,6.8182,0.330144,-0.000642,0.56889,0.11111,0.32,200,sp,2,225,0.6730303,0.00303333,10,1,100,random
157,RANDOM,17,"2026-07-11 11:29:24",96.8,0.674121,3.43054,6.7273,0.338868,-0.002009,0.54505,0.13514,0.31982,200,sp,2,222,0.67590909,-0.00375758,10,1,100,random
158,RANDOM,18,"2026-07-11 11:29:31",103.1,0.673658,3.40773,6.6364,0.331809,-0.00821,0.56164,0.11416,0.3242,200,sp,2,219,0.68030303,-0.00934242,10,1,100,random
159,RANDOM,19,"2026-07-11 11:29:37",109.4,0.673615,3.41242,6.5455,0.336724,0.002224,0.53241,0.13426,0.33333,200,sp,2,216,0.67272727,0.00235455,10,1,100,random
160,RANDOM,20,"2026-07-11 11:29:43",115.7,0.670736,3.38379,6.5152,0.320613,-0.001635,0.54419,0.13488,0.32093,200,sp,2,215,0.67409091,-0.0050303,10,1,100,random
161,OI,1,"2026-07-11 11:31:29",5.1,0.729027,4.13779,8.1818,0.373516,-0.011953,0.55926,0.11111,0.32963,200,sp,3,270,0.72863636,0.00015455,10,1,100,random
162,OI,2,"2026-07-11 11:31:34",9.8,0.747252,4.4527,8.1818,0.399199,-0.009178,0.5,0.17037,0.32963,200,sp,3,270,0.74636364,-0.00016364,10,1,100,random
163,OI,3,"2026-07-11 11:31:39",14.6,0.764215,4.78452,8.1212,0.42911,-0.016489,0.44776,0.20896,0.34328,200,sp,3,268,0.76954545,-0.00689091,10,1,100,random
164,OI,4,"2026-07-11 11:31:43",19.4,0.779585,5.1413,8.1212,0.457888,-0.006611,0.41418,0.27985,0.30597,200,sp,3,268,0.77848485,0.00193636,10,1,100,random
165,OI,5,"2026-07-11 11:31:48",24.1,0.7926,5.47753,8.0909,0.550664,-0.009525,0.37079,0.29588,0.33333,200,sp,3,267,0.795,-0.00411212,10,1,100,random
166,OI,6,"2026-07-11 11:31:53",29,0.806261,5.81711,8.0909,0.54582,-0.013532,0.34457,0.33333,0.3221,200,sp,3,267,0.81166666,-0.00606364,10,1,100,random
167,OI,7,"2026-07-11 11:31:59",35.3,0.81577,6.14025,8.0606,0.595547,-0.012567,0.30827,0.38722,0.30451,200,sp,3,266,0.82242424,-0.00773939,10,1,100,random
168,OI,8,"2026-07-11 11:32:06",41.6,0.825509,6.46122,8.0606,0.667312,-0.000928,0.2782,0.45489,0.26692,200,sp,3,266,0.82257576,0.00373636,10,1,100,random
169,OI,9,"2026-07-11 11:32:12",48,0.831894,6.70067,8.0606,0.786315,-0.006994,0.26692,0.48872,0.24436,200,sp,3,266,0.83560606,-0.0044,10,1,100,random
170,OI,10,"2026-07-11 11:32:19",54.5,0.838627,6.93687,8.0303,0.901277,-0.007686,0.22642,0.55094,0.22264,200,sp,3,265,0.84303031,-0.00494545,10,1,100,random
171,OI,11,"2026-07-11 11:32:25",60.9,0.844206,7.16837,8.0303,0.98142,-0.006709,0.19623,0.61132,0.19245,200,sp,3,265,0.84833333,-0.00521515,10,1,100,random
172,OI,12,"2026-07-11 11:32:31",67.3,0.848939,7.33573,8.0303,1.07507,0.005427,0.18868,0.63019,0.18113,200,sp,3,265,0.8430303,0.00688182,10,1,100,random
173,OI,13,"2026-07-11 11:32:38",73.7,0.852818,7.49718,8.0303,1.15127,0.002438,0.14717,0.70943,0.1434,200,sp,3,265,0.84984849,0.00324848,10,1,100,random
174,OI,14,"2026-07-11 11:32:44",80.2,0.855812,7.59497,8.0303,1.34491,0.004334,0.09811,0.77358,0.1283,200,sp,3,265,0.8519697,0.00490606,10,1,100,random
175,OI,15,"2026-07-11 11:32:51",86.7,0.857467,7.66602,8.0303,1.27805,-0.003382,0.09434,0.81509,0.09057,200,sp,3,265,0.86075758,-0.00399091,10,1,100,random
176,OI,16,"2026-07-11 11:32:57",93.2,0.858285,7.70163,8.0303,1.66163,-0.006634,0.06415,0.84906,0.08679,200,sp,3,265,0.86484849,-0.00769091,10,1,100,random
177,OI,17,"2026-07-11 11:33:04",99.7,0.859391,7.75456,8.0303,1.39512,-0.001436,0.06038,0.8566,0.08302,200,sp,3,265,0.86121212,-0.00175152,10,1,100,random
178,OI,18,"2026-07-11 11:33:10",106.3,0.860288,7.78934,8.0303,1.54344,-0.0041,0.07925,0.83396,0.08679,200,sp,3,265,0.86454546,-0.00503939,10,1,100,random
179,OI,19,"2026-07-11 11:33:17",112.8,0.860745,7.80723,8.0303,1.78586,0.002276,0.05283,0.8717,0.07547,200,sp,3,265,0.85969697,0.00126364,10,1,100,random
180,OI,20,"2026-07-11 11:33:23",119.4,0.861339,7.83684,8.0303,1.83887,0.00638,0.03774,0.91321,0.04906,200,sp,3,265,0.85651515,0.00562424,10,1,100,random
181,IR,1,"2026-07-11 11:33:33",5.3,0.712873,3.89383,8.1212,0.318379,-0.100074,0.58582,0.08582,0.32836,200,sp,3,268,0.78212121,-0.09932424,10,1,100,random
182,IR,2,"2026-07-11 11:33:38",10.2,0.719321,3.94639,7.9697,0.317238,-0.103257,0.58175,0.09125,0.327,200,sp,3,263,0.7909091,-0.10128485,10,1,100,random
183,IR,3,"2026-07-11 11:33:43",15,0.720188,3.9767,7.9091,0.340486,-0.098612,0.57471,0.10345,0.32184,200,sp,3,261,0.79181818,-0.10192121,10,1,100,random
184,IR,4,"2026-07-11 11:33:48",20,0.725042,4.02953,7.8788,0.350783,-0.087775,0.55769,0.11538,0.32692,200,sp,3,260,0.78681818,-0.08754848,10,1,100,random
185,IR,5,"2026-07-11 11:33:53",24.9,0.73143,4.11228,7.8788,0.347364,-0.098967,0.55385,0.11154,0.33462,200,sp,3,260,0.80121213,-0.09666061,10,1,100,random
186,IR,6,"2026-07-11 11:33:58",29.9,0.735461,4.12856,7.8182,0.336441,-0.093263,0.54651,0.12016,0.33333,200,sp,3,258,0.80257576,-0.0948,10,1,100,random
187,IR,7,"2026-07-11 11:34:04",36.4,0.737676,4.16635,7.7879,0.342143,-0.102969,0.53696,0.13619,0.32685,200,sp,3,257,0.81318182,-0.10437576,10,1,100,random
188,IR,8,"2026-07-11 11:34:11",43,0.740497,4.21829,7.7879,0.362923,-0.095456,0.5214,0.14008,0.33852,200,sp,3,257,0.81030303,-0.09762121,10,1,100,random
189,IR,9,"2026-07-11 11:34:18",50,0.742115,4.25531,7.697,0.342597,-0.092158,0.52362,0.12598,0.35039,200,sp,3,254,0.81030303,-0.09407273,10,1,100,random
190,IR,10,"2026-07-11 11:34:25",56.9,0.74573,4.32359,7.6061,0.338512,-0.087539,0.50996,0.13546,0.35458,200,sp,3,251,0.80969697,-0.08682121,10,1,100,random
191,IR,11,"2026-07-11 11:34:31",63.7,0.749618,4.37148,7.6061,0.339173,-0.096642,0.5259,0.11952,0.35458,200,sp,3,251,0.82060606,-0.09761818,10,1,100,random
192,IR,12,"2026-07-11 11:34:38",70.5,0.754439,4.44096,7.5455,0.355976,-0.093322,0.50602,0.14056,0.35341,200,sp,3,249,0.82287879,-0.0919,10,1,100,random
193,IR,13,"2026-07-11 11:34:45",77.4,0.758158,4.4922,7.5455,0.365987,-0.092586,0.50201,0.15261,0.34538,200,sp,3,249,0.82696969,-0.09370909,10,1,100,random
194,IR,14,"2026-07-11 11:34:52",84.2,0.761242,4.53765,7.5455,0.384767,-0.095825,0.50602,0.14056,0.35341,200,sp,3,249,0.83333333,-0.097,10,1,100,random
195,IR,15,"2026-07-11 11:34:59",91,0.762436,4.55826,7.4545,0.370435,-0.092774,0.49187,0.14634,0.36179,200,sp,3,246,0.83303031,-0.09405758,10,1,100,random
196,IR,16,"2026-07-11 11:35:06",97.8,0.766252,4.59959,7.4545,0.371895,-0.092526,0.4878,0.14228,0.36992,200,sp,3,246,0.83575758,-0.09285152,10,1,100,random
197,IR,17,"2026-07-11 11:35:12",104.6,0.766691,4.60415,7.4242,0.364361,-0.087725,0.47755,0.15918,0.36327,200,sp,3,245,0.83424242,-0.08903939,10,1,100,random
198,IR,18,"2026-07-11 11:35:19",111.4,0.768018,4.61185,7.303,0.38462,-0.086504,0.47303,0.17012,0.35685,200,sp,3,241,0.83439394,-0.08799091,10,1,100,random
199,IR,19,"2026-07-11 11:35:26",118.5,0.768988,4.61946,7.2121,0.409177,-0.095562,0.47479,0.16807,0.35714,200,sp,3,238,0.84272727,-0.09792424,10,1,100,random
200,IR,20,"2026-07-11 11:35:33",125.4,0.769097,4.61435,7.1818,0.419848,-0.098582,0.46414,0.17722,0.35865,200,sp,3,237,0.84560606,-0.10106061,10,1,100,random
201,AGR,1,"2026-07-11 11:35:42",8.3,0.724506,4.14997,8.1212,0.34768,0.048704,0.56716,0.11194,0.3209,200,sp,3,268,0.6830303,0.05720303,10,1,100,random
202,AGR,2,"2026-07-11 11:35:50",15.9,0.740109,4.4378,8.0606,0.383108,0.054944,0.54135,0.13158,0.32707,200,sp,3,266,0.69378788,0.06490303,10,1,100,random
203,AGR,3,"2026-07-11 11:35:58",23.6,0.754588,4.73396,8.0606,0.415374,0.047391,0.5,0.16917,0.33083,200,sp,3,266,0.71333333,0.05617273,10,1,100,random
204,AGR,4,"2026-07-11 11:36:05",31.4,0.768503,5.02071,8.0606,0.433522,0.039606,0.47368,0.16917,0.35714,200,sp,3,266,0.73242424,0.04868485,10,1,100,random
205,AGR,5,"2026-07-11 11:36:13",39.3,0.783064,5.35108,8.0606,0.443746,0.039394,0.42105,0.22932,0.34962,200,sp,3,266,0.74636363,0.04807879,10,1,100,random
206,AGR,6,"2026-07-11 11:36:21",47.1,0.795061,5.65111,8.0606,0.47029,0.048401,0.41353,0.2406,0.34586,200,sp,3,266,0.7519697,0.05428182,10,1,100,random
207,AGR,7,"2026-07-11 11:36:31",56.6,0.804524,5.93971,8.0606,0.529288,0.045015,0.36466,0.28947,0.34586,200,sp,3,266,0.76469697,0.05141818,10,1,100,random
208,AGR,8,"2026-07-11 11:36:40",66.2,0.812964,6.2011,8.0606,0.557755,0.032705,0.34211,0.33083,0.32707,200,sp,3,266,0.78318182,0.03793333,10,1,100,random
209,AGR,9,"2026-07-11 11:36:50",75.8,0.820506,6.47973,8.0606,0.638661,0.041112,0.30827,0.3797,0.31203,200,sp,3,266,0.78393939,0.04461818,10,1,100,random
210,AGR,10,"2026-07-11 11:37:00",86,0.828024,6.7345,8.0606,0.682752,0.043515,0.28947,0.40226,0.30827,200,sp,3,266,0.78939394,0.04741212,10,1,100,random
211,AGR,11,"2026-07-11 11:37:10",95.8,0.834333,6.95359,8.0606,0.720002,0.034868,0.2782,0.46241,0.2594,200,sp,3,266,0.80318181,0.03787879,10,1,100,random
212,AGR,12,"2026-07-11 11:37:20",105.5,0.839867,7.15687,8.0606,0.876507,0.05033,0.23684,0.55263,0.21053,200,sp,3,266,0.79590909,0.05384242,10,1,100,random
213,AGR,13,"2026-07-11 11:37:29",115.2,0.844903,7.33552,8.0606,0.996454,0.036095,0.2218,0.59774,0.18045,200,sp,3,266,0.81287879,0.03898788,10,1,100,random
214,AGR,14,"2026-07-11 11:37:40",125.6,0.849494,7.50389,8.0606,1.14691,0.039039,0.15414,0.69173,0.15414,200,sp,3,266,0.815,0.04159697,10,1,100,random
215,AGR,15,"2026-07-11 11:37:50",135.6,0.852997,7.64576,8.0606,1.15021,0.051066,0.1203,0.77444,0.10526,200,sp,3,266,0.80863636,0.05275152,10,1,100,random
216,AGR,16,"2026-07-11 11:37:59",145.4,0.85603,7.74931,8.0606,1.38459,0.045548,0.07895,0.84962,0.07143,200,sp,3,266,0.81651515,0.04697576,10,1,100,random
217,AGR,17,"2026-07-11 11:38:10",156,0.857924,7.80157,8.0606,1.56579,0.029328,0.07895,0.84211,0.07895,200,sp,3,266,0.83272727,0.0303697,10,1,100,random
218,AGR,18,"2026-07-11 11:38:20",166,0.859579,7.87161,8.0606,1.66871,0.044263,0.05263,0.90226,0.04511,200,sp,3,266,0.82151515,0.0451697,10,1,100,random
219,AGR,19,"2026-07-11 11:38:30",176,0.860418,7.91574,8.0606,1.74883,0.050066,0.02256,0.94361,0.03383,200,sp,3,266,0.81772727,0.0508697,10,1,100,random
220,AGR,20,"2026-07-11 11:38:40",186.4,0.861048,7.949,8.0606,1.43958,0.04701,0.01504,0.97368,0.01128,200,sp,3,266,0.8210606,0.04712727,10,1,100,random
221,RANDOM,1,"2026-07-11 11:38:50",4.8,0.701827,3.81262,8.0606,0.297566,-0.00254,0.58271,0.09398,0.32331,200,sp,3,266,0.70727273,-0.00635455,10,1,100,random
222,RANDOM,2,"2026-07-11 11:38:54",9.1,0.7027,3.84881,7.8788,0.305648,0.004059,0.57308,0.10385,0.32308,200,sp,3,260,0.70030303,0.00688485,10,1,100,random
223,RANDOM,3,"2026-07-11 11:38:59",13.5,0.704158,3.87178,7.7576,0.312044,0.000809,0.55078,0.12891,0.32031,200,sp,3,256,0.70393939,-0.00257879,10,1,100,random
224,RANDOM,4,"2026-07-11 11:39:03",17.8,0.705282,3.90064,7.6364,0.327614,0.006404,0.55556,0.12302,0.32143,200,sp,3,252,0.70106061,0.00752424,10,1,100,random
225,RANDOM,5,"2026-07-11 11:39:08",22.3,0.703815,3.87595,7.6061,0.336903,-0.010216,0.5498,0.14741,0.30279,200,sp,3,251,0.71287879,-0.01247576,10,1,100,random
226,RANDOM,6,"2026-07-11 11:39:12",26.7,0.702221,3.84701,7.5152,0.368903,0.004415,0.54839,0.15726,0.29435,200,sp,3,248,0.70090909,0.00516061,10,1,100,random
227,RANDOM,7,"2026-07-11 11:39:18",32.7,0.701909,3.84035,7.3939,0.382706,0.010054,0.54098,0.15164,0.30738,200,sp,3,244,0.69606061,0.00664242,10,1,100,random
228,RANDOM,8,"2026-07-11 11:39:24",38.6,0.700955,3.82554,7.2727,0.372069,-0.002621,0.5375,0.14167,0.32083,200,sp,3,240,0.70409091,-0.00491515,10,1,100,random
229,RANDOM,9,"2026-07-11 11:39:30",44.9,0.699885,3.82928,7.2727,0.362071,0.008217,0.52917,0.16667,0.30417,200,sp,3,240,0.69560606,0.00749697,10,1,100,random
230,RANDOM,10,"2026-07-11 11:39:36",51,0.700121,3.81545,7.2424,0.37366,0.006807,0.53975,0.15063,0.30962,200,sp,3,239,0.69590909,0.00682121,10,1,100,random
231,RANDOM,11,"2026-07-11 11:39:43",57.3,0.695418,3.74467,7.2121,0.361723,-0.006468,0.54202,0.15546,0.30252,200,sp,3,238,0.70348485,-0.0114,10,1,100,random
232,RANDOM,12,"2026-07-11 11:39:49",63.6,0.69103,3.68982,7.2121,0.366066,-0.005902,0.54622,0.14286,0.31092,200,sp,3,238,0.69848485,-0.00760606,10,1,100,random
233,RANDOM,13,"2026-07-11 11:39:55",69.8,0.692218,3.70855,7.1515,0.358018,0.003532,0.53814,0.15678,0.30508,200,sp,3,236,0.69,0.00327576,10,1,100,random
234,RANDOM,14,"2026-07-11 11:40:02",76.2,0.689855,3.70435,7.0909,0.366258,-0.004293,0.55128,0.14103,0.30769,200,sp,3,234,0.695,-0.00811212,10,1,100,random
235,RANDOM,15,"2026-07-11 11:40:09",83.4,0.688812,3.71636,6.9394,0.371116,0.012527,0.53712,0.15284,0.31004,200,sp,3,229,0.68181818,0.01181818,10,1,100,random
236,RANDOM,16,"2026-07-11 11:40:15",90.1,0.686173,3.71348,6.9394,0.379101,0.010646,0.54148,0.14847,0.31004,200,sp,3,229,0.68136363,0.0052303,10,1,100,random
237,RANDOM,17,"2026-07-11 11:40:22",96.4,0.684173,3.70071,6.9091,0.373621,0.011306,0.5614,0.13596,0.30263,200,sp,3,228,0.67848485,0.00989697,10,1,100,random
238,RANDOM,18,"2026-07-11 11:40:28",102.8,0.682824,3.67781,6.8485,0.378741,-0.011029,0.53982,0.14602,0.31416,200,sp,3,226,0.69212121,-0.01582121,10,1,100,random
239,RANDOM,19,"2026-07-11 11:40:35",109.2,0.679885,3.62772,6.8182,0.353249,0.01632,0.55111,0.13778,0.31111,200,sp,3,225,0.67121212,0.0116697,10,1,100,random
240,RANDOM,20,"2026-07-11 11:40:41",115.6,0.678882,3.60603,6.7879,0.361571,0.004319,0.54911,0.13393,0.31696,200,sp,3,224,0.67742425,0.00259394,10,1,100,random
241,OI,1,"2026-07-11 11:42:57",4.8,0.727203,4.06022,8.0606,0.365556,-0.013401,0.55639,0.1203,0.32331,200,sp,4,266,0.7280303,-0.00051515,10,1,100,random
242,OI,2,"2026-07-11 11:43:02",9.2,0.745776,4.38729,8.0303,0.399056,-0.007946,0.50189,0.19623,0.30189,200,sp,4,265,0.74378788,0.00370909,10,1,100,random
243,OI,3,"2026-07-11 11:43:06",13.7,0.764548,4.73478,8,0.482015,-0.022946,0.45833,0.25758,0.28409,200,sp,4,264,0.77378788,-0.01321212,10,1,100,random
244,OI,4,"2026-07-11 11:43:11",18.1,0.781882,5.12372,8,0.563858,-0.008798,0.42045,0.25379,0.32576,200,sp,4,264,0.78151515,0.00042121,10,1,100,random
245,OI,5,"2026-07-11 11:43:15",22.5,0.795564,5.44445,8,0.536508,-0.00455,0.39773,0.30303,0.29924,200,sp,4,264,0.79363637,0.00264242,10,1,100,random
246,OI,6,"2026-07-11 11:43:20",27,0.807191,5.77536,7.9697,0.641619,-0.005809,0.36882,0.31559,0.31559,200,sp,4,263,0.80742424,0.00039394,10,1,100,random
247,OI,7,"2026-07-11 11:43:26",33.2,0.818791,6.10878,7.8788,0.650155,-0.014231,0.31154,0.42308,0.26538,200,sp,4,260,0.82606061,-0.00830303,10,1,100,random
248,OI,8,"2026-07-11 11:43:32",39.4,0.828142,6.44594,7.8182,0.799888,-0.001279,0.27132,0.4845,0.24419,200,sp,4,258,0.82575758,0.00332121,10,1,100,random
249,OI,9,"2026-07-11 11:43:38",45.9,0.835282,6.70357,7.8182,0.903515,-0.006707,0.22868,0.51938,0.25194,200,sp,4,258,0.83848485,-0.00367879,10,1,100,random
250,OI,10,"2026-07-11 11:43:45",52.1,0.841018,6.92757,7.8182,0.91877,-0.016012,0.19767,0.57752,0.22481,200,sp,4,258,0.85287879,-0.01413939,10,1,100,random
251,OI,11,"2026-07-11 11:43:51",58.4,0.845045,7.09959,7.8182,0.998143,-0.012022,0.14729,0.70155,0.15116,200,sp,4,258,0.85439394,-0.01097273,10,1,100,random
252,OI,12,"2026-07-11 11:43:57",64.7,0.847439,7.20385,7.8182,1.12395,-0.011061,0.15891,0.66667,0.17442,200,sp,4,258,0.85681818,-0.01109394,10,1,100,random
253,OI,13,"2026-07-11 11:44:04",71,0.850445,7.34138,7.8182,1.15396,-0.00275,0.10465,0.78295,0.1124,200,sp,4,258,0.85257576,-0.00259091,10,1,100,random
254,OI,14,"2026-07-11 11:44:10",77.3,0.85297,7.432,7.8182,1.338,-0.003034,0.10465,0.8062,0.08915,200,sp,4,258,0.85545455,-0.00305758,10,1,100,random
255,OI,15,"2026-07-11 11:44:16",83.7,0.854606,7.50575,7.8182,1.54196,-0.002787,0.08915,0.84109,0.06977,200,sp,4,258,0.85742424,-0.00316364,10,1,100,random
256,OI,16,"2026-07-11 11:44:23",90,0.855651,7.56009,7.8182,1.85922,-0.006774,0.07364,0.85271,0.07364,200,sp,4,258,0.86212121,-0.00720303,10,1,100,random
257,OI,17,"2026-07-11 11:44:29",96.4,0.856333,7.58024,7.8182,1.69598,0.006455,0.06202,0.86822,0.06977,200,sp,4,258,0.85166667,0.00529394,10,1,100,random
258,OI,18,"2026-07-11 11:44:35",102.9,0.856661,7.59898,7.8182,1.64556,-0.0112,0.05426,0.87984,0.06589,200,sp,4,258,0.86727273,-0.01288182,10,1,100,random
259,OI,19,"2026-07-11 11:44:42",109.2,0.857406,7.62919,7.8182,1.6838,0.000452,0.04264,0.88372,0.07364,200,sp,4,258,0.85787879,-0.00082121,10,1,100,random
260,OI,20,"2026-07-11 11:44:48",115.6,0.857694,7.64569,7.8182,1.48765,-0.002808,0.04264,0.8876,0.06977,200,sp,4,258,0.86121212,-0.00381212,10,1,100,random
261,IR,1,"2026-07-11 11:44:57",5.3,0.715036,3.86331,8,0.316017,-0.104774,0.58333,0.10227,0.31439,200,sp,4,264,0.78651515,-0.10366667,10,1,100,random
262,IR,2,"2026-07-11 11:45:02",10.3,0.720624,3.92549,7.8182,0.330731,-0.100509,0.56977,0.1124,0.31783,200,sp,4,258,0.79075757,-0.09898182,10,1,100,random
263,IR,3,"2026-07-11 11:45:07",15.2,0.724303,3.96468,7.7576,0.349854,-0.099902,0.56641,0.09766,0.33594,200,sp,4,256,0.79560606,-0.10146061,10,1,100,random
264,IR,4,"2026-07-11 11:45:12",20.1,0.72697,3.9921,7.6667,0.328997,-0.101964,0.56917,0.09486,0.33597,200,sp,4,253,0.80030302,-0.10378788,10,1,100,random
265,IR,5,"2026-07-11 11:45:17",25,0.732003,4.04495,7.6061,0.341996,-0.098106,0.5498,0.0996,0.3506,200,sp,4,251,0.80181818,-0.10083939,10,1,100,random
266,IR,6,"2026-07-11 11:45:22",30.1,0.735703,4.11225,7.5152,0.322389,-0.112924,0.54435,0.11694,0.33871,200,sp,4,248,0.81757575,-0.11466364,10,1,100,random
267,IR,7,"2026-07-11 11:45:28",36.6,0.739594,4.1495,7.4545,0.360328,-0.109278,0.52439,0.15041,0.3252,200,sp,4,246,0.81893939,-0.10994242,10,1,100,random
268,IR,8,"2026-07-11 11:45:35",43.2,0.742233,4.17565,7.3636,0.387124,-0.094439,0.53086,0.1358,0.33333,200,sp,4,243,0.81166667,-0.09664848,10,1,100,random
269,IR,9,"2026-07-11 11:45:42",50.1,0.745406,4.2233,7.3333,0.402231,-0.095799,0.50826,0.15702,0.33471,200,sp,4,242,0.81575757,-0.09670909,10,1,100,random
270,IR,10,"2026-07-11 11:45:49",57,0.748042,4.27419,7.2424,0.399119,-0.08987,0.51046,0.15063,0.33891,200,sp,4,239,0.81469697,-0.09236667,10,1,100,random
271,IR,11,"2026-07-11 11:45:56",64.1,0.751758,4.3408,7.2424,0.410069,-0.095073,0.49791,0.17155,0.33054,200,sp,4,239,0.82196969,-0.0962303,10,1,100,random
272,IR,12,"2026-07-11 11:46:03",71,0.753203,4.35868,7.2424,0.426338,-0.0869,0.48954,0.16736,0.3431,200,sp,4,239,0.81863637,-0.08939091,10,1,100,random
273,IR,13,"2026-07-11 11:46:09",77.9,0.754921,4.37758,7.1818,0.407766,-0.093516,0.47257,0.18565,0.34177,200,sp,4,237,0.825,-0.09461515,10,1,100,random
274,IR,14,"2026-07-11 11:46:16",84.7,0.7552,4.37858,7.1818,0.401634,-0.090087,0.47257,0.20253,0.32489,200,sp,4,237,0.82363636,-0.09309697,10,1,100,random
275,IR,15,"2026-07-11 11:46:23",91.6,0.756427,4.40983,7.1515,0.435365,-0.092254,0.4661,0.19915,0.33475,200,sp,4,236,0.82621212,-0.0943303,10,1,100,random
276,IR,16,"2026-07-11 11:46:30",98.6,0.758955,4.44459,7.1212,0.429919,-0.093764,0.46383,0.19574,0.34043,200,sp,4,235,0.82939394,-0.09483333,10,1,100,random
277,IR,17,"2026-07-11 11:46:37",105.5,0.759521,4.46053,7.0303,0.436071,-0.085753,0.44397,0.22414,0.3319,200,sp,4,232,0.825,-0.08707273,10,1,100,random
278,IR,18,"2026-07-11 11:46:44",112.4,0.761827,4.51636,6.9394,0.455093,-0.092343,0.44541,0.21397,0.34061,200,sp,4,229,0.83166667,-0.0934303,10,1,100,random
279,IR,19,"2026-07-11 11:46:51",119.4,0.764415,4.58002,6.8788,0.471131,-0.085744,0.44493,0.20705,0.34802,200,sp,4,227,0.82924242,-0.08732424,10,1,100,random
280,IR,20,"2026-07-11 11:46:58",126.4,0.763412,4.5395,6.8182,0.458245,-0.085036,0.43556,0.21333,0.35111,200,sp,4,225,0.82954545,-0.08802424,10,1,100,random
281,AGR,1,"2026-07-11 11:47:10",8,0.726488,4.0578,7.9091,0.344944,0.041454,0.56705,0.11494,0.31801,200,sp,4,261,0.68909091,0.05331818,10,1,100,random
282,AGR,2,"2026-07-11 11:47:18",15.3,0.743076,4.34897,7.8485,0.387167,0.049575,0.52896,0.13127,0.33977,200,sp,4,259,0.7,0.05725758,10,1,100,random
283,AGR,3,"2026-07-11 11:47:25",22.6,0.758306,4.64139,7.8182,0.385149,0.045732,0.49225,0.16279,0.34496,200,sp,4,258,0.71772727,0.05427273,10,1,100,random
284,AGR,4,"2026-07-11 11:47:32",29.9,0.770724,4.89344,7.7879,0.404572,0.04581,0.46693,0.17899,0.35409,200,sp,4,257,0.73060606,0.05321212,10,1,100,random
285,AGR,5,"2026-07-11 11:47:40",37.5,0.783209,5.17592,7.7879,0.430008,0.041377,0.43969,0.2179,0.34241,200,sp,4,257,0.74621212,0.04804545,10,1,100,random
286,AGR,6,"2026-07-11 11:47:47",45.2,0.7947,5.49342,7.7273,0.484777,0.051772,0.39608,0.26275,0.34118,200,sp,4,255,0.74924242,0.05855758,10,1,100,random
287,AGR,7,"2026-07-11 11:47:56",54.2,0.803967,5.75395,7.7273,0.531641,0.044051,0.37255,0.2902,0.33725,200,sp,4,255,0.76515152,0.04894849,10,1,100,random
288,AGR,8,"2026-07-11 11:48:06",63.3,0.813267,6.00497,7.7273,0.59302,0.036071,0.3451,0.30588,0.34902,200,sp,4,255,0.78060606,0.04085455,10,1,100,random
289,AGR,9,"2026-07-11 11:48:15",72.7,0.822161,6.28003,7.7273,0.623143,0.036848,0.30588,0.35686,0.33725,200,sp,4,255,0.78863636,0.04198485,10,1,100,random
290,AGR,10,"2026-07-11 11:48:24",82.2,0.829979,6.52668,7.7273,0.666328,0.032419,0.27451,0.42353,0.30196,200,sp,4,255,0.80030303,0.03593939,10,1,100,random
291,AGR,11,"2026-07-11 11:48:34",91.7,0.835864,6.73373,7.7273,0.75699,0.039469,0.23529,0.50196,0.26275,200,sp,4,255,0.80106061,0.04323333,10,1,100,random
292,AGR,12,"2026-07-11 11:48:43",101.1,0.840815,6.91423,7.7273,0.861869,0.039237,0.21961,0.56863,0.21176,200,sp,4,255,0.80636363,0.04177273,10,1,100,random
293,AGR,13,"2026-07-11 11:48:53",110.6,0.844697,7.06507,7.7273,1.01781,0.049763,0.18824,0.62745,0.18431,200,sp,4,255,0.80166667,0.05216364,10,1,100,random
294,AGR,14,"2026-07-11 11:49:02",120,0.848533,7.22118,7.7273,1.10589,0.032134,0.14902,0.70588,0.1451,200,sp,4,255,0.82030303,0.03319697,10,1,100,random
295,AGR,15,"2026-07-11 11:49:12",129.6,0.851548,7.34501,7.7273,1.23456,0.038189,0.11373,0.78039,0.10588,200,sp,4,255,0.81848485,0.03970909,10,1,100,random
296,AGR,16,"2026-07-11 11:49:21",139.1,0.853603,7.45112,7.7273,1.39195,0.045008,0.07451,0.84706,0.07843,200,sp,4,255,0.81515152,0.04589091,10,1,100,random
297,AGR,17,"2026-07-11 11:49:31",148.7,0.855348,7.52655,7.7273,1.5003,0.035356,0.06275,0.88627,0.05098,200,sp,4,255,0.82515151,0.03599091,10,1,100,random
298,AGR,18,"2026-07-11 11:49:41",158.3,0.856812,7.60035,7.7273,2.05408,0.041137,0.03137,0.95294,0.01569,200,sp,4,255,0.82166666,0.04184545,10,1,100,random
299,AGR,19,"2026-07-11 11:49:50",168,0.857088,7.6132,7.7273,1.68511,0.053926,0.02745,0.94902,0.02353,200,sp,4,255,0.81151515,0.05426061,10,1,100,random
300,AGR,20,"2026-07-11 11:50:00",177.5,0.857106,7.61198,7.7273,1.51071,0.051705,0.01176,0.96471,0.02353,200,sp,4,255,0.81348484,0.05192727,10,1,100,random
301,RANDOM,1,"2026-07-11 11:50:10",5.3,0.706891,3.77564,7.8182,0.308144,0.009865,0.57364,0.12016,0.3062,200,sp,4,258,0.7010606,0.01073939,10,1,100,random
302,RANDOM,2,"2026-07-11 11:50:15",9.8,0.703948,3.72621,7.6364,0.325875,0.001828,0.56349,0.13889,0.29762,200,sp,4,252,0.70515152,-0.00239091,10,1,100,random
303,RANDOM,3,"2026-07-11 11:50:19",14.4,0.702539,3.73715,7.5152,0.344353,0.001652,0.56452,0.11694,0.31855,200,sp,4,248,0.70287879,-0.0006303,10,1,100,random
304,RANDOM,4,"2026-07-11 11:50:24",18.8,0.701879,3.72664,7.3939,0.320936,0.003223,0.54918,0.15164,0.29918,200,sp,4,244,0.70075758,0.00119394,10,1,100,random
305,RANDOM,5,"2026-07-11 11:50:29",23.6,0.698867,3.70325,7.3636,0.361294,-0.020282,0.55967,0.15638,0.28395,200,sp,4,243,0.71545454,-0.0247697,10,1,100,random
306,RANDOM,6,"2026-07-11 11:50:33",28.4,0.697824,3.68508,7.303,0.386973,-0.009798,0.56846,0.14523,0.28631,200,sp,4,241,0.70621212,-0.01414545,10,1,100,random
307,RANDOM,7,"2026-07-11 11:50:40",34.7,0.700588,3.68959,7.2727,0.392567,0.005228,0.5625,0.14167,0.29583,200,sp,4,240,0.69651515,0.00596061,10,1,100,random
308,RANDOM,8,"2026-07-11 11:50:46",41.1,0.702703,3.70729,7.2424,0.382518,-0.003615,0.56067,0.12971,0.30962,200,sp,4,239,0.70530303,-0.00345152,10,1,100,random
309,RANDOM,9,"2026-07-11 11:50:53",47.6,0.702839,3.7114,7.2121,0.369023,-0.007301,0.55042,0.15126,0.29832,200,sp,4,238,0.70878788,-0.00880606,10,1,100,random
310,RANDOM,10,"2026-07-11 11:50:59",54.3,0.704203,3.75485,7.2121,0.39152,-0.011625,0.53361,0.16807,0.29832,200,sp,4,238,0.71242424,-0.01140909,10,1,100,random
311,RANDOM,11,"2026-07-11 11:51:06",60.8,0.707464,3.79175,7.1818,0.389859,0.009718,0.52743,0.173,0.29958,200,sp,4,237,0.69984848,0.01066667,10,1,100,random
312,RANDOM,12,"2026-07-11 11:51:12",67.4,0.704642,3.75892,7.0909,0.381188,-0.000375,0.52991,0.14957,0.32051,200,sp,4,234,0.70712122,-0.00221818,10,1,100,random
313,RANDOM,13,"2026-07-11 11:51:19",73.9,0.702991,3.70642,7.0909,0.354961,0.01305,0.52564,0.16239,0.31197,200,sp,4,234,0.69545455,0.01082727,10,1,100,random
314,RANDOM,14,"2026-07-11 11:51:25",80.4,0.702276,3.71107,7.0606,0.367138,-0.001521,0.5279,0.16738,0.30472,200,sp,4,233,0.705,-0.00391212,10,1,100,random
315,RANDOM,15,"2026-07-11 11:51:32",87,0.701542,3.69259,6.9091,0.372914,0.005547,0.53947,0.14912,0.3114,200,sp,4,228,0.69878788,0.00429394,10,1,100,random
316,RANDOM,16,"2026-07-11 11:51:39",93.5,0.699636,3.65986,6.8182,0.37557,-0.007825,0.53778,0.14222,0.32,200,sp,4,225,0.7069697,-0.01182424,10,1,100,random
317,RANDOM,17,"2026-07-11 11:51:45",100,0.698055,3.64065,6.8182,0.370649,0.008514,0.52444,0.16444,0.31111,200,sp,4,225,0.69363636,0.00722121,10,1,100,random
318,RANDOM,18,"2026-07-11 11:51:51",106.4,0.697742,3.62235,6.7576,0.377165,0.0043,0.5157,0.16143,0.32287,200,sp,4,223,0.69575758,0.00325455,10,1,100,random
319,RANDOM,19,"2026-07-11 11:51:58",112.9,0.695885,3.59247,6.697,0.354617,-0.006126,0.53394,0.1448,0.32127,200,sp,4,221,0.70181818,-0.00899697,10,1,100,random
320,RANDOM,20,"2026-07-11 11:52:04",119.5,0.695176,3.5759,6.697,0.369121,-0.010945,0.53846,0.15837,0.30317,200,sp,4,221,0.70424242,-0.01377879,10,1,100,random
321,OI,1,"2026-07-11 11:54:05",5.3,0.730927,4.14689,8.3333,0.34295,-0.020451,0.56,0.10545,0.33455,200,sp,5,275,0.73606061,-0.00712727,10,1,100,random
322,OI,2,"2026-07-11 11:54:09",10.2,0.749706,4.45341,8.303,0.364185,-0.009864,0.5146,0.16423,0.32117,200,sp,5,274,0.74909091,-0.00027576,10,1,100,random
323,OI,3,"2026-07-11 11:54:14",15.3,0.766785,4.7934,8.2727,0.430001,-0.007398,0.47253,0.18681,0.34066,200,sp,5,273,0.76530303,0.0009697,10,1,100,random
324,OI,4,"2026-07-11 11:54:19",20.2,0.781497,5.15339,8.2727,0.4515,-0.011307,0.44689,0.21612,0.337,200,sp,5,273,0.78424242,-0.00417576,10,1,100,random
325,OI,5,"2026-07-11 11:54:24",25.1,0.796742,5.48754,8.2424,0.514742,-0.004757,0.40441,0.28676,0.30882,200,sp,5,272,0.79424242,0.00293636,10,1,100,random
326,OI,6,"2026-07-11 11:54:29",30.2,0.8087,5.80407,8.2424,0.60002,0.008287,0.37868,0.31985,0.30147,200,sp,5,272,0.79742424,0.01377879,10,1,100,random
327,OI,7,"2026-07-11 11:54:36",36.9,0.820433,6.14765,8.2424,0.669244,-0.01258,0.32721,0.35662,0.31618,200,sp,5,272,0.82621212,-0.00760909,10,1,100,random
328,OI,8,"2026-07-11 11:54:43",43.6,0.828294,6.40145,8.2424,0.669794,-0.006159,0.30515,0.41176,0.28309,200,sp,5,272,0.83060606,-0.00289091,10,1,100,random
329,OI,9,"2026-07-11 11:54:50",50.5,0.836621,6.70553,8.2424,0.783484,-0.010763,0.26471,0.45956,0.27574,200,sp,5,272,0.84272727,-0.00680303,10,1,100,random
330,OI,10,"2026-07-11 11:54:57",57.4,0.843051,6.96799,8.2424,0.788112,-0.002323,0.23529,0.48897,0.27574,200,sp,5,272,0.84318182,0.00036364,10,1,100,random
331,OI,11,"2026-07-11 11:55:03",64.3,0.84847,7.1903,8.2121,0.833893,-0.003628,0.1845,0.57934,0.23616,200,sp,5,271,0.85,-0.0015697,10,1,100,random
332,OI,12,"2026-07-11 11:55:10",71.2,0.852273,7.35487,8.2121,0.870099,-0.004718,0.15867,0.64207,0.19926,200,sp,5,271,0.85545455,-0.00374545,10,1,100,random
333,OI,13,"2026-07-11 11:55:17",78.1,0.856076,7.50322,8.2121,0.970564,-0.003332,0.16236,0.6679,0.16974,200,sp,5,271,0.85818182,-0.00250606,10,1,100,random
334,OI,14,"2026-07-11 11:55:24",85.1,0.859149,7.64434,8.2121,1.17041,0.000101,0.14022,0.72694,0.13284,200,sp,5,271,0.85878787,0.00048182,10,1,100,random
335,OI,15,"2026-07-11 11:55:31",92,0.861712,7.76584,8.2121,1.38262,-0.009698,0.09225,0.79336,0.11439,200,sp,5,271,0.86984849,-0.0095303,10,1,100,random
336,OI,16,"2026-07-11 11:55:38",99.1,0.86333,7.84874,8.2121,1.26314,-0.004395,0.10332,0.8155,0.08118,200,sp,5,271,0.86742425,-0.00451212,10,1,100,random
337,OI,17,"2026-07-11 11:55:45",106.1,0.863864,7.88002,8.2121,1.83493,-0.000456,0.08856,0.80812,0.10332,200,sp,5,271,0.86530303,-0.0015303,10,1,100,random
338,OI,18,"2026-07-11 11:55:52",113.3,0.865273,7.96277,8.2121,1.54417,-0.01048,0.06642,0.89668,0.0369,200,sp,5,271,0.87469697,-0.01109394,10,1,100,random
339,OI,19,"2026-07-11 11:56:00",120.5,0.865312,7.94785,8.2121,2.89153,0.005963,0.06642,0.84871,0.08487,200,sp,5,271,0.86121212,0.00483939,10,1,100,random
340,OI,20,"2026-07-11 11:56:07",127.5,0.865845,7.97409,8.2121,1.5212,0.001009,0.06642,0.88192,0.05166,200,sp,5,271,0.86575758,-0.00006061,10,1,100,random
341,IR,1,"2026-07-11 11:56:15",5.2,0.713339,3.84722,8.2121,0.290756,-0.10137,0.57565,0.12177,0.30258,200,sp,5,271,0.78393939,-0.10199394,10,1,100,random
342,IR,2,"2026-07-11 11:56:20",10,0.715679,3.86283,8.0303,0.324107,-0.09907,0.56981,0.12075,0.30943,200,sp,5,265,0.78621212,-0.09989697,10,1,100,random
343,IR,3,"2026-07-11 11:56:25",14.8,0.718991,3.90066,7.9394,0.328416,-0.111681,0.56107,0.12214,0.31679,200,sp,5,262,0.79833333,-0.1134,10,1,100,random
344,IR,4,"2026-07-11 11:56:30",19.5,0.724018,3.94279,7.9091,0.330697,-0.102754,0.56322,0.12644,0.31034,200,sp,5,261,0.79666667,-0.10318182,10,1,100,random
345,IR,5,"2026-07-11 11:56:34",24.3,0.73097,4.02247,7.7879,0.360168,-0.102462,0.55642,0.12451,0.31907,200,sp,5,257,0.80287879,-0.10027576,10,1,100,random
346,IR,6,"2026-07-11 11:56:39",29.2,0.735355,4.08536,7.697,0.363874,-0.100119,0.54331,0.14173,0.31496,200,sp,5,254,0.80742424,-0.10056061,10,1,100,random
347,IR,7,"2026-07-11 11:56:46",35.7,0.73937,4.12767,7.6061,0.378324,-0.098492,0.53785,0.13944,0.32271,200,sp,5,251,0.81090909,-0.09927576,10,1,100,random
348,IR,8,"2026-07-11 11:56:52",42.2,0.745267,4.22393,7.5455,0.378792,-0.099071,0.53414,0.13253,0.33333,200,sp,5,249,0.81666667,-0.09747576,10,1,100,random
349,IR,9,"2026-07-11 11:56:59",49,0.749358,4.2999,7.5152,0.383032,-0.095266,0.53226,0.12903,0.33871,200,sp,5,248,0.81924242,-0.09526364,10,1,100,random
350,IR,10,"2026-07-11 11:57:06",55.7,0.752533,4.3615,7.4545,0.389278,-0.094636,0.53252,0.13415,0.33333,200,sp,5,246,0.82287878,-0.09647273,10,1,100,random
351,IR,11,"2026-07-11 11:57:13",62.5,0.755764,4.4123,7.4242,0.4028,-0.097454,0.52653,0.13878,0.33469,200,sp,5,245,0.82848485,-0.09899394,10,1,100,random
352,IR,12,"2026-07-11 11:57:20",69.4,0.757733,4.43335,7.3333,0.416339,-0.096737,0.52066,0.13636,0.34298,200,sp,5,242,0.83075758,-0.09935152,10,1,100,random
353,IR,13,"2026-07-11 11:57:26",76.2,0.75963,4.45998,7.303,0.412366,-0.097048,0.51037,0.14938,0.34025,200,sp,5,241,0.83318182,-0.09912727,10,1,100,random
354,IR,14,"2026-07-11 11:57:33",82.9,0.761603,4.50986,7.2424,0.418546,-0.098437,0.49372,0.15481,0.35146,200,sp,5,239,0.83606061,-0.10085758,10,1,100,random
355,IR,15,"2026-07-11 11:57:40",89.8,0.764397,4.55882,7.1818,0.411949,-0.085118,0.49367,0.14768,0.35865,200,sp,5,237,0.82863636,-0.08559697,10,1,100,random
356,IR,16,"2026-07-11 11:57:47",96.5,0.764145,4.55071,7.1515,0.41023,-0.090503,0.49576,0.13559,0.36864,200,sp,5,236,0.83409091,-0.0940303,10,1,100,random
357,IR,17,"2026-07-11 11:57:54",103.4,0.766491,4.59674,7.1515,0.398212,-0.097143,0.48305,0.14831,0.36864,200,sp,5,236,0.84030303,-0.09836667,10,1,100,random
358,IR,18,"2026-07-11 11:58:00",110.3,0.768979,4.6438,7.1515,0.400122,-0.083315,0.47881,0.15678,0.36441,200,sp,5,236,0.83212121,-0.08339394,10,1,100,random
359,IR,19,"2026-07-11 11:58:07",117.1,0.769812,4.65392,7.1212,0.406858,-0.091965,0.48936,0.14468,0.36596,200,sp,5,235,0.84060606,-0.09428182,10,1,100,random
360,IR,20,"2026-07-11 11:58:14",123.9,0.771579,4.67045,7.1212,0.413219,-0.093327,0.48511,0.14468,0.37021,200,sp,5,235,0.84333333,-0.09407879,10,1,100,random
361,AGR,1,"2026-07-11 11:58:23",8.3,0.728042,4.10625,8.2727,0.319667,0.043191,0.55678,0.11355,0.32967,200,sp,5,273,0.68954546,0.05325455,10,1,100,random
362,AGR,2,"2026-07-11 11:58:31",16.1,0.743718,4.36831,8.2424,0.343,0.050521,0.54044,0.11029,0.34926,200,sp,5,272,0.70030303,0.05976667,10,1,100,random
363,AGR,3,"2026-07-11 11:58:39",24.2,0.757521,4.63747,8.1818,0.345836,0.039551,0.51852,0.11481,0.36667,200,sp,5,270,0.72257576,0.04841515,10,1,100,random
364,AGR,4,"2026-07-11 11:58:47",32.2,0.771297,4.93265,8.1515,0.357142,0.045757,0.49442,0.15242,0.35316,200,sp,5,269,0.73075758,0.053,10,1,100,random
365,AGR,5,"2026-07-11 11:58:55",40.2,0.784297,5.23638,8.1515,0.427128,0.040203,0.47212,0.16729,0.36059,200,sp,5,269,0.74772727,0.0483,10,1,100,random
366,AGR,6,"2026-07-11 11:59:03",48,0.794645,5.51305,8.1515,0.443331,0.055453,0.44238,0.20446,0.35316,200,sp,5,269,0.74666667,0.06169394,10,1,100,random
367,AGR,7,"2026-07-11 11:59:12",57.4,0.805618,5.80315,8.1515,0.507081,0.047708,0.41264,0.2342,0.35316,200,sp,5,269,0.7630303,0.05365758,10,1,100,random
368,AGR,8,"2026-07-11 11:59:22",66.8,0.814809,6.09683,8.1515,0.540458,0.034939,0.3829,0.26022,0.35688,200,sp,5,269,0.7830303,0.0399697,10,1,100,random
369,AGR,9,"2026-07-11 11:59:31",76.5,0.823933,6.40935,8.1212,0.5902,0.029289,0.33582,0.31343,0.35075,200,sp,5,268,0.79651515,0.03432727,10,1,100,random
370,AGR,10,"2026-07-11 11:59:41",86.4,0.831697,6.68427,8.1212,0.631873,0.025942,0.3097,0.35821,0.33209,200,sp,5,268,0.80727273,0.03021818,10,1,100,random
371,AGR,11,"2026-07-11 11:59:51",96.3,0.838276,6.93366,8.1212,0.692888,0.039019,0.27612,0.42164,0.30224,200,sp,5,268,0.80348485,0.04284848,10,1,100,random
372,AGR,12,"2026-07-11 12:00:01",106.2,0.842788,7.09882,8.1212,0.763584,0.041171,0.22388,0.50373,0.27239,200,sp,5,268,0.80681819,0.04387879,10,1,100,random
373,AGR,13,"2026-07-11 12:00:12",117.3,0.847621,7.28828,8.1212,0.846475,0.04284,0.18657,0.59328,0.22015,200,sp,5,268,0.81,0.04471818,10,1,100,random
374,AGR,14,"2026-07-11 12:00:22",127.4,0.851645,7.46253,8.1212,0.947114,0.05471,0.14925,0.67537,0.17537,200,sp,5,268,0.8040909,0.05668485,10,1,100,random
375,AGR,15,"2026-07-11 12:00:32",137.5,0.85497,7.59205,8.1212,1.04022,0.02864,0.13433,0.76493,0.10075,200,sp,5,268,0.83,0.0308303,10,1,100,random
376,AGR,16,"2026-07-11 12:00:42",147.4,0.857627,7.72268,8.1212,1.45765,0.045105,0.10448,0.80224,0.09328,200,sp,5,268,0.81848484,0.04677273,10,1,100,random
377,AGR,17,"2026-07-11 12:00:52",157.3,0.859745,7.81909,8.1212,1.36382,0.028535,0.07463,0.86194,0.06343,200,sp,5,268,0.835,0.02985758,10,1,100,random
378,AGR,18,"2026-07-11 12:01:02",167.5,0.8613,7.8834,8.1212,1.51781,0.045825,0.0709,0.8806,0.04851,200,sp,5,268,0.8219697,0.04637273,10,1,100,random
379,AGR,19,"2026-07-11 12:01:12",177.5,0.861894,7.91922,8.1212,1.89143,0.039707,0.05224,0.91045,0.03731,200,sp,5,268,0.82818182,0.04021818,10,1,100,random
380,AGR,20,"2026-07-11 12:01:22",187.5,0.863045,7.96585,8.1212,2.06209,0.040578,0.02612,0.94776,0.02612,200,sp,5,268,0.82833333,0.04094848,10,1,100,random
381,RANDOM,1,"2026-07-11 12:01:31",4.9,0.705176,3.78248,8.2424,0.273439,0.003967,0.58456,0.09926,0.31618,200,sp,5,272,0.70515152,0.00048788,10,1,100,random
382,RANDOM,2,"2026-07-11 12:01:35",9.3,0.703209,3.75598,8.1212,0.294085,0.011833,0.58582,0.09701,0.31716,200,sp,5,268,0.6969697,0.00728485,10,1,100,random
383,RANDOM,3,"2026-07-11 12:01:40",14,0.702361,3.74177,8,0.292581,0.003721,0.57955,0.11364,0.30682,200,sp,5,264,0.70121212,0.00214848,10,1,100,random
384,RANDOM,4,"2026-07-11 12:01:44",18.5,0.701864,3.74873,7.8485,0.321827,-0.001927,0.57143,0.10811,0.32046,200,sp,5,259,0.70439394,-0.0037697,10,1,100,random
385,RANDOM,5,"2026-07-11 12:01:49",23,0.702424,3.73956,7.697,0.307963,-0.001623,0.56693,0.12205,0.31102,200,sp,5,254,0.70424242,-0.00349697,10,1,100,random
386,RANDOM,6,"2026-07-11 12:01:53",27.6,0.700049,3.6956,7.5455,0.31987,-0.015977,0.56225,0.11245,0.3253,200,sp,5,249,0.71333333,-0.02085758,10,1,100,random
387,RANDOM,7,"2026-07-11 12:02:00",33.8,0.699539,3.69987,7.5152,0.303963,-0.001627,0.57661,0.10484,0.31855,200,sp,5,248,0.7019697,-0.00483939,10,1,100,random
388,RANDOM,8,"2026-07-11 12:02:06",39.9,0.697279,3.66795,7.4848,0.32254,-0.007934,0.57085,0.1336,0.29555,200,sp,5,247,0.70484849,-0.01177273,10,1,100,random
389,RANDOM,9,"2026-07-11 12:02:12",46.4,0.697688,3.65373,7.3939,0.35745,0.000079,0.56557,0.13934,0.29508,200,sp,5,244,0.69818181,-0.00124242,10,1,100,random
390,RANDOM,10,"2026-07-11 12:02:19",52.8,0.6959,3.60486,7.3333,0.357851,0.011266,0.57025,0.14876,0.28099,200,sp,5,242,0.69,0.00775758,10,1,100,random
391,RANDOM,11,"2026-07-11 12:02:25",59.2,0.693506,3.56252,7.303,0.392325,-0.010827,0.57261,0.14938,0.27801,200,sp,5,241,0.70318182,-0.0155,10,1,100,random
392,RANDOM,12,"2026-07-11 12:02:32",65.7,0.693079,3.56244,7.303,0.404867,-0.002094,0.56017,0.16183,0.27801,200,sp,5,241,0.69590909,-0.00662424,10,1,100,random
393,RANDOM,13,"2026-07-11 12:02:38",72.1,0.693085,3.53892,7.2424,0.393863,0.00072,0.56485,0.15063,0.28452,200,sp,5,239,0.69348485,-0.00103333,10,1,100,random
394,RANDOM,14,"2026-07-11 12:02:45",78.6,0.688964,3.49064,7.1515,0.380927,-0.013489,0.55085,0.1822,0.26695,200,sp,5,236,0.70151515,-0.01993333,10,1,100,random
395,RANDOM,15,"2026-07-11 12:02:51",84.9,0.685852,3.46288,7.1515,0.403841,0.00508,0.55508,0.16102,0.2839,200,sp,5,236,0.68484849,0.00129091,10,1,100,random
396,RANDOM,16,"2026-07-11 12:02:57",91.4,0.685788,3.47536,7.1515,0.379213,-0.008736,0.55508,0.15678,0.28814,200,sp,5,236,0.69287879,-0.01023939,10,1,100,random
397,RANDOM,17,"2026-07-11 12:03:04",97.9,0.681967,3.45015,7.0606,0.370978,-0.003114,0.55365,0.15021,0.29614,200,sp,5,233,0.6869697,-0.00863333,10,1,100,random
398,RANDOM,18,"2026-07-11 12:03:10",104.4,0.6815,3.44628,7,0.369767,0.002819,0.55411,0.16017,0.28571,200,sp,5,231,0.68090909,0.00235758,10,1,100,random
399,RANDOM,19,"2026-07-11 12:03:17",110.8,0.677176,3.4043,6.8788,0.386305,-0.000089,0.54626,0.17621,0.27753,200,sp,5,227,0.68045454,-0.00354849,10,1,100,random
400,RANDOM,20,"2026-07-11 12:03:23",117.4,0.675315,3.38996,6.8182,0.39444,-0.018525,0.53778,0.18667,0.27556,200,sp,5,225,0.68969697,-0.01971212,10,1,100,random
401,OI,1,"2026-07-11 12:04:54",5.4,0.725076,4.09823,8.2121,0.35135,-0.014116,0.5572,0.1107,0.3321,200,sp,6,271,0.72666667,-0.00294242,10,1,100,random
402,OI,2,"2026-07-11 12:04:59",10.4,0.74363,4.42753,8.1818,0.371802,-0.020464,0.52593,0.12963,0.34444,200,sp,6,270,0.75075757,-0.00988788,10,1,100,random
403,OI,3,"2026-07-11 12:05:03",15.3,0.762206,4.75918,8.1212,0.408208,-0.019449,0.49627,0.17164,0.33209,200,sp,6,268,0.7689394,-0.01038788,10,1,100,random
404,OI,4,"2026-07-11 12:05:08",20.3,0.776791,5.07195,8.0909,0.473318,-0.013205,0.44569,0.24345,0.31086,200,sp,6,267,0.78075757,-0.00427273,10,1,100,random
405,OI,5,"2026-07-11 12:05:13",25.2,0.791558,5.41528,8.0909,0.557574,-0.005595,0.40075,0.25468,0.34457,200,sp,6,267,0.79,0.00271818,10,1,100,random
406,OI,6,"2026-07-11 12:05:18",30.2,0.803006,5.69566,8.0606,0.526972,-0.00795,0.36466,0.31579,0.31955,200,sp,6,266,0.80484848,-0.00138788,10,1,100,random
407,OI,7,"2026-07-11 12:05:25",36.8,0.813164,5.97707,8.0606,0.614041,-0.006213,0.33083,0.36466,0.30451,200,sp,6,266,0.81439394,-0.00187273,10,1,100,random
408,OI,8,"2026-07-11 12:05:32",43.6,0.821964,6.25139,8.0606,0.672716,-0.000459,0.30075,0.3985,0.30075,200,sp,6,266,0.81924242,0.00301818,10,1,100,random
409,OI,9,"2026-07-11 12:05:39",50.5,0.829582,6.51244,8.0606,0.694877,-0.007646,0.27444,0.46617,0.2594,200,sp,6,266,0.83318182,-0.00366061,10,1,100,random
410,OI,10,"2026-07-11 12:05:46",57.4,0.836042,6.77233,8.0606,0.835834,-0.018755,0.26316,0.45865,0.2782,200,sp,6,266,0.84969697,-0.01660606,10,1,100,random
411,OI,11,"2026-07-11 12:05:52",64.3,0.841303,6.99501,8.0606,0.841678,-0.005273,0.20677,0.53759,0.25564,200,sp,6,266,0.84439394,-0.00332727,10,1,100,random
412,OI,12,"2026-07-11 12:05:59",71.2,0.846724,7.18125,8.0606,0.894034,-0.009789,0.18797,0.59398,0.21805,200,sp,6,266,0.85348485,-0.00780606,10,1,100,random
413,OI,13,"2026-07-11 12:06:06",78.2,0.851155,7.37808,8.0606,0.998175,-0.004714,0.14662,0.68421,0.16917,200,sp,6,266,0.85409091,-0.00348788,10,1,100,random
414,OI,14,"2026-07-11 12:06:13",85.1,0.853982,7.50778,8.0606,1.10801,-0.006382,0.12782,0.72556,0.14662,200,sp,6,266,0.85924242,-0.00569394,10,1,100,random
415,OI,15,"2026-07-11 12:06:20",91.9,0.855985,7.61856,8.0606,1.18921,-0.011592,0.11654,0.77444,0.10902,200,sp,6,266,0.86606061,-0.01178182,10,1,100,random
416,OI,16,"2026-07-11 12:06:27",98.7,0.858533,7.73747,8.0606,1.48281,0.001862,0.07895,0.87218,0.04887,200,sp,6,266,0.85666666,0.00236061,10,1,100,random
417,OI,17,"2026-07-11 12:06:34",105.6,0.859921,7.79179,8.0606,2.04093,-0.00945,0.05639,0.8797,0.06391,200,sp,6,266,0.86833334,-0.00971212,10,1,100,random
418,OI,18,"2026-07-11 12:06:41",112.6,0.860445,7.79823,8.0606,1.81561,-0.002959,0.08647,0.83835,0.07519,200,sp,6,266,0.86393939,-0.00416061,10,1,100,random
419,OI,19,"2026-07-11 12:06:48",119.4,0.861218,7.84045,8.0606,2.04317,0.003334,0.03759,0.89474,0.06767,200,sp,6,266,0.85909091,0.00227576,10,1,100,random
420,OI,20,"2026-07-11 12:06:54",126.3,0.861252,7.83292,8.0606,1.49274,-0.004838,0.06767,0.84586,0.08647,200,sp,6,266,0.86666667,-0.00680303,10,1,100,random
421,IR,1,"2026-07-11 12:07:03",4.8,0.708712,3.84471,8.1515,0.294767,-0.092835,0.57621,0.09294,0.33086,200,sp,6,269,0.77257576,-0.09295455,10,1,100,random
422,IR,2,"2026-07-11 12:07:07",9.1,0.71257,3.88093,8,0.276572,-0.106807,0.57197,0.09848,0.32955,200,sp,6,264,0.78742424,-0.10762727,10,1,100,random
423,IR,3,"2026-07-11 12:07:12",13.6,0.71623,3.94416,7.9394,0.298581,-0.102847,0.56489,0.09924,0.33588,200,sp,6,262,0.78878788,-0.10423939,10,1,100,random
424,IR,4,"2026-07-11 12:07:16",18,0.718824,3.97621,7.8182,0.293409,-0.096352,0.54651,0.12016,0.33333,200,sp,6,258,0.78727273,-0.0993303,10,1,100,random
425,IR,5,"2026-07-11 12:07:21",22.4,0.723297,4.01212,7.697,0.312056,-0.100308,0.52756,0.1378,0.33465,200,sp,6,254,0.79409091,-0.1028303,10,1,100,random
426,IR,6,"2026-07-11 12:07:25",26.9,0.729576,4.10398,7.6061,0.320677,-0.099897,0.51793,0.14343,0.33865,200,sp,6,251,0.79984848,-0.09990303,10,1,100,random
427,IR,7,"2026-07-11 12:07:31",33,0.732794,4.13161,7.3939,0.326761,-0.09886,0.5123,0.13934,0.34836,200,sp,6,244,0.80424243,-0.10004242,10,1,100,random
428,IR,8,"2026-07-11 12:07:37",39.1,0.738433,4.214,7.3636,0.359564,-0.094171,0.48971,0.15638,0.35391,200,sp,6,243,0.80560606,-0.09303939,10,1,100,random
429,IR,9,"2026-07-11 12:07:44",45.4,0.742458,4.25101,7.3636,0.356115,-0.104165,0.48148,0.16049,0.35802,200,sp,6,243,0.81818182,-0.10663333,10,1,100,random
430,IR,10,"2026-07-11 12:07:50",51.6,0.745242,4.28129,7.3333,0.340053,-0.099197,0.48347,0.16529,0.35124,200,sp,6,242,0.81833333,-0.10293333,10,1,100,random
431,IR,11,"2026-07-11 12:07:56",57.8,0.747979,4.31963,7.2424,0.368449,-0.093059,0.49372,0.15063,0.35565,200,sp,6,239,0.81666667,-0.09359697,10,1,100,random
432,IR,12,"2026-07-11 12:08:02",64.1,0.750194,4.35876,7.1212,0.374898,-0.10953,0.46383,0.18298,0.35319,200,sp,6,235,0.83181818,-0.11235758,10,1,100,random
433,IR,13,"2026-07-11 12:08:09",70.3,0.752006,4.36699,7.0606,0.383594,-0.105428,0.47639,0.17167,0.35193,200,sp,6,233,0.8310606,-0.10878182,10,1,100,random
434,IR,14,"2026-07-11 12:08:15",76.5,0.753258,4.38222,7.0606,0.395926,-0.107316,0.48069,0.17597,0.34335,200,sp,6,233,0.83409091,-0.11033333,10,1,100,random
435,IR,15,"2026-07-11 12:08:21",82.9,0.752394,4.35744,7.0606,0.418459,-0.098415,0.47639,0.18884,0.33476,200,sp,6,233,0.82757576,-0.10323636,10,1,100,random
436,IR,16,"2026-07-11 12:08:27",89.3,0.755918,4.41766,6.9697,0.434192,-0.100373,0.45652,0.21739,0.32609,200,sp,6,230,0.83045455,-0.10111515,10,1,100,random
437,IR,17,"2026-07-11 12:08:34",95.7,0.75673,4.42496,6.9394,0.448938,-0.086656,0.45415,0.20524,0.34061,200,sp,6,229,0.82257576,-0.09062727,10,1,100,random
438,IR,18,"2026-07-11 12:08:40",102,0.759061,4.47479,6.9091,0.444549,-0.098435,0.46053,0.20175,0.33772,200,sp,6,228,0.83318182,-0.10101818,10,1,100,random
439,IR,19,"2026-07-11 12:08:47",108.5,0.761876,4.52082,6.8182,0.466694,-0.099349,0.45778,0.21333,0.32889,200,sp,6,225,0.83666667,-0.10147879,10,1,100,random
440,IR,20,"2026-07-11 12:08:53",114.8,0.763861,4.54476,6.7879,0.504364,-0.101508,0.45089,0.20089,0.34821,200,sp,6,224,0.84090909,-0.10341212,10,1,100,random
441,AGR,1,"2026-07-11 12:09:02",7.7,0.722418,4.09145,8.2424,0.334395,0.052313,0.56618,0.10294,0.33088,200,sp,6,272,0.67772727,0.06530606,10,1,100,random
442,AGR,2,"2026-07-11 12:09:09",15,0.737833,4.35346,8.0606,0.344715,0.039114,0.54135,0.12782,0.33083,200,sp,6,266,0.70333333,0.04654546,10,1,100,random
443,AGR,3,"2026-07-11 12:09:17",22.3,0.751052,4.58681,8.0606,0.379039,0.04271,0.51504,0.13158,0.35338,200,sp,6,266,0.71454546,0.05020909,10,1,100,random
444,AGR,4,"2026-07-11 12:09:24",29.6,0.76437,4.87255,8.0303,0.382309,0.048295,0.48679,0.16226,0.35094,200,sp,6,265,0.72242424,0.05571212,10,1,100,random
445,AGR,5,"2026-07-11 12:09:31",36.8,0.77623,5.16592,7.9394,0.422549,0.044532,0.46947,0.15267,0.37786,200,sp,6,262,0.73742424,0.05109394,10,1,100,random
446,AGR,6,"2026-07-11 12:09:39",44.3,0.789161,5.45385,7.9091,0.444037,0.040514,0.40996,0.23372,0.35632,200,sp,6,261,0.75227273,0.04844242,10,1,100,random
447,AGR,7,"2026-07-11 12:09:48",53.5,0.799561,5.70327,7.9091,0.501999,0.041701,0.39847,0.25287,0.34866,200,sp,6,261,0.76212121,0.04839394,10,1,100,random
448,AGR,8,"2026-07-11 12:09:57",62.6,0.81003,5.95122,7.9091,0.558584,0.041723,0.37931,0.28352,0.33716,200,sp,6,261,0.77242424,0.04705758,10,1,100,random
449,AGR,9,"2026-07-11 12:10:07",72.2,0.819942,6.22484,7.9091,0.624974,0.046755,0.34483,0.31418,0.341,200,sp,6,261,0.7780303,0.05217273,10,1,100,random
450,AGR,10,"2026-07-11 12:10:17",82.7,0.826939,6.45959,7.9091,0.6504,0.037076,0.32184,0.34866,0.3295,200,sp,6,261,0.79393939,0.04037879,10,1,100,random
451,AGR,11,"2026-07-11 12:10:27",92.3,0.834442,6.69592,7.9091,0.709193,0.042436,0.27969,0.42146,0.29885,200,sp,6,261,0.79651515,0.04551515,10,1,100,random
452,AGR,12,"2026-07-11 12:10:36",101.8,0.840533,6.92489,7.9091,0.811527,0.032452,0.22989,0.49808,0.27203,200,sp,6,261,0.81121212,0.03620606,10,1,100,random
453,AGR,13,"2026-07-11 12:10:46",111.3,0.845585,7.15005,7.8788,0.882907,0.038541,0.18077,0.60769,0.21154,200,sp,6,260,0.81151515,0.04107879,10,1,100,random
454,AGR,14,"2026-07-11 12:10:55",120.7,0.849279,7.29665,7.8788,0.964018,0.036952,0.15385,0.67692,0.16923,200,sp,6,260,0.81696969,0.03824242,10,1,100,random
455,AGR,15,"2026-07-11 12:11:04",130.1,0.852345,7.45523,7.8788,1.13018,0.037067,0.13077,0.75769,0.11154,200,sp,6,260,0.82015152,0.03902727,10,1,100,random
456,AGR,16,"2026-07-11 12:11:14",139.6,0.854536,7.5435,7.8788,1.36255,0.044952,0.10385,0.81154,0.08462,200,sp,6,260,0.81590909,0.04711818,10,1,100,random
457,AGR,17,"2026-07-11 12:11:23",149,0.855894,7.6153,7.8788,1.54487,0.052815,0.06923,0.86154,0.06923,200,sp,6,260,0.81090909,0.05353939,10,1,100,random
458,AGR,18,"2026-07-11 12:11:33",158.3,0.857042,7.68248,7.8788,1.57484,0.040766,0.05385,0.90385,0.04231,200,sp,6,260,0.82242424,0.04133333,10,1,100,random
459,AGR,19,"2026-07-11 12:11:42",167.7,0.857585,7.70968,7.8788,1.8625,0.043627,0.04231,0.92692,0.03077,200,sp,6,260,0.82075758,0.04420303,10,1,100,random
460,AGR,20,"2026-07-11 12:11:51",177.1,0.857806,7.71678,7.8788,2.05491,0.051083,0.04231,0.91923,0.03846,200,sp,6,260,0.81484848,0.05080303,10,1,100,random
461,RANDOM,1,"2026-07-11 12:12:00",4.8,0.702012,3.7702,8.1212,0.287976,0.001433,0.58582,0.08955,0.32463,200,sp,6,268,0.70318181,0.00047576,10,1,100,random
462,RANDOM,2,"2026-07-11 12:12:05",9.1,0.699267,3.76453,7.9394,0.279638,-0.005249,0.57634,0.11832,0.30534,200,sp,6,262,0.70530303,-0.00955455,10,1,100,random
463,RANDOM,3,"2026-07-11 12:12:09",13.5,0.700579,3.77155,7.8182,0.320153,0.006502,0.56977,0.1124,0.31783,200,sp,6,258,0.69651515,0.00623333,10,1,100,random
464,RANDOM,4,"2026-07-11 12:12:13",17.9,0.699242,3.7538,7.7273,0.30821,-0.015646,0.57647,0.1098,0.31373,200,sp,6,255,0.71227273,-0.01940303,10,1,100,random
465,RANDOM,5,"2026-07-11 12:12:18",22.5,0.700706,3.75085,7.6061,0.324955,0.002797,0.56175,0.13546,0.30279,200,sp,6,251,0.69863636,0.00477273,10,1,100,random
466,RANDOM,6,"2026-07-11 12:12:23",27.2,0.698545,3.71518,7.4242,0.346968,0.012119,0.56735,0.13469,0.29796,200,sp,6,245,0.69212121,0.01106667,10,1,100,random
467,RANDOM,7,"2026-07-11 12:12:29",33.3,0.69617,3.68905,7.3636,0.365425,-0.002162,0.55967,0.12757,0.31276,200,sp,6,243,0.7,-0.00421212,10,1,100,random
468,RANDOM,8,"2026-07-11 12:12:35",39.3,0.692773,3.68059,7.2727,0.333453,0.009913,0.55,0.14167,0.30833,200,sp,6,240,0.68848485,0.00502121,10,1,100,random
469,RANDOM,9,"2026-07-11 12:12:41",45.5,0.693418,3.70496,7.1818,0.351959,-0.013647,0.5443,0.14346,0.31224,200,sp,6,237,0.70333333,-0.0154697,10,1,100,random
470,RANDOM,10,"2026-07-11 12:12:47",51.8,0.691648,3.67018,7.1212,0.352482,-0.004793,0.5617,0.1234,0.31489,200,sp,6,235,0.69712121,-0.00743939,10,1,100,random
471,RANDOM,11,"2026-07-11 12:12:54",58.1,0.690691,3.64689,7.1212,0.359895,-0.008552,0.54468,0.15319,0.30213,200,sp,6,235,0.69787879,-0.01013636,10,1,100,random
472,RANDOM,12,"2026-07-11 12:13:00",64.4,0.690639,3.67055,7.0909,0.373964,0.01488,0.54701,0.14957,0.30342,200,sp,6,234,0.68136364,0.01479091,10,1,100,random
473,RANDOM,13,"2026-07-11 12:13:06",70.6,0.691791,3.67354,7.0303,0.372868,-0.008254,0.56034,0.14224,0.29741,200,sp,6,232,0.69772727,-0.01066061,10,1,100,random
474,RANDOM,14,"2026-07-11 12:13:12",76.8,0.690173,3.63098,6.9394,0.384012,-0.006154,0.55895,0.13974,0.30131,200,sp,6,229,0.69621213,-0.00727273,10,1,100,random
475,RANDOM,15,"2026-07-11 12:13:19",83,0.687782,3.59208,6.8788,0.37676,-0.002864,0.55507,0.14097,0.30396,200,sp,6,227,0.69181818,-0.00559394,10,1,100,random
476,RANDOM,16,"2026-07-11 12:13:25",89.4,0.684806,3.54915,6.7879,0.376576,0.001943,0.55357,0.14286,0.30357,200,sp,6,224,0.68606061,-0.0039303,10,1,100,random
477,RANDOM,17,"2026-07-11 12:13:31",95.6,0.685391,3.54162,6.7576,0.390397,0.003776,0.55157,0.15695,0.29148,200,sp,6,223,0.68333333,0.00195152,10,1,100,random
478,RANDOM,18,"2026-07-11 12:13:37",101.9,0.685448,3.52732,6.6667,0.404199,0.004838,0.55,0.15,0.3,200,sp,6,220,0.68303031,0.00405152,10,1,100,random
479,RANDOM,19,"2026-07-11 12:13:44",108.2,0.685215,3.54174,6.5455,0.394759,0.003556,0.54167,0.16667,0.29167,200,sp,6,216,0.6840909,0.00113333,10,1,100,random
480,RANDOM,20,"2026-07-11 12:13:50",114.4,0.681933,3.50865,6.5455,0.408147,-0.002446,0.5463,0.14352,0.31019,200,sp,6,216,0.68621212,-0.00632424,10,1,100,random
481,OI,1,"2026-07-11 12:14:56",5.5,0.719173,4.00504,8.2121,0.382965,-0.026353,0.55351,0.12915,0.31734,200,sp,7,271,0.72924242,-0.01288182,10,1,100,random
482,OI,2,"2026-07-11 12:15:01",10.4,0.739424,4.31639,8.1818,0.387414,-0.007811,0.52963,0.16296,0.30741,200,sp,7,270,0.73666667,0.00396061,10,1,100,random
483,OI,3,"2026-07-11 12:15:06",15.5,0.758609,4.65076,8.1212,0.440032,-0.014329,0.50746,0.15672,0.33582,200,sp,7,268,0.76136364,-0.00332121,10,1,100,random
484,OI,4,"2026-07-11 12:15:11",20.5,0.77503,4.99785,8.0303,0.458522,-0.020278,0.43396,0.23019,0.33585,200,sp,7,265,0.78409091,-0.01181515,10,1,100,random
485,OI,5,"2026-07-11 12:15:16",25.5,0.7893,5.33901,8.0303,0.525884,-0.015701,0.40755,0.27547,0.31698,200,sp,7,265,0.7959091,-0.00891212,10,1,100,random
486,OI,6,"2026-07-11 12:15:21",30.4,0.803348,5.68185,8,0.611933,-0.012028,0.36364,0.32576,0.31061,200,sp,7,264,0.80727273,-0.00528485,10,1,100,random
487,OI,7,"2026-07-11 12:15:27",37,0.815033,6.01559,7.9697,0.664696,-0.008674,0.31559,0.38403,0.30038,200,sp,7,263,0.81772727,-0.00359394,10,1,100,random
488,OI,8,"2026-07-11 12:15:34",43.7,0.823697,6.29092,7.9697,0.714358,-0.010108,0.28897,0.45247,0.25856,200,sp,7,263,0.82878788,-0.00679697,10,1,100,random
489,OI,9,"2026-07-11 12:15:41",50.6,0.832503,6.59054,7.9697,0.839232,-0.012138,0.25095,0.47529,0.27376,200,sp,7,263,0.83969697,-0.00884242,10,1,100,random
490,OI,10,"2026-07-11 12:15:48",57.5,0.838273,6.79368,7.9697,0.812596,-0.002105,0.22433,0.54373,0.23194,200,sp,7,263,0.83833333,0.00004848,10,1,100,random
491,OI,11,"2026-07-11 12:15:55",64.3,0.843976,7.03622,7.9394,0.941664,-0.002762,0.20229,0.60687,0.19084,200,sp,7,262,0.84469697,-0.00089697,10,1,100,random
492,OI,12,"2026-07-11 12:16:02",71.2,0.84843,7.22372,7.9091,1.14624,-0.021572,0.1954,0.63985,0.16475,200,sp,7,261,0.86560606,-0.02004545,10,1,100,random
493,OI,13,"2026-07-11 12:16:09",78.1,0.851545,7.37359,7.9091,1.34855,-0.007175,0.13027,0.75096,0.11877,200,sp,7,261,0.85742424,-0.00735455,10,1,100,random
494,OI,14,"2026-07-11 12:16:15",84.9,0.853767,7.47185,7.9091,1.39094,-0.004748,0.11111,0.78161,0.10728,200,sp,7,261,0.85787879,-0.00497576,10,1,100,random
495,OI,15,"2026-07-11 12:16:22",91.7,0.855715,7.5703,7.9091,1.51521,-0.001387,0.06897,0.84291,0.08812,200,sp,7,261,0.8569697,-0.00157576,10,1,100,random
496,OI,16,"2026-07-11 12:16:29",98.5,0.856448,7.59475,7.9091,1.50027,-0.004299,0.06513,0.84291,0.09195,200,sp,7,261,0.86075757,-0.00509697,10,1,100,random
497,OI,17,"2026-07-11 12:16:36",105.3,0.8575,7.66214,7.9091,1.48506,-0.00067,0.0613,0.86207,0.07663,200,sp,7,261,0.85848485,-0.00110606,10,1,100,random
498,OI,18,"2026-07-11 12:16:43",112.2,0.857933,7.68784,7.9091,1.75242,-0.005884,0.0613,0.87739,0.0613,200,sp,7,261,0.8639394,-0.00682121,10,1,100,random
499,OI,19,"2026-07-11 12:16:49",119,0.85853,7.71181,7.9091,1.9507,0.004955,0.03831,0.87739,0.08429,200,sp,7,261,0.85515152,0.0035697,10,1,100,random
500,OI,20,"2026-07-11 12:16:56",125.9,0.859297,7.74248,7.9091,1.30593,-0.005251,0.04215,0.91954,0.03831,200,sp,7,261,0.86454545,-0.00571212,10,1,100,random
501,IR,1,"2026-07-11 12:17:06",5.4,0.705036,3.80586,8.2121,0.33257,-0.102764,0.57934,0.12915,0.29151,200,sp,7,271,0.77484848,-0.10335758,10,1,100,random
502,IR,2,"2026-07-11 12:17:11",10.5,0.712018,3.88528,8.0909,0.357805,-0.105366,0.56554,0.13858,0.29588,200,sp,7,267,0.78409091,-0.10395151,10,1,100,random
503,IR,3,"2026-07-11 12:17:16",15.5,0.718461,3.97284,8.0606,0.364205,-0.10029,0.56767,0.13158,0.30075,200,sp,7,266,0.78787879,-0.0999,10,1,100,random
504,IR,4,"2026-07-11 12:17:21",20.4,0.728291,4.09674,7.9394,0.370586,-0.100239,0.55344,0.14122,0.30534,200,sp,7,262,0.79666667,-0.09576364,10,1,100,random
505,IR,5,"2026-07-11 12:17:26",25.4,0.73157,4.12994,7.8788,0.390687,-0.104688,0.55,0.13462,0.31538,200,sp,7,260,0.80712121,-0.10616667,10,1,100,random
506,IR,6,"2026-07-11 12:17:31",30.4,0.737458,4.2249,7.8485,0.38787,-0.101129,0.54054,0.13514,0.32432,200,sp,7,259,0.80954545,-0.10101212,10,1,100,random
507,IR,7,"2026-07-11 12:17:38",37.1,0.740564,4.2567,7.697,0.374493,-0.080002,0.5315,0.14173,0.32677,200,sp,7,254,0.79878788,-0.08050606,10,1,100,random
508,IR,8,"2026-07-11 12:17:44",43.7,0.744709,4.2941,7.6061,0.400056,-0.088442,0.52191,0.14741,0.33068,200,sp,7,251,0.80893939,-0.08826667,10,1,100,random
509,IR,9,"2026-07-11 12:17:51",50.5,0.746767,4.30335,7.5455,0.38919,-0.102131,0.51406,0.16064,0.3253,200,sp,7,249,0.82272727,-0.10602424,10,1,100,random
510,IR,10,"2026-07-11 12:17:58",57.2,0.749103,4.32551,7.5455,0.407513,-0.098261,0.51004,0.16867,0.32129,200,sp,7,249,0.8219697,-0.09966364,10,1,100,random
511,IR,11,"2026-07-11 12:18:05",64,0.751333,4.36022,7.4545,0.417014,-0.097151,0.4878,0.19512,0.31707,200,sp,7,246,0.82378788,-0.09912121,10,1,100,random
512,IR,12,"2026-07-11 12:18:12",70.9,0.753424,4.3889,7.4242,0.421723,-0.098982,0.49796,0.19592,0.30612,200,sp,7,245,0.82742425,-0.10137576,10,1,100,random
513,IR,13,"2026-07-11 12:18:18",77.7,0.75437,4.42627,7.3636,0.445882,-0.094612,0.48148,0.20576,0.31276,200,sp,7,243,0.82590909,-0.09799394,10,1,100,random
514,IR,14,"2026-07-11 12:18:25",84.7,0.755576,4.4472,7.3333,0.443073,-0.100173,0.49174,0.18182,0.32645,200,sp,7,242,0.83121212,-0.10458485,10,1,100,random
515,IR,15,"2026-07-11 12:18:32",91.6,0.756912,4.4757,7.303,0.431895,-0.092495,0.46888,0.18672,0.3444,200,sp,7,241,0.82681819,-0.09626364,10,1,100,random
516,IR,16,"2026-07-11 12:18:39",98.7,0.759209,4.51729,7.2424,0.404739,-0.089301,0.47699,0.18828,0.33473,200,sp,7,239,0.82636364,-0.09231212,10,1,100,random
517,IR,17,"2026-07-11 12:18:46",105.7,0.760809,4.56309,7.1212,0.433231,-0.093606,0.50213,0.14468,0.35319,200,sp,7,235,0.83181819,-0.09792424,10,1,100,random
518,IR,18,"2026-07-11 12:18:53",112.6,0.765912,4.65908,7.1212,0.443963,-0.089434,0.47234,0.17872,0.34894,200,sp,7,235,0.83227273,-0.08962424,10,1,100,random
519,IR,19,"2026-07-11 12:19:00",119.6,0.765579,4.65902,7.1212,0.43606,-0.096211,0.46383,0.18298,0.35319,200,sp,7,235,0.84,-0.10047879,10,1,100,random
520,IR,20,"2026-07-11 12:19:07",126.7,0.767821,4.68305,7.0909,0.427829,-0.085724,0.45726,0.19658,0.34615,200,sp,7,234,0.83333334,-0.08834848,10,1,100,random
521,AGR,1,"2026-07-11 12:19:16",7.7,0.717155,4.03656,8.3333,0.358321,0.043849,0.56727,0.11636,0.31636,200,sp,7,275,0.67893939,0.05298182,10,1,100,random
522,AGR,2,"2026-07-11 12:19:23",14.8,0.733197,4.3199,8.2727,0.353661,0.042017,0.54945,0.11722,0.33333,200,sp,7,273,0.69606061,0.05150606,10,1,100,random
523,AGR,3,"2026-07-11 12:19:30",22.1,0.749076,4.58893,8.1818,0.365353,0.063259,0.52963,0.11852,0.35185,200,sp,7,270,0.69590909,0.07160909,10,1,100,random
524,AGR,4,"2026-07-11 12:19:38",29.6,0.765821,4.91939,8.1212,0.381514,0.041777,0.50746,0.13806,0.35448,200,sp,7,268,0.72712122,0.05248485,10,1,100,random
525,AGR,5,"2026-07-11 12:19:45",36.9,0.779039,5.23594,8.0606,0.415291,0.03735,0.45489,0.19173,0.35338,200,sp,7,266,0.74484848,0.04517576,10,1,100,random
526,AGR,6,"2026-07-11 12:19:53",44.4,0.790191,5.5244,8.0303,0.45229,0.04971,0.43019,0.21887,0.35094,200,sp,7,265,0.74666667,0.05623333,10,1,100,random
527,AGR,7,"2026-07-11 12:20:02",53.9,0.8013,5.81738,8.0303,0.504977,0.045163,0.37358,0.27547,0.35094,200,sp,7,265,0.7610606,0.05223333,10,1,100,random
528,AGR,8,"2026-07-11 12:20:12",63.7,0.810291,6.11612,7.9697,0.530323,0.038085,0.3308,0.3384,0.3308,200,sp,7,263,0.77636364,0.04291818,10,1,100,random
529,AGR,9,"2026-07-11 12:20:21",72.9,0.819167,6.36878,7.9697,0.593252,0.037122,0.30798,0.37262,0.31939,200,sp,7,263,0.78560606,0.04255758,10,1,100,random
530,AGR,10,"2026-07-11 12:20:31",82.3,0.827709,6.6222,7.9697,0.646263,0.033116,0.27376,0.42586,0.30038,200,sp,7,263,0.79727272,0.03782121,10,1,100,random
531,AGR,11,"2026-07-11 12:20:40",91.7,0.833339,6.81299,7.9394,0.697745,0.03224,0.24809,0.48092,0.27099,200,sp,7,262,0.80469697,0.03605152,10,1,100,random
532,AGR,12,"2026-07-11 12:20:49",100.9,0.83923,7.03674,7.9394,0.804007,0.027251,0.21374,0.5458,0.24046,200,sp,7,262,0.81439394,0.03070909,10,1,100,random
533,AGR,13,"2026-07-11 12:20:59",110.2,0.844358,7.22204,7.9394,0.858288,0.041654,0.17557,0.61069,0.21374,200,sp,7,262,0.80772727,0.04445152,10,1,100,random
534,AGR,14,"2026-07-11 12:21:08",119.5,0.848685,7.38505,7.9394,0.942455,0.033221,0.14504,0.69084,0.16412,200,sp,7,262,0.81939394,0.03551515,10,1,100,random
535,AGR,15,"2026-07-11 12:21:17",129.1,0.851627,7.49859,7.9394,1.08371,0.043662,0.12977,0.74046,0.12977,200,sp,7,262,0.81378788,0.04544848,10,1,100,random
536,AGR,16,"2026-07-11 12:21:27",138.3,0.854173,7.59463,7.9394,1.26472,0.046595,0.09924,0.80916,0.0916,200,sp,7,262,0.81409091,0.04707576,10,1,100,random
537,AGR,17,"2026-07-11 12:21:36",147.6,0.855909,7.68279,7.9394,1.57037,0.033179,0.07252,0.83969,0.08779,200,sp,7,262,0.82772727,0.03389394,10,1,100,random
538,AGR,18,"2026-07-11 12:21:45",156.9,0.857921,7.76288,7.9394,1.4496,0.039396,0.04198,0.92366,0.03435,200,sp,7,262,0.82409091,0.03988182,10,1,100,random
539,AGR,19,"2026-07-11 12:21:55",166.4,0.858609,7.7855,7.9394,1.76757,0.045497,0.03817,0.92748,0.03435,200,sp,7,262,0.82,0.04531515,10,1,100,random
540,AGR,20,"2026-07-11 12:22:04",175.8,0.859442,7.83358,7.9394,1.80833,0.050862,0.0229,0.97328,0.00382,200,sp,7,262,0.8160606,0.05173636,10,1,100,random
541,RANDOM,1,"2026-07-11 12:22:12",4.7,0.699385,3.7503,8.1515,0.318098,-0.004856,0.5948,0.10037,0.30483,200,sp,7,269,0.70363636,-0.00531515,10,1,100,random
542,RANDOM,2,"2026-07-11 12:22:17",8.9,0.697127,3.70863,8.0303,0.309069,-0.021305,0.57358,0.1434,0.28302,200,sp,7,265,0.71439394,-0.02608182,10,1,100,random
543,RANDOM,3,"2026-07-11 12:22:21",13.1,0.696027,3.70634,7.8788,0.34255,-0.013597,0.57692,0.13846,0.28462,200,sp,7,260,0.70712121,-0.01527273,10,1,100,random
544,RANDOM,4,"2026-07-11 12:22:25",17.2,0.696303,3.74281,7.697,0.356073,0.004138,0.56299,0.15354,0.28346,200,sp,7,254,0.69424242,0.00105152,10,1,100,random
545,RANDOM,5,"2026-07-11 12:22:29",21.4,0.693673,3.7149,7.6364,0.358401,0.001416,0.56349,0.14683,0.28968,200,sp,7,252,0.69484848,-0.00099697,10,1,100,random
546,RANDOM,6,"2026-07-11 12:22:33",25.7,0.695349,3.74674,7.5455,0.3616,-0.003324,0.55823,0.14458,0.29719,200,sp,7,249,0.69772727,-0.00439091,10,1,100,random
547,RANDOM,7,"2026-07-11 12:22:39",31.6,0.692242,3.7056,7.4545,0.356594,0.002467,0.56098,0.13821,0.30081,200,sp,7,246,0.69303031,-0.00160606,10,1,100,random
548,RANDOM,8,"2026-07-11 12:22:45",37.5,0.687585,3.69085,7.4242,0.354492,-0.003864,0.57551,0.12245,0.30204,200,sp,7,245,0.69378788,-0.00783333,10,1,100,random
549,RANDOM,9,"2026-07-11 12:22:51",43.6,0.686736,3.68318,7.3636,0.357832,-0.012062,0.57202,0.12757,0.30041,200,sp,7,243,0.69651515,-0.01468485,10,1,100,random
550,RANDOM,10,"2026-07-11 12:22:57",49.7,0.688858,3.68717,7.2727,0.361133,0.000623,0.5625,0.11667,0.32083,200,sp,7,240,0.68848485,-0.00045455,10,1,100,random
551,RANDOM,11,"2026-07-11 12:23:04",55.9,0.688306,3.6863,7.2121,0.337533,0.001978,0.55462,0.13866,0.30672,200,sp,7,238,0.68833333,-0.00041212,10,1,100,random
552,RANDOM,12,"2026-07-11 12:23:10",62,0.686873,3.67255,7.1818,0.362896,-0.002886,0.56118,0.12658,0.31224,200,sp,7,237,0.69060606,-0.00724242,10,1,100,random
553,RANDOM,13,"2026-07-11 12:23:16",68.2,0.685252,3.65285,7.1212,0.340949,0.004679,0.5617,0.13617,0.30213,200,sp,7,235,0.68378788,-0.00184545,10,1,100,random
554,RANDOM,14,"2026-07-11 12:23:22",74.3,0.683961,3.62525,7.0303,0.366556,0.011553,0.56466,0.125,0.31034,200,sp,7,232,0.67742423,0.00919091,10,1,100,random
555,RANDOM,15,"2026-07-11 12:23:28",80.4,0.687939,3.65453,6.8788,0.35937,-0.005744,0.55947,0.12335,0.31718,200,sp,7,227,0.69090909,-0.00422424,10,1,100,random
556,RANDOM,16,"2026-07-11 12:23:34",86.6,0.688094,3.64836,6.8182,0.357594,-0.007263,0.54667,0.13778,0.31556,200,sp,7,225,0.69409091,-0.00787273,10,1,100,random
557,RANDOM,17,"2026-07-11 12:23:40",92.7,0.687421,3.64472,6.8182,0.378417,-0.010171,0.54667,0.14222,0.31111,200,sp,7,225,0.69575757,-0.01287879,10,1,100,random
558,RANDOM,18,"2026-07-11 12:23:47",98.9,0.685418,3.64351,6.8182,0.385338,-0.005918,0.53778,0.14667,0.31556,200,sp,7,225,0.69136364,-0.01098182,10,1,100,random
559,RANDOM,19,"2026-07-11 12:23:53",105,0.684527,3.61704,6.7879,0.370283,0.010268,0.54464,0.13839,0.31696,200,sp,7,224,0.6789394,0.0092303,10,1,100,random
560,RANDOM,20,"2026-07-11 12:23:59",111.2,0.685194,3.62517,6.7879,0.37146,0.00559,0.53125,0.15179,0.31696,200,sp,7,224,0.68181818,0.00393636,10,1,100,random
561,OI,1,"2026-07-11 12:24:52",5.5,0.73303,4.15441,8.2727,0.330953,-0.00941,0.55678,0.11722,0.32601,200,sp,8,273,0.73166667,0.0033697,10,1,100,random
562,OI,2,"2026-07-11 12:24:56",10.3,0.75073,4.46188,8.1515,0.38933,-0.008635,0.51301,0.17472,0.31227,200,sp,8,269,0.74984849,0.00065152,10,1,100,random
563,OI,3,"2026-07-11 12:25:01",15.3,0.76607,4.74832,8.1515,0.469542,-0.008666,0.47584,0.18959,0.33457,200,sp,8,269,0.76621212,-0.00038182,10,1,100,random
564,OI,4,"2026-07-11 12:25:06",20.2,0.780715,5.06975,8.1212,0.471987,-0.001543,0.44776,0.24627,0.30597,200,sp,8,268,0.77606061,0.00589697,10,1,100,random
565,OI,5,"2026-07-11 12:25:11",25.2,0.795909,5.4049,8.1212,0.589148,-0.009316,0.41045,0.28358,0.30597,200,sp,8,268,0.79712121,-0.00054242,10,1,100,random
566,OI,6,"2026-07-11 12:25:16",30.3,0.807697,5.71433,8.1212,0.615323,-0.014569,0.37313,0.30224,0.32463,200,sp,8,268,0.81484848,-0.00934242,10,1,100,random
567,OI,7,"2026-07-11 12:25:23",36.9,0.819021,6.05712,8.1212,0.612248,-0.017357,0.33209,0.36194,0.30597,200,sp,8,268,0.82893939,-0.01276667,10,1,100,random
568,OI,8,"2026-07-11 12:25:30",43.6,0.829167,6.40453,8.1212,0.673899,-0.008331,0.29104,0.44403,0.26493,200,sp,8,268,0.83227273,-0.00384848,10,1,100,random
569,OI,9,"2026-07-11 12:25:37",50.5,0.836561,6.64755,8.1212,0.800327,-0.009611,0.26493,0.4403,0.29478,200,sp,8,268,0.84212121,-0.007,10,1,100,random
570,OI,10,"2026-07-11 12:25:43",57.2,0.843152,6.89791,8.0909,0.763366,-0.008899,0.26217,0.49813,0.2397,200,sp,8,267,0.84848485,-0.00666061,10,1,100,random
571,OI,11,"2026-07-11 12:25:50",63.9,0.848958,7.14385,8.0909,0.99805,-0.008218,0.1985,0.56929,0.23221,200,sp,8,267,0.85424243,-0.00656061,10,1,100,random
572,OI,12,"2026-07-11 12:25:57",70.8,0.853352,7.35458,8.0606,0.961052,-0.00013,0.15038,0.66541,0.18421,200,sp,8,266,0.85257576,0.00099697,10,1,100,random
573,OI,13,"2026-07-11 12:26:04",77.6,0.856615,7.49908,8.0606,1.08779,0.00339,0.13158,0.72556,0.14286,200,sp,8,266,0.8530303,0.0039697,10,1,100,random
574,OI,14,"2026-07-11 12:26:10",84.3,0.859188,7.63424,8.0606,1.21597,0.00024,0.09398,0.79699,0.10902,200,sp,8,266,0.85863636,0.00092121,10,1,100,random
575,OI,15,"2026-07-11 12:26:17",91.3,0.861197,7.73777,8.0606,1.42541,0.002046,0.07519,0.84211,0.08271,200,sp,8,266,0.85954545,0.00178485,10,1,100,random
576,OI,16,"2026-07-11 12:26:24",97.9,0.862112,7.77998,8.0606,1.61391,-0.002612,0.05639,0.87218,0.07143,200,sp,8,266,0.865,-0.00346667,10,1,100,random
577,OI,17,"2026-07-11 12:26:31",104.8,0.862648,7.80289,8.0606,1.5884,-0.011642,0.06391,0.87218,0.06391,200,sp,8,266,0.87363636,-0.01290606,10,1,100,random
578,OI,18,"2026-07-11 12:26:38",111.5,0.862958,7.82822,8.0606,2.09208,0.011017,0.06767,0.86842,0.06391,200,sp,8,266,0.85439394,0.00958182,10,1,100,random
579,OI,19,"2026-07-11 12:26:44",118.3,0.863567,7.87115,8.0606,1.91264,-0.007878,0.04135,0.92857,0.03008,200,sp,8,266,0.87106061,-0.00816364,10,1,100,random
580,OI,20,"2026-07-11 12:26:51",125.1,0.863373,7.85634,8.0606,2.42934,-0.004232,0.04511,0.8985,0.05639,200,sp,8,266,0.8680303,-0.00531212,10,1,100,random
581,IR,1,"2026-07-11 12:27:00",4.9,0.720076,3.93215,8.1818,0.286168,-0.09475,0.57778,0.1037,0.31852,200,sp,8,270,0.78545455,-0.09236061,10,1,100,random
582,IR,2,"2026-07-11 12:27:04",9.5,0.722864,3.96961,8.0909,0.318864,-0.095515,0.57303,0.09738,0.32959,200,sp,8,267,0.79121213,-0.09726364,10,1,100,random
583,IR,3,"2026-07-11 12:27:09",14.1,0.726133,3.97268,8,0.302758,-0.09401,0.57197,0.09848,0.32955,200,sp,8,264,0.79363637,-0.09614545,10,1,100,random
584,IR,4,"2026-07-11 12:27:13",18.7,0.727406,3.98152,7.9394,0.302635,-0.113801,0.5687,0.10305,0.32824,200,sp,8,262,0.81030302,-0.11768182,10,1,100,random
585,IR,5,"2026-07-11 12:27:18",23.3,0.730448,4.02394,7.7273,0.3173,-0.105869,0.55686,0.10588,0.33725,200,sp,8,255,0.80681817,-0.10601515,10,1,100,random
586,IR,6,"2026-07-11 12:27:23",28,0.735288,4.09542,7.697,0.329047,-0.096332,0.54331,0.12598,0.33071,200,sp,8,254,0.80439394,-0.09660606,10,1,100,random
587,IR,7,"2026-07-11 12:27:29",34.2,0.738433,4.17987,7.6364,0.3591,-0.104494,0.54365,0.11111,0.34524,200,sp,8,252,0.81469697,-0.10627576,10,1,100,random
588,IR,8,"2026-07-11 12:27:35",40.5,0.740227,4.16684,7.5455,0.334129,-0.096323,0.53815,0.13253,0.32932,200,sp,8,249,0.81136363,-0.09895758,10,1,100,random
589,IR,9,"2026-07-11 12:27:42",47.1,0.744018,4.21513,7.4242,0.365451,-0.093523,0.52653,0.13061,0.34286,200,sp,8,245,0.81212121,-0.09560303,10,1,100,random
590,IR,10,"2026-07-11 12:27:48",53.5,0.745642,4.23733,7.3939,0.354069,-0.097284,0.52869,0.13115,0.34016,200,sp,8,244,0.8180303,-0.09885151,10,1,100,random
591,IR,11,"2026-07-11 12:27:55",59.9,0.748785,4.26368,7.3939,0.362043,-0.094651,0.52869,0.13115,0.34016,200,sp,8,244,0.81863636,-0.09681212,10,1,100,random
592,IR,12,"2026-07-11 12:28:01",66.4,0.751639,4.31452,7.3636,0.371347,-0.093285,0.52263,0.1358,0.34156,200,sp,8,243,0.82075758,-0.0942303,10,1,100,random
593,IR,13,"2026-07-11 12:28:08",73,0.752285,4.32741,7.303,0.377612,-0.095088,0.51867,0.13693,0.3444,200,sp,8,241,0.82393939,-0.09728788,10,1,100,random
594,IR,14,"2026-07-11 12:28:14",79.4,0.755624,4.37407,7.303,0.383219,-0.10755,0.51867,0.13278,0.34855,200,sp,8,241,0.83575758,-0.10786061,10,1,100,random
595,IR,15,"2026-07-11 12:28:20",85.8,0.757127,4.39266,7.2727,0.383291,-0.090128,0.50833,0.15417,0.3375,200,sp,8,240,0.82515151,-0.09220909,10,1,100,random
596,IR,16,"2026-07-11 12:28:27",92.5,0.758594,4.43102,7.2424,0.410086,-0.099389,0.51046,0.13808,0.35146,200,sp,8,239,0.83378788,-0.09958485,10,1,100,random
597,IR,17,"2026-07-11 12:28:34",99,0.761194,4.47168,7.2121,0.390053,-0.084499,0.52101,0.12605,0.35294,200,sp,8,238,0.82484849,-0.08557576,10,1,100,random
598,IR,18,"2026-07-11 12:28:40",105.6,0.762179,4.48847,7.1515,0.406246,-0.096904,0.50424,0.13983,0.35593,200,sp,8,236,0.83606061,-0.09886364,10,1,100,random
599,IR,19,"2026-07-11 12:28:47",112.2,0.764121,4.52834,7.1515,0.408706,-0.100347,0.47458,0.16102,0.36441,200,sp,8,236,0.84030303,-0.1023697,10,1,100,random
600,IR,20,"2026-07-11 12:28:53",118.8,0.764224,4.51576,7.0606,0.384109,-0.090656,0.4721,0.15021,0.37768,200,sp,8,233,0.83409091,-0.09355758,10,1,100,random
601,AGR,1,"2026-07-11 12:29:02",7.6,0.729418,4.10709,8.3333,0.304623,0.046155,0.55636,0.11273,0.33091,200,sp,8,275,0.68984849,0.0548697,10,1,100,random
602,AGR,2,"2026-07-11 12:29:09",14.7,0.746188,4.381,8.303,0.331095,0.045968,0.54745,0.11679,0.33577,200,sp,8,274,0.70560606,0.05481818,10,1,100,random
603,AGR,3,"2026-07-11 12:29:16",22,0.761433,4.69602,8.2424,0.364074,0.048536,0.50735,0.15441,0.33824,200,sp,8,272,0.71863637,0.05723636,10,1,100,random
604,AGR,4,"2026-07-11 12:29:23",29.2,0.775803,5.00035,8.2121,0.398942,0.033688,0.49446,0.17712,0.32841,200,sp,8,271,0.74393939,0.04242727,10,1,100,random
605,AGR,5,"2026-07-11 12:29:30",36.3,0.787667,5.30827,8.1515,0.456407,0.048889,0.45725,0.18587,0.35688,200,sp,8,269,0.74484848,0.05553939,10,1,100,random
606,AGR,6,"2026-07-11 12:29:38",43.6,0.799933,5.60973,8.1515,0.453056,0.040175,0.43123,0.22677,0.34201,200,sp,8,269,0.7630303,0.04661818,10,1,100,random
607,AGR,7,"2026-07-11 12:29:47",52.5,0.811073,5.90936,8.1515,0.528609,0.03454,0.40892,0.24164,0.34944,200,sp,8,269,0.77893939,0.04089697,10,1,100,random
608,AGR,8,"2026-07-11 12:29:55",61.4,0.819579,6.19187,8.1515,0.557045,0.043029,0.36803,0.28996,0.34201,200,sp,8,269,0.78121212,0.0485303,10,1,100,random
609,AGR,9,"2026-07-11 12:30:05",70.8,0.82793,6.47634,8.1212,0.608948,0.040735,0.3209,0.3694,0.3097,200,sp,8,268,0.79121212,0.04497576,10,1,100,random
610,AGR,10,"2026-07-11 12:30:15",80.7,0.834979,6.74682,8.1212,0.698815,0.042086,0.27239,0.42537,0.30224,200,sp,8,268,0.79757576,0.04476667,10,1,100,random
611,AGR,11,"2026-07-11 12:30:24",89.9,0.841467,6.96829,8.1212,0.732365,0.041124,0.23507,0.50373,0.26119,200,sp,8,268,0.80469697,0.04504242,10,1,100,random
612,AGR,12,"2026-07-11 12:30:33",99,0.847279,7.17908,8.0909,0.828668,0.026754,0.20225,0.5618,0.23596,200,sp,8,267,0.82287879,0.02885455,10,1,100,random
613,AGR,13,"2026-07-11 12:30:42",108.2,0.851952,7.36989,8.0909,0.906625,0.027886,0.16854,0.65543,0.17603,200,sp,8,267,0.8269697,0.02939394,10,1,100,random
614,AGR,14,"2026-07-11 12:30:52",117.5,0.855276,7.52991,8.0909,1.03394,0.037816,0.13109,0.73034,0.13858,200,sp,8,267,0.82227273,0.03868788,10,1,100,random
615,AGR,15,"2026-07-11 12:31:01",126.8,0.857373,7.6259,8.0909,1.16376,0.04857,0.1236,0.78277,0.09363,200,sp,8,267,0.81560606,0.04960606,10,1,100,random
616,AGR,16,"2026-07-11 12:31:10",136,0.859582,7.73296,8.0909,1.51095,0.037635,0.09363,0.83895,0.06742,200,sp,8,267,0.8269697,0.03888485,10,1,100,random
617,AGR,17,"2026-07-11 12:31:19",145.2,0.861339,7.81918,8.0909,1.67975,0.039218,0.07865,0.86517,0.05618,200,sp,8,267,0.82757576,0.04020606,10,1,100,random
618,AGR,18,"2026-07-11 12:31:29",154.5,0.86263,7.88383,8.0909,1.85983,0.026698,0.04494,0.93258,0.02247,200,sp,8,267,0.83984848,0.02680606,10,1,100,random
619,AGR,19,"2026-07-11 12:31:38",163.7,0.863524,7.92091,8.0909,1.978,0.040516,0.0412,0.94757,0.01124,200,sp,8,267,0.82909091,0.04061818,10,1,100,random
620,AGR,20,"2026-07-11 12:31:47",172.9,0.864185,7.94934,8.0909,1.89852,0.055155,0.02247,0.94382,0.03371,200,sp,8,267,0.8169697,0.05554848,10,1,100,random
621,RANDOM,1,"2026-07-11 12:31:56",5,0.711885,3.79955,8.2727,0.270274,0.008615,0.58608,0.09524,0.31868,200,sp,8,273,0.70757576,0.00694545,10,1,100,random
622,RANDOM,2,"2026-07-11 12:32:01",9.5,0.709352,3.76883,8.1212,0.289919,0.004198,0.58582,0.11567,0.29851,200,sp,8,268,0.70863636,0.00182424,10,1,100,random
623,RANDOM,3,"2026-07-11 12:32:05",14.1,0.711903,3.812,8.0303,0.327385,-0.010235,0.57358,0.12075,0.30566,200,sp,8,265,0.71893939,-0.01040303,10,1,100,random
624,RANDOM,4,"2026-07-11 12:32:10",18.7,0.710236,3.8139,7.9091,0.318328,0.002838,0.58238,0.11494,0.30268,200,sp,8,261,0.71,0.00171212,10,1,100,random
625,RANDOM,5,"2026-07-11 12:32:14",23.3,0.709115,3.84671,7.8182,0.348347,-0.000563,0.56589,0.13566,0.29845,200,sp,8,258,0.7110606,-0.00452121,10,1,100,random
626,RANDOM,6,"2026-07-11 12:32:19",27.9,0.706742,3.83297,7.7273,0.348536,0.002086,0.57255,0.11373,0.31373,200,sp,8,255,0.70742424,-0.00109697,10,1,100,random
627,RANDOM,7,"2026-07-11 12:32:25",34.1,0.708191,3.83446,7.6364,0.337356,-0.003051,0.5754,0.10317,0.32143,200,sp,8,252,0.71060606,-0.00486364,10,1,100,random
628,RANDOM,8,"2026-07-11 12:32:32",40.4,0.70857,3.83868,7.5455,0.332539,0.003179,0.55823,0.11647,0.3253,200,sp,8,249,0.7069697,0.00347879,10,1,100,random
629,RANDOM,9,"2026-07-11 12:32:38",46.9,0.705936,3.7982,7.4848,0.335255,0.009417,0.55061,0.13765,0.31174,200,sp,8,247,0.70151515,0.00445152,10,1,100,random
630,RANDOM,10,"2026-07-11 12:32:45",53.4,0.704261,3.787,7.4848,0.346279,0.000521,0.5587,0.1336,0.30769,200,sp,8,247,0.70545454,-0.00379697,10,1,100,random
631,RANDOM,11,"2026-07-11 12:32:51",59.9,0.700503,3.76163,7.4545,0.356447,0.00306,0.56504,0.12602,0.30894,200,sp,8,246,0.70121212,-0.00139697,10,1,100,random
632,RANDOM,12,"2026-07-11 12:32:57",66.3,0.699945,3.7598,7.4242,0.358877,0.009884,0.55918,0.14286,0.29796,200,sp,8,245,0.69393939,0.00913939,10,1,100,random
633,RANDOM,13,"2026-07-11 12:33:04",72.6,0.7012,3.78404,7.3636,0.378996,-0.00486,0.55967,0.13169,0.30864,200,sp,8,243,0.705,-0.00699091,10,1,100,random
634,RANDOM,14,"2026-07-11 12:33:10",79,0.697191,3.74977,7.3333,0.356468,-0.00768,0.56198,0.13223,0.30579,200,sp,8,242,0.70515152,-0.00997879,10,1,100,random
635,RANDOM,15,"2026-07-11 12:33:17",85.5,0.696233,3.72078,7.2727,0.355562,-0.007434,0.55833,0.13333,0.30833,200,sp,8,240,0.70272727,-0.0098303,10,1,100,random
636,RANDOM,16,"2026-07-11 12:33:23",91.8,0.693245,3.67181,7.2424,0.357534,-0.00186,0.55649,0.14226,0.30126,200,sp,8,239,0.69666667,-0.00466364,10,1,100,random
637,RANDOM,17,"2026-07-11 12:33:29",98.3,0.692952,3.68885,7.2121,0.371235,0.000993,0.57563,0.10924,0.31513,200,sp,8,238,0.69348485,-0.0027303,10,1,100,random
638,RANDOM,18,"2026-07-11 12:33:36",104.7,0.691085,3.65838,7.1212,0.351709,0.005388,0.57021,0.11489,0.31489,200,sp,8,235,0.68924242,0.00072121,10,1,100,random
639,RANDOM,19,"2026-07-11 12:33:42",111.2,0.693549,3.6938,7.0303,0.35914,0.001554,0.57759,0.09914,0.32328,200,sp,8,232,0.6919697,0.00260606,10,1,100,random
640,RANDOM,20,"2026-07-11 12:33:49",117.7,0.692024,3.69312,6.9697,0.355754,0.000044,0.56522,0.12609,0.3087,200,sp,8,230,0.69378788,-0.00436061,10,1,100,random
641,OI,1,"2026-07-11 17:59:06",5.3,0.724979,4.09028,7.9697,0.374785,-0.016436,0.55133,0.12548,0.32319,200,sp,9,263,0.72878788,-0.0063303,10,1,100,random
642,OI,2,"2026-07-11 17:59:11",10.1,0.745364,4.39061,7.8788,0.415094,-0.001116,0.52692,0.12692,0.34615,200,sp,9,260,0.73742424,0.01095152,10,1,100,random
643,OI,3,"2026-07-11 17:59:16",14.9,0.763755,4.70728,7.8485,0.429407,-0.011885,0.4749,0.21236,0.31274,200,sp,9,259,0.765,-0.00293636,10,1,100,random
644,OI,4,"2026-07-11 17:59:20",19.7,0.778936,5.04129,7.7879,0.531993,-0.016138,0.42023,0.2607,0.31907,200,sp,9,257,0.785,-0.00690606,10,1,100,random
645,OI,5,"2026-07-11 17:59:25",24.4,0.792085,5.36325,7.7879,0.544849,0.002667,0.40078,0.3035,0.29572,200,sp,9,257,0.78454545,0.00959697,10,1,100,random
646,OI,6,"2026-07-11 17:59:30",29.2,0.803997,5.66856,7.7576,0.65776,0.001288,0.35156,0.37891,0.26953,200,sp,9,256,0.79833333,0.00653636,10,1,100,random
647,OI,7,"2026-07-11 17:59:36",35.7,0.815612,5.9933,7.7576,0.720878,-0.003772,0.31641,0.42188,0.26172,200,sp,9,256,0.81393939,0.00155455,10,1,100,random
648,OI,8,"2026-07-11 17:59:43",42.1,0.825109,6.29432,7.7576,0.792972,-0.012425,0.26172,0.49609,0.24219,200,sp,9,256,0.8319697,-0.00913636,10,1,100,random
649,OI,9,"2026-07-11 17:59:49",48.8,0.833261,6.55235,7.7576,0.86709,-0.01566,0.24609,0.51172,0.24219,200,sp,9,256,0.84363636,-0.01243939,10,1,100,random
650,OI,10,"2026-07-11 17:59:56",55.4,0.84017,6.8058,7.7576,0.93949,-0.001633,0.21875,0.59375,0.1875,200,sp,9,256,0.83924242,0.00106667,10,1,100,random
651,OI,11,"2026-07-11 18:00:03",62.3,0.844306,6.96158,7.7576,1.13438,-0.01121,0.19531,0.60938,0.19531,200,sp,9,256,0.8530303,-0.0103,10,1,100,random
652,OI,12,"2026-07-11 18:00:10",69.4,0.84827,7.15479,7.7576,1.14081,-0.010923,0.15234,0.67969,0.16797,200,sp,9,256,0.85666667,-0.00949091,10,1,100,random
653,OI,13,"2026-07-11 18:00:17",76.7,0.851212,7.30561,7.7576,1.17035,-0.007069,0.10938,0.76953,0.12109,200,sp,9,256,0.8569697,-0.00691818,10,1,100,random
654,OI,14,"2026-07-11 18:00:24",83.6,0.852897,7.38612,7.7576,1.33663,-0.002323,0.09375,0.77734,0.12891,200,sp,9,256,0.85530303,-0.00256364,10,1,100,random
655,OI,15,"2026-07-11 18:00:31",90.3,0.854209,7.45077,7.7576,1.25191,-0.00397,0.08984,0.81641,0.09375,200,sp,9,256,0.85818182,-0.00527273,10,1,100,random
656,OI,16,"2026-07-11 18:00:38",96.9,0.855164,7.50573,7.7576,1.55314,-0.000738,0.05469,0.88281,0.0625,200,sp,9,256,0.85651515,-0.00174242,10,1,100,random
657,OI,17,"2026-07-11 18:00:44",103.7,0.85537,7.50919,7.7576,1.68963,0.008551,0.07813,0.85547,0.06641,200,sp,9,256,0.84909091,0.00743333,10,1,100,random
658,OI,18,"2026-07-11 18:00:51",110.5,0.856055,7.52767,7.7576,2.0721,-0.002741,0.05469,0.87891,0.06641,200,sp,9,256,0.85939394,-0.00380606,10,1,100,random
659,OI,19,"2026-07-11 18:00:58",117.2,0.856815,7.55229,7.7576,1.65305,0.0136,0.04688,0.88672,0.06641,200,sp,9,256,0.84590909,0.0121697,10,1,100,random
660,OI,20,"2026-07-11 18:01:05",124.1,0.857555,7.58536,7.7576,1.73944,-0.001807,0.05469,0.88672,0.05859,200,sp,9,256,0.85984849,-0.00285455,10,1,100,random
661,IR,1,"2026-07-11 18:02:22",5.2,0.712373,3.8799,7.8182,0.32765,-0.10313,0.57752,0.10078,0.32171,200,sp,9,258,0.78257576,-0.1012697,10,1,100,random
662,IR,2,"2026-07-11 18:02:27",10,0.718748,3.94298,7.7273,0.339464,-0.099341,0.56471,0.10196,0.33333,200,sp,9,255,0.78757576,-0.09845758,10,1,100,random
663,IR,3,"2026-07-11 18:02:32",14.8,0.725367,4.02891,7.7273,0.341384,-0.109412,0.55294,0.11373,0.33333,200,sp,9,255,0.80196969,-0.10848485,10,1,100,random
664,IR,4,"2026-07-11 18:02:36",19.6,0.729761,4.08925,7.697,0.351842,-0.084313,0.54724,0.1063,0.34646,200,sp,9,254,0.78954545,-0.08388788,10,1,100,random
665,IR,5,"2026-07-11 18:02:41",24.5,0.732879,4.10759,7.6364,0.330486,-0.090121,0.54365,0.12302,0.33333,200,sp,9,252,0.79787879,-0.09151212,10,1,100,random
666,IR,6,"2026-07-11 18:02:46",29.4,0.740227,4.19892,7.5758,0.357202,-0.100719,0.524,0.128,0.348,200,sp,9,250,0.81181818,-0.09860606,10,1,100,random
667,IR,7,"2026-07-11 18:02:53",35.8,0.743221,4.23728,7.5758,0.338433,-0.107539,0.52,0.136,0.344,200,sp,9,250,0.82212121,-0.1083303,10,1,100,random
668,IR,8,"2026-07-11 18:02:59",42.3,0.746955,4.30659,7.4848,0.346317,-0.087813,0.51822,0.1417,0.34008,200,sp,9,247,0.81121212,-0.08861818,10,1,100,random
669,IR,9,"2026-07-11 18:03:06",48.9,0.749006,4.31756,7.4545,0.361502,-0.091548,0.5,0.15447,0.34553,200,sp,9,246,0.8169697,-0.09283636,10,1,100,random
670,IR,10,"2026-07-11 18:03:12",55.6,0.75167,4.35842,7.4242,0.36531,-0.105409,0.49388,0.15918,0.34694,200,sp,9,245,0.83015152,-0.10758182,10,1,100,random
671,IR,11,"2026-07-11 18:03:19",62.4,0.753215,4.37136,7.3939,0.372256,-0.096689,0.4877,0.17623,0.33607,200,sp,9,244,0.82590909,-0.09841212,10,1,100,random
672,IR,12,"2026-07-11 18:03:26",69.2,0.7567,4.41904,7.3333,0.390718,-0.095245,0.4876,0.18182,0.33058,200,sp,9,242,0.82757576,-0.09675455,10,1,100,random
673,IR,13,"2026-07-11 18:03:33",75.9,0.757276,4.40427,7.2727,0.418295,-0.101224,0.49167,0.18333,0.325,200,sp,9,240,0.83424242,-0.1036,10,1,100,random
674,IR,14,"2026-07-11 18:03:39",82.7,0.760533,4.47542,7.2121,0.442304,-0.094816,0.4916,0.18908,0.31933,200,sp,9,238,0.83136364,-0.09498485,10,1,100,random
675,IR,15,"2026-07-11 18:03:46",89.5,0.761394,4.47931,7.1212,0.468323,-0.090209,0.46809,0.21277,0.31915,200,sp,9,235,0.83015151,-0.09197576,10,1,100,random
676,IR,16,"2026-07-11 18:03:53",96.3,0.759703,4.4635,7.0909,0.461214,-0.087498,0.47009,0.2094,0.32051,200,sp,9,234,0.82772727,-0.09152121,10,1,100,random
677,IR,17,"2026-07-11 18:04:00",103.1,0.762788,4.52956,7.0606,0.493472,-0.096114,0.45494,0.2103,0.33476,200,sp,9,233,0.83515151,-0.09642727,10,1,100,random
678,IR,18,"2026-07-11 18:04:07",109.9,0.764761,4.58065,7.0303,0.470128,-0.094812,0.44828,0.21121,0.34052,200,sp,9,232,0.8369697,-0.09652424,10,1,100,random
679,IR,19,"2026-07-11 18:04:13",116.6,0.765961,4.60637,7.0303,0.46573,-0.101743,0.45259,0.21552,0.3319,200,sp,9,232,0.84378788,-0.10402424,10,1,100,random
680,IR,20,"2026-07-11 18:04:20",123.4,0.769018,4.65552,7,0.487551,-0.102958,0.4329,0.22944,0.33766,200,sp,9,231,0.84712121,-0.10412121,10,1,100,random
681,AGR,1,"2026-07-11 18:05:18",7.4,0.722991,4.06697,8,0.358212,0.036065,0.54924,0.11364,0.33712,200,sp,9,264,0.69045454,0.04648182,10,1,100,random
682,AGR,2,"2026-07-11 18:05:25",14.4,0.7391,4.35743,7.9091,0.350245,0.044268,0.5249,0.14559,0.3295,200,sp,9,261,0.70030303,0.05295758,10,1,100,random
683,AGR,3,"2026-07-11 18:05:32",21.4,0.755076,4.66237,7.7576,0.412748,0.041424,0.50391,0.14844,0.34766,200,sp,9,256,0.71742424,0.05059091,10,1,100,random
684,AGR,4,"2026-07-11 18:05:39",28.4,0.770206,4.94961,7.7576,0.445122,0.044436,0.48047,0.17578,0.34375,200,sp,9,256,0.73015152,0.05158788,10,1,100,random
685,AGR,5,"2026-07-11 18:05:46",35.4,0.783988,5.23535,7.697,0.495306,0.054397,0.46063,0.19685,0.34252,200,sp,9,254,0.73621212,0.062,10,1,100,random
686,AGR,6,"2026-07-11 18:05:53",42.7,0.79557,5.50256,7.697,0.548308,0.037692,0.42126,0.24409,0.33465,200,sp,9,254,0.76090908,0.04463636,10,1,100,random
687,AGR,7,"2026-07-11 18:06:02",51.4,0.806142,5.81472,7.697,0.599954,0.034199,0.37795,0.29921,0.32283,200,sp,9,254,0.77454546,0.03967879,10,1,100,random
688,AGR,8,"2026-07-11 18:06:11",60.1,0.815606,6.08853,7.6364,0.661821,0.040033,0.32937,0.34921,0.32143,200,sp,9,252,0.77954546,0.0463,10,1,100,random
689,AGR,9,"2026-07-11 18:06:20",69.3,0.824021,6.36052,7.6364,0.696567,0.047064,0.29365,0.41667,0.28968,200,sp,9,252,0.78227272,0.05177879,10,1,100,random
690,AGR,10,"2026-07-11 18:06:29",78.3,0.831261,6.59838,7.6364,0.76665,0.033451,0.25794,0.44444,0.29762,200,sp,9,252,0.80121212,0.03742727,10,1,100,random
691,AGR,11,"2026-07-11 18:06:38",87.3,0.836652,6.81504,7.6364,0.785842,0.034255,0.22222,0.55159,0.22619,200,sp,9,252,0.80636364,0.03655455,10,1,100,random
692,AGR,12,"2026-07-11 18:06:47",96.3,0.841185,6.97787,7.6364,0.963289,0.037713,0.19048,0.63889,0.17063,200,sp,9,252,0.80833333,0.04054242,10,1,100,random
693,AGR,13,"2026-07-11 18:06:56",105.4,0.845327,7.13716,7.6364,1.12895,0.042354,0.1627,0.69841,0.13889,200,sp,9,252,0.80848484,0.04457879,10,1,100,random
694,AGR,14,"2026-07-11 18:07:05",114.6,0.848794,7.25899,7.6364,1.2671,0.043047,0.10714,0.79365,0.09921,200,sp,9,252,0.81166666,0.04495152,10,1,100,random
695,AGR,15,"2026-07-11 18:07:14",123.7,0.851548,7.37212,7.6364,1.31878,0.036905,0.0754,0.85317,0.07143,200,sp,9,252,0.81969697,0.03810606,10,1,100,random
696,RANDOM,1,"2026-07-11 18:07:24",5,0.704497,3.78753,7.9394,0.309654,-0.00726,0.58779,0.08015,0.33206,200,sp,9,262,0.71090909,-0.01069697,10,1,100,random
697,AGR,16,"2026-07-11 18:07:24",133.4,0.853233,7.43301,7.6364,1.58943,0.043407,0.06349,0.88889,0.04762,200,sp,9,252,0.81636364,0.04466364,10,1,100,random
698,RANDOM,2,"2026-07-11 18:07:29",9.9,0.703315,3.78601,7.8182,0.288278,-0.004041,0.57364,0.0969,0.32946,200,sp,9,258,0.70772727,-0.00748182,10,1,100,random
699,RANDOM,3,"2026-07-11 18:07:33",14.6,0.705221,3.76949,7.6667,0.29231,0.010638,0.56917,0.11858,0.31225,200,sp,9,253,0.69772727,0.00906061,10,1,100,random
700,AGR,17,"2026-07-11 18:07:36",145.2,0.854936,7.48887,7.6364,1.79439,0.053945,0.03175,0.94048,0.02778,200,sp,9,252,0.80878788,0.05458485,10,1,100,random
701,RANDOM,4,"2026-07-11 18:07:38",19.1,0.701188,3.74431,7.6061,0.3236,0.011846,0.57371,0.0996,0.32669,200,sp,9,251,0.69606061,0.00785455,10,1,100,random
702,RANDOM,5,"2026-07-11 18:07:43",23.9,0.701697,3.76683,7.5758,0.309813,0.003833,0.564,0.108,0.328,200,sp,9,250,0.69969697,0.0025303,10,1,100,random
703,AGR,18,"2026-07-11 18:07:46",155,0.85583,7.531,7.6364,1.78829,0.050009,0.02381,0.96825,0.00794,200,sp,9,252,0.81333333,0.04996667,10,1,100,random
704,RANDOM,6,"2026-07-11 18:07:47",28.4,0.701003,3.74287,7.5455,0.299571,0.007035,0.55422,0.1245,0.32129,200,sp,9,249,0.69742424,0.00501212,10,1,100,random
705,RANDOM,7,"2026-07-11 18:07:54",34.9,0.700327,3.73089,7.3939,0.301403,-0.007938,0.55738,0.11475,0.32787,200,sp,9,244,0.70712121,-0.00866061,10,1,100,random
706,AGR,19,"2026-07-11 18:07:56",165.1,0.8564,7.55348,7.6364,1.39833,0.057347,0.0119,0.96825,0.01984,200,sp,9,252,0.80772727,0.0578697,10,1,100,random
707,RANDOM,8,"2026-07-11 18:08:00",41,0.696182,3.70178,7.3636,0.302182,0.007236,0.55967,0.12757,0.31276,200,sp,9,243,0.69409091,0.00165151,10,1,100,random
708,AGR,20,"2026-07-11 18:08:05",174.8,0.85647,7.55154,7.6364,1.27917,0.045184,0.0119,0.96825,0.01984,200,sp,9,252,0.81848485,0.04515455,10,1,100,random
709,RANDOM,9,"2026-07-11 18:08:06",47.4,0.696282,3.70587,7.2121,0.329675,-0.002748,0.57143,0.11765,0.31092,200,sp,9,238,0.69893939,-0.00351818,10,1,100,random
710,RANDOM,10,"2026-07-11 18:08:12",53.5,0.693173,3.67269,7.2121,0.337044,-0.002565,0.56723,0.11765,0.31513,200,sp,9,238,0.69742424,-0.00579091,10,1,100,random
711,RANDOM,11,"2026-07-11 18:08:18",59.5,0.691397,3.63422,7.1212,0.32592,-0.011846,0.57021,0.12766,0.30213,200,sp,9,235,0.70166667,-0.01346061,10,1,100,random
712,RANDOM,12,"2026-07-11 18:08:24",65.5,0.692094,3.6381,7.0303,0.363111,0.011138,0.56466,0.13793,0.29741,200,sp,9,232,0.68515151,0.01213333,10,1,100,random
713,RANDOM,13,"2026-07-11 18:08:31",71.7,0.6914,3.63168,6.9697,0.37286,-0.005632,0.56087,0.13913,0.3,200,sp,9,230,0.69636363,-0.00680606,10,1,100,random
714,RANDOM,14,"2026-07-11 18:08:36",77.6,0.693361,3.65582,6.9394,0.377333,0.009255,0.56769,0.12664,0.30568,200,sp,9,229,0.6869697,0.00723333,10,1,100,random
715,RANDOM,15,"2026-07-11 18:08:43",83.7,0.694045,3.61905,6.8485,0.380666,-0.003226,0.54867,0.15929,0.29204,200,sp,9,226,0.6969697,-0.00358182,10,1,100,random
716,RANDOM,16,"2026-07-11 18:08:49",89.9,0.692394,3.6042,6.7879,0.399195,0.014074,0.54911,0.14732,0.30357,200,sp,9,224,0.68454545,0.01093939,10,1,100,random
717,RANDOM,17,"2026-07-11 18:08:55",96,0.688464,3.5737,6.7576,0.379181,-0.001763,0.55157,0.1435,0.30493,200,sp,9,223,0.69242424,-0.00324242,10,1,100,random
718,RANDOM,18,"2026-07-11 18:09:01",102,0.685358,3.5317,6.697,0.383765,-0.005575,0.55656,0.15385,0.28959,200,sp,9,221,0.69151516,-0.01006364,10,1,100,random
719,RANDOM,19,"2026-07-11 18:09:07",108,0.686461,3.55521,6.697,0.409988,-0.011067,0.55204,0.15837,0.28959,200,sp,9,221,0.69454545,-0.01390909,10,1,100,random
720,RANDOM,20,"2026-07-11 18:09:13",114.1,0.685248,3.5441,6.6667,0.411329,0.013435,0.54545,0.16818,0.28636,200,sp,9,220,0.67787879,0.01066667,10,1,100,random
721,OI,1,"2026-07-11 18:42:49",5.3,0.728633,4.13116,8.2727,0.377628,-0.020549,0.55678,0.12454,0.31868,200,sp,10,273,0.73545455,-0.00989394,10,1,100,random
722,OI,2,"2026-07-11 18:42:53",10,0.746109,4.40691,8.1818,0.409436,-0.00587,0.51481,0.17778,0.30741,200,sp,10,270,0.74333333,0.00367576,10,1,100,random
723,OI,3,"2026-07-11 18:42:58",14.8,0.765815,4.79942,8.1515,0.471603,-0.028694,0.47584,0.2119,0.31227,200,sp,10,269,0.77924243,-0.01738788,10,1,100,random
724,OI,4,"2026-07-11 18:43:03",19.5,0.782515,5.15006,8.1212,0.540681,-0.017243,0.4403,0.24254,0.31716,200,sp,10,268,0.78893939,-0.00769091,10,1,100,random
725,OI,5,"2026-07-11 18:43:08",24.3,0.7977,5.53952,8.0909,0.57,-0.004773,0.40449,0.26592,0.32959,200,sp,10,267,0.79530303,0.00355152,10,1,100,random
726,OI,6,"2026-07-11 18:43:12",29.2,0.808588,5.84905,8.0606,0.600778,-0.010217,0.35338,0.36842,0.2782,200,sp,10,266,0.81257576,-0.00422424,10,1,100,random
727,OI,7,"2026-07-11 18:43:19",35.7,0.819464,6.1828,8.0606,0.751851,-0.009002,0.31203,0.3797,0.30827,200,sp,10,266,0.82272727,-0.00376061,10,1,100,random
728,OI,8,"2026-07-11 18:43:26",42.2,0.826636,6.43223,8.0606,0.719142,-0.001761,0.26692,0.47368,0.2594,200,sp,10,266,0.82575758,0.00114848,10,1,100,random
729,OI,9,"2026-07-11 18:43:32",49,0.833018,6.64302,8.0606,0.811227,-0.003872,0.24812,0.48496,0.26692,200,sp,10,266,0.83424243,-0.00083636,10,1,100,random
730,OI,10,"2026-07-11 18:43:39",55.8,0.839236,6.88438,8,0.83745,-0.012553,0.2197,0.57955,0.20076,200,sp,10,264,0.84787879,-0.00920303,10,1,100,random
731,OI,11,"2026-07-11 18:43:46",62.5,0.843379,7.10629,8,1.05939,-0.022754,0.18182,0.63258,0.18561,200,sp,10,264,0.86181818,-0.02239091,10,1,100,random
732,OI,12,"2026-07-11 18:43:52",69.1,0.84747,7.28177,8,1.11356,-0.011164,0.15152,0.68182,0.16667,200,sp,10,264,0.8560606,-0.01053636,10,1,100,random
733,OI,13,"2026-07-11 18:43:59",75.8,0.851182,7.44084,8,1.12875,-0.016539,0.14394,0.71591,0.14015,200,sp,10,264,0.86454545,-0.01558182,10,1,100,random
734,OI,14,"2026-07-11 18:44:06",82.5,0.853164,7.5549,8,1.37584,-0.007632,0.125,0.73864,0.13636,200,sp,10,264,0.85984849,-0.00763939,10,1,100,random
735,OI,15,"2026-07-11 18:44:12",89.1,0.855052,7.64786,8,1.35005,-0.003398,0.10606,0.80303,0.09091,200,sp,10,264,0.85833333,-0.00401515,10,1,100,random
736,OI,16,"2026-07-11 18:44:19",95.9,0.856248,7.69757,8,1.79316,-0.007951,0.06818,0.82197,0.10985,200,sp,10,264,0.86378788,-0.00862727,10,1,100,random
737,OI,17,"2026-07-11 18:44:26",102.6,0.856748,7.72035,8,1.24303,0.003819,0.06818,0.84848,0.08333,200,sp,10,264,0.85454545,0.0026303,10,1,100,random
738,OI,18,"2026-07-11 18:44:33",109.3,0.8578,7.75913,8,1.54674,-0.01465,0.07955,0.85227,0.06818,200,sp,10,264,0.87106061,-0.01573636,10,1,100,random
739,OI,19,"2026-07-11 18:44:39",116.2,0.858376,7.79709,8,2.21157,-0.008217,0.03409,0.88636,0.07955,200,sp,10,264,0.86636363,-0.00931515,10,1,100,random
740,OI,20,"2026-07-11 18:44:46",122.9,0.859251,7.84677,8,1.32179,-0.000488,0.0303,0.93939,0.0303,200,sp,10,264,0.86030302,-0.00119394,10,1,100,random
741,IR,1,"2026-07-11 18:44:56",5.4,0.714691,3.92346,8.303,0.326109,-0.106892,0.57664,0.10219,0.32117,200,sp,10,274,0.7880303,-0.10585151,10,1,100,random
742,IR,2,"2026-07-11 18:45:01",10.2,0.720685,4.01929,8.1818,0.317407,-0.103789,0.55926,0.12222,0.31852,200,sp,10,270,0.79318182,-0.10356667,10,1,100,random
743,IR,3,"2026-07-11 18:45:06",15.3,0.723948,4.01207,7.9697,0.331579,-0.101524,0.56654,0.11787,0.31559,200,sp,10,263,0.79636364,-0.10399697,10,1,100,random
744,IR,4,"2026-07-11 18:45:11",20.1,0.729658,4.09215,7.8182,0.361703,-0.097041,0.56202,0.12016,0.31783,200,sp,10,258,0.79803031,-0.09750909,10,1,100,random
745,IR,5,"2026-07-11 18:45:16",25,0.735267,4.13573,7.7273,0.382255,-0.098302,0.54118,0.1451,0.31373,200,sp,10,255,0.80545454,-0.09773939,10,1,100,random
746,IR,6,"2026-07-11 18:45:21",29.9,0.735142,4.14708,7.6667,0.381738,-0.088111,0.5415,0.14229,0.31621,200,sp,10,253,0.80075757,-0.09247879,10,1,100,random
747,IR,7,"2026-07-11 18:45:27",36.6,0.738348,4.20315,7.6364,0.389618,-0.100683,0.53175,0.13889,0.32937,200,sp,10,252,0.81166667,-0.10312727,10,1,100,random
748,IR,8,"2026-07-11 18:45:34",43.2,0.737609,4.20373,7.6061,0.365226,-0.090238,0.5259,0.14343,0.33068,200,sp,10,251,0.80530303,-0.09556667,10,1,100,random
749,IR,9,"2026-07-11 18:45:41",50.1,0.742845,4.26082,7.5758,0.376169,-0.101038,0.516,0.148,0.336,200,sp,10,250,0.81621213,-0.1019,10,1,100,random
750,IR,10,"2026-07-11 18:45:48",56.9,0.742724,4.26137,7.5152,0.362367,-0.09877,0.50806,0.14113,0.35081,200,sp,10,248,0.81681818,-0.10193333,10,1,100,random
751,IR,11,"2026-07-11 18:45:54",63.7,0.744258,4.2855,7.3636,0.349659,-0.092999,0.50206,0.15638,0.34156,200,sp,10,243,0.81333333,-0.09610606,10,1,100,random
752,IR,12,"2026-07-11 18:46:01",70.6,0.749094,4.34643,7.3333,0.382455,-0.092141,0.48347,0.17355,0.34298,200,sp,10,242,0.81636363,-0.09325758,10,1,100,random
753,IR,13,"2026-07-11 18:46:08",77.4,0.75347,4.41558,7.2424,0.388481,-0.094103,0.46025,0.20084,0.33891,200,sp,10,239,0.82272727,-0.09503939,10,1,100,random
754,IR,14,"2026-07-11 18:46:15",84.2,0.755288,4.44492,7.2424,0.406715,-0.092344,0.46862,0.1841,0.34728,200,sp,10,239,0.82469697,-0.09293333,10,1,100,random
755,IR,15,"2026-07-11 18:46:22",91,0.756297,4.44558,7.1818,0.39892,-0.097545,0.47257,0.18565,0.34177,200,sp,10,237,0.83015152,-0.09971212,10,1,100,random
756,IR,16,"2026-07-11 18:46:28",97.8,0.756518,4.4557,7.1212,0.410293,-0.09283,0.46809,0.18298,0.34894,200,sp,10,235,0.82727273,-0.09587273,10,1,100,random
757,IR,17,"2026-07-11 18:46:35",104.6,0.759242,4.48998,7.1212,0.412403,-0.097746,0.46383,0.20851,0.32766,200,sp,10,235,0.83257575,-0.09943636,10,1,100,random
758,IR,18,"2026-07-11 18:46:42",111.5,0.759339,4.48182,7.1212,0.441216,-0.096404,0.44681,0.20426,0.34894,200,sp,10,235,0.83303031,-0.09953939,10,1,100,random
759,IR,19,"2026-07-11 18:46:49",118.3,0.7627,4.54575,7.1212,0.409541,-0.085679,0.44255,0.21277,0.34468,200,sp,10,235,0.82681819,-0.08619697,10,1,100,random
760,IR,20,"2026-07-11 18:46:56",125,0.763409,4.53537,7.1212,0.427699,-0.089398,0.45106,0.19574,0.35319,200,sp,10,235,0.8319697,-0.09201212,10,1,100,random
761,AGR,1,"2026-07-11 18:47:04",7.5,0.726282,4.14573,8.3939,0.352041,0.035006,0.5704,0.1083,0.3213,200,sp,10,277,0.69378788,0.04608485,10,1,100,random
762,AGR,2,"2026-07-11 18:47:11",14.8,0.740176,4.42162,8.2727,0.355086,0.044206,0.54579,0.12454,0.32967,200,sp,10,273,0.70257576,0.0506,10,1,100,random
763,AGR,3,"2026-07-11 18:47:19",21.9,0.755142,4.70278,8.1818,0.384238,0.038974,0.51852,0.15185,0.32963,200,sp,10,270,0.71999999,0.04883636,10,1,100,random
764,AGR,4,"2026-07-11 18:47:26",29.1,0.770103,5.04495,8.1212,0.443988,0.03122,0.47388,0.1791,0.34701,200,sp,10,268,0.74015152,0.04025152,10,1,100,random
765,AGR,5,"2026-07-11 18:47:33",36.3,0.782948,5.31604,8.0909,0.445096,0.056903,0.45318,0.1985,0.34831,200,sp,10,267,0.73363636,0.06422424,10,1,100,random
766,AGR,6,"2026-07-11 18:47:40",43.6,0.794921,5.66012,8.0606,0.511127,0.038489,0.42105,0.24812,0.33083,200,sp,10,266,0.75984848,0.04498182,10,1,100,random
767,AGR,7,"2026-07-11 18:47:49",52.4,0.805209,5.94895,8.0606,0.568087,0.040146,0.38722,0.28571,0.32707,200,sp,10,266,0.76909091,0.04608788,10,1,100,random
768,AGR,8,"2026-07-11 18:47:58",61.2,0.814036,6.20542,8.0606,0.611091,0.041469,0.36466,0.30075,0.33459,200,sp,10,266,0.77712121,0.04800303,10,1,100,random
769,AGR,9,"2026-07-11 18:48:07",70.4,0.821742,6.44838,8.0606,0.640506,0.047277,0.33083,0.32331,0.34586,200,sp,10,266,0.78030303,0.05043636,10,1,100,random
770,AGR,10,"2026-07-11 18:48:16",79.5,0.828518,6.66787,8.0606,0.643988,0.048116,0.29323,0.40226,0.30451,200,sp,10,266,0.78651515,0.05357576,10,1,100,random
771,AGR,11,"2026-07-11 18:48:25",88.7,0.834455,6.88416,8.0303,0.740083,0.038717,0.24906,0.49057,0.26038,200,sp,10,265,0.80030303,0.04109394,10,1,100,random
772,AGR,12,"2026-07-11 18:48:34",97.8,0.840485,7.10647,8,0.829843,0.035861,0.2197,0.56818,0.21212,200,sp,10,264,0.80833333,0.03972424,10,1,100,random
773,AGR,13,"2026-07-11 18:48:43",106.9,0.845009,7.2792,8,0.989916,0.034024,0.18561,0.61364,0.20076,200,sp,10,264,0.81515151,0.03661212,10,1,100,random
774,AGR,14,"2026-07-11 18:48:53",116,0.849009,7.45125,8,1.02926,0.028331,0.15152,0.68939,0.15909,200,sp,10,264,0.82393939,0.03018485,10,1,100,random
775,AGR,15,"2026-07-11 18:49:02",125.1,0.852112,7.57767,8,1.19732,0.042452,0.10985,0.77652,0.11364,200,sp,10,264,0.81545454,0.04444545,10,1,100,random
776,AGR,16,"2026-07-11 18:49:11",134.3,0.854994,7.68549,8,1.27637,0.043649,0.07955,0.8447,0.07576,200,sp,10,264,0.81727272,0.04556061,10,1,100,random
777,AGR,17,"2026-07-11 18:49:20",143.5,0.857458,7.78412,8,1.58754,0.041145,0.06818,0.89394,0.03788,200,sp,10,264,0.82181818,0.04262727,10,1,100,random
778,AGR,18,"2026-07-11 18:49:29",152.6,0.858773,7.83128,8,2.28209,0.046597,0.05303,0.92803,0.01894,200,sp,10,264,0.81893939,0.04745151,10,1,100,random
779,AGR,19,"2026-07-11 18:49:38",161.7,0.860091,7.87722,8,2.23459,0.049469,0.02652,0.95076,0.02273,200,sp,10,264,0.81772728,0.05006667,10,1,100,random
780,AGR,20,"2026-07-11 18:49:47",170.8,0.860379,7.87985,8,1.5995,0.055535,0.01136,0.95833,0.0303,200,sp,10,264,0.81333333,0.05580606,10,1,100,random
781,RANDOM,1,"2026-07-11 19:24:21",4.7,0.704415,3.82188,8.303,0.308337,0.006652,0.59854,0.10949,0.29197,200,sp,10,274,0.70242424,0.00232424,10,1,100,random
782,RANDOM,2,"2026-07-11 19:24:26",8.9,0.705058,3.83834,8.1515,0.340855,-0.003086,0.57621,0.13383,0.28996,200,sp,10,269,0.70787878,-0.00330606,10,1,100,random
783,RANDOM,3,"2026-07-11 19:24:30",13.1,0.701058,3.76724,7.9697,0.342809,0.001162,0.57795,0.11407,0.30798,200,sp,10,263,0.70318181,-0.00262121,10,1,100,random
784,RANDOM,4,"2026-07-11 19:24:34",17.3,0.698958,3.76238,7.8788,0.322525,0.005626,0.57308,0.11538,0.31154,200,sp,10,260,0.69696969,0.00544848,10,1,100,random
785,RANDOM,5,"2026-07-11 19:24:38",21.6,0.698809,3.76455,7.697,0.31969,0.002465,0.56693,0.11811,0.31496,200,sp,10,254,0.69833333,-0.00066667,10,1,100,random
786,RANDOM,6,"2026-07-11 19:24:42",25.9,0.698258,3.75237,7.6061,0.325118,-0.003835,0.56175,0.12351,0.31474,200,sp,10,251,0.70212121,-0.00582727,10,1,100,random
787,RANDOM,7,"2026-07-11 19:24:49",32,0.696179,3.72876,7.4848,0.32942,0.015246,0.57085,0.11741,0.31174,200,sp,10,247,0.68742424,0.01276061,10,1,100,random
788,RANDOM,8,"2026-07-11 19:24:55",37.9,0.694558,3.70413,7.3636,0.333539,-0.001872,0.5679,0.13169,0.30041,200,sp,10,243,0.69742424,-0.00278788,10,1,100,random
789,RANDOM,9,"2026-07-11 19:25:01",44.1,0.695627,3.74275,7.3333,0.369363,-0.012494,0.56612,0.13223,0.30165,200,sp,10,242,0.70454546,-0.01462727,10,1,100,random
790,RANDOM,10,"2026-07-11 19:25:07",50.6,0.694285,3.73168,7.2727,0.367875,0.01664,0.5625,0.1375,0.3,200,sp,10,240,0.68424242,0.01594848,10,1,100,random
791,RANDOM,11,"2026-07-11 19:25:13",56.7,0.69187,3.70292,7.1818,0.370061,0.008162,0.56118,0.12236,0.31646,200,sp,10,237,0.68818181,0.00667576,10,1,100,random
792,RANDOM,12,"2026-07-11 19:25:19",62.9,0.696197,3.76228,7.1818,0.365987,0.005,0.5443,0.15612,0.29958,200,sp,10,237,0.69166667,0.00558788,10,1,100,random
793,RANDOM,13,"2026-07-11 19:25:26",69.1,0.694164,3.69859,7.1818,0.370061,-0.000461,0.54008,0.16034,0.29958,200,sp,10,237,0.69651516,-0.00228182,10,1,100,random
794,RANDOM,14,"2026-07-11 19:25:32",75.2,0.689439,3.66184,7.1212,0.356839,-0.001319,0.54468,0.16596,0.28936,200,sp,10,235,0.69363636,-0.00672424,10,1,100,random
795,RANDOM,15,"2026-07-11 19:25:38",81.3,0.693536,3.71598,7.0303,0.390917,-0.01795,0.5431,0.15517,0.30172,200,sp,10,232,0.70484848,-0.01230909,10,1,100,random
796,RANDOM,16,"2026-07-11 19:25:44",87.4,0.695788,3.75525,6.9394,0.385348,-0.002226,0.54148,0.16157,0.29694,200,sp,10,229,0.69742424,-0.00178485,10,1,100,random
797,RANDOM,17,"2026-07-11 19:25:50",93.5,0.695476,3.75511,6.8788,0.393633,-0.01057,0.53304,0.17181,0.29515,200,sp,10,227,0.70393939,-0.0133,10,1,100,random
798,RANDOM,18,"2026-07-11 19:25:56",99.8,0.696694,3.75286,6.8485,0.401172,-0.007937,0.52655,0.17257,0.30088,200,sp,10,226,0.70257576,-0.00850303,10,1,100,random
799,RANDOM,19,"2026-07-11 19:26:02",105.9,0.696164,3.74163,6.8485,0.393049,0.007973,0.53982,0.15044,0.30973,200,sp,10,226,0.69196969,0.00493636,10,1,100,random
800,RANDOM,20,"2026-07-11 19:26:09",112,0.695621,3.72037,6.8182,0.385956,-0.0124,0.52889,0.16889,0.30222,200,sp,10,225,0.70530303,-0.01263333,10,1,100,random
801,OI,1,"2026-07-11 20:17:27",5.2,0.723758,4.06775,8.0303,0.343083,-0.020977,0.54717,0.12453,0.3283,200,sp,11,265,0.72984849,-0.00981212,10,1,100,random
802,OI,2,"2026-07-11 20:17:32",10,0.744794,4.40115,7.9697,0.399719,-0.009639,0.51331,0.15589,0.3308,200,sp,11,263,0.7430303,0.00377879,10,1,100,random
803,OI,3,"2026-07-11 20:17:37",14.7,0.762494,4.76895,7.9091,0.448603,-0.013371,0.45594,0.20307,0.341,200,sp,11,261,0.76530303,-0.00523333,10,1,100,random
804,OI,4,"2026-07-11 20:17:42",19.5,0.775549,5.05729,7.9091,0.470403,-0.026168,0.42146,0.2567,0.32184,200,sp,11,261,0.79075757,-0.02034242,10,1,100,random
805,OI,5,"2026-07-11 20:17:47",24.3,0.788924,5.37932,7.8788,0.547875,-0.015807,0.40385,0.23846,0.35769,200,sp,11,260,0.79590909,-0.00905758,10,1,100,random
806,OI,6,"2026-07-11 20:17:51",29.2,0.801009,5.66535,7.8788,0.528895,-0.008055,0.37692,0.28462,0.33846,200,sp,11,260,0.80257576,-0.00137273,10,1,100,random
807,OI,7,"2026-07-11 20:17:58",35.7,0.811352,5.93055,7.8788,0.605888,-0.005368,0.34231,0.35385,0.30385,200,sp,11,260,0.8119697,-0.00002424,10,1,100,random
808,OI,8,"2026-07-11 20:18:04",42.2,0.821055,6.21839,7.8788,0.727156,-0.003656,0.32308,0.37308,0.30385,200,sp,11,260,0.82060606,0,10,1,100,random
809,OI,9,"2026-07-11 20:18:11",49,0.829306,6.49971,7.8788,0.770631,-0.009476,0.26538,0.44231,0.29231,200,sp,11,260,0.83424242,-0.00498182,10,1,100,random
810,OI,10,"2026-07-11 20:18:18",55.9,0.836406,6.74296,7.8788,0.793648,-0.003479,0.23462,0.53462,0.23077,200,sp,11,260,0.8369697,-0.00077576,10,1,100,random
811,OI,11,"2026-07-11 20:18:25",62.7,0.841915,6.95716,7.8788,0.977894,-0.003643,0.2,0.59231,0.20769,200,sp,11,260,0.84348485,-0.00179091,10,1,100,random
812,OI,12,"2026-07-11 20:18:32",69.4,0.845679,7.10906,7.8788,1.00341,-0.00409,0.17308,0.66154,0.16538,200,sp,11,260,0.84833333,-0.00390606,10,1,100,random
813,OI,13,"2026-07-11 20:18:38",76,0.849897,7.31165,7.8485,1.20426,-0.008355,0.11969,0.74517,0.13514,200,sp,11,259,0.85606061,-0.00740303,10,1,100,random
814,OI,14,"2026-07-11 20:18:45",82.6,0.852291,7.42577,7.8485,1.25419,-0.001554,0.11197,0.78764,0.10039,200,sp,11,259,0.85348485,-0.00163939,10,1,100,random
815,OI,15,"2026-07-11 20:18:52",89.3,0.853982,7.50698,7.8485,1.6769,0.008961,0.09653,0.80695,0.09653,200,sp,11,259,0.84666667,0.00866061,10,1,100,random
816,OI,16,"2026-07-11 20:18:58",96,0.855158,7.56677,7.8485,1.6074,-0.007258,0.05792,0.861,0.08108,200,sp,11,259,0.86196969,-0.00838788,10,1,100,random
817,OI,17,"2026-07-11 20:19:05",102.7,0.855958,7.59438,7.8485,1.47173,-0.006415,0.08108,0.86486,0.05405,200,sp,11,259,0.86212121,-0.0073303,10,1,100,random
818,OI,18,"2026-07-11 20:19:12",109.3,0.856485,7.63316,7.8485,2.46492,0.006808,0.05405,0.87645,0.0695,200,sp,11,259,0.85136364,0.00576061,10,1,100,random
819,OI,19,"2026-07-11 20:19:18",116.1,0.857158,7.66353,7.8485,1.78546,-0.003724,0.04633,0.90347,0.05019,200,sp,11,259,0.86106061,-0.00476667,10,1,100,random
820,OI,20,"2026-07-11 20:19:25",123,0.857188,7.6574,7.8485,1.86272,-0.001767,0.05792,0.88031,0.06178,200,sp,11,259,0.85969698,-0.00276667,10,1,100,random
821,IR,1,"2026-07-11 20:19:27",5.5,0.707497,3.82848,8,0.286496,-0.089992,0.58333,0.10985,0.30682,200,sp,11,264,0.76924243,-0.0878697,10,1,100,random
822,IR,2,"2026-07-11 20:19:32",10.3,0.713948,3.91986,7.9091,0.331226,-0.099988,0.56705,0.11494,0.31801,200,sp,11,261,0.78272727,-0.1015303,10,1,100,random
823,IR,3,"2026-07-11 20:19:37",15.1,0.717985,3.95486,7.8485,0.329904,-0.095349,0.55598,0.12355,0.32046,200,sp,11,259,0.785,-0.09616061,10,1,100,random
824,IR,4,"2026-07-11 20:19:42",19.9,0.722624,4.01732,7.7879,0.339869,-0.101509,0.54475,0.12062,0.33463,200,sp,11,257,0.79424243,-0.10248485,10,1,100,random
825,IR,5,"2026-07-11 20:19:47",24.7,0.726618,4.05145,7.697,0.326188,-0.090445,0.54724,0.12205,0.33071,200,sp,11,254,0.79090908,-0.09102121,10,1,100,random
826,IR,6,"2026-07-11 20:19:52",29.7,0.731042,4.1204,7.6061,0.346665,-0.109064,0.52988,0.14343,0.32669,200,sp,11,251,0.80924242,-0.11180303,10,1,100,random
827,IR,7,"2026-07-11 20:19:58",36.3,0.732867,4.15616,7.6061,0.359801,-0.099585,0.52988,0.14741,0.32271,200,sp,11,251,0.80575758,-0.1031697,10,1,100,random
828,IR,8,"2026-07-11 20:20:05",43.2,0.737155,4.20893,7.5152,0.37595,-0.096477,0.52016,0.14113,0.33871,200,sp,11,248,0.80681818,-0.09870606,10,1,100,random
829,IR,9,"2026-07-11 20:20:13",50.7,0.740924,4.26679,7.3939,0.355578,-0.092747,0.5041,0.15984,0.33607,200,sp,11,244,0.80833333,-0.09403333,10,1,100,random
830,IR,10,"2026-07-11 20:20:20",57.6,0.743873,4.30051,7.3333,0.376692,-0.10031,0.49174,0.16942,0.33884,200,sp,11,242,0.81757575,-0.10260303,10,1,100,random
831,IR,11,"2026-07-11 20:20:26",64.5,0.747548,4.36575,7.303,0.382253,-0.095455,0.49793,0.14938,0.3527,200,sp,11,241,0.81742424,-0.09643939,10,1,100,random
832,IR,12,"2026-07-11 20:20:33",71.3,0.750533,4.41132,7.2424,0.376844,-0.09845,0.48536,0.16318,0.35146,200,sp,11,239,0.82348485,-0.09833939,10,1,100,random
833,IR,13,"2026-07-11 20:20:40",78,0.753894,4.47066,7.1818,0.391888,-0.098594,0.48101,0.14768,0.37131,200,sp,11,237,0.8269697,-0.10011212,10,1,100,random
834,IR,14,"2026-07-11 20:20:47",84.7,0.754855,4.47175,7.1515,0.359265,-0.106325,0.5,0.13983,0.36017,200,sp,11,236,0.83530303,-0.10980909,10,1,100,random
835,IR,15,"2026-07-11 20:20:53",91.5,0.752758,4.45773,7.1212,0.380313,-0.100425,0.47234,0.17021,0.35745,200,sp,11,235,0.83015151,-0.10605152,10,1,100,random
836,IR,16,"2026-07-11 20:21:00",98.2,0.753955,4.47452,7.0909,0.383629,-0.097592,0.47009,0.18376,0.34615,200,sp,11,234,0.82757576,-0.10047879,10,1,100,random
837,IR,17,"2026-07-11 20:21:07",105,0.754958,4.48197,7.0303,0.407832,-0.095742,0.46552,0.18966,0.34483,200,sp,11,232,0.82727273,-0.09925151,10,1,100,random
838,IR,18,"2026-07-11 20:21:14",111.9,0.757533,4.5297,7.0303,0.424179,-0.087326,0.44828,0.19828,0.35345,200,sp,11,232,0.82287879,-0.0897303,10,1,100,random
839,IR,19,"2026-07-11 20:21:21",118.6,0.758879,4.56073,6.9697,0.3993,-0.104221,0.46087,0.18696,0.35217,200,sp,11,230,0.83787879,-0.10753939,10,1,100,random
840,IR,20,"2026-07-11 20:21:28",125.5,0.759488,4.55924,6.8788,0.417651,-0.095252,0.43612,0.22026,0.34361,200,sp,11,227,0.83227273,-0.09975151,10,1,100,random
841,AGR,1,"2026-07-11 20:34:03",7.9,0.720679,4.04662,8.1515,0.312659,0.043917,0.56134,0.12268,0.31599,200,sp,11,269,0.68242424,0.05425758,10,1,100,random
842,AGR,2,"2026-07-11 20:34:10",15.2,0.737618,4.34826,8.0909,0.364571,0.040819,0.53933,0.14232,0.31835,200,sp,11,267,0.70075757,0.04999091,10,1,100,random
843,AGR,3,"2026-07-11 20:34:17",22.6,0.754476,4.66701,7.9394,0.408735,0.040578,0.51527,0.15649,0.32824,200,sp,11,262,0.71712121,0.04870606,10,1,100,random
844,AGR,4,"2026-07-11 20:34:25",29.9,0.766933,4.92988,7.9091,0.441097,0.045675,0.49042,0.18774,0.32184,200,sp,11,261,0.72696969,0.05337879,10,1,100,random
845,AGR,5,"2026-07-11 20:34:32",37.2,0.780421,5.23906,7.9091,0.501884,0.029897,0.44444,0.2069,0.34866,200,sp,11,261,0.75181817,0.03690909,10,1,100,random
846,AGR,6,"2026-07-11 20:34:40",44.7,0.790824,5.5395,7.9091,0.48165,0.037609,0.43678,0.2069,0.35632,200,sp,11,261,0.75712121,0.04511212,10,1,100,random
847,AGR,7,"2026-07-11 20:34:49",53.8,0.801688,5.82794,7.9091,0.524928,0.028186,0.39847,0.22989,0.37165,200,sp,11,261,0.775,0.03402727,10,1,100,random
848,AGR,8,"2026-07-11 20:34:58",62.9,0.811767,6.09154,7.9091,0.532442,0.03956,0.35249,0.28736,0.36015,200,sp,11,261,0.77590908,0.04603939,10,1,100,random
849,AGR,9,"2026-07-11 20:35:07",72.2,0.820103,6.34278,7.9091,0.569876,0.035796,0.34483,0.31801,0.33716,200,sp,11,261,0.78772727,0.04048182,10,1,100,random
850,AGR,10,"2026-07-11 20:35:16",81.6,0.826627,6.57059,7.9091,0.66308,0.039988,0.30268,0.38697,0.31034,200,sp,11,261,0.79151515,0.04404545,10,1,100,random
851,AGR,11,"2026-07-11 20:35:26",91.1,0.832836,6.7812,7.9091,0.705123,0.040708,0.2682,0.44061,0.29119,200,sp,11,261,0.7969697,0.04435152,10,1,100,random
852,AGR,12,"2026-07-11 20:35:35",100.4,0.839194,6.99021,7.9091,0.801447,0.024455,0.24138,0.51724,0.24138,200,sp,11,261,0.81666667,0.02767879,10,1,100,random
853,AGR,13,"2026-07-11 20:35:45",109.7,0.844652,7.2042,7.9091,0.95148,0.036521,0.21456,0.59387,0.19157,200,sp,11,261,0.81212122,0.03983333,10,1,100,random
854,AGR,14,"2026-07-11 20:35:54",119.1,0.8495,7.36937,7.9091,1.13869,0.043246,0.16858,0.68199,0.14943,200,sp,11,261,0.81136363,0.04528485,10,1,100,random
855,AGR,15,"2026-07-11 20:36:03",128.6,0.853194,7.49672,7.9091,1.28511,0.031182,0.1341,0.75096,0.11494,200,sp,11,261,0.82575758,0.03250606,10,1,100,random
856,AGR,16,"2026-07-11 20:36:13",138.2,0.855909,7.59292,7.9091,1.49915,0.032469,0.08429,0.85824,0.05747,200,sp,11,261,0.82772727,0.03351212,10,1,100,random
857,AGR,17,"2026-07-11 20:36:22",147.6,0.857473,7.6723,7.9091,2.03387,0.048146,0.0613,0.89272,0.04598,200,sp,11,261,0.81621212,0.04892727,10,1,100,random
858,AGR,18,"2026-07-11 20:36:32",157.1,0.858567,7.72214,7.9091,1.94191,0.047019,0.04215,0.91571,0.04215,200,sp,11,261,0.81848485,0.04730303,10,1,100,random
859,AGR,19,"2026-07-11 20:36:42",166.7,0.859048,7.75413,7.9091,1.68475,0.049379,0.04215,0.93103,0.02682,200,sp,11,261,0.81712121,0.04977879,10,1,100,random
860,AGR,20,"2026-07-11 20:36:51",176.1,0.859673,7.80517,7.9091,1.95383,0.049897,0.01916,0.97318,0.00766,200,sp,11,261,0.81727272,0.05014242,10,1,100,random
861,RANDOM,1,"2026-07-11 20:43:04",4.5,0.703642,3.77453,8.0303,0.279259,-0.007306,0.58868,0.09811,0.31321,200,sp,11,265,0.7089394,-0.00779394,10,1,100,random
862,RANDOM,2,"2026-07-11 20:43:08",8.8,0.703273,3.7466,7.9091,0.307105,0.003237,0.57854,0.11111,0.31034,200,sp,11,261,0.70227273,0.00080303,10,1,100,random
863,RANDOM,3,"2026-07-11 20:43:12",13.1,0.700858,3.73744,7.8182,0.313834,-0.007239,0.5814,0.1124,0.3062,200,sp,11,258,0.70803031,-0.00893636,10,1,100,random
864,RANDOM,4,"2026-07-11 20:43:16",17.3,0.701239,3.72869,7.697,0.32636,-0.013301,0.56693,0.13386,0.29921,200,sp,11,254,0.71106061,-0.01566061,10,1,100,random
865,RANDOM,5,"2026-07-11 20:43:21",21.5,0.700424,3.69557,7.6364,0.334374,0.002048,0.55952,0.12698,0.31349,200,sp,11,252,0.70030303,0.00039091,10,1,100,random
866,RANDOM,6,"2026-07-11 20:43:25",25.7,0.700385,3.72388,7.5455,0.319535,-0.004168,0.5502,0.14056,0.30924,200,sp,11,249,0.70439394,-0.00445455,10,1,100,random
867,RANDOM,7,"2026-07-11 20:43:31",31.5,0.69537,3.65531,7.5152,0.316145,0.01138,0.56048,0.12903,0.31048,200,sp,11,248,0.69075758,0.00565152,10,1,100,random
868,RANDOM,8,"2026-07-11 20:43:37",37.5,0.69347,3.64701,7.4848,0.320031,0.007503,0.5587,0.13765,0.30364,200,sp,11,247,0.69030303,0.00162121,10,1,100,random
869,RANDOM,9,"2026-07-11 20:43:43",43.6,0.691076,3.62993,7.4242,0.338843,-0.005869,0.55918,0.13878,0.30204,200,sp,11,245,0.69712121,-0.00885758,10,1,100,random
870,RANDOM,10,"2026-07-11 20:43:49",49.9,0.691567,3.64923,7.3636,0.349572,-0.002392,0.5679,0.13992,0.29218,200,sp,11,243,0.69424242,-0.0046303,10,1,100,random
871,RANDOM,11,"2026-07-11 20:43:55",56,0.690521,3.64835,7.303,0.364153,0.000055,0.55602,0.15768,0.28631,200,sp,11,241,0.69212121,-0.0048,10,1,100,random
872,RANDOM,12,"2026-07-11 20:44:01",62.2,0.686573,3.62737,7.2424,0.376425,0.014561,0.5523,0.15481,0.29289,200,sp,11,239,0.67954545,0.0108303,10,1,100,random
873,RANDOM,13,"2026-07-11 20:44:07",68.3,0.686273,3.61807,7.1818,0.368589,-0.000407,0.55274,0.14346,0.3038,200,sp,11,237,0.68787879,-0.00225455,10,1,100,random
874,RANDOM,14,"2026-07-11 20:44:13",74.3,0.683282,3.58015,7.1515,0.356383,-0.009956,0.55508,0.14407,0.30085,200,sp,11,236,0.69257575,-0.0151,10,1,100,random
875,RANDOM,15,"2026-07-11 20:44:20",80.6,0.684427,3.60545,7.0606,0.368557,0.002574,0.54506,0.16309,0.29185,200,sp,11,233,0.68318182,0.00481515,10,1,100,random
876,RANDOM,16,"2026-07-11 20:44:26",86.8,0.683912,3.59805,6.9697,0.385515,0.011101,0.55652,0.13913,0.30435,200,sp,11,230,0.67772727,0.00799394,10,1,100,random
877,RANDOM,17,"2026-07-11 20:44:32",92.8,0.683309,3.59009,6.8485,0.377898,-0.004359,0.56195,0.14602,0.29204,200,sp,11,226,0.68742425,-0.00411515,10,1,100,random
878,RANDOM,18,"2026-07-11 20:44:38",99,0.681158,3.57413,6.7879,0.409482,-0.011154,0.57143,0.12946,0.29911,200,sp,11,224,0.69121212,-0.01454545,10,1,100,random
879,RANDOM,19,"2026-07-11 20:44:44",105,0.683551,3.60735,6.7879,0.411212,-0.02062,0.5625,0.14286,0.29464,200,sp,11,224,0.69727273,-0.02082424,10,1,100,random
880,RANDOM,20,"2026-07-11 20:44:50",111.1,0.681024,3.58746,6.7576,0.413334,-0.002883,0.57399,0.13004,0.29596,200,sp,11,223,0.68530303,-0.00735455,10,1,100,random
881,OI,1,"2026-07-11 20:45:49",5,0.73093,4.1899,8.2121,0.363116,-0.009897,0.55351,0.11439,0.3321,200,sp,12,271,0.73075758,0.00005152,10,1,100,random
882,OI,2,"2026-07-11 20:45:54",9.7,0.750161,4.52338,8.0909,0.393854,-0.009698,0.50936,0.16105,0.32959,200,sp,12,267,0.74969697,-0.00046667,10,1,100,random
883,OI,3,"2026-07-11 20:45:58",14.2,0.766488,4.81767,8.0303,0.441018,-0.017496,0.47547,0.20377,0.32075,200,sp,12,265,0.7728788,-0.00993333,10,1,100,random
884,OI,4,"2026-07-11 20:46:03",18.7,0.782518,5.14343,8.0303,0.518591,-0.006922,0.43019,0.26792,0.30189,200,sp,12,265,0.78136364,0.00137879,10,1,100,random
885,OI,5,"2026-07-11 20:46:07",23.3,0.796285,5.48697,7.9697,0.602738,-0.012551,0.37643,0.36502,0.25856,200,sp,12,263,0.80075757,-0.00543636,10,1,100,random
886,OI,6,"2026-07-11 20:46:12",27.9,0.810382,5.86718,7.9697,0.721039,-0.015219,0.35361,0.34981,0.29658,200,sp,12,263,0.81712121,-0.00718182,10,1,100,random
887,OI,7,"2026-07-11 20:46:18",34.2,0.820382,6.17625,7.9697,0.713427,0.004867,0.27376,0.47909,0.24715,200,sp,12,263,0.81287879,0.01047576,10,1,100,random
888,OI,8,"2026-07-11 20:46:24",40.5,0.829076,6.454,7.9697,0.78536,0.01367,0.26236,0.4981,0.23954,200,sp,12,263,0.81469698,0.01765758,10,1,100,random
889,OI,9,"2026-07-11 20:46:31",47,0.836827,6.71577,7.9697,0.88469,-0.017518,0.23574,0.52471,0.23954,200,sp,12,263,0.84878788,-0.01447879,10,1,100,random
890,OI,10,"2026-07-11 20:46:37",53.5,0.842939,6.95197,7.9697,0.898975,-0.01387,0.20913,0.58175,0.20913,200,sp,12,263,0.85257576,-0.01226364,10,1,100,random
891,OI,11,"2026-07-11 20:46:44",59.9,0.847682,7.14638,7.9394,1.00414,-0.003441,0.18321,0.62977,0.18702,200,sp,12,262,0.84939394,-0.00249697,10,1,100,random
892,OI,12,"2026-07-11 20:46:50",66.3,0.851773,7.31076,7.9394,1.13124,-0.003215,0.15267,0.69847,0.14885,200,sp,12,262,0.85363637,-0.0026,10,1,100,random
893,OI,13,"2026-07-11 20:46:57",72.9,0.854697,7.46443,7.9394,1.27844,0.002386,0.12595,0.75191,0.12214,200,sp,12,262,0.85242424,0.00281212,10,1,100,random
894,OI,14,"2026-07-11 20:47:03",79.3,0.857185,7.57206,7.9394,1.42321,-0.003195,0.10305,0.81298,0.08397,200,sp,12,262,0.85984848,-0.00339697,10,1,100,random
895,OI,15,"2026-07-11 20:47:10",85.8,0.858427,7.63473,7.9394,1.80587,0.005945,0.08015,0.84733,0.07252,200,sp,12,262,0.85393939,0.00545758,10,1,100,random
896,OI,16,"2026-07-11 20:47:16",92.2,0.859561,7.70006,7.9394,1.86977,0.003134,0.05725,0.8855,0.05725,200,sp,12,262,0.85727273,0.00273333,10,1,100,random
897,OI,17,"2026-07-11 20:47:23",98.7,0.860191,7.72416,7.9394,1.90102,-0.003001,0.06107,0.88168,0.05725,200,sp,12,262,0.86348485,-0.00403939,10,1,100,random
898,OI,18,"2026-07-11 20:47:29",105.2,0.86027,7.74832,7.9394,1.991,0.00172,0.02672,0.90458,0.0687,200,sp,12,262,0.85984848,0.00066667,10,1,100,random
899,OI,19,"2026-07-11 20:47:36",111.7,0.860497,7.74585,7.9394,1.29773,-0.005918,0.03817,0.90076,0.06107,200,sp,12,262,0.86651515,-0.00729091,10,1,100,random
900,OI,20,"2026-07-11 20:47:42",118.1,0.860542,7.73642,7.9394,1.58202,-0.008137,0.03817,0.89695,0.06489,200,sp,12,262,0.86863636,-0.00963939,10,1,100,random
901,IR,1,"2026-07-11 20:51:12",5.4,0.718776,3.95972,8.1212,0.315584,-0.103649,0.57463,0.10075,0.32463,200,sp,12,268,0.79075758,-0.10431515,10,1,100,random
902,IR,2,"2026-07-11 20:51:17",10.2,0.720442,4.00103,8.0303,0.315588,-0.098204,0.57358,0.09434,0.33208,200,sp,12,265,0.79121212,-0.10033939,10,1,100,random
903,IR,3,"2026-07-11 20:51:22",15,0.725085,4.05238,7.9091,0.3162,-0.10046,0.55939,0.08812,0.35249,200,sp,12,261,0.79636363,-0.10131818,10,1,100,random
904,IR,4,"2026-07-11 20:51:27",19.9,0.729618,4.09276,7.8485,0.296328,-0.088946,0.55212,0.10811,0.33977,200,sp,12,259,0.79287879,-0.08963333,10,1,100,random
905,IR,5,"2026-07-11 20:51:31",24.8,0.7319,4.11583,7.697,0.309431,-0.094549,0.54724,0.11024,0.34252,200,sp,12,254,0.80060606,-0.09598182,10,1,100,random
906,IR,6,"2026-07-11 20:51:36",29.7,0.735321,4.15754,7.6061,0.325058,-0.099372,0.53785,0.12749,0.33466,200,sp,12,251,0.80742424,-0.09919091,10,1,100,random
907,IR,7,"2026-07-11 20:51:43",36.3,0.739388,4.21137,7.5455,0.347599,-0.098378,0.53414,0.1245,0.34137,200,sp,12,249,0.81060606,-0.09702727,10,1,100,random
908,IR,8,"2026-07-11 20:51:50",42.9,0.741652,4.22787,7.4848,0.34728,-0.095196,0.53036,0.11741,0.35223,200,sp,12,247,0.81166667,-0.09671212,10,1,100,random
909,IR,9,"2026-07-11 20:51:56",49.7,0.745061,4.27081,7.4242,0.340799,-0.091225,0.51837,0.13469,0.34694,200,sp,12,245,0.81181818,-0.09177273,10,1,100,random
910,IR,10,"2026-07-11 20:52:03",56.2,0.748221,4.30218,7.303,0.360151,-0.095831,0.49793,0.15353,0.34855,200,sp,12,241,0.81878788,-0.09590303,10,1,100,random
911,IR,11,"2026-07-11 20:52:09",62.8,0.751655,4.32162,7.2727,0.368359,-0.097413,0.4875,0.15417,0.35833,200,sp,12,240,0.82378788,-0.09752424,10,1,100,random
912,IR,12,"2026-07-11 20:52:16",69.6,0.755345,4.35943,7.2424,0.36651,-0.088577,0.50628,0.13808,0.35565,200,sp,12,239,0.8209091,-0.08939091,10,1,100,random
913,IR,13,"2026-07-11 20:52:23",76.3,0.757318,4.39161,7.2121,0.38334,-0.090072,0.5,0.13445,0.36555,200,sp,12,238,0.82515152,-0.09041818,10,1,100,random
914,IR,14,"2026-07-11 20:52:30",83,0.759906,4.43174,7.1212,0.369446,-0.08832,0.48511,0.15319,0.3617,200,sp,12,235,0.82636363,-0.08933939,10,1,100,random
915,IR,15,"2026-07-11 20:52:36",89.8,0.763473,4.49952,7.1212,0.391225,-0.09272,0.46383,0.18298,0.35319,200,sp,12,235,0.83287879,-0.09280606,10,1,100,random
916,IR,16,"2026-07-11 20:52:43",96.7,0.766436,4.53381,7.0909,0.41582,-0.095686,0.47009,0.1453,0.38462,200,sp,12,234,0.83878788,-0.09542424,10,1,100,random
917,IR,17,"2026-07-11 20:52:50",103.6,0.767721,4.55613,7.0303,0.359434,-0.087223,0.4569,0.17241,0.37069,200,sp,12,232,0.83454546,-0.08783636,10,1,100,random
918,IR,18,"2026-07-11 20:52:57",110.4,0.769967,4.59672,7,0.397505,-0.098214,0.45022,0.17749,0.37229,200,sp,12,231,0.84515151,-0.09912424,10,1,100,random
919,IR,19,"2026-07-11 20:53:04",117.1,0.769652,4.57282,7,0.397925,-0.086787,0.47186,0.16883,0.35931,200,sp,12,231,0.83712122,-0.08876061,10,1,100,random
920,IR,20,"2026-07-11 20:53:11",123.9,0.770536,4.58095,6.9697,0.439475,-0.090924,0.46087,0.17826,0.36087,200,sp,12,230,0.84075757,-0.0931303,10,1,100,random
921,AGR,1,"2026-07-11 20:54:05",7.4,0.731409,4.19661,8.1212,0.347263,0.041177,0.56343,0.10821,0.32836,200,sp,12,268,0.69439394,0.05118788,10,1,100,random
922,AGR,2,"2026-07-11 20:54:12",14.5,0.747445,4.45823,8.0909,0.371977,0.05797,0.53933,0.11985,0.34082,200,sp,12,267,0.69833334,0.06509091,10,1,100,random
923,AGR,3,"2026-07-11 20:54:19",21.5,0.760588,4.70821,8.0303,0.380166,0.056045,0.51698,0.1434,0.33962,200,sp,12,265,0.71318182,0.06575758,10,1,100,random
924,AGR,4,"2026-07-11 20:54:26",28.4,0.773194,5.00382,7.9697,0.418694,0.065867,0.47909,0.18251,0.3384,200,sp,12,263,0.71787879,0.07318182,10,1,100,random
925,AGR,5,"2026-07-11 20:54:33",35.4,0.785294,5.28008,7.9697,0.463775,0.032174,0.43726,0.21293,0.34981,200,sp,12,263,0.75560606,0.03784545,10,1,100,random
926,AGR,6,"2026-07-11 20:54:40",42.5,0.797542,5.58232,7.9697,0.484555,0.041094,0.41445,0.24715,0.3384,200,sp,12,263,0.75999999,0.04834849,10,1,100,random
927,AGR,7,"2026-07-11 20:54:48",51.3,0.807882,5.87021,7.9697,0.545486,0.040306,0.38403,0.26996,0.34601,200,sp,12,263,0.77166666,0.04609394,10,1,100,random
928,AGR,8,"2026-07-11 20:54:57",60,0.817009,6.13837,7.9697,0.572441,0.032855,0.34981,0.31179,0.3384,200,sp,12,263,0.7869697,0.03792121,10,1,100,random
929,AGR,9,"2026-07-11 20:55:06",69,0.826424,6.41882,7.9697,0.62125,0.02082,0.31559,0.36882,0.31559,200,sp,12,263,0.80575757,0.02630303,10,1,100,random
930,AGR,10,"2026-07-11 20:55:15",78.2,0.834512,6.68921,7.9697,0.705868,0.034041,0.28137,0.40684,0.31179,200,sp,12,263,0.80333333,0.03818788,10,1,100,random
931,AGR,11,"2026-07-11 20:55:24",87.3,0.840064,6.91327,7.9697,0.735334,0.043593,0.26996,0.47148,0.25856,200,sp,12,263,0.80181818,0.04646667,10,1,100,random
932,AGR,12,"2026-07-11 20:55:33",96.3,0.845715,7.14776,7.9697,0.932888,0.035449,0.22433,0.52471,0.25095,200,sp,12,263,0.81378787,0.03890303,10,1,100,random
933,AGR,13,"2026-07-11 20:55:43",105.4,0.85007,7.32989,7.9697,0.946696,0.042139,0.1749,0.65399,0.1711,200,sp,12,263,0.81318181,0.04423939,10,1,100,random
934,AGR,14,"2026-07-11 20:55:52",114.5,0.853655,7.48402,7.9697,1.16429,0.047141,0.14449,0.74144,0.11407,200,sp,12,263,0.81272728,0.04903939,10,1,100,random
935,AGR,15,"2026-07-11 20:56:01",123.5,0.856861,7.62192,7.9697,1.39276,0.035828,0.11027,0.81749,0.07224,200,sp,12,263,0.82545455,0.03699394,10,1,100,random
936,AGR,16,"2026-07-11 20:56:10",132.6,0.859255,7.71388,7.9697,1.67267,0.043221,0.06844,0.87833,0.05323,200,sp,12,263,0.82181818,0.04410303,10,1,100,random
937,AGR,17,"2026-07-11 20:56:19",141.7,0.860915,7.78069,7.9697,1.7101,0.045591,0.04563,0.91635,0.03802,200,sp,12,263,0.82181818,0.04625758,10,1,100,random
938,AGR,18,"2026-07-11 20:56:28",150.7,0.862121,7.84321,7.9697,1.918,0.035965,0.03422,0.95057,0.01521,200,sp,12,263,0.83136364,0.03609091,10,1,100,random
939,AGR,19,"2026-07-11 20:56:37",159.7,0.862309,7.85309,7.9697,1.7897,0.05309,0.02662,0.94677,0.02662,200,sp,12,263,0.81727273,0.05297273,10,1,100,random
940,AGR,20,"2026-07-11 20:56:46",168.8,0.862691,7.87611,7.9697,1.62664,0.04944,0.01141,0.96958,0.01901,200,sp,12,263,0.82075758,0.04955455,10,1,100,random
941,RANDOM,1,"2026-07-11 20:57:31",4.6,0.709473,3.8481,8.1515,0.298454,0.010372,0.58364,0.10409,0.31227,200,sp,12,269,0.705,0.00585758,10,1,100,random
942,RANDOM,2,"2026-07-11 20:57:35",8.6,0.708867,3.83472,8.0303,0.310168,-0.004592,0.58868,0.10189,0.30943,200,sp,12,265,0.71333334,-0.00793636,10,1,100,random
943,RANDOM,3,"2026-07-11 20:57:39",12.7,0.706085,3.80754,7.8788,0.32222,-0.006263,0.58077,0.12692,0.29231,200,sp,12,260,0.71287878,-0.01082121,10,1,100,random
944,RANDOM,4,"2026-07-11 20:57:44",16.9,0.702979,3.75549,7.7576,0.343237,0.002465,0.57031,0.125,0.30469,200,sp,12,256,0.70348485,-0.00085455,10,1,100,random
945,RANDOM,5,"2026-07-11 20:57:48",21.1,0.700427,3.71606,7.6667,0.32238,0.003411,0.57708,0.11462,0.3083,200,sp,12,253,0.70030303,-0.00091818,10,1,100,random
946,RANDOM,6,"2026-07-11 20:57:52",25.4,0.698482,3.70274,7.6364,0.326796,0.00973,0.57143,0.12698,0.30159,200,sp,12,252,0.69393939,0.00532121,10,1,100,random
947,RANDOM,7,"2026-07-11 20:57:58",31.3,0.697709,3.69327,7.5455,0.337821,0.008443,0.5743,0.11245,0.31325,200,sp,12,249,0.69333333,0.00668788,10,1,100,random
948,RANDOM,8,"2026-07-11 20:58:04",37.2,0.699118,3.70048,7.4545,0.32776,-0.000586,0.55691,0.14634,0.29675,200,sp,12,246,0.7,0.00050606,10,1,100,random
949,RANDOM,9,"2026-07-11 20:58:10",43.2,0.69927,3.69561,7.4242,0.348234,0.002858,0.5551,0.14286,0.30204,200,sp,12,245,0.69848485,-0.00003939,10,1,100,random
950,RANDOM,10,"2026-07-11 20:58:16",49.3,0.697024,3.67276,7.3636,0.332898,0.006318,0.55967,0.1358,0.30453,200,sp,12,243,0.69484848,0.00452121,10,1,100,random
951,RANDOM,11,"2026-07-11 20:58:22",55.4,0.694424,3.65683,7.3636,0.330081,-0.007402,0.55967,0.13992,0.30041,200,sp,12,243,0.70181818,-0.01039697,10,1,100,random
952,RANDOM,12,"2026-07-11 20:58:28",61.5,0.691018,3.63306,7.3636,0.336139,-0.001908,0.5679,0.12757,0.30453,200,sp,12,243,0.695,-0.00559697,10,1,100,random
953,RANDOM,13,"2026-07-11 20:58:34",67.5,0.689249,3.62688,7.303,0.328629,-0.010029,0.58091,0.10373,0.31535,200,sp,12,241,0.69818182,-0.01110909,10,1,100,random
954,RANDOM,14,"2026-07-11 20:58:40",73.6,0.689612,3.62311,7.2424,0.322099,-0.000647,0.56904,0.11715,0.31381,200,sp,12,239,0.6910606,-0.00200606,10,1,100,random
955,RANDOM,15,"2026-07-11 20:58:46",79.7,0.688621,3.61367,7.2121,0.320712,-0.000779,0.56303,0.13445,0.30252,200,sp,12,238,0.69090909,-0.00485152,10,1,100,random
956,RANDOM,16,"2026-07-11 20:58:52",85.8,0.686985,3.58991,7.1515,0.333736,0.006731,0.55932,0.13983,0.30085,200,sp,12,236,0.68409091,0.00413636,10,1,100,random
957,RANDOM,17,"2026-07-11 20:58:59",91.9,0.68727,3.58753,7.0909,0.345039,0.007725,0.55556,0.14957,0.29487,200,sp,12,234,0.68272727,0.00637576,10,1,100,random
958,RANDOM,18,"2026-07-11 20:59:05",98.1,0.687158,3.56912,7.0909,0.355233,0.006148,0.55128,0.15385,0.29487,200,sp,12,234,0.68393939,0.00398788,10,1,100,random
959,RANDOM,19,"2026-07-11 20:59:11",104.2,0.685448,3.54963,7.0606,0.353313,0.00187,0.55794,0.14592,0.29614,200,sp,12,233,0.68621212,-0.00185455,10,1,100,random
960,RANDOM,20,"2026-07-11 20:59:17",110.3,0.684873,3.55719,7.0303,0.353075,-0.00321,0.57759,0.125,0.29741,200,sp,12,232,0.6880303,-0.00602727,10,1,100,random
961,OI,1,"2026-07-11 21:05:31",5.3,0.724333,4.0541,8.1515,0.345365,-0.013387,0.55762,0.11152,0.33086,200,sp,13,269,0.72575758,-0.00137273,10,1,100,random
962,OI,2,"2026-07-11 21:05:36",10.2,0.741885,4.34313,8.0909,0.378712,-0.002757,0.5206,0.16105,0.31835,200,sp,13,267,0.73666667,0.00710303,10,1,100,random
963,OI,3,"2026-07-11 21:05:41",15.1,0.760709,4.67801,8.0606,0.44039,-0.012423,0.46241,0.20677,0.33083,200,sp,13,266,0.76212122,-0.00221212,10,1,100,random
964,OI,4,"2026-07-11 21:05:46",19.8,0.776124,4.99801,8.0606,0.464413,-0.014843,0.41729,0.27444,0.30827,200,sp,13,266,0.78136364,-0.00723939,10,1,100,random
965,OI,5,"2026-07-11 21:05:51",24.7,0.792655,5.36914,8.0303,0.542037,-0.01617,0.39245,0.27547,0.33208,200,sp,13,265,0.79848485,-0.00738182,10,1,100,random
966,OI,6,"2026-07-11 21:05:56",29.6,0.803518,5.65285,8,0.541437,-0.009946,0.35985,0.33333,0.30682,200,sp,13,264,0.80727273,-0.00386364,10,1,100,random
967,OI,7,"2026-07-11 21:06:02",36.1,0.813521,5.96122,8,0.638375,-0.016299,0.33333,0.35985,0.30682,200,sp,13,264,0.82287879,-0.01184848,10,1,100,random
968,OI,8,"2026-07-11 21:06:09",42.6,0.822521,6.24249,8,0.679819,0.000205,0.29924,0.38636,0.31439,200,sp,13,264,0.81909091,0.00389697,10,1,100,random
969,OI,9,"2026-07-11 21:06:15",49.4,0.830697,6.50436,8,0.706016,-0.010569,0.26515,0.43939,0.29545,200,sp,13,264,0.83666666,-0.00755455,10,1,100,random
970,OI,10,"2026-07-11 21:06:22",56.3,0.837548,6.77565,8,0.751997,-0.006597,0.23485,0.53409,0.23106,200,sp,13,264,0.84090909,-0.00412727,10,1,100,random
971,OI,11,"2026-07-11 21:06:29",63,0.84327,7.01696,8,0.919365,-0.003146,0.20076,0.56818,0.23106,200,sp,13,264,0.84424242,-0.00127576,10,1,100,random
972,OI,12,"2026-07-11 21:06:36",69.8,0.846764,7.18867,8,0.941987,-0.000455,0.17803,0.62879,0.19318,200,sp,13,264,0.84651515,0.00077273,10,1,100,random
973,OI,13,"2026-07-11 21:06:43",76.6,0.850415,7.3667,8,1.04063,-0.005083,0.15152,0.69318,0.1553,200,sp,13,264,0.85409091,-0.00388182,10,1,100,random
974,OI,14,"2026-07-11 21:06:49",83.5,0.852955,7.50941,8,1.27223,0.005179,0.125,0.75758,0.11742,200,sp,13,264,0.84848485,0.00519697,10,1,100,random
975,OI,15,"2026-07-11 21:06:56",90.3,0.855133,7.63078,8,1.39654,0.002443,0.10606,0.81061,0.08333,200,sp,13,264,0.8530303,0.00228182,10,1,100,random
976,OI,16,"2026-07-11 21:07:03",97,0.855988,7.68322,8,1.64199,-0.010633,0.0947,0.82576,0.07955,200,sp,13,264,0.86575758,-0.01173636,10,1,100,random
977,OI,17,"2026-07-11 21:07:10",104,0.85673,7.73341,8,1.69082,-0.013608,0.08712,0.84848,0.06439,200,sp,13,264,0.86924242,-0.01470909,10,1,100,random
978,OI,18,"2026-07-11 21:07:17",110.8,0.8578,7.75935,8,1.90833,0.009005,0.06439,0.85985,0.07576,200,sp,13,264,0.85075758,0.00834848,10,1,100,random
979,OI,19,"2026-07-11 21:07:23",117.4,0.858267,7.79152,8,1.53745,0.00722,0.06061,0.89394,0.04545,200,sp,13,264,0.85287879,0.00658788,10,1,100,random
980,OI,20,"2026-07-11 21:07:30",124.2,0.85897,7.79696,8,2.08774,-0.013311,0.03409,0.90909,0.05682,200,sp,13,264,0.87121212,-0.01442121,10,1,100,random
981,IR,1,"2026-07-11 21:14:01",5.2,0.709891,3.83278,8.1515,0.297986,-0.103597,0.58736,0.08922,0.32342,200,sp,13,269,0.78181819,-0.1024697,10,1,100,random
982,IR,2,"2026-07-11 21:14:06",9.9,0.715106,3.91849,8.1212,0.298379,-0.101688,0.57836,0.08582,0.33582,200,sp,13,268,0.78590909,-0.1038,10,1,100,random
983,IR,3,"2026-07-11 21:14:11",14.6,0.72263,4.01119,7.9091,0.29031,-0.107681,0.55556,0.11494,0.3295,200,sp,13,261,0.79712121,-0.10686364,10,1,100,random
984,IR,4,"2026-07-11 21:14:15",19.4,0.727615,4.06703,7.8182,0.323088,-0.094467,0.55039,0.1124,0.33721,200,sp,13,258,0.79439394,-0.09386667,10,1,100,random
985,IR,5,"2026-07-11 21:14:20",24.1,0.729885,4.09785,7.7576,0.315052,-0.10515,0.53906,0.125,0.33594,200,sp,13,256,0.80636364,-0.10755454,10,1,100,random
986,IR,6,"2026-07-11 21:14:25",28.8,0.735655,4.17863,7.7273,0.333659,-0.104289,0.51765,0.14902,0.33333,200,sp,13,255,0.81015151,-0.10546364,10,1,100,random
987,IR,7,"2026-07-11 21:14:31",35.1,0.739912,4.21801,7.6667,0.34714,-0.096641,0.52569,0.13834,0.33597,200,sp,13,253,0.80984848,-0.09766061,10,1,100,random
988,IR,8,"2026-07-11 21:14:37",41.4,0.744115,4.26394,7.6667,0.35596,-0.094238,0.52569,0.13439,0.33992,200,sp,13,253,0.81257576,-0.09506061,10,1,100,random
989,IR,9,"2026-07-11 21:14:44",48,0.745994,4.29823,7.6364,0.359448,-0.089519,0.51984,0.13095,0.34921,200,sp,13,252,0.81242424,-0.0907303,10,1,100,random
990,IR,10,"2026-07-11 21:14:51",54.6,0.74807,4.32079,7.4545,0.364678,-0.101967,0.5122,0.15041,0.3374,200,sp,13,246,0.8239394,-0.10362121,10,1,100,random
991,IR,11,"2026-07-11 21:14:57",61.1,0.750612,4.35443,7.4242,0.403669,-0.098302,0.50204,0.16735,0.33061,200,sp,13,245,0.82363636,-0.09988485,10,1,100,random
992,IR,12,"2026-07-11 21:15:04",67.8,0.753506,4.37929,7.3636,0.426615,-0.091376,0.50206,0.16872,0.32922,200,sp,13,243,0.82121212,-0.09130303,10,1,100,random
993,IR,13,"2026-07-11 21:15:10",74.5,0.756851,4.40467,7.303,0.427746,-0.080623,0.48133,0.18672,0.33195,200,sp,13,241,0.81666666,-0.08068182,10,1,100,random
994,IR,14,"2026-07-11 21:15:17",81.1,0.759958,4.45968,7.303,0.429414,-0.099961,0.47718,0.19502,0.3278,200,sp,13,241,0.83484848,-0.10107879,10,1,100,random
995,IR,15,"2026-07-11 21:15:24",87.7,0.762091,4.47937,7.2121,0.449286,-0.091319,0.47059,0.19328,0.33613,200,sp,13,238,0.83136364,-0.09308788,10,1,100,random
996,IR,16,"2026-07-11 21:15:31",94.5,0.763082,4.51584,7.0606,0.434564,-0.091662,0.45923,0.21888,0.32189,200,sp,13,233,0.83318182,-0.0939303,10,1,100,random
997,IR,17,"2026-07-11 21:15:37",101.3,0.761642,4.48175,7.0606,0.471261,-0.085826,0.46352,0.20601,0.33047,200,sp,13,233,0.82848485,-0.08897273,10,1,100,random
998,IR,18,"2026-07-11 21:15:44",108,0.763273,4.51584,7,0.457408,-0.089334,0.45022,0.20779,0.34199,200,sp,13,231,0.83121212,-0.09038788,10,1,100,random
999,IR,19,"2026-07-11 21:15:51",114.7,0.763339,4.50396,6.9697,0.446776,-0.090388,0.45217,0.21304,0.33478,200,sp,13,230,0.83272727,-0.09187273,10,1,100,random
1000,IR,20,"2026-07-11 21:15:57",121.4,0.766188,4.54878,6.9697,0.46743,-0.095425,0.43913,0.24348,0.31739,200,sp,13,230,0.83848485,-0.09562424,10,1,100,random
1001,AGR,1,"2026-07-11 21:16:25",7.3,0.719903,4.00078,8.1818,0.32071,0.046023,0.57037,0.1,0.32963,200,sp,13,270,0.68151516,0.05236667,10,1,100,random
1002,AGR,2,"2026-07-11 21:16:32",14.1,0.734685,4.29465,8.0606,0.336535,0.050754,0.54887,0.10526,0.34586,200,sp,13,266,0.6919697,0.05899091,10,1,100,random
1003,AGR,3,"2026-07-11 21:16:38",20.8,0.750676,4.55242,8.0606,0.351525,0.057622,0.5188,0.13158,0.34962,200,sp,13,266,0.70151515,0.0666697,10,1,100,random
1004,AGR,4,"2026-07-11 21:16:45",27.7,0.763018,4.8315,8.0303,0.384146,0.04725,0.49434,0.15472,0.35094,200,sp,13,265,0.72242424,0.05386364,10,1,100,random
1005,AGR,5,"2026-07-11 21:16:52",34.6,0.776724,5.11699,7.9697,0.424381,0.042354,0.45627,0.17871,0.36502,200,sp,13,263,0.73863636,0.0489,10,1,100,random
1006,AGR,6,"2026-07-11 21:16:59",41.5,0.788482,5.45173,7.9697,0.429299,0.046831,0.44487,0.19772,0.35741,200,sp,13,263,0.74742424,0.05380909,10,1,100,random
1007,AGR,7,"2026-07-11 21:17:07",50,0.8001,5.75173,7.9697,0.499415,0.045727,0.38783,0.25475,0.35741,200,sp,13,263,0.75909091,0.05213636,10,1,100,random
1008,AGR,8,"2026-07-11 21:17:16",58.5,0.808818,5.99421,7.9697,0.510354,0.041815,0.38783,0.25856,0.35361,200,sp,13,263,0.77181818,0.04673939,10,1,100,random
1009,AGR,9,"2026-07-11 21:17:25",67.2,0.817421,6.26805,7.9394,0.581407,0.048331,0.35496,0.30153,0.34351,200,sp,13,262,0.775,0.05358788,10,1,100,random
1010,AGR,10,"2026-07-11 21:17:33",76,0.825085,6.51933,7.9091,0.640068,0.029872,0.30268,0.37931,0.31801,200,sp,13,261,0.79772727,0.03368182,10,1,100,random
1011,AGR,11,"2026-07-11 21:17:42",84.8,0.833573,6.77875,7.9091,0.720572,0.024767,0.23372,0.46743,0.29885,200,sp,13,261,0.81,0.03001818,10,1,100,random
1012,AGR,12,"2026-07-11 21:17:51",93.6,0.839152,6.98876,7.9091,0.713058,0.046515,0.21839,0.53257,0.24904,200,sp,13,261,0.79848485,0.04961818,10,1,100,random
1013,AGR,13,"2026-07-11 21:18:00",102.5,0.843591,7.13705,7.9091,0.856213,0.044974,0.1954,0.57471,0.22989,200,sp,13,261,0.80454545,0.04652121,10,1,100,random
1014,AGR,14,"2026-07-11 21:18:09",111.2,0.846818,7.27805,7.9091,0.907356,0.042072,0.16858,0.65517,0.17625,200,sp,13,261,0.81045454,0.04317576,10,1,100,random
1015,AGR,15,"2026-07-11 21:18:18",120.1,0.85093,7.42194,7.9091,1.08019,0.044039,0.11494,0.75479,0.13027,200,sp,13,261,0.81242424,0.04677879,10,1,100,random
1016,AGR,16,"2026-07-11 21:18:26",128.9,0.853509,7.52692,7.9091,1.16459,0.042015,0.09962,0.80077,0.09962,200,sp,13,261,0.81727273,0.0434697,10,1,100,random
1017,AGR,17,"2026-07-11 21:18:35",137.7,0.855718,7.62095,7.9091,1.33191,0.051408,0.09962,0.83142,0.06897,200,sp,13,261,0.81151516,0.05267879,10,1,100,random
1018,AGR,18,"2026-07-11 21:18:44",146.9,0.857418,7.6869,7.9091,1.70658,0.032479,0.05747,0.90805,0.03448,200,sp,13,261,0.82969697,0.03296667,10,1,100,random
1019,RANDOM,1,"2026-07-11 21:18:47",5.3,0.700051,3.73705,8.2121,0.283268,0.007626,0.58672,0.08118,0.3321,200,sp,13,271,0.69848485,0.0001697,10,1,100,random
1020,RANDOM,2,"2026-07-11 21:18:52",10.1,0.6966,3.70117,8,0.259251,0.007726,0.58712,0.10227,0.31061,200,sp,13,264,0.69378788,0.00548485,10,1,100,random
1021,AGR,19,"2026-07-11 21:18:54",156.3,0.858727,7.74985,7.9091,2.16824,0.041047,0.05364,0.92337,0.02299,200,sp,13,261,0.82348485,0.04166364,10,1,100,random
1022,RANDOM,3,"2026-07-11 21:18:57",14.8,0.694336,3.67085,7.9394,0.296385,0.005489,0.58397,0.11832,0.29771,200,sp,13,262,0.69272728,0.00180909,10,1,100,random
1023,RANDOM,4,"2026-07-11 21:19:01",19.6,0.694176,3.66454,7.7576,0.309673,-0.001522,0.58594,0.10938,0.30469,200,sp,13,256,0.69651515,-0.00322727,10,1,100,random
1024,AGR,20,"2026-07-11 21:19:03",165.6,0.859491,7.78672,7.9091,2.15246,0.051737,0.03831,0.94253,0.01916,200,sp,13,261,0.81545455,0.05223333,10,1,100,random
1025,RANDOM,5,"2026-07-11 21:19:06",24.1,0.692915,3.66055,7.697,0.318555,0.008791,0.59055,0.09843,0.31102,200,sp,13,254,0.68863636,0.00731818,10,1,100,random
1026,RANDOM,6,"2026-07-11 21:19:11",28.8,0.691033,3.65566,7.5152,0.313516,-0.009329,0.58065,0.10887,0.31048,200,sp,13,248,0.69969697,-0.01528485,10,1,100,random
1027,RANDOM,7,"2026-07-11 21:19:17",35,0.691882,3.64278,7.4848,0.321655,-0.008171,0.57895,0.10931,0.31174,200,sp,13,247,0.6980303,-0.01055758,10,1,100,random
1028,RANDOM,8,"2026-07-11 21:19:23",41.2,0.691145,3.64296,7.3939,0.325811,-0.000257,0.57377,0.10246,0.32377,200,sp,13,244,0.69257576,0.0000303,10,1,100,random
1029,RANDOM,9,"2026-07-11 21:19:29",47.5,0.691979,3.64667,7.3333,0.31786,0.008945,0.56612,0.1281,0.30579,200,sp,13,242,0.68621212,0.0101697,10,1,100,random
1030,RANDOM,10,"2026-07-11 21:19:36",53.9,0.69207,3.62498,7.2727,0.339877,-0.01713,0.57083,0.12083,0.30833,200,sp,13,240,0.705,-0.01879394,10,1,100,random
1031,RANDOM,11,"2026-07-11 21:19:42",60.3,0.690436,3.62384,7.2121,0.334815,-0.011755,0.56723,0.12185,0.31092,200,sp,13,238,0.70030303,-0.0139303,10,1,100,random
1032,RANDOM,12,"2026-07-11 21:19:48",66.8,0.691239,3.62805,7.1818,0.344659,0.005843,0.55696,0.13502,0.30802,200,sp,13,237,0.68772727,0.00659394,10,1,100,random
1033,RANDOM,13,"2026-07-11 21:19:55",73.4,0.691748,3.65675,7.1212,0.350582,0.011474,0.55745,0.13191,0.31064,200,sp,13,235,0.68439394,0.01186061,10,1,100,random
1034,RANDOM,14,"2026-07-11 21:20:02",79.9,0.692573,3.65782,7.0606,0.350826,-0.008231,0.57082,0.11588,0.3133,200,sp,13,233,0.69863636,-0.00640303,10,1,100,random
1035,RANDOM,15,"2026-07-11 21:20:09",87,0.691091,3.64898,6.9697,0.353368,0.012285,0.55652,0.13478,0.3087,200,sp,13,230,0.68439394,0.00683939,10,1,100,random
1036,RANDOM,16,"2026-07-11 21:20:16",94,0.691339,3.67135,6.9394,0.373567,0.007677,0.57205,0.1048,0.32314,200,sp,13,229,0.68666666,0.00412727,10,1,100,random
1037,RANDOM,17,"2026-07-11 21:20:22",100.4,0.687179,3.63362,6.8182,0.34959,0.009491,0.55556,0.12889,0.31556,200,sp,13,225,0.68363636,0.00620303,10,1,100,random
1038,RANDOM,18,"2026-07-11 21:20:29",107,0.686791,3.64415,6.8182,0.370594,-0.000959,0.55556,0.13778,0.30667,200,sp,13,225,0.68863636,-0.00217273,10,1,100,random
1039,RANDOM,19,"2026-07-11 21:20:35",113.5,0.68303,3.59145,6.7879,0.377083,-0.002587,0.54464,0.15625,0.29911,200,sp,13,224,0.68757576,-0.00882424,10,1,100,random
1040,RANDOM,20,"2026-07-11 21:20:42",119.9,0.684124,3.56956,6.7273,0.386687,-0.001304,0.54955,0.14414,0.30631,200,sp,13,222,0.68560606,-0.00416364,10,1,100,random
1041,OI,1,"2026-07-11 21:22:00",5.6,0.726312,4.08384,8.3636,0.348183,-0.015856,0.56522,0.10507,0.32971,200,sp,14,276,0.72848484,-0.00388788,10,1,100,random
1042,OI,2,"2026-07-11 21:22:05",10.5,0.743479,4.38184,8.303,0.373973,-0.007485,0.5219,0.15328,0.32482,200,sp,14,274,0.74242424,0.0004697,10,1,100,random
1043,OI,3,"2026-07-11 21:22:10",15.5,0.763758,4.77067,8.303,0.422646,-0.007037,0.4854,0.17518,0.33942,200,sp,14,274,0.76060606,0.00448485,10,1,100,random
1044,OI,4,"2026-07-11 21:22:15",20.4,0.779733,5.11878,8.2424,0.455307,-0.018006,0.43015,0.25735,0.3125,200,sp,14,272,0.7869697,-0.01093939,10,1,100,random
1045,OI,5,"2026-07-11 21:22:19",25.3,0.794355,5.46304,8.2121,0.535759,-0.009678,0.40221,0.27675,0.32103,200,sp,14,271,0.79590909,-0.00096364,10,1,100,random
1046,OI,6,"2026-07-11 21:22:25",30.4,0.80613,5.78264,8.1515,0.585221,-0.004249,0.34201,0.31227,0.34572,200,sp,14,269,0.805,0.00159697,10,1,100,random
1047,OI,7,"2026-07-11 21:22:31",37.1,0.816512,6.10539,8.1212,0.55526,-0.021467,0.32463,0.3694,0.30597,200,sp,14,268,0.83,-0.0162,10,1,100,random
1048,OI,8,"2026-07-11 21:22:38",43.7,0.824024,6.36173,8.0606,0.685556,-0.012726,0.29699,0.41729,0.28571,200,sp,14,266,0.83196969,-0.00928182,10,1,100,random
1049,OI,9,"2026-07-11 21:22:45",50.7,0.831379,6.64543,8.0606,0.770179,-0.00122,0.2594,0.45865,0.28195,200,sp,14,266,0.82984848,0.00267273,10,1,100,random
1050,OI,10,"2026-07-11 21:22:52",57.6,0.837842,6.87631,8.0606,0.847077,-0.010871,0.23684,0.53383,0.22932,200,sp,14,266,0.84469697,-0.00884242,10,1,100,random
1051,OI,11,"2026-07-11 21:22:59",64.4,0.844258,7.13775,8.0606,1.0164,-0.006393,0.16165,0.63534,0.20301,200,sp,14,266,0.84787879,-0.00463333,10,1,100,random
1052,OI,12,"2026-07-11 21:23:06",71.3,0.848458,7.31193,8.0606,0.952558,-0.013468,0.14662,0.67293,0.18045,200,sp,14,266,0.85893939,-0.01150303,10,1,100,random
1053,OI,13,"2026-07-11 21:23:12",78.3,0.851942,7.44615,8.0606,1.06862,-0.002824,0.14286,0.7218,0.13534,200,sp,14,266,0.85378788,-0.00212121,10,1,100,random
1054,OI,14,"2026-07-11 21:23:19",85.1,0.855227,7.60552,8.0606,1.3423,0.002026,0.09023,0.80827,0.1015,200,sp,14,266,0.8530303,0.00299394,10,1,100,random
1055,OI,15,"2026-07-11 21:23:26",92,0.856764,7.66847,8.0606,1.36713,0.001049,0.09398,0.81955,0.08647,200,sp,14,266,0.85621212,0.0011697,10,1,100,random
1056,OI,16,"2026-07-11 21:23:33",99,0.857658,7.70597,8.0606,1.63073,-0.00535,0.09398,0.80827,0.09774,200,sp,14,266,0.8630303,-0.00648182,10,1,100,random
1057,OI,17,"2026-07-11 21:23:40",106,0.858679,7.77751,8.0606,1.6146,0.004227,0.06767,0.84962,0.08271,200,sp,14,266,0.85560606,0.00316364,10,1,100,random
1058,OI,18,"2026-07-11 21:23:47",113,0.859815,7.84848,8.0606,1.50922,-0.003603,0.05263,0.88346,0.06391,200,sp,14,266,0.86333333,-0.00379697,10,1,100,random
1059,OI,19,"2026-07-11 21:23:54",119.9,0.859991,7.85415,8.0606,1.94621,-0.005762,0.05639,0.89098,0.05263,200,sp,14,266,0.86590909,-0.00697576,10,1,100,random
1060,OI,20,"2026-07-11 21:24:01",126.9,0.860421,7.87465,8.0606,2.02472,0.000846,0.04887,0.91353,0.03759,200,sp,14,266,0.86045455,0.00004242,10,1,100,random
1061,IR,1,"2026-07-11 21:28:15",5.3,0.710712,3.85119,8.3333,0.299297,-0.099694,0.59273,0.08364,0.32364,200,sp,14,275,0.77909091,-0.09750606,10,1,100,random
1062,IR,2,"2026-07-11 21:28:20",10.1,0.716209,3.93949,8.1515,0.296671,-0.096487,0.58364,0.09665,0.3197,200,sp,14,269,0.78318182,-0.09652424,10,1,100,random
1063,IR,3,"2026-07-11 21:28:25",14.9,0.723085,4.00575,8.1212,0.324917,-0.089401,0.56716,0.1194,0.31343,200,sp,14,268,0.785,-0.08918182,10,1,100,random
1064,IR,4,"2026-07-11 21:28:29",19.7,0.728527,4.07209,8,0.33617,-0.099457,0.55682,0.14015,0.30303,200,sp,14,264,0.79878788,-0.10096364,10,1,100,random
1065,IR,5,"2026-07-11 21:28:34",24.6,0.732694,4.11476,7.8485,0.378888,-0.103179,0.55598,0.11197,0.33205,200,sp,14,259,0.80681818,-0.10372727,10,1,100,random
1066,IR,6,"2026-07-11 21:28:39",29.5,0.736248,4.15538,7.7576,0.342159,-0.103718,0.54297,0.125,0.33203,200,sp,14,256,0.81136363,-0.10451212,10,1,100,random
1067,IR,7,"2026-07-11 21:28:46",36,0.737603,4.1803,7.6667,0.35316,-0.097695,0.52569,0.13834,0.33597,200,sp,14,253,0.80969697,-0.10129697,10,1,100,random
1068,IR,8,"2026-07-11 21:28:52",42.6,0.739139,4.18743,7.5455,0.342439,-0.103787,0.5261,0.13655,0.33735,200,sp,14,249,0.81560607,-0.10708485,10,1,100,random
1069,IR,9,"2026-07-11 21:28:59",49.3,0.738348,4.14673,7.4848,0.357992,-0.10253,0.53441,0.13765,0.32794,200,sp,14,247,0.81515152,-0.10626061,10,1,100,random
1070,IR,10,"2026-07-11 21:29:06",56.1,0.738803,4.14754,7.4545,0.366366,-0.095574,0.52846,0.14228,0.32927,200,sp,14,246,0.80984849,-0.09862121,10,1,100,random
1071,IR,11,"2026-07-11 21:29:13",62.8,0.7419,4.19102,7.3636,0.371794,-0.101473,0.53498,0.13992,0.3251,200,sp,14,243,0.8160606,-0.10340909,10,1,100,random
1072,IR,12,"2026-07-11 21:29:19",69.6,0.746451,4.27639,7.3333,0.395073,-0.102241,0.5124,0.14876,0.33884,200,sp,14,242,0.82106061,-0.10215152,10,1,100,random
1073,IR,13,"2026-07-11 21:29:26",76.3,0.746627,4.25861,7.303,0.373454,-0.096437,0.50622,0.14523,0.34855,200,sp,14,241,0.81924243,-0.09832424,10,1,100,random
1074,IR,14,"2026-07-11 21:29:33",83,0.748409,4.29063,7.2727,0.363597,-0.094283,0.50833,0.15833,0.33333,200,sp,14,240,0.81863636,-0.09604242,10,1,100,random
1075,IR,15,"2026-07-11 21:29:40",89.8,0.752688,4.3355,7.2424,0.406535,-0.090465,0.48954,0.17992,0.33054,200,sp,14,239,0.81909091,-0.08994545,10,1,100,random
1076,IR,16,"2026-07-11 21:29:46",96.6,0.755824,4.38608,7.2121,0.408306,-0.09385,0.47479,0.20168,0.32353,200,sp,14,238,0.82560606,-0.09531212,10,1,100,random
1077,IR,17,"2026-07-11 21:29:53",103.4,0.758397,4.44009,7.2121,0.433009,-0.099679,0.47059,0.20168,0.32773,200,sp,14,238,0.83333334,-0.10059697,10,1,100,random
1078,IR,18,"2026-07-11 21:30:00",110.1,0.762327,4.49526,7.1212,0.436603,-0.091127,0.47234,0.17872,0.34894,200,sp,14,235,0.83045454,-0.09114546,10,1,100,random
1079,IR,19,"2026-07-11 21:30:07",117.7,0.764124,4.52957,7.1212,0.415775,-0.092592,0.45957,0.19574,0.34468,200,sp,14,235,0.83439393,-0.09313636,10,1,100,random
1080,IR,20,"2026-07-11 21:30:15",124.9,0.765182,4.55351,7,0.420801,-0.107096,0.45022,0.19913,0.35065,200,sp,14,231,0.84712122,-0.10966667,10,1,100,random
1081,AGR,1,"2026-07-11 22:04:08",7.5,0.721715,4.08235,8.303,0.326379,0.048014,0.57299,0.10584,0.32117,200,sp,14,274,0.68045454,0.05772727,10,1,100,random
1082,AGR,2,"2026-07-11 22:04:15",14.6,0.737524,4.35133,8.2424,0.363603,0.047386,0.53309,0.14338,0.32353,200,sp,14,272,0.69666667,0.05573636,10,1,100,random
1083,AGR,3,"2026-07-11 22:04:22",21.7,0.753897,4.68106,8.2121,0.397376,0.047266,0.51292,0.1476,0.33948,200,sp,14,271,0.71212122,0.05563939,10,1,100,random
1084,AGR,4,"2026-07-11 22:04:29",28.8,0.76783,4.98492,8.1818,0.411253,0.031197,0.47407,0.1963,0.32963,200,sp,14,270,0.73848485,0.04016364,10,1,100,random
1085,AGR,5,"2026-07-11 22:04:36",36,0.780685,5.28388,8.0909,0.462744,0.028714,0.46442,0.18727,0.34831,200,sp,14,267,0.75333333,0.03428788,10,1,100,random
1086,AGR,6,"2026-07-11 22:04:43",43.2,0.790427,5.523,8.0909,0.487778,0.058624,0.42322,0.22097,0.35581,200,sp,14,267,0.74060606,0.06604242,10,1,100,random
1087,AGR,7,"2026-07-11 22:04:52",52,0.800991,5.8135,8,0.504291,0.030596,0.39394,0.23485,0.37121,200,sp,14,264,0.77257575,0.03614242,10,1,100,random
1088,AGR,8,"2026-07-11 22:05:01",60.9,0.809176,6.05436,8,0.524153,0.038583,0.35985,0.26136,0.37879,200,sp,14,264,0.775,0.04337576,10,1,100,random
1089,AGR,9,"2026-07-11 22:05:10",70.1,0.816267,6.32071,7.9697,0.534353,0.039431,0.327,0.327,0.34601,200,sp,14,263,0.78166667,0.04436364,10,1,100,random
1090,AGR,10,"2026-07-11 22:05:19",79.3,0.824285,6.57223,7.9697,0.63871,0.035989,0.28897,0.37262,0.3384,200,sp,14,263,0.79181818,0.04108485,10,1,100,random
1091,AGR,11,"2026-07-11 22:05:29",88.5,0.8309,6.79131,7.9697,0.660127,0.03458,0.26616,0.44106,0.29278,200,sp,14,263,0.79984849,0.03872727,10,1,100,random
1092,AGR,12,"2026-07-11 22:05:38",97.7,0.836297,6.97941,7.9697,0.769593,0.052226,0.22814,0.52471,0.24715,200,sp,14,263,0.7910606,0.0548,10,1,100,random
1093,AGR,13,"2026-07-11 22:05:47",106.9,0.84117,7.16914,7.9697,0.882495,0.048817,0.19011,0.59316,0.21673,200,sp,14,263,0.79893939,0.05187879,10,1,100,random
1094,AGR,14,"2026-07-11 22:05:56",115.9,0.844961,7.29202,7.9697,0.934824,0.041063,0.1635,0.67681,0.1597,200,sp,14,263,0.80909091,0.04421515,10,1,100,random
1095,AGR,15,"2026-07-11 22:06:05",125.1,0.848876,7.42369,7.9697,1.12725,0.035703,0.13688,0.73004,0.13308,200,sp,14,263,0.81757576,0.03686667,10,1,100,random
1096,AGR,16,"2026-07-11 22:06:14",134.3,0.851609,7.51135,7.9697,1.22676,0.035976,0.13308,0.73764,0.12928,200,sp,14,263,0.82060606,0.03718485,10,1,100,random
1097,AGR,17,"2026-07-11 22:06:24",143.4,0.853964,7.60997,7.9697,1.33092,0.047748,0.11407,0.79468,0.09125,200,sp,14,263,0.81287879,0.04959697,10,1,100,random
1098,AGR,18,"2026-07-11 22:06:33",152.5,0.855679,7.69525,7.9697,1.6671,0.039782,0.07224,0.88213,0.04563,200,sp,14,263,0.82166667,0.0417,10,1,100,random
1099,AGR,19,"2026-07-11 22:06:42",161.8,0.857427,7.7623,7.9697,2.03719,0.039922,0.06084,0.90114,0.03802,200,sp,14,263,0.82333333,0.04093939,10,1,100,random
1100,AGR,20,"2026-07-11 22:06:51",171,0.858694,7.81418,7.9697,2.1842,0.045067,0.03422,0.93916,0.02662,200,sp,14,263,0.82030303,0.04607273,10,1,100,random
1101,RANDOM,1,"2026-07-11 22:07:49",4.9,0.7045,3.78126,8.303,0.290106,0.006334,0.58394,0.10584,0.31022,200,sp,14,274,0.70136364,0.00452727,10,1,100,random
1102,RANDOM,2,"2026-07-11 22:07:54",9.4,0.70293,3.78928,8.2424,0.296353,0.000435,0.58456,0.09191,0.32353,200,sp,14,272,0.70439394,-0.00147273,10,1,100,random
1103,RANDOM,3,"2026-07-11 22:07:58",13.9,0.704597,3.82294,8.1212,0.277327,0.013613,0.58582,0.10821,0.30597,200,sp,14,268,0.695,0.01361515,10,1,100,random
1104,RANDOM,4,"2026-07-11 22:08:03",18.5,0.699797,3.7707,7.9697,0.303249,0.001808,0.58175,0.11787,0.30038,200,sp,14,263,0.70181818,-0.00240909,10,1,100,random
1105,RANDOM,5,"2026-07-11 22:08:08",23.1,0.700491,3.773,7.7879,0.321193,0.014538,0.57198,0.11284,0.31518,200,sp,14,257,0.69075758,0.01302424,10,1,100,random
1106,RANDOM,6,"2026-07-11 22:08:12",27.7,0.695688,3.71681,7.6061,0.30091,0.006138,0.59363,0.09163,0.31474,200,sp,14,251,0.69484849,0.00275152,10,1,100,random
1107,RANDOM,7,"2026-07-11 22:08:18",33.9,0.695709,3.72986,7.4848,0.319297,-0.007987,0.56275,0.12146,0.31579,200,sp,14,247,0.70242424,-0.0132303,10,1,100,random
1108,RANDOM,8,"2026-07-11 22:08:25",40.1,0.692039,3.71948,7.4242,0.307812,0.006933,0.56735,0.10612,0.32653,200,sp,14,245,0.69030303,0.00361818,10,1,100,random
1109,RANDOM,9,"2026-07-11 22:08:31",46.7,0.6921,3.71595,7.3636,0.30303,-0.003332,0.55967,0.11111,0.32922,200,sp,14,243,0.69515152,-0.00694242,10,1,100,random
1110,RANDOM,10,"2026-07-11 22:08:38",53.1,0.6911,3.68208,7.2727,0.308144,0.005384,0.55,0.12917,0.32083,200,sp,14,240,0.68878788,0.0021,10,1,100,random
1111,RANDOM,11,"2026-07-11 22:08:44",59.6,0.690055,3.66797,7.1212,0.319247,0.000256,0.5617,0.11489,0.3234,200,sp,14,235,0.69121212,-0.00321515,10,1,100,random
1112,RANDOM,12,"2026-07-11 22:08:51",66.1,0.686458,3.64957,7.1212,0.326103,0.000879,0.57021,0.09787,0.33191,200,sp,14,235,0.68863636,-0.00161212,10,1,100,random
1113,RANDOM,13,"2026-07-11 22:08:57",72.4,0.683548,3.62067,7.0303,0.298177,-0.002148,0.53879,0.11638,0.34483,200,sp,14,232,0.68742424,-0.0068303,10,1,100,random
1114,RANDOM,14,"2026-07-11 22:09:03",78.8,0.681682,3.59452,6.9697,0.279516,-0.000781,0.55217,0.11739,0.33043,200,sp,14,230,0.68378788,-0.00218788,10,1,100,random
1115,RANDOM,15,"2026-07-11 22:09:10",85.3,0.683109,3.61268,6.9394,0.312458,-0.001419,0.54585,0.12227,0.33188,200,sp,14,229,0.68424242,-0.00245455,10,1,100,random
1116,RANDOM,16,"2026-07-11 22:09:16",91.8,0.681324,3.59226,6.8788,0.306757,-0.007262,0.55066,0.11454,0.3348,200,sp,14,227,0.6880303,-0.00843333,10,1,100,random
1117,RANDOM,17,"2026-07-11 22:09:23",98.3,0.679485,3.54889,6.8788,0.298065,0.000878,0.55066,0.11894,0.3304,200,sp,14,227,0.68060606,0.00125151,10,1,100,random
1118,RANDOM,18,"2026-07-11 22:09:29",104.7,0.676191,3.50505,6.6667,0.295141,0.000178,0.55,0.11818,0.33182,200,sp,14,220,0.67878788,-0.00494545,10,1,100,random
1119,RANDOM,19,"2026-07-11 22:09:36",111.2,0.675709,3.4785,6.6364,0.30479,-0.011828,0.54795,0.11872,0.33333,200,sp,14,219,0.685,-0.01300606,10,1,100,random
1120,RANDOM,20,"2026-07-11 22:09:42",117.7,0.676321,3.46762,6.5455,0.306715,-0.009603,0.55556,0.11574,0.3287,200,sp,14,216,0.68333333,-0.01316061,10,1,100,random
1121,OI,1,"2026-07-11 22:17:32",5.2,0.720048,4.01911,8.3636,0.342172,-0.032965,0.57971,0.0942,0.32609,200,sp,15,276,0.73378788,-0.01929697,10,1,100,random
1122,OI,2,"2026-07-11 22:17:37",10,0.738558,4.33568,8.3333,0.372686,-0.023384,0.53818,0.12727,0.33455,200,sp,15,275,0.74818182,-0.01305758,10,1,100,random
1123,OI,3,"2026-07-11 22:17:42",14.8,0.756682,4.67468,8.303,0.40725,-0.02346,0.48905,0.20073,0.31022,200,sp,15,274,0.76681818,-0.01459394,10,1,100,random
1124,OI,4,"2026-07-11 22:17:47",19.6,0.774003,5.00876,8.2727,0.482577,-0.005506,0.46154,0.21612,0.32234,200,sp,15,273,0.77121212,0.00310303,10,1,100,random
1125,OI,5,"2026-07-11 22:17:52",24.4,0.787658,5.31434,8.2727,0.513754,0.005228,0.41758,0.23077,0.35165,200,sp,15,273,0.77818182,0.01204242,10,1,100,random
1126,OI,6,"2026-07-11 22:17:57",29.4,0.800206,5.63192,8.2424,0.498624,0.004439,0.36765,0.3125,0.31985,200,sp,15,272,0.79181818,0.01105151,10,1,100,random
1127,OI,7,"2026-07-11 22:18:03",36.1,0.810703,5.92179,8.2424,0.584241,-0.010053,0.34191,0.34559,0.3125,200,sp,15,272,0.81484848,-0.00547576,10,1,100,random
1128,OI,8,"2026-07-11 22:18:10",42.6,0.819464,6.20356,8.2121,0.634011,-0.01059,0.30627,0.38007,0.31365,200,sp,15,271,0.825,-0.00670909,10,1,100,random
1129,OI,9,"2026-07-11 22:18:17",49.4,0.827967,6.49564,8.2121,0.667564,0.002686,0.28782,0.41697,0.2952,200,sp,15,271,0.82272727,0.00680303,10,1,100,random
1130,OI,10,"2026-07-11 22:18:23",56.2,0.835406,6.73431,8.2121,0.758098,-0.001656,0.25092,0.48708,0.26199,200,sp,15,271,0.83454545,0.00112121,10,1,100,random
1131,OI,11,"2026-07-11 22:18:30",63,0.84117,6.95284,8.2121,0.824093,-0.003708,0.24354,0.52399,0.23247,200,sp,15,271,0.84257576,-0.00220606,10,1,100,random
1132,OI,12,"2026-07-11 22:18:37",69.7,0.84693,7.20388,8.2121,0.938902,0.001126,0.21033,0.5941,0.19557,200,sp,15,271,0.84424242,0.00291212,10,1,100,random
1133,OI,13,"2026-07-11 22:18:44",76.4,0.851055,7.39496,8.2121,1.04513,-0.000894,0.18819,0.631,0.18081,200,sp,15,271,0.85090909,0.0001,10,1,100,random
1134,OI,14,"2026-07-11 22:18:50",83.1,0.854403,7.5732,8.2121,1.1397,-0.013429,0.15129,0.70849,0.14022,200,sp,15,271,0.86530303,-0.01293636,10,1,100,random
1135,OI,15,"2026-07-11 22:18:57",89.7,0.856503,7.69913,8.2121,1.27962,-0.002463,0.12546,0.77122,0.10332,200,sp,15,271,0.85878788,-0.00287273,10,1,100,random
1136,OI,16,"2026-07-11 22:19:04",96.4,0.85827,7.80117,8.2121,1.51644,-0.008843,0.09963,0.78229,0.11808,200,sp,15,271,0.86621212,-0.00988485,10,1,100,random
1137,OI,17,"2026-07-11 22:19:10",103.2,0.8599,7.88138,8.2121,1.29135,-0.007517,0.09594,0.8155,0.08856,200,sp,15,271,0.86666667,-0.00782121,10,1,100,random
1138,OI,18,"2026-07-11 22:19:17",109.9,0.860479,7.92258,8.2121,1.66303,-0.000058,0.07011,0.87085,0.05904,200,sp,15,271,0.86151515,-0.00056061,10,1,100,random
1139,OI,19,"2026-07-11 22:19:24",116.6,0.861324,7.9511,8.2121,1.8547,-0.000394,0.07011,0.84871,0.08118,200,sp,15,271,0.86227272,-0.00060909,10,1,100,random
1140,OI,20,"2026-07-11 22:19:31",123.3,0.861412,7.95159,8.2121,1.68046,0.010158,0.0738,0.84871,0.07749,200,sp,15,271,0.85378788,0.00856667,10,1,100,random
1141,IR,1,"2026-07-11 22:20:55",5.2,0.704464,3.77895,8.2121,0.294579,-0.112097,0.59041,0.09594,0.31365,200,sp,15,271,0.78075758,-0.11027879,10,1,100,random
1142,IR,2,"2026-07-11 22:21:00",9.9,0.710215,3.83151,8.0606,0.294912,-0.108926,0.58271,0.08271,0.33459,200,sp,15,266,0.78530303,-0.10871212,10,1,100,random
1143,IR,3,"2026-07-11 22:21:04",14.7,0.7134,3.86125,8,0.277666,-0.101043,0.56818,0.10606,0.32576,200,sp,15,264,0.78454545,-0.10206667,10,1,100,random
1144,IR,4,"2026-07-11 22:21:09",19.5,0.717261,3.91895,7.9091,0.293851,-0.10832,0.56322,0.10345,0.33333,200,sp,15,261,0.79363637,-0.1094697,10,1,100,random
1145,IR,5,"2026-07-11 22:21:14",24.3,0.725727,4.03697,7.7576,0.306801,-0.100845,0.53906,0.12891,0.33203,200,sp,15,256,0.795,-0.09834242,10,1,100,random
1146,IR,6,"2026-07-11 22:21:19",29.1,0.731115,4.10258,7.6667,0.3228,-0.109592,0.53755,0.12648,0.33597,200,sp,15,253,0.80909091,-0.10980303,10,1,100,random
1147,IR,7,"2026-07-11 22:21:25",35.5,0.732618,4.13573,7.5152,0.333959,-0.099812,0.52823,0.14516,0.32661,200,sp,15,248,0.80560606,-0.10358788,10,1,100,random
1148,IR,8,"2026-07-11 22:21:32",42,0.73827,4.22407,7.4545,0.364848,-0.107787,0.50813,0.15447,0.3374,200,sp,15,246,0.81545454,-0.10757576,10,1,100,random
1149,IR,9,"2026-07-11 22:21:38",48.6,0.739642,4.2513,7.3636,0.352662,-0.085306,0.50617,0.16461,0.32922,200,sp,15,243,0.80257576,-0.08738182,10,1,100,random
1150,IR,10,"2026-07-11 22:21:45",55.3,0.743976,4.30297,7.3333,0.39085,-0.101585,0.5,0.16116,0.33884,200,sp,15,242,0.81772727,-0.10160909,10,1,100,random
1151,IR,11,"2026-07-11 22:21:52",62,0.746612,4.35777,7.1818,0.381839,-0.103237,0.48523,0.173,0.34177,200,sp,15,237,0.82272727,-0.10394848,10,1,100,random
1152,IR,12,"2026-07-11 22:21:58",68.7,0.747167,4.34725,7.1818,0.38768,-0.099875,0.47679,0.18565,0.33755,200,sp,15,237,0.82212121,-0.10304242,10,1,100,random
1153,IR,13,"2026-07-11 22:22:05",75.4,0.749015,4.36927,7.1212,0.398354,-0.10716,0.48085,0.16596,0.35319,200,sp,15,235,0.8290909,-0.11043636,10,1,100,random
1154,IR,14,"2026-07-11 22:22:12",82,0.748939,4.37319,7.1212,0.36587,-0.088538,0.45957,0.18723,0.35319,200,sp,15,235,0.81590909,-0.09227879,10,1,100,random
1155,IR,15,"2026-07-11 22:22:19",88.8,0.751464,4.42353,7.1212,0.383541,-0.102895,0.45957,0.19574,0.34468,200,sp,15,235,0.8280303,-0.10525152,10,1,100,random
1156,IR,16,"2026-07-11 22:22:25",95.4,0.752624,4.4331,7.0909,0.402212,-0.088459,0.46154,0.18803,0.35043,200,sp,15,234,0.81924243,-0.09197576,10,1,100,random
1157,IR,17,"2026-07-11 22:22:32",102.1,0.755145,4.46278,7.0303,0.40366,-0.091521,0.44828,0.19397,0.35776,200,sp,15,232,0.82348485,-0.09508485,10,1,100,random
1158,IR,18,"2026-07-11 22:22:39",108.8,0.756973,4.50629,6.9394,0.39621,-0.094303,0.43668,0.22707,0.33624,200,sp,15,229,0.82787879,-0.09788485,10,1,100,random
1159,IR,19,"2026-07-11 22:22:45",115.6,0.758745,4.53848,6.9394,0.441957,-0.097422,0.42795,0.23144,0.34061,200,sp,15,229,0.83227273,-0.10007273,10,1,100,random
1160,IR,20,"2026-07-11 22:22:52",122.3,0.757712,4.52519,6.9394,0.429718,-0.100489,0.43668,0.22707,0.33624,200,sp,15,229,0.835,-0.1045,10,1,100,random
1161,AGR,1,"2026-07-11 22:23:11",7.6,0.717115,3.99534,8.1515,0.326061,0.052867,0.57249,0.10409,0.32342,200,sp,15,269,0.67212121,0.06395455,10,1,100,random
1162,AGR,2,"2026-07-11 22:23:18",14.7,0.733445,4.26289,7.9697,0.356643,0.048514,0.53612,0.13688,0.327,200,sp,15,263,0.69166667,0.05788485,10,1,100,random
1163,AGR,3,"2026-07-11 22:23:26",22.2,0.748661,4.56454,7.8485,0.386675,0.048557,0.5251,0.10425,0.37066,200,sp,15,259,0.70681819,0.05771818,10,1,100,random
1164,AGR,4,"2026-07-11 22:23:33",29.8,0.762879,4.82521,7.8485,0.366808,0.047738,0.48649,0.15058,0.36293,200,sp,15,259,0.72121212,0.05517576,10,1,100,random
1165,AGR,5,"2026-07-11 22:23:41",37.1,0.774385,5.07629,7.8182,0.394728,0.053032,0.46124,0.17442,0.36434,200,sp,15,258,0.72893939,0.06137273,10,1,100,random
1166,AGR,6,"2026-07-11 22:23:48",44.5,0.784833,5.32481,7.7879,0.435348,0.03733,0.42412,0.21401,0.36187,200,sp,15,257,0.75166667,0.04334242,10,1,100,random
1167,AGR,7,"2026-07-11 22:23:57",53.5,0.795209,5.5895,7.7879,0.466701,0.054658,0.39689,0.24903,0.35409,200,sp,15,257,0.74818182,0.06186061,10,1,100,random
1168,AGR,8,"2026-07-11 22:24:06",62.4,0.8044,5.84843,7.7576,0.518977,0.037808,0.35156,0.28516,0.36328,200,sp,15,256,0.77060606,0.0437303,10,1,100,random
1169,AGR,9,"2026-07-11 22:24:15",71.5,0.812018,6.10422,7.7576,0.533121,0.034929,0.3125,0.35938,0.32813,200,sp,15,256,0.78106061,0.04042121,10,1,100,random
1170,AGR,10,"2026-07-11 22:24:24",80.7,0.819309,6.30915,7.7576,0.595956,0.048438,0.30078,0.37109,0.32813,200,sp,15,256,0.77712121,0.05261515,10,1,100,random
1171,AGR,11,"2026-07-11 22:24:34",89.9,0.826182,6.51452,7.7576,0.655201,0.031471,0.29688,0.41406,0.28906,200,sp,15,256,0.79787879,0.03506061,10,1,100,random
1172,AGR,12,"2026-07-11 22:24:43",99.1,0.831748,6.68706,7.7576,0.76134,0.036853,0.25,0.49609,0.25391,200,sp,15,256,0.79939394,0.04073333,10,1,100,random
1173,AGR,13,"2026-07-11 22:24:52",108.4,0.837645,6.8727,7.7576,0.837141,0.048354,0.21484,0.54688,0.23828,200,sp,15,256,0.79530303,0.05166667,10,1,100,random
1174,AGR,14,"2026-07-11 22:25:01",117.6,0.842794,7.05573,7.7576,0.879582,0.037101,0.19141,0.64063,0.16797,200,sp,15,256,0.81,0.03990909,10,1,100,random
1175,AGR,15,"2026-07-11 22:25:11",126.9,0.847448,7.21133,7.7576,1.12,0.039491,0.15625,0.69922,0.14453,200,sp,15,256,0.81272727,0.04213636,10,1,100,random
1176,AGR,16,"2026-07-11 22:25:20",136.2,0.850576,7.31939,7.7576,1.21495,0.03556,0.14063,0.74609,0.11328,200,sp,15,256,0.81984849,0.03741212,10,1,100,random
1177,AGR,17,"2026-07-11 22:25:29",145.5,0.853336,7.42785,7.7576,1.3786,0.041452,0.10547,0.80859,0.08594,200,sp,15,256,0.81757576,0.04258788,10,1,100,random
1178,AGR,18,"2026-07-11 22:25:38",154.8,0.855542,7.5088,7.7576,1.47757,0.048122,0.06641,0.86719,0.06641,200,sp,15,256,0.81424242,0.04941515,10,1,100,random
1179,AGR,19,"2026-07-11 22:25:48",164.1,0.857018,7.56396,7.7576,1.68611,0.033663,0.05078,0.90234,0.04688,200,sp,15,256,0.82833334,0.0343,10,1,100,random
1180,AGR,20,"2026-07-11 22:25:57",173.5,0.858027,7.61501,7.7576,1.68718,0.040101,0.02344,0.94531,0.03125,200,sp,15,256,0.82393939,0.04035455,10,1,100,random
1181,RANDOM,1,"2026-07-11 22:37:13",5.5,0.698888,3.73896,8.1818,0.28534,-0.012575,0.58889,0.0963,0.31481,200,sp,15,270,0.70787878,-0.01382121,10,1,100,random
1182,RANDOM,2,"2026-07-11 22:37:18",10,0.696776,3.73282,8.0303,0.280432,0.008716,0.58113,0.11321,0.30566,200,sp,15,265,0.69287879,0.00530909,10,1,100,random
1183,RANDOM,3,"2026-07-11 22:37:22",14.5,0.693555,3.68897,7.8485,0.306004,0.007747,0.57529,0.11197,0.31274,200,sp,15,259,0.69060606,0.00490909,10,1,100,random
1184,RANDOM,4,"2026-07-11 22:37:27",19,0.694564,3.69306,7.7879,0.300816,-0.002088,0.57198,0.10506,0.32296,200,sp,15,257,0.69666667,-0.00490909,10,1,100,random
1185,RANDOM,5,"2026-07-11 22:37:31",23.5,0.695479,3.68347,7.6364,0.298652,0.002076,0.56746,0.12302,0.30952,200,sp,15,252,0.69484849,-0.00104242,10,1,100,random
1186,RANDOM,6,"2026-07-11 22:37:36",28,0.695842,3.68516,7.5455,0.33001,-0.002416,0.55823,0.14859,0.29317,200,sp,15,249,0.69803031,-0.00539091,10,1,100,random
1187,RANDOM,7,"2026-07-11 22:37:42",34.2,0.697012,3.70419,7.5152,0.364631,-0.006427,0.55242,0.14113,0.30645,200,sp,15,248,0.70181818,-0.00569394,10,1,100,random
1188,RANDOM,8,"2026-07-11 22:37:48",40.4,0.699361,3.74096,7.3636,0.349545,0.008501,0.56379,0.13169,0.30453,200,sp,15,243,0.69333333,0.00815455,10,1,100,random
1189,RANDOM,9,"2026-07-11 22:37:54",46.9,0.697885,3.73038,7.2424,0.367528,-0.000015,0.54393,0.13389,0.32218,200,sp,15,239,0.69969697,0.00038182,10,1,100,random
1190,RANDOM,10,"2026-07-11 22:38:01",53.3,0.697055,3.71096,7.1818,0.345048,0.009927,0.55696,0.1308,0.31224,200,sp,15,237,0.69151515,0.01001515,10,1,100,random
1191,RANDOM,11,"2026-07-11 22:38:07",59.8,0.698627,3.717,7.1515,0.376482,-0.001048,0.53814,0.17373,0.28814,200,sp,15,236,0.69969697,0.00103939,10,1,100,random
1192,RANDOM,12,"2026-07-11 22:38:14",66.2,0.694106,3.67662,7.0606,0.401847,-0.00578,0.55794,0.14163,0.30043,200,sp,15,233,0.70151515,-0.01068788,10,1,100,random
1193,RANDOM,13,"2026-07-11 22:38:20",72.6,0.692352,3.63681,7.0303,0.393597,-0.010305,0.54741,0.15086,0.30172,200,sp,15,232,0.70121212,-0.01082727,10,1,100,random
1194,RANDOM,14,"2026-07-11 22:38:27",78.9,0.693479,3.63703,7,0.381869,-0.007506,0.55844,0.14286,0.2987,200,sp,15,231,0.69909091,-0.01004545,10,1,100,random
1195,RANDOM,15,"2026-07-11 22:38:33",85.3,0.689973,3.60079,6.9394,0.383403,-0.006653,0.55459,0.14847,0.29694,200,sp,15,229,0.69727272,-0.01125455,10,1,100,random
1196,RANDOM,16,"2026-07-11 22:38:39",91.7,0.689803,3.58246,6.9091,0.389859,0.001072,0.56579,0.12719,0.30702,200,sp,15,228,0.69030303,-0.00025758,10,1,100,random
1197,RANDOM,17,"2026-07-11 22:38:46",98.1,0.690142,3.5857,6.9091,0.378593,-0.01213,0.57018,0.12719,0.30263,200,sp,15,228,0.69878788,-0.01352424,10,1,100,random
1198,RANDOM,18,"2026-07-11 22:38:52",104.5,0.693555,3.60735,6.7879,0.395104,0.008567,0.56696,0.12054,0.3125,200,sp,15,224,0.68681818,0.01150606,10,1,100,random
1199,RANDOM,19,"2026-07-11 22:38:59",110.9,0.694676,3.60068,6.697,0.388035,-0.013509,0.56109,0.11312,0.32579,200,sp,15,221,0.70424243,-0.01337273,10,1,100,random
1200,RANDOM,20,"2026-07-11 22:39:05",117.3,0.691576,3.55621,6.697,0.365356,0.010798,0.55656,0.12217,0.32127,200,sp,15,221,0.68651515,0.00663333,10,1,100,random
1201,OI,1,"2026-07-11 22:42:21",5.3,0.732739,4.2049,8.2424,0.356266,-0.011574,0.54412,0.13603,0.31985,200,sp,16,272,0.73272727,0.00171818,10,1,100,random
1202,OI,2,"2026-07-11 22:42:26",10,0.753036,4.52702,8.2121,0.411933,-0.02235,0.50185,0.17712,0.32103,200,sp,16,271,0.7610606,-0.01011818,10,1,100,random
1203,OI,3,"2026-07-11 22:42:31",14.8,0.770688,4.89005,8.1515,0.457156,-0.006516,0.47212,0.18587,0.34201,200,sp,16,269,0.76818182,0.0035303,10,1,100,random
1204,OI,4,"2026-07-11 22:42:35",19.6,0.785342,5.26282,8.1212,0.48223,-0.003362,0.42164,0.24254,0.33582,200,sp,16,268,0.78181818,0.00395758,10,1,100,random
1205,OI,5,"2026-07-11 22:42:40",24.4,0.797539,5.57765,8.1212,0.534298,-0.012802,0.37313,0.31343,0.31343,200,sp,16,268,0.8030303,-0.00657273,10,1,100,random
1206,OI,6,"2026-07-11 22:42:45",29.3,0.810512,5.92569,8.0909,0.609386,-0.011713,0.35581,0.3221,0.3221,200,sp,16,267,0.81484849,-0.00508485,10,1,100,random
1207,OI,7,"2026-07-11 22:42:52",35.9,0.819558,6.21894,8.0606,0.66362,-0.014637,0.30451,0.3985,0.29699,200,sp,16,266,0.82818182,-0.01004242,10,1,100,random
1208,OI,8,"2026-07-11 22:42:58",42.6,0.828518,6.46653,8.0606,0.731245,-0.016566,0.27444,0.45489,0.27068,200,sp,16,266,0.83909091,-0.0129303,10,1,100,random
1209,OI,9,"2026-07-11 22:43:05",49.2,0.836397,6.76572,8.0606,0.814752,-0.01319,0.24436,0.51504,0.2406,200,sp,16,266,0.84469697,-0.01010606,10,1,100,random
1210,OI,10,"2026-07-11 22:43:12",56,0.842748,6.99069,8.0303,0.928403,-0.003502,0.21887,0.56604,0.21509,200,sp,16,265,0.84393939,-0.00155455,10,1,100,random
1211,OI,11,"2026-07-11 22:43:18",62.7,0.84783,7.2372,8.0303,1.0246,0.012014,0.18868,0.62642,0.18491,200,sp,16,265,0.83636364,0.0135,10,1,100,random
1212,OI,12,"2026-07-11 22:43:25",69.4,0.851445,7.41477,8.0303,1.16721,-0.012859,0.15472,0.70189,0.1434,200,sp,16,265,0.86166667,-0.01241818,10,1,100,random
1213,OI,13,"2026-07-11 22:43:32",76.2,0.854191,7.56886,8.0303,1.26957,-0.005064,0.10566,0.77736,0.11698,200,sp,16,265,0.85833334,-0.00484545,10,1,100,random
1214,OI,14,"2026-07-11 22:43:39",82.9,0.856279,7.61855,8.0303,1.32163,-0.011959,0.13208,0.75472,0.11321,200,sp,16,265,0.86681818,-0.01224848,10,1,100,random
1215,OI,15,"2026-07-11 22:43:45",89.6,0.857958,7.6997,8.0303,1.56811,-0.006129,0.07925,0.83019,0.09057,200,sp,16,265,0.86348485,-0.00641212,10,1,100,random
1216,OI,16,"2026-07-11 22:43:52",96.3,0.858782,7.75266,8.0303,1.68282,0.005683,0.0717,0.86792,0.06038,200,sp,16,265,0.85469697,0.00442424,10,1,100,random
1217,OI,17,"2026-07-11 22:43:59",103.1,0.859833,7.81085,8.0303,1.88153,-0.011799,0.0566,0.89057,0.05283,200,sp,16,265,0.87045455,-0.01204545,10,1,100,random
1218,OI,18,"2026-07-11 22:44:06",109.8,0.859445,7.78862,8.0303,2.15907,0.004774,0.04528,0.8717,0.08302,200,sp,16,265,0.85666666,0.00354545,10,1,100,random
1219,OI,19,"2026-07-11 22:44:12",116.4,0.860136,7.83838,8.0303,1.36931,-0.009519,0.04906,0.90189,0.04906,200,sp,16,265,0.86909091,-0.01029394,10,1,100,random
1220,OI,20,"2026-07-11 22:44:19",123.2,0.8602,7.82602,8.0303,2.08765,-0.003286,0.0566,0.87547,0.06792,200,sp,16,265,0.86393939,-0.00418485,10,1,100,random
1221,IR,1,"2026-07-11 22:51:36",5.3,0.716209,3.92872,8.2727,0.301236,-0.100994,0.59341,0.07692,0.32967,200,sp,16,273,0.78757575,-0.10270303,10,1,100,random
1222,IR,2,"2026-07-11 22:51:41",10.1,0.720976,4.00784,8.1515,0.304933,-0.094662,0.57621,0.09665,0.32714,200,sp,16,269,0.78757576,-0.09530303,10,1,100,random
1223,IR,3,"2026-07-11 22:51:45",14.9,0.725739,4.04087,8.0303,0.313654,-0.100979,0.55472,0.12453,0.32075,200,sp,16,265,0.79727273,-0.10105151,10,1,100,random
1224,IR,4,"2026-07-11 22:51:50",19.7,0.727067,4.05193,7.9394,0.323969,-0.108807,0.55725,0.10687,0.33588,200,sp,16,262,0.8060606,-0.11241212,10,1,100,random
1225,IR,5,"2026-07-11 22:51:55",24.6,0.731345,4.10487,7.8485,0.315442,-0.105196,0.55598,0.12355,0.32046,200,sp,16,259,0.80666667,-0.10663939,10,1,100,random
1226,IR,6,"2026-07-11 22:52:00",29.6,0.736612,4.15137,7.8182,0.351164,-0.099276,0.54264,0.12403,0.33333,200,sp,16,258,0.80757576,-0.09961515,10,1,100,random
1227,IR,7,"2026-07-11 22:52:07",36.1,0.738958,4.16489,7.7576,0.333559,-0.101668,0.53516,0.12891,0.33594,200,sp,16,256,0.81348485,-0.10312121,10,1,100,random
1228,IR,8,"2026-07-11 22:52:13",42.6,0.743545,4.23368,7.7576,0.345457,-0.101218,0.53516,0.125,0.33984,200,sp,16,256,0.8169697,-0.10139394,10,1,100,random
1229,IR,9,"2026-07-11 22:52:20",49.3,0.746276,4.27602,7.6667,0.345572,-0.100611,0.52964,0.12648,0.34387,200,sp,16,253,0.82060606,-0.10155151,10,1,100,random
1230,IR,10,"2026-07-11 22:52:27",56.1,0.74623,4.24052,7.5758,0.348625,-0.098891,0.508,0.152,0.34,200,sp,16,250,0.82090909,-0.10194242,10,1,100,random
1231,IR,11,"2026-07-11 22:52:33",62.7,0.749927,4.2824,7.5152,0.350125,-0.112353,0.50403,0.15323,0.34274,200,sp,16,248,0.83303031,-0.11347273,10,1,100,random
1232,IR,12,"2026-07-11 22:52:40",69.4,0.750776,4.29945,7.4242,0.356736,-0.095511,0.49388,0.17143,0.33469,200,sp,16,245,0.82287879,-0.09799697,10,1,100,random
1233,IR,13,"2026-07-11 22:52:47",76,0.754309,4.34377,7.3939,0.383402,-0.097959,0.4918,0.17213,0.33607,200,sp,16,244,0.82696969,-0.09824242,10,1,100,random
1234,IR,14,"2026-07-11 22:52:53",82.8,0.755185,4.33479,7.3939,0.37949,-0.099846,0.4918,0.17213,0.33607,200,sp,16,244,0.83075758,-0.1023303,10,1,100,random
1235,IR,15,"2026-07-11 22:53:00",89.6,0.757282,4.37906,7.303,0.388881,-0.101378,0.48133,0.18672,0.33195,200,sp,16,241,0.83348484,-0.1019,10,1,100,random
1236,IR,16,"2026-07-11 22:53:07",96.3,0.759894,4.41869,7.2727,0.415325,-0.101275,0.47917,0.19583,0.325,200,sp,16,240,0.83621212,-0.1036697,10,1,100,random
1237,IR,17,"2026-07-11 22:53:14",103.1,0.762261,4.46929,7.2424,0.43351,-0.099974,0.48117,0.17573,0.3431,200,sp,16,239,0.83772727,-0.1012,10,1,100,random
1238,IR,18,"2026-07-11 22:53:20",109.8,0.766503,4.55303,7.1212,0.420329,-0.099395,0.44681,0.20426,0.34894,200,sp,16,235,0.8410606,-0.09940606,10,1,100,random
1239,IR,19,"2026-07-11 22:53:27",116.6,0.767836,4.57882,7.0909,0.418944,-0.089838,0.44444,0.18376,0.37179,200,sp,16,234,0.83666667,-0.08996061,10,1,100,random
1240,IR,20,"2026-07-11 22:53:34",123.4,0.769897,4.64008,7.0606,0.389571,-0.097859,0.44635,0.20601,0.34764,200,sp,16,233,0.84469697,-0.0984,10,1,100,random
1241,AGR,1,"2026-07-11 22:56:35",7.5,0.730445,4.17043,8.3636,0.331432,0.046716,0.57609,0.09783,0.32609,200,sp,16,276,0.68939394,0.05522727,10,1,100,random
1242,AGR,2,"2026-07-11 22:56:42",14.7,0.744927,4.4095,8.2727,0.358231,0.060066,0.54212,0.12821,0.32967,200,sp,16,273,0.69515152,0.06646364,10,1,100,random
1243,AGR,3,"2026-07-11 22:56:50",22.1,0.759751,4.71159,8.2121,0.391266,0.048474,0.50554,0.1476,0.34686,200,sp,16,271,0.71742424,0.05842121,10,1,100,random
1244,AGR,4,"2026-07-11 22:56:57",29.3,0.772861,4.99192,8.1818,0.400164,0.048488,0.47407,0.18889,0.33704,200,sp,16,270,0.73015151,0.05559394,10,1,100,random
1245,AGR,5,"2026-07-11 22:57:04",36.7,0.786,5.28209,8.1212,0.451837,0.041929,0.4403,0.22388,0.33582,200,sp,16,268,0.74787879,0.04918485,10,1,100,random
1246,AGR,6,"2026-07-11 22:57:12",44,0.797679,5.58642,8.1212,0.492259,0.030747,0.42164,0.23134,0.34701,200,sp,16,268,0.76863636,0.03610909,10,1,100,random
1247,AGR,7,"2026-07-11 22:57:21",52.9,0.807788,5.87223,8.0909,0.5153,0.04393,0.40075,0.24345,0.35581,200,sp,16,267,0.76848485,0.04914848,10,1,100,random
1248,AGR,8,"2026-07-11 22:57:30",61.9,0.816203,6.14051,8.0909,0.548053,0.044509,0.37079,0.26966,0.35955,200,sp,16,267,0.77681817,0.05058485,10,1,100,random
1249,AGR,9,"2026-07-11 22:57:39",71.1,0.822715,6.40025,8.0909,0.589744,0.036597,0.32584,0.33333,0.34082,200,sp,16,267,0.79045455,0.03943939,10,1,100,random
1250,AGR,10,"2026-07-11 22:57:48",80.4,0.830367,6.62338,8.0909,0.625959,0.039449,0.2809,0.38202,0.33708,200,sp,16,267,0.795,0.04312727,10,1,100,random
1251,AGR,11,"2026-07-11 22:57:57",89.6,0.836267,6.86474,8.0909,0.650056,0.040926,0.26966,0.44944,0.2809,200,sp,16,267,0.8,0.04439091,10,1,100,random
1252,AGR,12,"2026-07-11 22:58:07",99,0.841642,7.05983,8.0909,0.787594,0.041218,0.25094,0.47191,0.27715,200,sp,16,267,0.80530303,0.04426667,10,1,100,random
1253,AGR,13,"2026-07-11 22:58:16",108.3,0.846188,7.24203,8.0909,0.839502,0.043994,0.23596,0.5206,0.24345,200,sp,16,267,0.80772727,0.04671212,10,1,100,random
1254,AGR,14,"2026-07-11 22:58:25",117.6,0.850576,7.4335,8.0909,0.954235,0.043101,0.1985,0.62172,0.17978,200,sp,16,267,0.81257576,0.04594848,10,1,100,random
1255,AGR,15,"2026-07-11 22:58:35",126.9,0.854442,7.58802,8.0909,1.13477,0.033124,0.12734,0.74906,0.1236,200,sp,16,267,0.82515152,0.03546667,10,1,100,random
1256,AGR,16,"2026-07-11 22:58:44",136.5,0.856785,7.68234,8.0909,1.20892,0.054917,0.09738,0.79026,0.11236,200,sp,16,267,0.80939394,0.05547576,10,1,100,random
1257,AGR,17,"2026-07-11 22:58:54",145.9,0.858952,7.7564,8.0909,1.24153,0.0325,0.07865,0.84644,0.07491,200,sp,16,267,0.83090909,0.03326364,10,1,100,random
1258,AGR,18,"2026-07-11 22:59:03",155.3,0.860633,7.8437,8.0909,1.47122,0.050775,0.05243,0.90262,0.04494,200,sp,16,267,0.8169697,0.05186364,10,1,100,random
1259,AGR,19,"2026-07-11 22:59:13",164.9,0.861688,7.89166,8.0909,1.53102,0.041469,0.04494,0.9176,0.03745,200,sp,16,267,0.82621213,0.04205758,10,1,100,random
1260,RANDOM,1,"2026-07-11 22:59:18",5.2,0.715585,3.89856,8.2121,0.2991,-0.002333,0.59041,0.07749,0.3321,200,sp,16,271,0.7169697,0.00066364,10,1,100,random
1261,RANDOM,2,"2026-07-11 22:59:22",9.6,0.713224,3.87325,8.1515,0.288241,0.012368,0.5948,0.08178,0.32342,200,sp,16,269,0.70651515,0.00896061,10,1,100,random
1262,AGR,20,"2026-07-11 22:59:23",175.2,0.862464,7.9217,8.0909,1.59664,0.039145,0.03745,0.94007,0.02247,200,sp,16,267,0.82909091,0.03899697,10,1,100,random
1263,RANDOM,3,"2026-07-11 22:59:26",13.8,0.711512,3.85363,8.0303,0.3014,-0.002902,0.58113,0.09434,0.32453,200,sp,16,265,0.71560606,-0.00462727,10,1,100,random
1264,RANDOM,4,"2026-07-11 22:59:31",17.9,0.710191,3.84645,7.9091,0.313292,0.000026,0.57088,0.11111,0.31801,200,sp,16,261,0.71196969,-0.00234849,10,1,100,random
1265,RANDOM,5,"2026-07-11 22:59:35",22.1,0.711818,3.87111,7.697,0.330477,0.007291,0.55512,0.11811,0.32677,200,sp,16,254,0.70636364,0.00878182,10,1,100,random
1266,RANDOM,6,"2026-07-11 22:59:39",26.3,0.709221,3.84298,7.5758,0.317951,-0.021728,0.548,0.144,0.308,200,sp,16,250,0.72681818,-0.02457273,10,1,100,random
1267,RANDOM,7,"2026-07-11 22:59:45",32.1,0.708679,3.82624,7.4545,0.351819,-0.003268,0.53252,0.1626,0.30488,200,sp,16,246,0.71227273,-0.00551818,10,1,100,random
1268,RANDOM,8,"2026-07-11 22:59:51",37.9,0.706264,3.79623,7.2727,0.359376,0.005484,0.525,0.16667,0.30833,200,sp,16,240,0.70469697,0.00430606,10,1,100,random
1269,RANDOM,9,"2026-07-11 22:59:57",43.9,0.707376,3.79316,7.1818,0.358257,-0.004758,0.51899,0.16034,0.32068,200,sp,16,237,0.71090909,-0.00357273,10,1,100,random
1270,RANDOM,10,"2026-07-11 23:00:03",50.4,0.704258,3.74402,7.1212,0.343121,-0.001429,0.53191,0.15745,0.31064,200,sp,16,235,0.70772727,-0.00328485,10,1,100,random
1271,RANDOM,11,"2026-07-11 23:00:10",57.5,0.704745,3.74882,7.0909,0.363774,-0.001449,0.53419,0.15385,0.31197,200,sp,16,234,0.70651515,-0.00374242,10,1,100,random
1272,RANDOM,12,"2026-07-11 23:00:16",63.7,0.702676,3.74552,7,0.36214,-0.007197,0.5368,0.15584,0.30736,200,sp,16,231,0.70984849,-0.01006667,10,1,100,random
1273,RANDOM,13,"2026-07-11 23:00:22",69.7,0.703018,3.76303,6.8788,0.392345,-0.01056,0.51542,0.17181,0.31278,200,sp,16,227,0.71136363,-0.01366061,10,1,100,random
1274,RANDOM,14,"2026-07-11 23:00:28",75.7,0.703133,3.76298,6.8485,0.379354,-0.007593,0.53097,0.15487,0.31416,200,sp,16,226,0.70924243,-0.00941818,10,1,100,random
1275,RANDOM,15,"2026-07-11 23:00:34",81.8,0.699961,3.7027,6.8182,0.372424,-0.008386,0.55111,0.11556,0.33333,200,sp,16,225,0.70848485,-0.01296667,10,1,100,random
1276,RANDOM,16,"2026-07-11 23:00:41",88,0.697752,3.67524,6.8182,0.343622,0.017107,0.53333,0.13333,0.33333,200,sp,16,225,0.68787879,0.01558182,10,1,100,random
1277,RANDOM,17,"2026-07-11 23:00:47",94.2,0.692497,3.61103,6.7879,0.330421,0.005868,0.54911,0.125,0.32589,200,sp,16,224,0.69181818,0.00181212,10,1,100,random
1278,RANDOM,18,"2026-07-11 23:00:53",100.3,0.691321,3.61722,6.7879,0.351654,0.000306,0.54464,0.13393,0.32143,200,sp,16,224,0.69257576,-0.00302424,10,1,100,random
1279,RANDOM,19,"2026-07-11 23:00:59",106.4,0.689564,3.60964,6.7273,0.351272,-0.000907,0.52703,0.14865,0.32432,200,sp,16,222,0.69181818,-0.00317879,10,1,100,random
1280,RANDOM,20,"2026-07-11 23:01:05",112.5,0.690809,3.61182,6.697,0.350492,-0.007987,0.52489,0.15385,0.32127,200,sp,16,221,0.69666667,-0.00983939,10,1,100,random
1281,OI,1,"2026-07-11 23:04:23",4.9,0.724464,4.06678,8.0909,0.329134,-0.005099,0.55431,0.13483,0.31086,200,sp,17,267,0.71954546,0.00823939,10,1,100,random
1282,OI,2,"2026-07-11 23:04:27",9.3,0.744306,4.36801,8.0909,0.420902,-0.034165,0.50936,0.17978,0.31086,200,sp,17,267,0.76090909,-0.02103939,10,1,100,random
1283,OI,3,"2026-07-11 23:04:32",13.7,0.763212,4.73682,8.0606,0.475114,-0.017908,0.46241,0.21805,0.31955,200,sp,17,266,0.76893939,-0.00771818,10,1,100,random
1284,OI,4,"2026-07-11 23:04:36",18.1,0.780218,5.09402,8.0303,0.494868,-0.022333,0.43396,0.24906,0.31698,200,sp,17,265,0.79045454,-0.01354848,10,1,100,random
1285,OI,5,"2026-07-11 23:04:41",22.6,0.795291,5.43972,8,0.552846,-0.014254,0.37121,0.31818,0.31061,200,sp,17,264,0.80060606,-0.00605152,10,1,100,random
1286,OI,6,"2026-07-11 23:04:45",27,0.806764,5.76526,8,0.605718,-0.017517,0.33712,0.36364,0.29924,200,sp,17,264,0.81636364,-0.01213939,10,1,100,random
1287,OI,7,"2026-07-11 23:04:51",32.9,0.817688,6.08074,7.9394,0.669143,-0.009702,0.29389,0.4313,0.27481,200,sp,17,262,0.82136364,-0.00474545,10,1,100,random
1288,OI,8,"2026-07-11 23:04:57",38.9,0.826245,6.34539,7.9394,0.733588,-0.008299,0.26336,0.43893,0.29771,200,sp,17,262,0.83015151,-0.00461515,10,1,100,random
1289,OI,9,"2026-07-11 23:05:03",45.1,0.833961,6.62637,7.9394,0.73485,-0.010908,0.25191,0.46947,0.27863,200,sp,17,262,0.84060606,-0.00845455,10,1,100,random
1290,OI,10,"2026-07-11 23:05:09",51.2,0.839685,6.85629,7.9394,0.815376,0.005507,0.21374,0.55725,0.22901,200,sp,17,262,0.83348485,0.00800909,10,1,100,random
1291,OI,11,"2026-07-11 23:05:16",57.5,0.844561,7.06941,7.9394,0.953546,-0.008832,0.19466,0.61069,0.19466,200,sp,17,262,0.85075757,-0.00777273,10,1,100,random
1292,OI,12,"2026-07-11 23:05:22",63.9,0.848876,7.23685,7.9394,1.07488,0.005322,0.16794,0.65649,0.17557,200,sp,17,262,0.84363636,0.00601515,10,1,100,random
1293,OI,13,"2026-07-11 23:05:28",70.3,0.852548,7.39906,7.9394,1.15295,0.006284,0.12977,0.75191,0.11832,200,sp,17,262,0.84636364,0.00749091,10,1,100,random
1294,OI,14,"2026-07-11 23:05:35",76.6,0.854476,7.49745,7.9394,1.46259,-0.008807,0.11069,0.76718,0.12214,200,sp,17,262,0.86227272,-0.00959697,10,1,100,random
1295,OI,15,"2026-07-11 23:05:41",83,0.856397,7.59653,7.9394,1.3606,-0.016235,0.10687,0.81679,0.07634,200,sp,17,262,0.87045454,-0.01607273,10,1,100,random
1296,OI,16,"2026-07-11 23:05:47",89.4,0.857658,7.64727,7.9394,1.99228,-0.010625,0.10305,0.82443,0.07252,200,sp,17,262,0.86727273,-0.01119394,10,1,100,random
1297,OI,17,"2026-07-11 23:05:54",95.7,0.859067,7.71942,7.9394,2.26902,0.005841,0.06489,0.87405,0.06107,200,sp,17,262,0.85454546,0.00580909,10,1,100,random
1298,OI,18,"2026-07-11 23:06:00",102.1,0.860145,7.78163,7.9394,2.35618,-0.007482,0.03435,0.91985,0.0458,200,sp,17,262,0.86712121,-0.00816667,10,1,100,random
1299,OI,19,"2026-07-11 23:06:06",108.4,0.859936,7.76871,7.9394,1.8321,-0.000813,0.03817,0.91221,0.04962,200,sp,17,262,0.86181818,-0.00235455,10,1,100,random
1300,OI,20,"2026-07-11 23:06:13",114.7,0.860003,7.76959,7.9394,1.81655,-0.007517,0.03435,0.92366,0.04198,200,sp,17,262,0.86757576,-0.00893333,10,1,100,random
1301,IR,1,"2026-07-11 23:06:23",5.5,0.707955,3.79867,8.0606,0.278853,-0.110408,0.56767,0.1203,0.31203,200,sp,17,266,0.78484849,-0.1111303,10,1,100,random
1302,IR,2,"2026-07-11 23:06:27",10.3,0.715679,3.89972,7.8788,0.327266,-0.100924,0.55769,0.10769,0.33462,200,sp,17,260,0.78469697,-0.09915152,10,1,100,random
1303,IR,3,"2026-07-11 23:06:32",15.3,0.723485,3.99861,7.7273,0.321655,-0.105828,0.56078,0.10588,0.33333,200,sp,17,255,0.79666667,-0.1035303,10,1,100,random
1304,IR,4,"2026-07-11 23:06:37",20.2,0.729158,4.07105,7.6364,0.340752,-0.097434,0.54762,0.09921,0.35317,200,sp,17,252,0.7980303,-0.09720909,10,1,100,random
1305,IR,5,"2026-07-11 23:06:42",25.3,0.735427,4.1538,7.5758,0.326115,-0.105527,0.556,0.1,0.344,200,sp,17,250,0.81030303,-0.1060303,10,1,100,random
1306,IR,6,"2026-07-11 23:06:48",30.4,0.740773,4.23811,7.4545,0.364721,-0.110283,0.54065,0.10569,0.35366,200,sp,17,246,0.82015151,-0.10953939,10,1,100,random
1307,IR,7,"2026-07-11 23:06:54",37.1,0.746903,4.34535,7.4545,0.372763,-0.102172,0.52439,0.13415,0.34146,200,sp,17,246,0.82045455,-0.1010303,10,1,100,random
1308,IR,8,"2026-07-11 23:07:01",43.7,0.74833,4.33842,7.4545,0.382292,-0.097146,0.53252,0.13008,0.3374,200,sp,17,246,0.82090909,-0.10006364,10,1,100,random
1309,IR,9,"2026-07-11 23:07:08",50.6,0.751818,4.38423,7.3939,0.404956,-0.093883,0.52459,0.13115,0.34426,200,sp,17,244,0.82106061,-0.09532727,10,1,100,random
1310,IR,10,"2026-07-11 23:07:15",57.4,0.753291,4.42593,7.3939,0.40119,-0.096448,0.5123,0.14754,0.34016,200,sp,17,244,0.82575758,-0.09810303,10,1,100,random
1311,IR,11,"2026-07-11 23:07:21",64.2,0.756709,4.44945,7.303,0.40825,-0.101296,0.48963,0.16598,0.3444,200,sp,17,241,0.83227273,-0.10214848,10,1,100,random
1312,IR,12,"2026-07-11 23:07:28",71.1,0.760173,4.50503,7.2727,0.408419,-0.097522,0.47917,0.17083,0.35,200,sp,17,240,0.8330303,-0.09797879,10,1,100,random
1313,IR,13,"2026-07-11 23:07:35",77.9,0.76203,4.51825,7.2424,0.407106,-0.087691,0.48117,0.17155,0.34728,200,sp,17,239,0.82863637,-0.08940606,10,1,100,random
1314,IR,14,"2026-07-11 23:07:42",84.7,0.763085,4.54767,7.2121,0.405302,-0.090666,0.46639,0.18908,0.34454,200,sp,17,238,0.83227272,-0.09269091,10,1,100,random
1315,IR,15,"2026-07-11 23:07:49",91.7,0.765888,4.59217,7.1818,0.423864,-0.09236,0.45992,0.20675,0.33333,200,sp,17,237,0.83575758,-0.09272727,10,1,100,random
1316,IR,16,"2026-07-11 23:07:56",98.7,0.767267,4.61634,7.0909,0.446925,-0.092193,0.46154,0.20085,0.33761,200,sp,17,234,0.83787879,-0.09512121,10,1,100,random
1317,IR,17,"2026-07-11 23:08:03",105.5,0.767806,4.63048,7.0606,0.455734,-0.090908,0.45494,0.19313,0.35193,200,sp,17,233,0.83787879,-0.09282424,10,1,100,random
1318,IR,18,"2026-07-11 23:08:10",112.7,0.767458,4.61806,7.0303,0.429553,-0.086976,0.46552,0.19397,0.34052,200,sp,17,232,0.835,-0.09065455,10,1,100,random
1319,IR,19,"2026-07-11 23:08:17",119.6,0.768715,4.62276,7.0303,0.457526,-0.101099,0.46552,0.18103,0.35345,200,sp,17,232,0.84636364,-0.10255152,10,1,100,random
1320,IR,20,"2026-07-11 23:08:24",126.4,0.771055,4.65691,6.9697,0.443833,-0.093288,0.46522,0.15217,0.38261,200,sp,17,230,0.84227273,-0.09475151,10,1,100,random
1321,AGR,1,"2026-07-11 23:08:58",7.9,0.724342,4.09051,8.1818,0.314327,0.037801,0.57037,0.0963,0.33333,200,sp,17,270,0.68954546,0.04901818,10,1,100,random
1322,AGR,2,"2026-07-11 23:09:05",15.3,0.740333,4.38497,8.1818,0.336848,0.043564,0.56296,0.09259,0.34444,200,sp,17,270,0.70181819,0.0535697,10,1,100,random
1323,AGR,3,"2026-07-11 23:09:13",22.7,0.754218,4.66215,8.1818,0.35743,0.058026,0.53333,0.12222,0.34444,200,sp,17,270,0.70545455,0.0664,10,1,100,random
1324,AGR,4,"2026-07-11 23:09:21",30.3,0.769248,4.93109,8.1212,0.389751,0.040595,0.52239,0.1194,0.35821,200,sp,17,268,0.73242424,0.0484,10,1,100,random
1325,AGR,5,"2026-07-11 23:09:28",37.9,0.781803,5.21336,8.0606,0.423053,0.037503,0.48872,0.16917,0.34211,200,sp,17,266,0.74757576,0.04623333,10,1,100,random
1326,AGR,6,"2026-07-11 23:09:36",45.5,0.792882,5.51689,8.0606,0.495931,0.04479,0.45113,0.20677,0.34211,200,sp,17,266,0.75318181,0.05286667,10,1,100,random
1327,AGR,7,"2026-07-11 23:09:45",54.6,0.802715,5.75469,8.0606,0.526233,0.039558,0.40602,0.26692,0.32707,200,sp,17,266,0.76712122,0.04530606,10,1,100,random
1328,AGR,8,"2026-07-11 23:09:54",63.9,0.809158,5.94005,8.0303,0.550781,0.051083,0.38868,0.29811,0.31321,200,sp,17,265,0.76560606,0.05534242,10,1,100,random
1329,AGR,9,"2026-07-11 23:10:04",73.6,0.819379,6.24836,8.0303,0.639145,0.029976,0.35094,0.3434,0.30566,200,sp,17,265,0.7910606,0.03583636,10,1,100,random
1330,AGR,10,"2026-07-11 23:10:14",83.7,0.828982,6.56142,8.0303,0.715503,0.045782,0.31698,0.38491,0.29811,200,sp,17,265,0.78757576,0.04998788,10,1,100,random
1331,AGR,11,"2026-07-11 23:10:23",93.2,0.835924,6.813,8.0303,0.739239,0.0491,0.28302,0.44151,0.27547,200,sp,17,265,0.79242425,0.05326667,10,1,100,random
1332,AGR,12,"2026-07-11 23:10:33",102.8,0.842312,7.04927,8.0303,0.82543,0.035405,0.24151,0.51698,0.24151,200,sp,17,265,0.81030303,0.0384697,10,1,100,random
1333,AGR,13,"2026-07-11 23:10:43",112.4,0.847964,7.28291,8.0303,0.92447,0.021761,0.18868,0.60377,0.20755,200,sp,17,265,0.82772728,0.02463636,10,1,100,random
1334,AGR,14,"2026-07-11 23:10:52",122,0.852276,7.4578,8.0303,1.04073,0.038649,0.16226,0.67925,0.15849,200,sp,17,265,0.81833333,0.04039091,10,1,100,random
1335,AGR,15,"2026-07-11 23:11:02",131.6,0.855639,7.60345,8.0303,1.2125,0.041179,0.13962,0.75094,0.10943,200,sp,17,265,0.81969697,0.0429697,10,1,100,random
1336,AGR,16,"2026-07-11 23:11:12",141.3,0.858136,7.7138,8.0303,1.47308,0.037869,0.09811,0.82264,0.07925,200,sp,17,265,0.82530303,0.03892424,10,1,100,random
1337,AGR,17,"2026-07-11 23:11:21",151,0.859988,7.79405,8.0303,1.58581,0.043727,0.0717,0.86792,0.06038,200,sp,17,265,0.82242424,0.04394848,10,1,100,random
1338,AGR,18,"2026-07-11 23:11:31",160.7,0.861148,7.8526,8.0303,1.82372,0.042889,0.04528,0.90943,0.04528,200,sp,17,265,0.82454546,0.04324545,10,1,100,random
1339,AGR,19,"2026-07-11 23:11:41",170.5,0.8619,7.90409,8.0303,1.77493,0.043529,0.02264,0.95849,0.01887,200,sp,17,265,0.82484849,0.04337879,10,1,100,random
1340,AGR,20,"2026-07-11 23:11:50",180.2,0.862409,7.9156,8.0303,1.51371,0.035554,0.01887,0.95472,0.02642,200,sp,17,265,0.83242424,0.03519394,10,1,100,random
1341,RANDOM,1,"2026-07-11 23:18:33",4.9,0.70167,3.74589,8.1515,0.270261,-0.004467,0.58364,0.09665,0.3197,200,sp,17,269,0.70666666,-0.00486364,10,1,100,random
1342,RANDOM,2,"2026-07-11 23:18:37",9.3,0.700421,3.75373,8.0909,0.285193,-0.007848,0.57678,0.10112,0.3221,200,sp,17,267,0.70772727,-0.00909394,10,1,100,random
1343,RANDOM,3,"2026-07-11 23:18:42",13.6,0.697561,3.71803,7.7576,0.279679,0.002339,0.55469,0.11719,0.32813,200,sp,17,256,0.69787879,-0.00134848,10,1,100,random
1344,RANDOM,4,"2026-07-11 23:18:46",18.1,0.6985,3.71975,7.6364,0.288644,0.003611,0.56349,0.12302,0.31349,200,sp,17,252,0.69666666,0.00317879,10,1,100,random
1345,RANDOM,5,"2026-07-11 23:18:50",22.5,0.69573,3.68695,7.5758,0.316222,0.016688,0.572,0.112,0.316,200,sp,17,250,0.68651515,0.01416364,10,1,100,random
1346,RANDOM,6,"2026-07-11 23:18:55",27,0.694494,3.67687,7.4848,0.317785,-0.00401,0.5587,0.1336,0.30769,200,sp,17,247,0.69878787,-0.00721515,10,1,100,random
1347,RANDOM,7,"2026-07-11 23:19:01",33,0.690848,3.65138,7.4545,0.335811,-0.00365,0.56098,0.13415,0.30488,200,sp,17,246,0.6960606,-0.00690303,10,1,100,random
1348,RANDOM,8,"2026-07-11 23:19:07",39.1,0.686824,3.6034,7.3636,0.331018,-0.006861,0.5679,0.11934,0.31276,200,sp,17,243,0.69454546,-0.01154849,10,1,100,random
1349,RANDOM,9,"2026-07-11 23:19:13",45.5,0.691342,3.63902,7.3333,0.328703,-0.012016,0.55372,0.12397,0.32231,200,sp,17,242,0.69787879,-0.00853333,10,1,100,random
1350,RANDOM,10,"2026-07-11 23:19:20",51.8,0.690679,3.64745,7.2121,0.317255,-0.003829,0.53782,0.15126,0.31092,200,sp,17,238,0.69454546,-0.00431818,10,1,100,random
1351,RANDOM,11,"2026-07-11 23:19:26",58.2,0.687839,3.61984,7.1515,0.337068,-0.02095,0.54661,0.14831,0.30508,200,sp,17,236,0.70469697,-0.02651515,10,1,100,random
1352,RANDOM,12,"2026-07-11 23:19:32",64.5,0.687085,3.6,7.0303,0.355438,-0.008696,0.5431,0.16379,0.2931,200,sp,17,232,0.69439394,-0.00968182,10,1,100,random
1353,RANDOM,13,"2026-07-11 23:19:39",70.8,0.685258,3.61378,6.9394,0.385433,-0.005991,0.53712,0.17031,0.29258,200,sp,17,229,0.69151516,-0.00843333,10,1,100,random
1354,RANDOM,14,"2026-07-11 23:19:45",77.2,0.684021,3.58079,6.8182,0.392741,-0.003411,0.54222,0.16444,0.29333,200,sp,17,225,0.6880303,-0.0053303,10,1,100,random
1355,RANDOM,15,"2026-07-11 23:19:52",83.6,0.684136,3.58123,6.7576,0.412166,-0.000172,0.54709,0.13004,0.32287,200,sp,17,223,0.68515151,-0.00173636,10,1,100,random
1356,RANDOM,16,"2026-07-11 23:19:58",90.1,0.686685,3.60115,6.7273,0.37389,-0.008415,0.54054,0.13964,0.31982,200,sp,17,222,0.6919697,-0.01012727,10,1,100,random
1357,RANDOM,17,"2026-07-11 23:20:05",96.9,0.682191,3.56703,6.6667,0.367267,0.006877,0.53182,0.15,0.31818,200,sp,17,220,0.68060606,0.00455758,10,1,100,random
1358,RANDOM,18,"2026-07-11 23:20:12",103.8,0.682182,3.54959,6.6364,0.379186,0.001405,0.53881,0.13699,0.3242,200,sp,17,219,0.68227273,-0.00105152,10,1,100,random
1359,RANDOM,19,"2026-07-11 23:20:18",110.2,0.68073,3.50686,6.6061,0.367275,-0.005912,0.52752,0.1422,0.33028,200,sp,17,218,0.68666666,-0.00911212,10,1,100,random
1360,RANDOM,20,"2026-07-11 23:20:25",116.7,0.682227,3.53249,6.5455,0.35945,0.016709,0.52778,0.16204,0.31019,200,sp,17,216,0.6710606,0.01490606,10,1,100,random
1361,OI,1,"2026-07-11 23:21:32",5.2,0.72917,4.12452,8.2424,0.364701,-0.019123,0.55882,0.11397,0.32721,200,sp,18,272,0.73575758,-0.0077303,10,1,100,random
1362,OI,2,"2026-07-11 23:21:37",9.9,0.747621,4.43955,8.1818,0.400865,-0.020948,0.51481,0.15926,0.32593,200,sp,18,270,0.75515151,-0.01157879,10,1,100,random
1363,OI,3,"2026-07-11 23:21:42",14.8,0.76757,4.80395,8.1212,0.442891,-0.019911,0.47761,0.19776,0.32463,200,sp,18,268,0.77424242,-0.00812727,10,1,100,random
1364,OI,4,"2026-07-11 23:21:47",19.6,0.782606,5.11103,8.1212,0.503975,-0.005835,0.4403,0.24254,0.31716,200,sp,18,268,0.78106061,0.00288485,10,1,100,random
1365,OI,5,"2026-07-11 23:21:52",24.6,0.795106,5.42738,8.0909,0.554109,-0.007289,0.40824,0.25468,0.33708,200,sp,18,267,0.79590909,-0.00249394,10,1,100,random
1366,OI,6,"2026-07-11 23:21:57",29.5,0.809588,5.82265,8.0606,0.565393,-0.020157,0.38346,0.31203,0.30451,200,sp,18,266,0.81999999,-0.01288485,10,1,100,random
1367,OI,7,"2026-07-11 23:22:03",36,0.820448,6.16349,8.0606,0.700262,0.000986,0.35714,0.36466,0.2782,200,sp,18,266,0.81560606,0.0056697,10,1,100,random
1368,OI,8,"2026-07-11 23:22:10",42.5,0.830197,6.51668,8.0606,0.824911,-0.020979,0.28571,0.43233,0.28195,200,sp,18,266,0.8439394,-0.01746667,10,1,100,random
1369,OI,9,"2026-07-11 23:22:16",49.1,0.837142,6.80963,8.0606,0.803308,-0.022577,0.26692,0.49248,0.2406,200,sp,18,266,0.85363636,-0.02012424,10,1,100,random
1370,OI,10,"2026-07-11 23:22:23",55.7,0.842421,7.04125,8.0606,0.982783,-0.003377,0.23308,0.55263,0.21429,200,sp,18,266,0.84378788,-0.00163636,10,1,100,random
1371,OI,11,"2026-07-11 23:22:30",62.4,0.846979,7.24303,8.0606,1.07882,-0.00318,0.19173,0.58647,0.2218,200,sp,18,266,0.84863637,-0.00198182,10,1,100,random
1372,OI,12,"2026-07-11 23:22:37",69.3,0.849849,7.40885,8.0606,1.04703,-0.006245,0.16541,0.65789,0.17669,200,sp,18,266,0.85484849,-0.00620303,10,1,100,random
1373,OI,13,"2026-07-11 23:22:43",76.1,0.852355,7.55021,8.0606,1.19145,-0.01052,0.13534,0.71053,0.15414,200,sp,18,266,0.86121212,-0.01033939,10,1,100,random
1374,OI,14,"2026-07-11 23:22:50",82.8,0.854636,7.64969,8.0606,1.22813,-0.000257,0.10902,0.78195,0.10902,200,sp,18,266,0.855,-0.00026061,10,1,100,random
1375,OI,15,"2026-07-11 23:22:57",89.6,0.856333,7.75642,8.0303,1.46452,-0.002018,0.07925,0.8717,0.04906,200,sp,18,265,0.85833334,-0.00220303,10,1,100,random
1376,OI,16,"2026-07-11 23:23:04",96.3,0.856545,7.7598,8.0303,2.68077,-0.004038,0.08302,0.84528,0.0717,200,sp,18,265,0.8609091,-0.00551515,10,1,100,random
1377,OI,17,"2026-07-11 23:23:10",103.1,0.857164,7.80226,8.0303,2.14698,-0.002124,0.04528,0.90189,0.05283,200,sp,18,265,0.85969697,-0.00256364,10,1,100,random
1378,OI,18,"2026-07-11 23:23:17",110,0.857239,7.80418,8.0303,2.00194,0.002682,0.06038,0.87547,0.06415,200,sp,18,265,0.8559091,0.00117273,10,1,100,random
1379,OI,19,"2026-07-11 23:23:24",116.8,0.857476,7.82831,8.0303,2.14519,-0.000032,0.06038,0.88302,0.0566,200,sp,18,265,0.85848485,-0.00188182,10,1,100,random
1380,OI,20,"2026-07-11 23:23:31",123.4,0.857394,7.83684,8.0303,2.16221,-0.004251,0.04528,0.91698,0.03774,200,sp,18,265,0.86227272,-0.00566364,10,1,100,random
1381,IR,1,"2026-07-11 23:23:43",4.7,0.715545,3.91265,8.1818,0.308199,-0.090623,0.6,0.07778,0.32222,200,sp,18,270,0.77909091,-0.09002727,10,1,100,random
1382,IR,2,"2026-07-11 23:23:48",9.1,0.721606,3.96957,8.0909,0.316875,-0.117212,0.58052,0.09738,0.3221,200,sp,18,267,0.80348484,-0.1162,10,1,100,random
1383,IR,3,"2026-07-11 23:23:52",13.4,0.723418,3.98029,7.9697,0.317767,-0.105047,0.58175,0.09506,0.32319,200,sp,18,263,0.79939394,-0.10708788,10,1,100,random
1384,IR,4,"2026-07-11 23:23:56",17.7,0.729621,4.08039,7.8788,0.341224,-0.094879,0.56923,0.09231,0.33846,200,sp,18,260,0.79621212,-0.09422121,10,1,100,random
1385,IR,5,"2026-07-11 23:24:01",22,0.731567,4.11725,7.7576,0.322034,-0.101325,0.55859,0.10547,0.33594,200,sp,18,256,0.80545454,-0.10340909,10,1,100,random
1386,IR,6,"2026-07-11 23:24:05",26.4,0.736418,4.16324,7.697,0.332256,-0.098258,0.53543,0.13386,0.33071,200,sp,18,254,0.80696969,-0.09881515,10,1,100,random
1387,IR,7,"2026-07-11 23:24:11",32.4,0.740536,4.19672,7.6667,0.346577,-0.097858,0.54941,0.12253,0.32806,200,sp,18,253,0.81151515,-0.09982727,10,1,100,random
1388,IR,8,"2026-07-11 23:24:17",38.4,0.743588,4.2304,7.6364,0.358917,-0.106432,0.53968,0.13095,0.32937,200,sp,18,252,0.82181818,-0.10845758,10,1,100,random
1389,IR,9,"2026-07-11 23:24:23",44.6,0.746345,4.27415,7.5455,0.366898,-0.088734,0.5261,0.13655,0.33735,200,sp,18,249,0.81166667,-0.08985151,10,1,100,random
1390,IR,10,"2026-07-11 23:24:30",50.8,0.748761,4.30099,7.4848,0.360861,-0.096949,0.51417,0.15385,0.33198,200,sp,18,247,0.82060607,-0.09910303,10,1,100,random
1391,IR,11,"2026-07-11 23:24:36",57.1,0.750351,4.32531,7.3939,0.370706,-0.10961,0.5123,0.15574,0.33197,200,sp,18,244,0.83242424,-0.11254849,10,1,100,random
1392,IR,12,"2026-07-11 23:24:42",63.3,0.751664,4.33892,7.3939,0.372706,-0.101109,0.52049,0.14344,0.33607,200,sp,18,244,0.82757576,-0.10402424,10,1,100,random
1393,IR,13,"2026-07-11 23:24:48",69.6,0.755506,4.38845,7.3939,0.382378,-0.09534,0.5123,0.15164,0.33607,200,sp,18,244,0.8260606,-0.09526061,10,1,100,random
1394,IR,14,"2026-07-11 23:24:54",75.8,0.753982,4.36539,7.3636,0.381639,-0.095486,0.5144,0.1358,0.34979,200,sp,18,243,0.82742424,-0.09915455,10,1,100,random
1395,IR,15,"2026-07-11 23:25:01",82.1,0.754627,4.38169,7.3636,0.361952,-0.095738,0.51029,0.14815,0.34156,200,sp,18,243,0.82712121,-0.09766667,10,1,100,random
1396,IR,16,"2026-07-11 23:25:07",88.4,0.757009,4.42733,7.2424,0.38472,-0.084505,0.50628,0.15481,0.33891,200,sp,18,239,0.82045454,-0.08541818,10,1,100,random
1397,IR,17,"2026-07-11 23:25:13",94.6,0.756682,4.42611,7.1515,0.399773,-0.110874,0.49576,0.17373,0.33051,200,sp,18,236,0.84136363,-0.11449091,10,1,100,random
1398,IR,18,"2026-07-11 23:25:20",101.1,0.758651,4.45067,7.0606,0.427903,-0.103377,0.49785,0.15451,0.34764,200,sp,18,233,0.83681818,-0.10629394,10,1,100,random
1399,IR,19,"2026-07-11 23:25:26",107.6,0.75927,4.45509,7.0606,0.404561,-0.095842,0.48498,0.18455,0.33047,200,sp,18,233,0.83242424,-0.09830303,10,1,100,random
1400,IR,20,"2026-07-11 23:25:33",113.9,0.758397,4.43876,7.0606,0.433208,-0.09853,0.48069,0.18026,0.33906,200,sp,18,233,0.83424243,-0.10223636,10,1,100,random
1401,AGR,1,"2026-07-11 23:31:28",7.2,0.72837,4.13255,8.1515,0.342778,0.043363,0.56506,0.10037,0.33457,200,sp,18,269,0.69045455,0.05304545,10,1,100,random
1402,AGR,2,"2026-07-11 23:31:35",14,0.7459,4.40328,8.0606,0.35593,0.041343,0.54135,0.11278,0.34586,200,sp,18,266,0.70833333,0.05132727,10,1,100,random
1403,AGR,3,"2026-07-11 23:31:41",20.9,0.760652,4.68308,8.0303,0.375806,0.039484,0.49811,0.15849,0.3434,200,sp,18,265,0.725,0.04778788,10,1,100,random
1404,AGR,4,"2026-07-11 23:31:48",27.7,0.775894,5.00799,8.0303,0.422255,0.047734,0.46792,0.17736,0.35472,200,sp,18,265,0.73318182,0.05714848,10,1,100,random
1405,AGR,5,"2026-07-11 23:31:55",34.7,0.788697,5.31103,8.0303,0.439339,0.045077,0.43019,0.22642,0.3434,200,sp,18,265,0.7480303,0.05312121,10,1,100,random
1406,AGR,6,"2026-07-11 23:32:02",41.7,0.79967,5.60394,8.0303,0.499953,0.03706,0.42264,0.21509,0.36226,200,sp,18,265,0.76575757,0.0435697,10,1,100,random
1407,AGR,7,"2026-07-11 23:32:11",50.4,0.809752,5.89558,8.0303,0.503702,0.030288,0.41132,0.23019,0.35849,200,sp,18,265,0.78151515,0.03611818,10,1,100,random
1408,AGR,8,"2026-07-11 23:32:20",59.1,0.817642,6.14468,8.0303,0.567747,0.056649,0.36226,0.2717,0.36604,200,sp,18,265,0.76863636,0.06112424,10,1,100,random
1409,AGR,9,"2026-07-11 23:32:28",67.9,0.825282,6.37257,8.0303,0.576772,0.042459,0.33208,0.3283,0.33962,200,sp,18,265,0.78757575,0.04712121,10,1,100,random
1410,AGR,10,"2026-07-11 23:32:37",76.8,0.832258,6.64011,8.0303,0.664772,0.049541,0.29434,0.4,0.30566,200,sp,18,265,0.78863637,0.05347576,10,1,100,random
1411,AGR,11,"2026-07-11 23:32:46",85.7,0.838236,6.85352,8.0303,0.745171,0.039436,0.25283,0.44151,0.30566,200,sp,18,265,0.80333333,0.04337879,10,1,100,random
1412,AGR,12,"2026-07-11 23:32:55",94.6,0.843676,7.06026,8.0303,0.748963,0.032918,0.23396,0.51321,0.25283,200,sp,18,265,0.81424242,0.03535758,10,1,100,random
1413,AGR,13,"2026-07-11 23:33:04",103.4,0.848667,7.26402,8.0303,0.937118,0.047157,0.19623,0.57736,0.22642,200,sp,18,265,0.80727273,0.0501697,10,1,100,random
1414,AGR,14,"2026-07-11 23:33:13",112.4,0.853155,7.46337,8.0303,1.00121,0.044239,0.16981,0.6566,0.17358,200,sp,18,265,0.81424242,0.04598788,10,1,100,random
1415,AGR,15,"2026-07-11 23:33:22",121.4,0.855933,7.59493,8.0303,1.20648,0.038482,0.11698,0.76981,0.11321,200,sp,18,265,0.82257576,0.0397303,10,1,100,random
1416,AGR,16,"2026-07-11 23:33:31",130.2,0.857912,7.69522,8.0303,1.46052,0.056454,0.09057,0.83019,0.07925,200,sp,18,265,0.80939394,0.05870606,10,1,100,random
1417,AGR,17,"2026-07-11 23:33:40",139.2,0.859282,7.77835,8.0303,1.6562,0.0408,0.0566,0.89434,0.04906,200,sp,18,265,0.82439394,0.04140606,10,1,100,random
1418,AGR,18,"2026-07-11 23:33:49",148.1,0.8603,7.83728,8.0303,1.70242,0.05533,0.03774,0.90943,0.05283,200,sp,18,265,0.8130303,0.05540303,10,1,100,random
1419,AGR,19,"2026-07-11 23:33:58",157,0.860824,7.87537,8.0303,1.28955,0.048088,0.03396,0.93962,0.02642,200,sp,18,265,0.82,0.04864242,10,1,100,random
1420,AGR,20,"2026-07-11 23:34:06",165.9,0.860618,7.87796,8.0303,1.58903,0.052668,0.03396,0.92453,0.04151,200,sp,18,265,0.81621212,0.05279394,10,1,100,random
1421,RANDOM,1,"2026-07-11 23:36:43",5,0.707485,3.8247,8.1212,0.295681,0.002246,0.59701,0.08955,0.31343,200,sp,18,268,0.70863637,-0.00210606,10,1,100,random
1422,RANDOM,2,"2026-07-11 23:36:47",9.5,0.703112,3.77146,8.0606,0.302824,0.009884,0.58647,0.09774,0.31579,200,sp,18,266,0.69954546,0.00499091,10,1,100,random
1423,RANDOM,3,"2026-07-11 23:36:52",14,0.704376,3.80011,7.9697,0.301637,0.004787,0.58555,0.10266,0.31179,200,sp,18,263,0.70151515,0.00521818,10,1,100,random
1424,RANDOM,4,"2026-07-11 23:36:56",18.5,0.699567,3.73809,7.7273,0.307389,-0.004632,0.58431,0.12157,0.29412,200,sp,18,255,0.7059091,-0.00963939,10,1,100,random
1425,RANDOM,5,"2026-07-11 23:37:01",23,0.699864,3.73092,7.6364,0.348124,0.015144,0.5754,0.11508,0.30952,200,sp,18,252,0.69045454,0.01331212,10,1,100,random
1426,RANDOM,6,"2026-07-11 23:37:05",27.5,0.697961,3.71032,7.5455,0.325717,0.000943,0.57831,0.1004,0.32129,200,sp,18,249,0.69924243,-0.00180303,10,1,100,random
1427,RANDOM,7,"2026-07-11 23:37:12",33.6,0.696094,3.70561,7.4848,0.317046,0.007766,0.5668,0.10931,0.32389,200,sp,18,247,0.69242424,0.00751212,10,1,100,random
1428,RANDOM,8,"2026-07-11 23:37:18",39.8,0.696861,3.7261,7.3939,0.317018,-0.001199,0.56557,0.11066,0.32377,200,sp,18,244,0.69833334,-0.00387576,10,1,100,random
1429,RANDOM,9,"2026-07-11 23:37:24",46.1,0.696924,3.73097,7.3333,0.325255,0.001587,0.55372,0.12397,0.32231,200,sp,18,242,0.69681818,-0.00000909,10,1,100,random
1430,RANDOM,10,"2026-07-11 23:37:30",52.5,0.696745,3.75675,7.3333,0.327265,-0.000296,0.55785,0.11983,0.32231,200,sp,18,242,0.69803031,-0.00330303,10,1,100,random
1431,RANDOM,11,"2026-07-11 23:37:37",58.8,0.695848,3.7427,7.303,0.333125,-0.001647,0.54357,0.13278,0.32365,200,sp,18,241,0.69848485,-0.00319697,10,1,100,random
1432,RANDOM,12,"2026-07-11 23:37:43",65.2,0.69483,3.72893,7.1515,0.325085,-0.001096,0.55085,0.13559,0.31356,200,sp,18,236,0.69712121,-0.00505758,10,1,100,random
1433,RANDOM,13,"2026-07-11 23:37:50",71.6,0.694579,3.71349,7.0606,0.356556,-0.009828,0.54077,0.13734,0.32189,200,sp,18,233,0.70227273,-0.01142727,10,1,100,random
1434,RANDOM,14,"2026-07-11 23:37:56",78.1,0.695479,3.69576,7,0.343138,-0.013482,0.54113,0.14719,0.31169,200,sp,18,231,0.70515152,-0.01399091,10,1,100,random
1435,RANDOM,15,"2026-07-11 23:38:03",84.6,0.695333,3.68522,6.8485,0.356135,-0.004673,0.5354,0.13717,0.32743,200,sp,18,226,0.69969697,-0.00511818,10,1,100,random
1436,RANDOM,16,"2026-07-11 23:38:09",91,0.694639,3.6734,6.7576,0.345607,0.012787,0.55157,0.12108,0.32735,200,sp,18,223,0.68666666,0.01270606,10,1,100,random
1437,RANDOM,17,"2026-07-11 23:38:15",97.5,0.695588,3.66832,6.6364,0.359518,-0.004084,0.52511,0.16438,0.3105,200,sp,18,219,0.69863636,-0.0039697,10,1,100,random
1438,RANDOM,18,"2026-07-11 23:38:22",103.9,0.694164,3.64462,6.6061,0.378284,-0.006084,0.50917,0.1789,0.31193,200,sp,18,218,0.7,-0.00726364,10,1,100,random
1439,RANDOM,19,"2026-07-11 23:38:28",110.4,0.693064,3.63785,6.4545,0.380514,-0.000046,0.49765,0.18779,0.31455,200,sp,18,213,0.69454546,-0.00019394,10,1,100,random
1440,RANDOM,20,"2026-07-11 23:38:35",116.8,0.693033,3.63418,6.4545,0.395241,0.007724,0.50704,0.1831,0.30986,200,sp,18,213,0.68848485,0.00650909,10,1,100,random
1441,OI,1,"2026-07-11 23:44:58",5,0.726961,4.09335,8.2424,0.373059,-0.01893,0.55147,0.11397,0.33456,200,sp,19,272,0.7310606,-0.00489697,10,1,100,random
1442,OI,2,"2026-07-11 23:45:03",9.5,0.746455,4.42742,8.2121,0.363359,-0.020895,0.5203,0.12546,0.35424,200,sp,19,271,0.75348485,-0.00914545,10,1,100,random
1443,OI,3,"2026-07-11 23:45:07",14,0.760958,4.7044,8.1818,0.379289,-0.020757,0.48148,0.2,0.31852,200,sp,19,270,0.77075758,-0.01392424,10,1,100,random
1444,OI,4,"2026-07-11 23:45:12",18.5,0.775097,5.04823,8.1515,0.47367,0.004134,0.43866,0.22677,0.33457,200,sp,19,269,0.76621212,0.01263939,10,1,100,random
1445,OI,5,"2026-07-11 23:45:16",23.2,0.79023,5.41137,8.1212,0.506894,-0.010417,0.41045,0.23507,0.35448,200,sp,19,268,0.79227272,-0.00281212,10,1,100,random
1446,OI,6,"2026-07-11 23:45:21",27.7,0.801748,5.75519,8.0909,0.524474,-0.006928,0.37079,0.31086,0.31835,200,sp,19,267,0.8030303,-0.00081818,10,1,100,random
1447,OI,7,"2026-07-11 23:45:27",34,0.812985,6.07012,8.0606,0.653624,-0.009338,0.33459,0.3609,0.30451,200,sp,19,266,0.81606061,-0.00369394,10,1,100,random
1448,OI,8,"2026-07-11 23:45:33",40.2,0.821982,6.32745,8.0606,0.7175,-0.002374,0.29323,0.3797,0.32707,200,sp,19,266,0.82090909,0.00136061,10,1,100,random
1449,OI,9,"2026-07-11 23:45:40",46.6,0.82973,6.55306,8.0303,0.675961,-0.009377,0.27925,0.46415,0.2566,200,sp,19,265,0.835,-0.00680606,10,1,100,random
1450,OI,10,"2026-07-11 23:45:46",53,0.836842,6.79918,8.0303,0.893761,-0.008098,0.23774,0.52453,0.23774,200,sp,19,265,0.84121212,-0.00576061,10,1,100,random
1451,OI,11,"2026-07-11 23:45:52",59.3,0.842012,7.01614,8.0303,0.947884,-0.004123,0.20377,0.58113,0.21509,200,sp,19,265,0.84409091,-0.00259394,10,1,100,random
1452,OI,12,"2026-07-11 23:45:59",65.7,0.846718,7.2223,8.0303,1.02495,-0.013191,0.18491,0.62264,0.19245,200,sp,19,265,0.85666667,-0.01197273,10,1,100,random
1453,OI,13,"2026-07-11 23:46:05",72,0.849518,7.37868,8.0303,1.11185,-0.00474,0.15472,0.69057,0.15472,200,sp,19,265,0.85333333,-0.00400303,10,1,100,random
1454,OI,14,"2026-07-11 23:46:11",78.4,0.852376,7.54352,8.0303,1.25543,-0.013065,0.10189,0.78868,0.10943,200,sp,19,265,0.86333333,-0.01340909,10,1,100,random
1455,OI,15,"2026-07-11 23:46:18",84.7,0.854436,7.64761,8.0303,1.29066,0.003615,0.09434,0.81132,0.09434,200,sp,19,265,0.85136363,0.00409091,10,1,100,random
1456,OI,16,"2026-07-11 23:46:24",91.1,0.855403,7.7173,8.0303,1.52876,-0.004242,0.06038,0.85283,0.08679,200,sp,19,265,0.85954545,-0.00508788,10,1,100,random
1457,OI,17,"2026-07-11 23:46:31",97.5,0.856082,7.75715,8.0303,1.31611,-0.004171,0.06792,0.84528,0.08679,200,sp,19,265,0.86030303,-0.00468788,10,1,100,random
1458,OI,18,"2026-07-11 23:46:37",103.9,0.856455,7.76872,8.0303,1.41475,-0.007626,0.07547,0.83774,0.08679,200,sp,19,265,0.86393939,-0.00811515,10,1,100,random
1459,OI,19,"2026-07-11 23:46:43",110.3,0.857148,7.81808,8.0303,1.78194,0.010454,0.03396,0.90189,0.06415,200,sp,19,265,0.84909091,0.00943333,10,1,100,random
1460,OI,20,"2026-07-11 23:46:50",116.7,0.857209,7.80596,8.0303,1.44822,-0.006592,0.06415,0.86415,0.0717,200,sp,19,265,0.86393939,-0.0091697,10,1,100,random
1461,IR,1,"2026-07-11 23:48:43",5.1,0.708542,3.84544,8.1818,0.315507,-0.106087,0.57407,0.11852,0.30741,200,sp,19,270,0.78242424,-0.107,10,1,100,random
1462,IR,2,"2026-07-11 23:48:48",9.5,0.712939,3.89736,8.0606,0.318241,-0.101525,0.56391,0.11654,0.31955,200,sp,19,266,0.78393939,-0.10266061,10,1,100,random
1463,IR,3,"2026-07-11 23:48:52",14,0.720145,3.96882,7.9394,0.309746,-0.102823,0.56107,0.1145,0.32443,200,sp,19,262,0.79090909,-0.10161212,10,1,100,random
1464,IR,4,"2026-07-11 23:48:57",18.5,0.720339,3.98459,7.8485,0.310645,-0.109954,0.55598,0.10425,0.33977,200,sp,19,259,0.80045454,-0.11442424,10,1,100,random
1465,IR,5,"2026-07-11 23:49:01",23.1,0.724142,3.99324,7.8182,0.299971,-0.095023,0.55039,0.11628,0.33333,200,sp,19,258,0.79181818,-0.09564848,10,1,100,random
1466,IR,6,"2026-07-11 23:49:06",27.9,0.727909,4.03133,7.7576,0.308703,-0.106173,0.54688,0.11328,0.33984,200,sp,19,256,0.80378787,-0.10714242,10,1,100,random
1467,IR,7,"2026-07-11 23:49:12",33.9,0.729067,4.02574,7.5758,0.3155,-0.109591,0.532,0.132,0.336,200,sp,19,250,0.8089394,-0.11201212,10,1,100,random
1468,IR,8,"2026-07-11 23:49:18",40,0.736124,4.12964,7.4848,0.351721,-0.097538,0.51822,0.14575,0.33603,200,sp,19,247,0.80469697,-0.0950303,10,1,100,random
1469,IR,9,"2026-07-11 23:49:24",46.2,0.736961,4.15518,7.4545,0.350753,-0.091697,0.52033,0.13821,0.34146,200,sp,19,246,0.80469697,-0.09393333,10,1,100,random
1470,IR,10,"2026-07-11 23:49:31",52.5,0.738945,4.1875,7.4242,0.348066,-0.10627,0.5102,0.15102,0.33878,200,sp,19,245,0.81712122,-0.10925455,10,1,100,random
1471,IR,11,"2026-07-11 23:49:37",58.8,0.742564,4.22039,7.3939,0.358336,-0.09734,0.51639,0.13525,0.34836,200,sp,19,244,0.81363636,-0.09823636,10,1,100,random
1472,IR,12,"2026-07-11 23:49:43",65.1,0.747782,4.3163,7.3636,0.366162,-0.095737,0.4856,0.16872,0.34568,200,sp,19,243,0.81712121,-0.09520606,10,1,100,random
1473,IR,13,"2026-07-11 23:49:49",71.4,0.750873,4.34464,7.303,0.359498,-0.103095,0.48133,0.18672,0.33195,200,sp,19,241,0.82727273,-0.10489091,10,1,100,random
1474,IR,14,"2026-07-11 23:49:56",77.7,0.753594,4.37774,7.303,0.392095,-0.095762,0.47303,0.19087,0.3361,200,sp,19,241,0.825,-0.09745151,10,1,100,random
1475,IR,15,"2026-07-11 23:50:02",84.3,0.755351,4.41832,7.2727,0.389646,-0.100301,0.47083,0.18333,0.34583,200,sp,19,240,0.83075758,-0.10363636,10,1,100,random
1476,IR,16,"2026-07-11 23:50:09",91.3,0.760379,4.48466,7.2727,0.394377,-0.092991,0.46667,0.2,0.33333,200,sp,19,240,0.82909091,-0.09228788,10,1,100,random
1477,IR,17,"2026-07-11 23:50:16",97.8,0.760812,4.48033,7.2727,0.418945,-0.090143,0.475,0.1875,0.3375,200,sp,19,240,0.82984848,-0.09365758,10,1,100,random
1478,IR,18,"2026-07-11 23:50:22",104.2,0.762667,4.51258,7.2424,0.419441,-0.092733,0.47699,0.159,0.36402,200,sp,19,239,0.8330303,-0.09316061,10,1,100,random
1479,IR,19,"2026-07-11 23:50:29",110.8,0.761385,4.49244,7.1515,0.372951,-0.10581,0.47034,0.17373,0.35593,200,sp,19,236,0.8430303,-0.10952727,10,1,100,random
1480,IR,20,"2026-07-11 23:50:35",117.3,0.762652,4.50787,7.1515,0.396143,-0.096068,0.47034,0.17373,0.35593,200,sp,19,236,0.83575758,-0.09674849,10,1,100,random
1481,AGR,1,"2026-07-11 23:51:28",7.2,0.724376,4.0718,8.1515,0.354331,0.057855,0.5539,0.13383,0.31227,200,sp,19,269,0.67530303,0.06830303,10,1,100,random
1482,AGR,2,"2026-07-11 23:51:35",14,0.738845,4.35126,8.0909,0.379007,0.034644,0.53558,0.1236,0.34082,200,sp,19,267,0.70772727,0.04281818,10,1,100,random
1483,AGR,3,"2026-07-11 23:51:42",20.8,0.754552,4.67579,8.0606,0.373146,0.029463,0.50376,0.15789,0.33835,200,sp,19,266,0.72621212,0.03816667,10,1,100,random
1484,AGR,4,"2026-07-11 23:51:48",27.6,0.76713,4.94905,8.0303,0.413358,0.055262,0.49057,0.15472,0.35472,200,sp,19,265,0.72015152,0.06080606,10,1,100,random
1485,AGR,5,"2026-07-11 23:51:55",34.6,0.781827,5.2677,7.9394,0.439757,0.047674,0.46183,0.18321,0.35496,200,sp,19,262,0.73878788,0.05626364,10,1,100,random
1486,AGR,6,"2026-07-11 23:52:02",41.6,0.794155,5.58416,7.9394,0.483598,0.037665,0.43511,0.20611,0.35878,200,sp,19,262,0.75939394,0.04563333,10,1,100,random
1487,AGR,7,"2026-07-11 23:52:11",50.1,0.805109,5.90784,7.9394,0.51709,0.035987,0.37405,0.29389,0.33206,200,sp,19,262,0.77196969,0.04200606,10,1,100,random
1488,AGR,8,"2026-07-11 23:52:20",58.9,0.815161,6.21223,7.9091,0.583834,0.038656,0.35249,0.31418,0.33333,200,sp,19,261,0.78,0.04478485,10,1,100,random
1489,AGR,9,"2026-07-11 23:52:28",67.7,0.823455,6.47872,7.9091,0.634909,0.039554,0.31418,0.37931,0.30651,200,sp,19,261,0.7880303,0.04374242,10,1,100,random
1490,AGR,10,"2026-07-11 23:52:37",76.5,0.830794,6.69539,7.9091,0.699111,0.036411,0.27586,0.44444,0.27969,200,sp,19,261,0.79818182,0.04076667,10,1,100,random
1491,AGR,11,"2026-07-11 23:52:46",85.3,0.836473,6.88011,7.9091,0.766067,0.04198,0.2567,0.4751,0.2682,200,sp,19,261,0.79954546,0.04453636,10,1,100,random
1492,AGR,12,"2026-07-11 23:52:55",94.3,0.841949,7.06951,7.9091,0.836356,0.042179,0.21456,0.54023,0.24521,200,sp,19,261,0.80469697,0.04588788,10,1,100,random
1493,AGR,13,"2026-07-11 23:53:04",103,0.846564,7.23139,7.9091,0.906405,0.037476,0.1954,0.61686,0.18774,200,sp,19,261,0.81348485,0.03988485,10,1,100,random
1494,AGR,14,"2026-07-11 23:53:13",111.8,0.850524,7.38744,7.9091,1.1025,0.034735,0.13793,0.70498,0.15709,200,sp,19,261,0.82,0.0369303,10,1,100,random
1495,AGR,15,"2026-07-11 23:53:22",120.8,0.853545,7.49226,7.9091,1.13059,0.038821,0.12644,0.76628,0.10728,200,sp,19,261,0.82,0.03965758,10,1,100,random
1496,AGR,16,"2026-07-11 23:53:30",129.7,0.855627,7.5868,7.9091,1.54356,0.02938,0.09195,0.84291,0.06513,200,sp,19,261,0.83030303,0.03087273,10,1,100,random
1497,AGR,17,"2026-07-11 23:53:39",138.6,0.857439,7.66494,7.9091,1.88975,0.039847,0.05364,0.89272,0.05364,200,sp,19,261,0.82333333,0.04058182,10,1,100,random
1498,AGR,18,"2026-07-11 23:53:48",147.5,0.858688,7.72143,7.9091,1.52687,0.040783,0.03831,0.9387,0.02299,200,sp,19,261,0.8239394,0.04153636,10,1,100,random
1499,AGR,19,"2026-07-11 23:53:57",156.4,0.85963,7.75471,7.9091,1.84871,0.055055,0.02299,0.9387,0.03831,200,sp,19,261,0.81272728,0.0558697,10,1,100,random
1500,AGR,20,"2026-07-11 23:54:06",165.2,0.860055,7.77584,7.9091,1.36981,0.051074,0.02299,0.96169,0.01533,200,sp,19,261,0.81666666,0.05106364,10,1,100,random
1501,RANDOM,1,"2026-07-11 23:56:35",4.5,0.706794,3.81125,8.1818,0.311611,-0.002272,0.57778,0.1037,0.31852,200,sp,19,270,0.70833333,-0.00090909,10,1,100,random
1502,RANDOM,2,"2026-07-11 23:56:40",8.6,0.707209,3.83234,8.1212,0.295533,-0.011276,0.57463,0.11194,0.31343,200,sp,19,268,0.71590909,-0.01140303,10,1,100,random
1503,RANDOM,3,"2026-07-11 23:56:44",12.7,0.708803,3.86347,8,0.313914,-0.012925,0.57197,0.12121,0.30682,200,sp,19,264,0.71833333,-0.01165152,10,1,100,random
1504,RANDOM,4,"2026-07-11 23:56:48",16.9,0.703415,3.82044,7.9091,0.320377,-0.002033,0.55556,0.15326,0.29119,200,sp,19,261,0.70833333,-0.00722424,10,1,100,random
1505,RANDOM,5,"2026-07-11 23:56:52",21.1,0.70237,3.81958,7.8788,0.346283,0.021909,0.56538,0.14231,0.29231,200,sp,19,260,0.6880303,0.02078788,10,1,100,random
1506,RANDOM,6,"2026-07-11 23:56:56",25.4,0.700573,3.80148,7.7879,0.345175,-0.007083,0.56809,0.13619,0.29572,200,sp,19,257,0.70727273,-0.00881818,10,1,100,random
1507,RANDOM,7,"2026-07-11 23:57:02",31.2,0.698467,3.7841,7.7576,0.341398,-0.021152,0.55859,0.14063,0.30078,200,sp,19,256,0.71515151,-0.02375151,10,1,100,random
1508,RANDOM,8,"2026-07-11 23:57:08",37.1,0.697567,3.74753,7.6667,0.334404,-0.015696,0.56917,0.12253,0.3083,200,sp,19,253,0.70984848,-0.01547576,10,1,100,random
1509,RANDOM,9,"2026-07-11 23:57:14",43.2,0.698258,3.72805,7.6364,0.330858,-0.005542,0.56746,0.13889,0.29365,200,sp,19,252,0.70257576,-0.00620606,10,1,100,random
1510,RANDOM,10,"2026-07-11 23:57:20",49.2,0.700703,3.75735,7.6061,0.362231,0.002502,0.56175,0.13147,0.30677,200,sp,19,251,0.69893939,0.00317273,10,1,100,random
1511,RANDOM,11,"2026-07-11 23:57:26",55.2,0.698852,3.72394,7.6061,0.33556,-0.005231,0.56175,0.14343,0.29482,200,sp,19,251,0.70454545,-0.0076303,10,1,100,random
1512,RANDOM,12,"2026-07-11 23:57:32",61.3,0.697282,3.71563,7.5758,0.3472,-0.004937,0.56,0.14,0.3,200,sp,19,250,0.70227272,-0.00758485,10,1,100,random
1513,RANDOM,13,"2026-07-11 23:57:38",67.3,0.695161,3.69496,7.5455,0.342725,-0.004494,0.55823,0.14859,0.29317,200,sp,19,249,0.70045455,-0.00751212,10,1,100,random
1514,RANDOM,14,"2026-07-11 23:57:44",73.5,0.692709,3.66971,7.5152,0.347208,0.002495,0.55645,0.14113,0.30242,200,sp,19,248,0.69333333,-0.00247879,10,1,100,random
1515,RANDOM,15,"2026-07-11 23:57:51",79.5,0.694558,3.68941,7.4848,0.34866,-0.001702,0.55466,0.14575,0.2996,200,sp,19,247,0.69590909,-0.00130606,10,1,100,random
1516,RANDOM,16,"2026-07-11 23:57:57",85.6,0.691579,3.64945,7.4545,0.346937,0.007845,0.56504,0.13821,0.29675,200,sp,19,246,0.68878787,0.00514848,10,1,100,random
1517,RANDOM,17,"2026-07-11 23:58:03",91.6,0.693939,3.6529,7.3333,0.351675,-0.005294,0.55372,0.14876,0.29752,200,sp,19,242,0.69742425,-0.00561515,10,1,100,random
1518,RANDOM,18,"2026-07-11 23:58:09",97.8,0.6929,3.62136,7.2727,0.347792,0.000225,0.55417,0.14583,0.3,200,sp,19,240,0.69424242,-0.00318485,10,1,100,random
1519,RANDOM,19,"2026-07-11 23:58:15",103.9,0.691615,3.61304,7.2121,0.346511,-0.00333,0.57563,0.12605,0.29832,200,sp,19,238,0.69560606,-0.00606061,10,1,100,random
1520,RANDOM,20,"2026-07-11 23:58:21",110.1,0.689306,3.59993,7.2121,0.356271,0.00768,0.57563,0.13025,0.29412,200,sp,19,238,0.68621212,0.00559394,10,1,100,random
1521,OI,1,"2026-07-12 00:05:11",4.9,0.727527,4.16722,8.1515,0.363387,-0.018717,0.55762,0.11524,0.32714,200,sp,20,269,0.73303031,-0.00908485,10,1,100,random
1522,OI,2,"2026-07-12 00:05:16",9.2,0.746385,4.51969,8.1212,0.402446,-0.006043,0.51119,0.15299,0.33582,200,sp,20,268,0.74333334,0.00368485,10,1,100,random
1523,OI,3,"2026-07-12 00:05:20",13.6,0.761148,4.81033,8,0.411106,-0.014266,0.45833,0.21212,0.32955,200,sp,20,264,0.76590909,-0.00637576,10,1,100,random
1524,OI,4,"2026-07-12 00:05:24",18,0.777285,5.1301,7.9091,0.495952,-0.000743,0.42912,0.2682,0.30268,200,sp,20,261,0.77106061,0.00820909,10,1,100,random
1525,OI,5,"2026-07-12 00:05:29",22.5,0.790967,5.47148,7.8788,0.597196,-0.013541,0.38462,0.31538,0.3,200,sp,20,260,0.79606061,-0.00700909,10,1,100,random
1526,OI,6,"2026-07-12 00:05:33",26.9,0.80407,5.76814,7.8485,0.657554,-0.006033,0.35135,0.34363,0.30502,200,sp,20,259,0.80378788,-0.0003,10,1,100,random
1527,OI,7,"2026-07-12 00:05:39",33,0.813951,6.02398,7.8485,0.684158,-0.003783,0.3166,0.42471,0.25869,200,sp,20,259,0.81333333,0.00031515,10,1,100,random
1528,OI,8,"2026-07-12 00:05:45",39,0.8246,6.34153,7.8182,0.827064,-0.019492,0.27519,0.45349,0.27132,200,sp,20,258,0.83666666,-0.01446061,10,1,100,random
1529,OI,9,"2026-07-12 00:05:52",45.2,0.832658,6.6161,7.7879,0.832412,-0.007152,0.22568,0.56031,0.21401,200,sp,20,257,0.83575758,-0.00311515,10,1,100,random
1530,OI,10,"2026-07-12 00:05:58",51.5,0.839603,6.86651,7.7879,0.967091,-0.007407,0.19066,0.59922,0.21012,200,sp,20,257,0.84363637,-0.00548485,10,1,100,random
1531,OI,11,"2026-07-12 00:06:04",57.7,0.845215,7.0857,7.7576,1.01572,-0.004108,0.16016,0.69141,0.14844,200,sp,20,256,0.84727273,-0.00273636,10,1,100,random
1532,OI,12,"2026-07-12 00:06:10",63.9,0.848373,7.24956,7.7576,1.33387,-0.009711,0.125,0.74609,0.12891,200,sp,20,256,0.85636363,-0.00959091,10,1,100,random
1533,OI,13,"2026-07-12 00:06:16",70.1,0.850606,7.35482,7.7576,1.39824,0.000843,0.10938,0.80078,0.08984,200,sp,20,256,0.85015152,0.00060909,10,1,100,random
1534,OI,14,"2026-07-12 00:06:23",76.4,0.852185,7.44977,7.7576,1.71844,-0.006698,0.06641,0.85938,0.07422,200,sp,20,256,0.85833333,-0.00720606,10,1,100,random
1535,OI,15,"2026-07-12 00:06:29",82.6,0.853749,7.5189,7.7576,1.70759,-0.004138,0.04297,0.91016,0.04688,200,sp,20,256,0.85757576,-0.0045697,10,1,100,random
1536,OI,16,"2026-07-12 00:06:35",88.9,0.853718,7.50827,7.7576,2.05876,0.005894,0.07031,0.87891,0.05078,200,sp,20,256,0.84984848,0.00458788,10,1,100,random
1537,OI,17,"2026-07-12 00:06:41",95.1,0.854106,7.54661,7.7576,2.76732,0.000005,0.05469,0.88672,0.05859,200,sp,20,256,0.85484849,-0.00113333,10,1,100,random
1538,OI,18,"2026-07-12 00:06:48",101.3,0.854709,7.58025,7.7576,2.04213,-0.008306,0.03906,0.93359,0.02734,200,sp,20,256,0.86272728,-0.00950303,10,1,100,random
1539,OI,19,"2026-07-12 00:06:54",107.5,0.854709,7.56749,7.7576,2.3582,0.005426,0.03516,0.92188,0.04297,200,sp,20,256,0.85106061,0.00416061,10,1,100,random
1540,OI,20,"2026-07-12 00:07:00",113.7,0.854485,7.55612,7.7273,2.04314,-0.001414,0.05098,0.89804,0.05098,200,sp,20,255,0.85681818,-0.00231818,10,1,100,random
1541,IR,1,"2026-07-12 00:41:11",5.6,0.713679,3.94333,8.1515,0.318254,-0.094855,0.57621,0.10409,0.3197,200,sp,20,269,0.77939394,-0.0935303,10,1,100,random
1542,IR,2,"2026-07-12 00:41:16",10.5,0.719645,3.99995,7.9697,0.31878,-0.109007,0.56654,0.10266,0.3308,200,sp,20,263,0.79575758,-0.11121818,10,1,100,random
1543,IR,3,"2026-07-12 00:41:21",15.5,0.723788,4.03731,7.8485,0.307436,-0.099855,0.55985,0.11197,0.32819,200,sp,20,259,0.79484848,-0.10052727,10,1,100,random
1544,IR,4,"2026-07-12 00:41:26",20.5,0.726803,4.07738,7.7273,0.325371,-0.106231,0.56471,0.10196,0.33333,200,sp,20,255,0.8030303,-0.10954848,10,1,100,random
1545,IR,5,"2026-07-12 00:41:31",25.8,0.732309,4.16439,7.697,0.33951,-0.103673,0.56299,0.10236,0.33465,200,sp,20,254,0.80621212,-0.104,10,1,100,random
1546,IR,6,"2026-07-12 00:41:36",31,0.735506,4.21524,7.697,0.349207,-0.099648,0.53937,0.11811,0.34252,200,sp,20,254,0.80772727,-0.09952424,10,1,100,random
1547,IR,7,"2026-07-12 00:41:43",37.7,0.738373,4.25404,7.6364,0.335893,-0.095784,0.53571,0.12302,0.34127,200,sp,20,252,0.80818181,-0.0979303,10,1,100,random
1548,IR,8,"2026-07-12 00:41:50",44.5,0.741533,4.28126,7.6061,0.348071,-0.099176,0.51793,0.15139,0.33068,200,sp,20,251,0.81409091,-0.10093333,10,1,100,random
1549,IR,9,"2026-07-12 00:41:56",51.5,0.745503,4.33236,7.5152,0.377219,-0.099996,0.51613,0.15726,0.32661,200,sp,20,248,0.81863637,-0.10005454,10,1,100,random
1550,IR,10,"2026-07-12 00:42:03",58.3,0.746197,4.34219,7.4242,0.390742,-0.092612,0.52245,0.1551,0.32245,200,sp,20,245,0.81560606,-0.09539394,10,1,100,random
1551,IR,11,"2026-07-12 00:42:10",65.4,0.749891,4.41908,7.3333,0.423926,-0.094194,0.48347,0.18595,0.33058,200,sp,20,242,0.81924243,-0.09540303,10,1,100,random
1552,IR,12,"2026-07-12 00:42:17",72.4,0.753521,4.47965,7.303,0.415056,-0.101327,0.48963,0.17427,0.3361,200,sp,20,241,0.82863636,-0.1021,10,1,100,random
1553,IR,13,"2026-07-12 00:42:24",79.3,0.7579,4.54466,7.303,0.432923,-0.091889,0.48133,0.17012,0.34855,200,sp,20,241,0.82590909,-0.09183333,10,1,100,random
1554,IR,14,"2026-07-12 00:42:31",86.2,0.759024,4.55319,7.2727,0.40951,-0.092336,0.48333,0.16667,0.35,200,sp,20,240,0.82924242,-0.09513636,10,1,100,random
1555,IR,15,"2026-07-12 00:42:38",93.2,0.759688,4.55712,7.2424,0.411203,-0.104393,0.48954,0.14226,0.3682,200,sp,20,239,0.83924243,-0.10770909,10,1,100,random
1556,IR,16,"2026-07-12 00:42:45",100.2,0.763233,4.61041,7.2424,0.401719,-0.100521,0.48536,0.14226,0.37238,200,sp,20,239,0.83863636,-0.10084848,10,1,100,random
1557,IR,17,"2026-07-12 00:42:52",107.2,0.764948,4.59557,7.1515,0.387268,-0.09222,0.47458,0.15678,0.36864,200,sp,20,236,0.83515152,-0.09401212,10,1,100,random
1558,IR,18,"2026-07-12 00:42:59",114.3,0.765891,4.61221,7.1515,0.397398,-0.085846,0.46186,0.15254,0.38559,200,sp,20,236,0.83166667,-0.08842727,10,1,100,random
1559,IR,19,"2026-07-12 00:43:06",121.3,0.767236,4.63346,7.1212,0.374599,-0.101014,0.45106,0.17021,0.37872,200,sp,20,235,0.84454545,-0.10374242,10,1,100,random
1560,IR,20,"2026-07-12 00:43:13",128.3,0.771515,4.71919,7.0606,0.398546,-0.097513,0.44635,0.17597,0.37768,200,sp,20,233,0.84515151,-0.09732727,10,1,100,random
1561,AGR,1,"2026-07-12 00:57:07",7.3,0.725409,4.13429,8.1818,0.343487,0.043063,0.57037,0.1037,0.32593,200,sp,20,270,0.68787879,0.05091515,10,1,100,random
1562,AGR,2,"2026-07-12 00:57:14",14.2,0.743742,4.44727,8.1212,0.37155,0.035653,0.53358,0.13433,0.33209,200,sp,20,268,0.71,0.04611515,10,1,100,random
1563,AGR,3,"2026-07-12 00:57:21",21.1,0.760027,4.76972,8.0909,0.406256,0.039236,0.51685,0.12734,0.35581,200,sp,20,267,0.7239394,0.04825758,10,1,100,random
1564,AGR,4,"2026-07-12 00:57:28",28,0.773588,5.08762,8.0909,0.40574,0.032282,0.4794,0.18352,0.33708,200,sp,20,267,0.74348485,0.0403303,10,1,100,random
1565,AGR,5,"2026-07-12 00:57:35",34.9,0.786539,5.37942,8.0909,0.475124,0.043301,0.46442,0.19476,0.34082,200,sp,20,267,0.74742424,0.05034849,10,1,100,random
1566,AGR,6,"2026-07-12 00:57:42",41.9,0.800767,5.73708,8.0909,0.523468,0.042524,0.43446,0.22472,0.34082,200,sp,20,267,0.76121212,0.05079394,10,1,100,random
1567,AGR,7,"2026-07-12 00:57:51",50.5,0.811615,6.03342,8.0909,0.587723,0.033645,0.38202,0.30337,0.31461,200,sp,20,267,0.78030303,0.03939394,10,1,100,random
1568,AGR,8,"2026-07-12 00:57:59",59.2,0.820224,6.31076,8.0909,0.651705,0.051745,0.34831,0.30712,0.34457,200,sp,20,267,0.77469697,0.05776061,10,1,100,random
1569,AGR,9,"2026-07-12 00:58:08",68.1,0.828691,6.5788,8.0909,0.619391,0.035667,0.31461,0.3633,0.3221,200,sp,20,267,0.79606061,0.04062121,10,1,100,random
1570,AGR,10,"2026-07-12 00:58:17",77,0.835248,6.82346,8.0909,0.696019,0.033704,0.28839,0.42322,0.28839,200,sp,20,267,0.80484848,0.03734849,10,1,100,random
1571,AGR,11,"2026-07-12 00:58:26",86.1,0.842,7.07262,8.0909,0.793392,0.035419,0.25094,0.4794,0.26966,200,sp,20,267,0.81,0.0388697,10,1,100,random
1572,AGR,12,"2026-07-12 00:58:35",95.1,0.847645,7.29686,8.0909,0.868177,0.027269,0.20974,0.57303,0.21723,200,sp,20,267,0.82287879,0.0297697,10,1,100,random
1573,AGR,13,"2026-07-12 00:58:44",104.3,0.85243,7.47931,8.0909,1.01104,0.02833,0.16854,0.65169,0.17978,200,sp,20,267,0.8269697,0.03024545,10,1,100,random
1574,AGR,14,"2026-07-12 00:58:53",113.1,0.855967,7.5991,8.0909,1.10443,0.044919,0.12734,0.75281,0.11985,200,sp,20,267,0.81681818,0.04622727,10,1,100,random
1575,AGR,15,"2026-07-12 00:59:02",121.9,0.858655,7.72819,8.0909,1.39709,0.051231,0.0824,0.81273,0.10487,200,sp,20,267,0.81439394,0.05262121,10,1,100,random
1576,AGR,16,"2026-07-12 00:59:11",130.9,0.860633,7.81747,8.0909,1.35797,0.037599,0.06742,0.87266,0.05993,200,sp,20,267,0.82818182,0.03779697,10,1,100,random
1577,AGR,17,"2026-07-12 00:59:20",139.8,0.862133,7.8922,8.0909,1.67328,0.033685,0.05618,0.9176,0.02622,200,sp,20,267,0.83318182,0.03437879,10,1,100,random
1578,AGR,18,"2026-07-12 00:59:29",148.7,0.862982,7.94274,8.0909,2.01661,0.037882,0.03371,0.94382,0.02247,200,sp,20,267,0.83060606,0.03785152,10,1,100,random
1579,AGR,19,"2026-07-12 00:59:38",157.7,0.863339,7.96282,8.0909,1.64089,0.047973,0.03371,0.94757,0.01873,200,sp,20,267,0.82257576,0.04788485,10,1,100,random
1580,AGR,20,"2026-07-12 00:59:47",166.7,0.863533,7.97272,8.0909,1.56974,0.043319,0.01873,0.97378,0.00749,200,sp,20,267,0.82681818,0.04301515,10,1,100,random
1581,RANDOM,1,"2026-07-12 01:00:39",4.8,0.707779,3.87508,8.0303,0.304438,0.015249,0.58113,0.10189,0.31698,200,sp,20,265,0.69863637,0.01195151,10,1,100,random
1582,RANDOM,2,"2026-07-12 01:00:43",9.1,0.706318,3.83723,7.9394,0.311627,-0.014336,0.57634,0.10687,0.31679,200,sp,20,262,0.71818181,-0.01795758,10,1,100,random
1583,RANDOM,3,"2026-07-12 01:00:47",13.6,0.708718,3.87255,7.9091,0.31738,-0.003122,0.55556,0.11877,0.32567,200,sp,20,261,0.71060606,-0.00372727,10,1,100,random
1584,RANDOM,4,"2026-07-12 01:00:52",18.1,0.707,3.86689,7.8485,0.297855,0.002507,0.55985,0.11969,0.32046,200,sp,20,259,0.70666667,-0.00038182,10,1,100,random
1585,RANDOM,5,"2026-07-12 01:00:57",22.6,0.703488,3.7899,7.6061,0.29676,-0.001394,0.55378,0.13546,0.31076,200,sp,20,251,0.70742424,-0.00773636,10,1,100,random
1586,RANDOM,6,"2026-07-12 01:01:01",27.2,0.703891,3.77172,7.5455,0.331485,-0.000986,0.54618,0.14458,0.30924,200,sp,20,249,0.70530303,-0.00150606,10,1,100,random
1587,RANDOM,7,"2026-07-12 01:01:07",33.3,0.705009,3.77606,7.3939,0.33696,0.000854,0.54508,0.13934,0.31557,200,sp,20,244,0.70469697,-0.00112121,10,1,100,random
1588,RANDOM,8,"2026-07-12 01:01:13",39.6,0.706339,3.79065,7.3636,0.339815,0.004298,0.53909,0.14403,0.31687,200,sp,20,243,0.70363636,0.00331818,10,1,100,random
1589,RANDOM,9,"2026-07-12 01:01:20",45.8,0.706318,3.78982,7.3636,0.337759,0.021798,0.53498,0.15226,0.31276,200,sp,20,243,0.69166667,0.02018788,10,1,100,random
1590,RANDOM,10,"2026-07-12 01:01:26",52.1,0.703533,3.77424,7.2424,0.339968,-0.001193,0.53138,0.159,0.30962,200,sp,20,239,0.70681818,-0.00679394,10,1,100,random
1591,RANDOM,11,"2026-07-12 01:01:32",58.4,0.701542,3.75096,7.0606,0.346622,-0.002243,0.53219,0.15451,0.3133,200,sp,20,233,0.70515151,-0.00632727,10,1,100,random
1592,RANDOM,12,"2026-07-12 01:01:39",64.8,0.699309,3.74022,6.9697,0.358332,-0.008379,0.53913,0.13913,0.32174,200,sp,20,230,0.70712121,-0.01270303,10,1,100,random
1593,RANDOM,13,"2026-07-12 01:01:45",71.1,0.699215,3.72911,6.9394,0.354913,-0.010016,0.52838,0.15721,0.31441,200,sp,20,229,0.70727273,-0.01238485,10,1,100,random
1594,RANDOM,14,"2026-07-12 01:01:51",77.4,0.696179,3.73408,6.9394,0.365467,-0.000876,0.53275,0.15721,0.31004,200,sp,20,229,0.69893939,-0.00538485,10,1,100,random
1595,RANDOM,15,"2026-07-12 01:01:58",83.9,0.696503,3.72784,6.7879,0.380191,-0.017122,0.53125,0.14732,0.32143,200,sp,20,224,0.70939394,-0.01756364,10,1,100,random
1596,RANDOM,16,"2026-07-12 01:02:04",90.4,0.697618,3.74174,6.697,0.375078,-0.012702,0.51131,0.17195,0.31674,200,sp,20,221,0.70696969,-0.0135,10,1,100,random
1597,RANDOM,17,"2026-07-12 01:02:11",96.7,0.697409,3.75144,6.6061,0.391818,-0.013176,0.52752,0.16055,0.31193,200,sp,20,218,0.70757576,-0.01638788,10,1,100,random
1598,RANDOM,18,"2026-07-12 01:02:17",103.1,0.697673,3.78575,6.5455,0.413002,0.005125,0.5,0.1713,0.3287,200,sp,20,216,0.69469697,0.00586061,10,1,100,random
1599,RANDOM,19,"2026-07-12 01:02:23",109.4,0.698221,3.78038,6.5455,0.375327,-0.01622,0.51389,0.16667,0.31944,200,sp,20,216,0.71015151,-0.01767879,10,1,100,random
1600,RANDOM,20,"2026-07-12 01:02:30",115.7,0.694506,3.71863,6.4848,0.381305,0.012754,0.52804,0.15421,0.31776,200,sp,20,214,0.68863636,0.00906667,10,1,100,random
1601,OI,1,"2026-07-12 01:27:20",5.2,0.73037,4.10344,8.303,0.359167,-0.018853,0.56204,0.12409,0.31387,200,sp,21,274,0.735,-0.00781818,10,1,100,random
1602,OI,2,"2026-07-12 01:27:25",10,0.748997,4.43854,8.2727,0.404609,-0.022719,0.51648,0.14286,0.34066,200,sp,21,273,0.75803031,-0.0122303,10,1,100,random
1603,OI,3,"2026-07-12 01:27:29",14.8,0.764785,4.7681,8.2727,0.403107,0.006123,0.47619,0.17582,0.34799,200,sp,21,273,0.75378788,0.01616667,10,1,100,random
1604,OI,4,"2026-07-12 01:27:34",19.5,0.778873,5.09177,8.2424,0.433363,-0.012205,0.43382,0.24632,0.31985,200,sp,21,272,0.78272727,-0.00554848,10,1,100,random
1605,OI,5,"2026-07-12 01:27:39",24.3,0.793503,5.46829,8.2424,0.528497,-0.019741,0.42279,0.25735,0.31985,200,sp,21,272,0.8030303,-0.01323333,10,1,100,random
1606,OI,6,"2026-07-12 01:27:44",29.1,0.805894,5.81458,8.2121,0.588222,-0.004111,0.37269,0.30258,0.32472,200,sp,21,271,0.80424242,0.00282727,10,1,100,random
1607,OI,7,"2026-07-12 01:27:50",35.6,0.817533,6.163,8.2121,0.625052,-0.008827,0.32103,0.37638,0.30258,200,sp,21,271,0.82030303,-0.00218182,10,1,100,random
1608,OI,8,"2026-07-12 01:27:57",42,0.826276,6.4635,8.2121,0.68126,-0.013838,0.30627,0.40959,0.28413,200,sp,21,271,0.83454546,-0.00989394,10,1,100,random
1609,OI,9,"2026-07-12 01:28:03",48.5,0.833155,6.72868,8.1818,0.761814,-0.012883,0.27778,0.45926,0.26296,200,sp,21,270,0.84181818,-0.01019697,10,1,100,random
1610,OI,10,"2026-07-12 01:28:10",55.2,0.839976,6.99442,8.1818,0.855697,0.003435,0.22963,0.52963,0.24074,200,sp,21,270,0.835,0.00666667,10,1,100,random
1611,OI,11,"2026-07-12 01:28:16",61.9,0.845739,7.22434,8.1818,0.896376,-0.00845,0.2,0.58889,0.21111,200,sp,21,270,0.85106061,-0.00634545,10,1,100,random
1612,OI,12,"2026-07-12 01:28:23",68.5,0.850297,7.42164,8.1818,1.00632,-0.012504,0.18889,0.63704,0.17407,200,sp,21,270,0.85969697,-0.01128788,10,1,100,random
1613,OI,13,"2026-07-12 01:28:30",75.3,0.853761,7.56228,8.1818,1.20113,-0.00918,0.12593,0.72222,0.15185,200,sp,21,270,0.86090909,-0.00859394,10,1,100,random
1614,OI,14,"2026-07-12 01:28:37",82,0.856794,7.67108,8.1818,1.13252,-0.007605,0.11111,0.76296,0.12593,200,sp,21,270,0.86303031,-0.0073697,10,1,100,random
1615,OI,15,"2026-07-12 01:28:43",88.8,0.85853,7.75325,8.1818,1.30236,-0.001115,0.10741,0.78519,0.10741,200,sp,21,270,0.85984848,-0.00065758,10,1,100,random
1616,OI,16,"2026-07-12 01:28:50",95.6,0.860182,7.82242,8.1818,1.40531,-0.00724,0.07407,0.82963,0.0963,200,sp,21,270,0.86666667,-0.00719697,10,1,100,random
1617,OI,17,"2026-07-12 01:28:57",102.4,0.861791,7.90581,8.1818,1.36102,-0.005775,0.05556,0.88519,0.05926,200,sp,21,270,0.86712121,-0.00610303,10,1,100,random
1618,OI,18,"2026-07-12 01:29:04",109.1,0.862497,7.94266,8.1818,1.68576,0.018185,0.05926,0.87407,0.06667,200,sp,21,270,0.84757576,0.01720606,10,1,100,random
1619,OI,19,"2026-07-12 01:29:11",115.9,0.863088,7.96837,8.1818,1.60827,0.002556,0.05926,0.88889,0.05185,200,sp,21,270,0.86166667,0.00240909,10,1,100,random
1620,OI,20,"2026-07-12 01:29:17",122.8,0.863188,7.96877,8.1818,2.15952,-0.004124,0.05185,0.89259,0.05556,200,sp,21,270,0.86787879,-0.00563636,10,1,100,random
1621,IR,1,"2026-07-12 01:45:36",5.6,0.712688,3.86964,8.2121,0.303778,-0.096309,0.57934,0.09963,0.32103,200,sp,21,271,0.78000001,-0.0990303,10,1,100,random
1622,IR,2,"2026-07-12 01:45:41",10.8,0.7193,3.95238,8.0909,0.305616,-0.099562,0.56929,0.10487,0.32584,200,sp,21,267,0.78833333,-0.09872424,10,1,100,random
1623,IR,3,"2026-07-12 01:45:46",16,0.724576,4.01932,8,0.320521,-0.114873,0.56061,0.11364,0.32576,200,sp,21,264,0.80575757,-0.11507576,10,1,100,random
1624,IR,4,"2026-07-12 01:45:52",21.2,0.731709,4.09387,7.9394,0.326413,-0.099482,0.55725,0.09542,0.34733,200,sp,21,262,0.80166667,-0.09878485,10,1,100,random
1625,IR,5,"2026-07-12 01:45:57",26.2,0.734515,4.1323,7.8485,0.303156,-0.094685,0.55212,0.09653,0.35135,200,sp,21,259,0.80333333,-0.0971,10,1,100,random
1626,IR,6,"2026-07-12 01:46:02",31.2,0.736406,4.13128,7.7273,0.306478,-0.098498,0.55294,0.09804,0.34902,200,sp,21,255,0.80863637,-0.10062424,10,1,100,random
1627,IR,7,"2026-07-12 01:46:08",37.8,0.739576,4.16253,7.697,0.317566,-0.098553,0.54724,0.11024,0.34252,200,sp,21,254,0.81136363,-0.09884242,10,1,100,random
1628,IR,8,"2026-07-12 01:46:15",44.5,0.742939,4.20454,7.5455,0.337577,-0.096405,0.53414,0.1245,0.34137,200,sp,21,249,0.81333334,-0.09767576,10,1,100,random
1629,IR,9,"2026-07-12 01:46:22",51.4,0.744939,4.22378,7.5152,0.341092,-0.104014,0.51613,0.16129,0.32258,200,sp,21,248,0.82181818,-0.10722727,10,1,100,random
1630,IR,10,"2026-07-12 01:46:29",58.3,0.747594,4.26368,7.4242,0.375196,-0.102959,0.52245,0.13878,0.33878,200,sp,21,245,0.82363636,-0.10463636,10,1,100,random
1631,IR,11,"2026-07-12 01:46:36",65.2,0.749703,4.30569,7.3939,0.367834,-0.096117,0.4959,0.15164,0.35246,200,sp,21,244,0.82136364,-0.09790909,10,1,100,random
1632,IR,12,"2026-07-12 01:46:43",72.3,0.753194,4.36849,7.3939,0.349607,-0.098594,0.4959,0.13525,0.36885,200,sp,21,244,0.82621213,-0.09920303,10,1,100,random
1633,IR,13,"2026-07-12 01:46:50",79.3,0.754391,4.39796,7.3333,0.323894,-0.100207,0.48347,0.15289,0.36364,200,sp,21,242,0.83,-0.10395455,10,1,100,random
1634,IR,14,"2026-07-12 01:46:57",86.4,0.755094,4.39675,7.2424,0.337094,-0.102845,0.48117,0.159,0.35983,200,sp,21,239,0.83303031,-0.10532727,10,1,100,random
1635,IR,15,"2026-07-12 01:47:04",93.5,0.755773,4.41541,7.1818,0.359616,-0.109413,0.47679,0.16456,0.35865,200,sp,21,237,0.83878788,-0.11307879,10,1,100,random
1636,IR,16,"2026-07-12 01:47:11",100.4,0.756336,4.41365,7.1212,0.373273,-0.100085,0.45957,0.17021,0.37021,200,sp,21,235,0.83227273,-0.10242121,10,1,100,random
1637,IR,17,"2026-07-12 01:47:18",107.3,0.758827,4.45181,7.0909,0.364285,-0.094264,0.46581,0.16239,0.37179,200,sp,21,234,0.82954546,-0.09690303,10,1,100,random
1638,IR,18,"2026-07-12 01:47:25",114.3,0.757682,4.41929,7,0.353673,-0.099849,0.47186,0.14719,0.38095,200,sp,21,231,0.83469697,-0.10486061,10,1,100,random
1639,IR,19,"2026-07-12 01:47:32",121.3,0.759509,4.44444,7,0.351576,-0.100378,0.48052,0.14286,0.37662,200,sp,21,231,0.83545455,-0.10213939,10,1,100,random
1640,IR,20,"2026-07-12 01:47:39",128.3,0.7608,4.47973,6.9697,0.365578,-0.098311,0.48696,0.14348,0.36957,200,sp,21,230,0.83560605,-0.10013333,10,1,100,random
1641,AGR,1,"2026-07-12 01:50:43",7.5,0.725467,4.06066,8.3636,0.328966,0.048221,0.57971,0.09058,0.32971,200,sp,21,276,0.68454545,0.05515455,10,1,100,random
1642,AGR,2,"2026-07-12 01:50:50",14.5,0.742636,4.33491,8.303,0.340426,0.029835,0.55839,0.11679,0.32482,200,sp,21,274,0.71363636,0.04102121,10,1,100,random
1643,AGR,3,"2026-07-12 01:50:57",21.6,0.755945,4.61764,8.2727,0.386349,0.046721,0.53114,0.13919,0.32967,200,sp,21,273,0.71560606,0.05334545,10,1,100,random
1644,AGR,4,"2026-07-12 01:51:04",28.6,0.769248,4.93363,8.1818,0.417453,0.052503,0.50741,0.15185,0.34074,200,sp,21,270,0.7240909,0.05963939,10,1,100,random
1645,AGR,5,"2026-07-12 01:51:11",35.8,0.782618,5.27409,8.1515,0.448612,0.032488,0.46468,0.18216,0.35316,200,sp,21,269,0.75212121,0.03911818,10,1,100,random
1646,AGR,6,"2026-07-12 01:51:18",43,0.793618,5.59088,8.1212,0.467314,0.031832,0.43284,0.20896,0.35821,200,sp,21,268,0.76424243,0.03821212,10,1,100,random
1647,AGR,7,"2026-07-12 01:51:27",51.7,0.804139,5.88701,8.0909,0.503429,0.054664,0.39326,0.25468,0.35206,200,sp,21,267,0.75636363,0.06204848,10,1,100,random
1648,AGR,8,"2026-07-12 01:51:36",60.5,0.813652,6.20218,8.0606,0.548278,0.041188,0.33459,0.31955,0.34586,200,sp,21,266,0.77651515,0.04705758,10,1,100,random
1649,AGR,9,"2026-07-12 01:51:45",69.5,0.821788,6.46202,8.0303,0.578873,0.047302,0.31321,0.35094,0.33585,200,sp,21,265,0.78015151,0.05354545,10,1,100,random
1650,AGR,10,"2026-07-12 01:51:54",78.5,0.828939,6.69344,8,0.646415,0.043731,0.27273,0.43182,0.29545,200,sp,21,264,0.79030303,0.04730303,10,1,100,random
1651,AGR,11,"2026-07-12 01:52:03",87.5,0.836124,6.91785,8,0.75506,0.055161,0.24242,0.48864,0.26894,200,sp,21,264,0.78772727,0.05928485,10,1,100,random
1652,AGR,12,"2026-07-12 01:52:12",96.6,0.841506,7.10587,8,0.836179,0.038871,0.21212,0.57955,0.20833,200,sp,21,264,0.80712121,0.04163333,10,1,100,random
1653,AGR,13,"2026-07-12 01:52:21",105.6,0.846239,7.28233,8,1.02594,0.036199,0.18939,0.64773,0.16288,200,sp,21,264,0.81424242,0.03843333,10,1,100,random
1654,AGR,14,"2026-07-12 01:52:30",114.6,0.849821,7.43937,8,1.22802,0.038831,0.1553,0.70833,0.13636,200,sp,21,264,0.81590909,0.04110303,10,1,100,random
1655,AGR,15,"2026-07-12 01:52:39",123.5,0.853076,7.55724,8,1.27605,0.050029,0.13636,0.73485,0.12879,200,sp,21,264,0.80984848,0.05217576,10,1,100,random
1656,AGR,16,"2026-07-12 01:52:48",132.6,0.856291,7.70069,8,1.40296,0.035025,0.07955,0.83712,0.08333,200,sp,21,264,0.82560606,0.03669394,10,1,100,random
1657,AGR,17,"2026-07-12 01:52:57",141.7,0.858067,7.79406,8,1.44565,0.042906,0.06818,0.90152,0.0303,200,sp,21,264,0.82121212,0.04326364,10,1,100,random
1658,AGR,18,"2026-07-12 01:53:06",150.7,0.858797,7.83671,8,2.46965,0.055539,0.0303,0.93939,0.0303,200,sp,21,264,0.81151515,0.05596364,10,1,100,random
1659,AGR,19,"2026-07-12 01:53:15",159.8,0.859515,7.86257,8,1.66474,0.059275,0.02273,0.96212,0.01515,200,sp,21,264,0.80909091,0.06023939,10,1,100,random
1660,AGR,20,"2026-07-12 01:53:24",168.8,0.859876,7.88708,8,1.38292,0.049048,0.0303,0.95833,0.01136,200,sp,21,264,0.81818182,0.04959394,10,1,100,random
1661,RANDOM,1,"2026-07-12 02:10:32",4.6,0.704945,3.74835,8.2727,0.288488,-0.004429,0.59707,0.08425,0.31868,200,sp,21,273,0.71121212,-0.00881212,10,1,100,random
1662,RANDOM,2,"2026-07-12 02:10:37",9,0.703421,3.72574,8.1515,0.280729,-0.006238,0.58364,0.10037,0.31599,200,sp,21,269,0.70954545,-0.00950606,10,1,100,random
1663,RANDOM,3,"2026-07-12 02:10:41",13.3,0.699164,3.68132,8.0303,0.283951,0.011578,0.58113,0.10943,0.30943,200,sp,21,265,0.69409091,0.00761515,10,1,100,random
1664,RANDOM,4,"2026-07-12 02:10:45",17.5,0.695112,3.6473,7.8788,0.294685,-0.012389,0.57692,0.12308,0.3,200,sp,21,260,0.70681818,-0.01767273,10,1,100,random
1665,RANDOM,5,"2026-07-12 02:10:50",21.9,0.69347,3.63346,7.8485,0.310458,0.006356,0.57915,0.11969,0.30116,200,sp,21,259,0.69090909,0.00404545,10,1,100,random
1666,RANDOM,6,"2026-07-12 02:10:54",26.3,0.686455,3.57674,7.697,0.30072,0.011054,0.57874,0.11417,0.30709,200,sp,21,254,0.68333334,0.0030697,10,1,100,random
1667,RANDOM,7,"2026-07-12 02:11:00",32.2,0.685697,3.57772,7.6364,0.300837,0.002125,0.5754,0.12302,0.30159,200,sp,21,252,0.68560606,0.00038788,10,1,100,random
1668,RANDOM,8,"2026-07-12 02:11:06",38.2,0.683291,3.55701,7.5455,0.306095,0.000496,0.56627,0.13655,0.29719,200,sp,21,249,0.68484848,-0.00099394,10,1,100,random
1669,RANDOM,9,"2026-07-12 02:11:12",44.4,0.681539,3.52416,7.5152,0.317781,-0.010653,0.56452,0.14113,0.29435,200,sp,21,248,0.69045454,-0.01385152,10,1,100,random
1670,RANDOM,10,"2026-07-12 02:11:18",50.6,0.677461,3.49269,7.3939,0.308754,-0.010009,0.56557,0.13934,0.29508,200,sp,21,244,0.68727272,-0.0176697,10,1,100,random
1671,RANDOM,11,"2026-07-12 02:11:25",56.7,0.679755,3.48751,7.3636,0.322493,0.000807,0.56379,0.15226,0.28395,200,sp,21,243,0.67893939,-0.00111818,10,1,100,random
1672,RANDOM,12,"2026-07-12 02:11:31",62.9,0.679033,3.45024,7.2727,0.337629,0.003804,0.55417,0.16667,0.27917,200,sp,21,240,0.67772727,-0.00034545,10,1,100,random
1673,RANDOM,13,"2026-07-12 02:11:37",68.9,0.679494,3.43548,7.0909,0.34415,-0.003039,0.5641,0.1453,0.2906,200,sp,21,234,0.68227273,-0.00295455,10,1,100,random
1674,RANDOM,14,"2026-07-12 02:11:43",75.1,0.679276,3.42122,7.0303,0.343997,0.015249,0.56034,0.15086,0.28879,200,sp,21,232,0.67,0.0131,10,1,100,random
1675,RANDOM,15,"2026-07-12 02:11:49",81.3,0.676888,3.39914,7,0.346982,0.004936,0.55411,0.16017,0.28571,200,sp,21,231,0.67575757,0.00076364,10,1,100,random
1676,RANDOM,16,"2026-07-12 02:11:55",87.5,0.677782,3.41408,6.9697,0.355385,0.000095,0.55217,0.16522,0.28261,200,sp,21,230,0.67833334,-0.00037576,10,1,100,random
1677,RANDOM,17,"2026-07-12 02:12:02",93.7,0.675152,3.40125,6.9091,0.372012,-0.002852,0.56579,0.14035,0.29386,200,sp,21,228,0.67939394,-0.0073303,10,1,100,random
1678,RANDOM,18,"2026-07-12 02:12:08",100,0.671979,3.36473,6.8485,0.363706,0.002848,0.54425,0.16372,0.29204,200,sp,21,226,0.67272727,0,10,1,100,random
1679,RANDOM,19,"2026-07-12 02:12:14",106.2,0.671012,3.35545,6.7273,0.364859,0.001987,0.54505,0.16216,0.29279,200,sp,21,222,0.67121212,-0.00235455,10,1,100,random
1680,RANDOM,20,"2026-07-12 02:12:20",112.4,0.672603,3.38839,6.6364,0.373461,-0.000567,0.53425,0.17808,0.28767,200,sp,21,219,0.6730303,-0.00091212,10,1,100,random
1721,OI,1,"2026-07-12 03:09:34",4.8,0.730709,4.1716,8.2121,0.379321,-0.017614,0.54613,0.12177,0.3321,200,sp,22,271,0.73590909,-0.00713636,10,1,100,random
1722,OI,2,"2026-07-12 03:09:38",9.1,0.748742,4.4444,8.1818,0.390812,-0.019572,0.51481,0.15556,0.32963,200,sp,22,270,0.75575757,-0.00934848,10,1,100,random
1723,OI,3,"2026-07-12 03:09:43",13.4,0.766997,4.8071,8.1818,0.435374,-0.006229,0.47778,0.17407,0.34815,200,sp,22,270,0.76409091,0.00445455,10,1,100,random
1724,OI,4,"2026-07-12 03:09:47",17.8,0.7827,5.13482,8.1515,0.454664,-0.012456,0.43123,0.22305,0.34572,200,sp,22,269,0.78575758,-0.00353333,10,1,100,random
1725,OI,5,"2026-07-12 03:09:51",22.2,0.794755,5.47112,8.1212,0.500237,-0.011395,0.40672,0.26866,0.32463,200,sp,22,268,0.79893939,-0.0054,10,1,100,random
1726,OI,6,"2026-07-12 03:09:56",26.7,0.805448,5.79578,8.1212,0.586819,-0.013536,0.36567,0.35448,0.27985,200,sp,22,268,0.81227272,-0.00867273,10,1,100,random
1727,OI,7,"2026-07-12 03:10:02",32.8,0.817364,6.16904,8.1212,0.710295,-0.011198,0.32463,0.38433,0.29104,200,sp,22,268,0.8219697,-0.00602121,10,1,100,random
1728,OI,8,"2026-07-12 03:10:09",39.5,0.826973,6.49135,8.1212,0.729563,-0.002949,0.29478,0.44776,0.25746,200,sp,22,268,0.82590909,0.00169091,10,1,100,random
1729,OI,9,"2026-07-12 03:10:15",46.2,0.83593,6.79692,8.1212,0.841494,-0.006034,0.24254,0.51493,0.24254,200,sp,22,268,0.83772728,-0.00250606,10,1,100,random
1730,OI,10,"2026-07-12 03:10:22",52.6,0.842597,7.04258,8.1212,0.864779,-0.001627,0.21642,0.56343,0.22015,200,sp,22,268,0.84166666,0.00150303,10,1,100,random
1731,OI,11,"2026-07-12 03:10:28",59,0.847388,7.23098,8.1212,0.979699,0.003713,0.18657,0.63433,0.1791,200,sp,22,268,0.8430303,0.00473636,10,1,100,random
1732,OI,12,"2026-07-12 03:10:34",65.3,0.851473,7.42016,8.1212,1.14061,0.001837,0.15672,0.6791,0.16418,200,sp,22,268,0.8490909,0.00327576,10,1,100,random
1733,OI,13,"2026-07-12 03:10:41",71.6,0.854288,7.54306,8.1212,1.12415,0.003541,0.12687,0.73881,0.13433,200,sp,22,268,0.85090909,0.00472121,10,1,100,random
1734,OI,14,"2026-07-12 03:10:47",78,0.856467,7.66334,8.1212,1.26046,0.007222,0.10075,0.79104,0.10821,200,sp,22,268,0.85030303,0.00776667,10,1,100,random
1735,OI,15,"2026-07-12 03:10:53",84.3,0.858348,7.76953,8.1212,1.3595,-0.008594,0.08209,0.82836,0.08955,200,sp,22,268,0.86590909,-0.0087,10,1,100,random
1736,OI,16,"2026-07-12 03:11:00",90.7,0.859845,7.8142,8.1212,1.4938,0.000875,0.07463,0.82836,0.09701,200,sp,22,268,0.85954546,0.00052727,10,1,100,random
1737,OI,17,"2026-07-12 03:11:06",97.1,0.861252,7.88432,8.1212,1.4643,0.004824,0.06716,0.8694,0.06343,200,sp,22,268,0.85742424,0.00456667,10,1,100,random
1738,OI,18,"2026-07-12 03:11:12",103.3,0.861888,7.92205,8.1212,2.27287,0.003402,0.04104,0.8806,0.07836,200,sp,22,268,0.85969697,0.00290909,10,1,100,random
1739,OI,19,"2026-07-12 03:11:19",109.6,0.862479,7.94851,8.1212,1.559,-0.014952,0.05597,0.90672,0.03731,200,sp,22,268,0.87621212,-0.01609697,10,1,100,random
1740,OI,20,"2026-07-12 03:11:25",115.9,0.8622,7.93212,8.1212,2.7532,0.010356,0.04478,0.90299,0.05224,200,sp,22,268,0.85439394,0.00896061,10,1,100,random
1741,IR,1,"2026-07-12 03:11:33",4.8,0.713761,3.89267,8.2424,0.32092,-0.096541,0.57721,0.11029,0.3125,200,sp,22,272,0.78242424,-0.09899697,10,1,100,random
1742,IR,2,"2026-07-12 03:11:38",9.1,0.718703,3.93494,8.2121,0.316144,-0.102152,0.59041,0.10332,0.30627,200,sp,22,271,0.79030304,-0.10253636,10,1,100,random
1743,IR,3,"2026-07-12 03:11:42",13.6,0.723609,3.97199,8.1212,0.339578,-0.100051,0.58209,0.11567,0.30224,200,sp,22,268,0.79424242,-0.10076667,10,1,100,random
1744,IR,4,"2026-07-12 03:11:47",17.9,0.727597,3.99196,8.0606,0.34772,-0.110601,0.57143,0.12406,0.30451,200,sp,22,266,0.80651515,-0.11085454,10,1,100,random
1745,IR,5,"2026-07-12 03:11:51",22.4,0.731467,4.04191,7.9394,0.351325,-0.098301,0.54962,0.12977,0.32061,200,sp,22,262,0.8019697,-0.09896061,10,1,100,random
1746,IR,6,"2026-07-12 03:11:56",26.8,0.733818,4.07899,7.8788,0.329587,-0.10224,0.53846,0.14615,0.31538,200,sp,22,260,0.80833334,-0.10418485,10,1,100,random
1747,IR,7,"2026-07-12 03:12:02",32.9,0.736494,4.10246,7.8182,0.348601,-0.092624,0.51938,0.16667,0.31395,200,sp,22,258,0.80393939,-0.09334848,10,1,100,random
1748,IR,8,"2026-07-12 03:12:08",38.9,0.739058,4.12798,7.7273,0.349763,-0.093953,0.5098,0.16471,0.32549,200,sp,22,255,0.80772727,-0.09539394,10,1,100,random
1749,IR,9,"2026-07-12 03:12:14",45.1,0.742139,4.17783,7.6364,0.346278,-0.089802,0.5,0.1746,0.3254,200,sp,22,252,0.80772727,-0.09160909,10,1,100,random
1750,IR,10,"2026-07-12 03:12:20",51.3,0.745945,4.23708,7.5758,0.35854,-0.099182,0.492,0.18,0.328,200,sp,22,250,0.81848485,-0.10003333,10,1,100,random
1751,IR,11,"2026-07-12 03:12:26",57.5,0.751142,4.32472,7.4545,0.383207,-0.098659,0.47967,0.18699,0.33333,200,sp,22,246,0.82303031,-0.09809697,10,1,100,random
1752,IR,12,"2026-07-12 03:12:32",63.8,0.752603,4.33655,7.3939,0.379066,-0.092039,0.48361,0.16803,0.34836,200,sp,22,244,0.82181818,-0.09385152,10,1,100,random
1753,IR,13,"2026-07-12 03:12:39",70.1,0.754824,4.40358,7.3636,0.374812,-0.099225,0.46502,0.19753,0.33745,200,sp,22,243,0.82924242,-0.10148182,10,1,100,random
1754,IR,14,"2026-07-12 03:12:45",76.3,0.759682,4.47515,7.3636,0.405178,-0.095825,0.46091,0.18519,0.35391,200,sp,22,243,0.83045454,-0.09483939,10,1,100,random
1755,IR,15,"2026-07-12 03:12:51",82.7,0.762464,4.51183,7.2727,0.389776,-0.096929,0.4625,0.175,0.3625,200,sp,22,240,0.83545455,-0.09712727,10,1,100,random
1756,IR,16,"2026-07-12 03:12:58",89.1,0.762221,4.50195,7.2727,0.370165,-0.096141,0.45833,0.19167,0.35,200,sp,22,240,0.83606061,-0.0989697,10,1,100,random
1757,IR,17,"2026-07-12 03:13:04",95.3,0.763182,4.5057,7.2424,0.396943,-0.092598,0.4728,0.17992,0.34728,200,sp,22,239,0.8340909,-0.09468788,10,1,100,random
1758,IR,18,"2026-07-12 03:13:10",101.6,0.764291,4.50493,7.2121,0.409857,-0.08142,0.45798,0.20588,0.33613,200,sp,22,238,0.82651515,-0.08238788,10,1,100,random
1759,IR,19,"2026-07-12 03:13:17",108,0.766397,4.52242,7.1515,0.428918,-0.102497,0.4661,0.19492,0.33898,200,sp,22,236,0.84454546,-0.10359697,10,1,100,random
1760,IR,20,"2026-07-12 03:13:23",114.3,0.766703,4.53125,7.1515,0.431384,-0.102438,0.45339,0.22881,0.3178,200,sp,22,236,0.84560606,-0.10421818,10,1,100,random
1761,AGR,1,"2026-07-12 03:13:32",7.4,0.728879,4.13785,8.2727,0.356934,0.031228,0.5641,0.10989,0.32601,200,sp,22,273,0.69984848,0.04092424,10,1,100,random
1762,AGR,2,"2026-07-12 03:13:39",14.6,0.746594,4.43789,8.1515,0.358653,0.048857,0.54647,0.11524,0.33829,200,sp,22,269,0.70348485,0.05807273,10,1,100,random
1763,AGR,3,"2026-07-12 03:13:46",21.8,0.760382,4.721,8.1515,0.387211,0.033808,0.52788,0.12639,0.34572,200,sp,22,269,0.72954545,0.04085758,10,1,100,random
1764,AGR,4,"2026-07-12 03:13:53",28.8,0.774667,5.0269,8.0909,0.412714,0.041451,0.50562,0.13109,0.3633,200,sp,22,267,0.73727273,0.04938788,10,1,100,random
1765,AGR,5,"2026-07-12 03:14:00",36.1,0.787864,5.35233,8.0909,0.436681,0.035864,0.46816,0.16479,0.36704,200,sp,22,267,0.75454546,0.04394242,10,1,100,random
1766,AGR,6,"2026-07-12 03:14:08",43.3,0.800152,5.68797,8.0303,0.476138,0.038653,0.41509,0.23396,0.35094,200,sp,22,265,0.76469697,0.04566061,10,1,100,random
1767,AGR,7,"2026-07-12 03:14:16",52,0.810288,5.98038,8.0303,0.536014,0.033891,0.37736,0.26415,0.35849,200,sp,22,265,0.7790909,0.03981818,10,1,100,random
1768,AGR,8,"2026-07-12 03:14:25",60.6,0.818579,6.26974,8.0303,0.555295,0.041486,0.33962,0.31698,0.3434,200,sp,22,265,0.78181818,0.04503636,10,1,100,random
1769,AGR,9,"2026-07-12 03:14:34",69.7,0.826942,6.54007,8.0303,0.608959,0.038818,0.29811,0.38113,0.32075,200,sp,22,265,0.79181818,0.04347879,10,1,100,random
1770,AGR,10,"2026-07-12 03:14:43",78.8,0.834206,6.79951,8.0303,0.694942,0.042037,0.27925,0.41509,0.30566,200,sp,22,265,0.79681818,0.04623939,10,1,100,random
1771,AGR,11,"2026-07-12 03:14:52",87.9,0.839721,7.00027,8.0303,0.765352,0.031772,0.24528,0.47925,0.27547,200,sp,22,265,0.81136364,0.0349697,10,1,100,random
1772,AGR,12,"2026-07-12 03:15:01",97,0.844939,7.21611,8.0303,0.828358,0.032805,0.20755,0.5434,0.24906,200,sp,22,265,0.81560606,0.03607879,10,1,100,random
1773,AGR,13,"2026-07-12 03:15:10",106.1,0.848903,7.37804,8.0303,0.890401,0.047344,0.18113,0.64906,0.16981,200,sp,22,265,0.80772727,0.04912727,10,1,100,random
1774,AGR,14,"2026-07-12 03:15:19",115.2,0.852442,7.51871,8,1.12903,0.03484,0.14773,0.75,0.10227,200,sp,22,264,0.82181818,0.03651515,10,1,100,random
1775,AGR,15,"2026-07-12 03:15:28",124.2,0.855448,7.63435,8,1.49189,0.036888,0.10606,0.79924,0.0947,200,sp,22,264,0.82333334,0.03838485,10,1,100,random
1776,AGR,16,"2026-07-12 03:15:38",133.4,0.857803,7.71723,8,1.40744,0.034883,0.08712,0.84091,0.07197,200,sp,22,264,0.82772727,0.0362,10,1,100,random
1777,AGR,17,"2026-07-12 03:15:47",142.5,0.85967,7.78875,8,1.63521,0.048432,0.06061,0.90909,0.0303,200,sp,22,264,0.8180303,0.04891818,10,1,100,random
1778,AGR,18,"2026-07-12 03:15:56",151.7,0.860609,7.82609,8,2.49358,0.048439,0.03788,0.93561,0.02652,200,sp,22,264,0.81939394,0.04850303,10,1,100,random
1779,AGR,19,"2026-07-12 03:16:05",160.8,0.861606,7.86824,8,2.20115,0.044657,0.02273,0.95076,0.02652,200,sp,22,264,0.82348485,0.04477273,10,1,100,random
1780,AGR,20,"2026-07-12 03:16:14",169.9,0.862297,7.88726,8,1.61735,0.036103,0.01894,0.96591,0.01515,200,sp,22,264,0.83166667,0.03676667,10,1,100,random
1781,RANDOM,1,"2026-07-12 03:16:23",4.9,0.710885,3.83277,8.1212,0.314594,-0.003907,0.57463,0.1194,0.30597,200,sp,22,268,0.715,-0.00583636,10,1,100,random
1782,RANDOM,2,"2026-07-12 03:16:28",9.5,0.708488,3.78851,8.0303,0.312439,0.003927,0.57358,0.12453,0.30189,200,sp,22,265,0.70787878,0.00049697,10,1,100,random
1783,RANDOM,3,"2026-07-12 03:16:32",14,0.708155,3.79627,7.9091,0.324212,-0.007169,0.56705,0.12644,0.30651,200,sp,22,261,0.71439394,-0.00957273,10,1,100,random
1784,RANDOM,4,"2026-07-12 03:16:37",18.5,0.708273,3.80471,7.8485,0.327582,-0.005034,0.55598,0.12741,0.3166,200,sp,22,259,0.71257576,-0.00663636,10,1,100,random
1785,RANDOM,5,"2026-07-12 03:16:41",22.9,0.704179,3.77202,7.7879,0.311921,-0.002076,0.5642,0.1284,0.30739,200,sp,22,257,0.70878787,-0.00708182,10,1,100,random
1786,RANDOM,6,"2026-07-12 03:16:45",27.4,0.704421,3.77365,7.7273,0.332477,0.016767,0.56471,0.12941,0.30588,200,sp,22,255,0.69333333,0.01472121,10,1,100,random
1787,RANDOM,7,"2026-07-12 03:16:52",33.5,0.701673,3.72299,7.6667,0.332893,0.00528,0.57312,0.12648,0.3004,200,sp,22,253,0.70030303,0.00296667,10,1,100,random
1788,RANDOM,8,"2026-07-12 03:16:58",39.7,0.698467,3.68033,7.6061,0.332213,0.0101,0.57769,0.11952,0.30279,200,sp,22,251,0.69378788,0.00689394,10,1,100,random
1789,RANDOM,9,"2026-07-12 03:17:04",46,0.696206,3.67923,7.4848,0.34015,-0.014414,0.583,0.11741,0.2996,200,sp,22,247,0.70833334,-0.01810909,10,1,100,random
1790,RANDOM,10,"2026-07-12 03:17:10",52.4,0.696967,3.68418,7.3333,0.353143,0.014839,0.57438,0.13223,0.29339,200,sp,22,242,0.68727272,0.01579697,10,1,100,random
1791,RANDOM,11,"2026-07-12 03:17:17",58.7,0.695427,3.66713,7.2727,0.36663,-0.005445,0.5625,0.15,0.2875,200,sp,22,240,0.70090909,-0.01014848,10,1,100,random
1792,RANDOM,12,"2026-07-12 03:17:23",65.1,0.694279,3.68227,7.2424,0.375144,-0.00109,0.55649,0.15063,0.29289,200,sp,22,239,0.69621212,-0.00351212,10,1,100,random
1793,RANDOM,13,"2026-07-12 03:17:30",71.5,0.693782,3.69696,7.2121,0.366678,-0.000656,0.55042,0.15546,0.29412,200,sp,22,238,0.69545454,-0.00287879,10,1,100,random
1794,RANDOM,14,"2026-07-12 03:17:36",77.8,0.691903,3.67305,7.1515,0.363337,-0.002362,0.55508,0.15254,0.29237,200,sp,22,236,0.69530303,-0.00190606,10,1,100,random
1795,RANDOM,15,"2026-07-12 03:17:42",84.3,0.692027,3.66946,7.0909,0.375171,0.001501,0.55128,0.15385,0.29487,200,sp,22,234,0.69181818,0.00033939,10,1,100,random
1796,RANDOM,16,"2026-07-12 03:17:49",90.7,0.691618,3.65984,7.0909,0.374846,0.004217,0.54701,0.16667,0.28632,200,sp,22,234,0.68969697,0.00339697,10,1,100,random
1797,RANDOM,17,"2026-07-12 03:17:55",97.1,0.694236,3.66544,7.0606,0.395533,0.004946,0.54077,0.16738,0.29185,200,sp,22,233,0.69060606,0.00442121,10,1,100,random
1798,RANDOM,18,"2026-07-12 03:18:02",103.5,0.693609,3.64575,7,0.392723,-0.000781,0.54113,0.17749,0.28139,200,sp,22,231,0.69530303,-0.00176061,10,1,100,random
1799,RANDOM,19,"2026-07-12 03:18:08",110,0.692403,3.64701,7,0.405013,0.001192,0.5368,0.18615,0.27706,200,sp,22,231,0.69318182,-0.00269091,10,1,100,random
1800,RANDOM,20,"2026-07-12 03:18:14",116.4,0.689245,3.62906,6.9697,0.39911,-0.004327,0.54783,0.15652,0.29565,200,sp,22,230,0.69484848,-0.00971212,10,1,100,random
1801,OI,1,"2026-07-12 03:25:07",5.2,0.724379,4.0414,8.1212,0.383154,-0.024683,0.54851,0.14179,0.3097,200,sp,23,268,0.7330303,-0.01448485,10,1,100,random
1802,OI,2,"2026-07-12 03:25:12",10,0.74587,4.34778,8.0909,0.424254,-0.018579,0.49438,0.18727,0.31835,200,sp,23,267,0.75090909,-0.00733333,10,1,100,random
1803,OI,3,"2026-07-12 03:25:16",14.7,0.759785,4.66361,8.0606,0.438624,-0.006959,0.46241,0.21805,0.31955,200,sp,23,266,0.75954545,0.00136364,10,1,100,random
1804,OI,4,"2026-07-12 03:25:21",19.5,0.777233,5.00008,8.0303,0.492674,-0.013138,0.43019,0.23774,0.33208,200,sp,23,265,0.78000001,-0.00384242,10,1,100,random
1805,OI,5,"2026-07-12 03:25:26",24.3,0.7904,5.2862,8.0303,0.509182,-0.013367,0.4,0.2717,0.3283,200,sp,23,265,0.79606061,-0.0071,10,1,100,random
1806,OI,6,"2026-07-12 03:25:31",29.1,0.803194,5.62061,7.9394,0.573798,-0.020574,0.35878,0.37023,0.27099,200,sp,23,262,0.81454546,-0.01425152,10,1,100,random
1807,OI,7,"2026-07-12 03:25:37",35.5,0.815064,5.97457,7.9394,0.739581,-0.011065,0.30534,0.39695,0.29771,200,sp,23,262,0.81939394,-0.00400909,10,1,100,random
1808,OI,8,"2026-07-12 03:25:44",41.9,0.825451,6.29521,7.9394,0.690593,-0.020512,0.27099,0.43511,0.29389,200,sp,23,262,0.83833333,-0.01630303,10,1,100,random
1809,OI,9,"2026-07-12 03:25:50",48.6,0.832264,6.51554,7.9394,0.727686,-0.010076,0.25573,0.46947,0.27481,200,sp,23,262,0.83848485,-0.00768485,10,1,100,random
1810,OI,10,"2026-07-12 03:25:57",55.3,0.838124,6.72856,7.9394,0.794636,-0.019239,0.23282,0.50763,0.25954,200,sp,23,262,0.85242424,-0.01734242,10,1,100,random
1811,OI,11,"2026-07-12 03:26:04",61.8,0.844033,6.94809,7.9091,0.891457,-0.006495,0.18008,0.63218,0.18774,200,sp,23,261,0.84787879,-0.0039303,10,1,100,random
1812,OI,12,"2026-07-12 03:26:10",68.5,0.848521,7.1368,7.9091,1.03028,-0.005755,0.15709,0.659,0.18391,200,sp,23,261,0.85227273,-0.00399091,10,1,100,random
1813,OI,13,"2026-07-12 03:26:17",75.1,0.851858,7.27062,7.9091,1.09986,-0.008243,0.13793,0.72414,0.13793,200,sp,23,261,0.85833333,-0.00792727,10,1,100,random
1814,OI,14,"2026-07-12 03:26:23",81.7,0.854879,7.40971,7.9091,1.31555,-0.001829,0.13027,0.75096,0.11877,200,sp,23,261,0.85621212,-0.00136061,10,1,100,random
1815,OI,15,"2026-07-12 03:26:30",88.4,0.856958,7.50648,7.9091,1.47229,-0.005056,0.09579,0.81992,0.08429,200,sp,23,261,0.86136363,-0.0053,10,1,100,random
1816,OI,16,"2026-07-12 03:26:37",95,0.857785,7.56725,7.9091,1.70459,-0.001451,0.09579,0.80843,0.09579,200,sp,23,261,0.85969697,-0.00196061,10,1,100,random
1817,OI,17,"2026-07-12 03:26:43",101.6,0.859094,7.63408,7.9091,1.64176,0.003851,0.05364,0.86973,0.07663,200,sp,23,261,0.85621212,0.00314242,10,1,100,random
1818,OI,18,"2026-07-12 03:26:50",108.2,0.859742,7.67448,7.9091,1.43664,0.002707,0.06513,0.87739,0.05747,200,sp,23,261,0.85818182,0.0019303,10,1,100,random
1819,OI,19,"2026-07-12 03:26:57",114.8,0.860355,7.69604,7.9091,1.99281,-0.009857,0.04598,0.88123,0.0728,200,sp,23,261,0.86954545,-0.01102424,10,1,100,random
1820,OI,20,"2026-07-12 03:27:03",121.5,0.86063,7.72001,7.9091,1.57361,-0.003552,0.04981,0.90421,0.04598,200,sp,23,261,0.86454546,-0.00438182,10,1,100,random
1821,IR,1,"2026-07-12 03:57:30",4.8,0.709188,3.81353,8.0909,0.329988,-0.099792,0.57678,0.11985,0.30337,200,sp,23,267,0.77727273,-0.09796061,10,1,100,random
1822,IR,2,"2026-07-12 03:57:35",9.2,0.714458,3.86257,7.9091,0.336238,-0.093635,0.55939,0.12644,0.31418,200,sp,23,261,0.77924243,-0.09306364,10,1,100,random
1823,IR,3,"2026-07-12 03:57:39",13.5,0.718276,3.89294,7.697,0.331658,-0.106497,0.53543,0.14173,0.32283,200,sp,23,254,0.79333333,-0.10697273,10,1,100,random
1824,IR,4,"2026-07-12 03:57:43",17.8,0.723079,3.93626,7.5758,0.337786,-0.088379,0.548,0.136,0.316,200,sp,23,250,0.78530303,-0.08861515,10,1,100,random
1825,IR,5,"2026-07-12 03:57:48",22.3,0.726894,3.95298,7.5758,0.363764,-0.111815,0.548,0.136,0.316,200,sp,23,250,0.80712122,-0.11467273,10,1,100,random
1826,IR,6,"2026-07-12 03:57:52",26.6,0.73343,4.03439,7.4848,0.374552,-0.108028,0.51822,0.1417,0.34008,200,sp,23,247,0.80969697,-0.10696667,10,1,100,random
1827,IR,7,"2026-07-12 03:57:58",32.7,0.738258,4.10088,7.3939,0.348268,-0.097001,0.52459,0.14344,0.33197,200,sp,23,244,0.80787879,-0.09555152,10,1,100,random
1828,IR,8,"2026-07-12 03:58:04",38.7,0.742779,4.15312,7.303,0.365477,-0.099298,0.50622,0.16598,0.3278,200,sp,23,241,0.81469697,-0.10015455,10,1,100,random
1829,IR,9,"2026-07-12 03:58:10",44.9,0.746979,4.22006,7.2424,0.386051,-0.093166,0.50628,0.14644,0.34728,200,sp,23,239,0.815,-0.09332424,10,1,100,random
1830,IR,10,"2026-07-12 03:58:17",51.1,0.747939,4.22166,7.1818,0.362916,-0.097924,0.49789,0.16034,0.34177,200,sp,23,237,0.82136364,-0.09924242,10,1,100,random
1831,IR,11,"2026-07-12 03:58:23",57.3,0.751006,4.27137,7.1212,0.378341,-0.10184,0.49787,0.16596,0.33617,200,sp,23,235,0.82636364,-0.10375455,10,1,100,random
1832,IR,12,"2026-07-12 03:58:29",63.7,0.754576,4.33435,7.0909,0.403875,-0.105233,0.49145,0.17094,0.33761,200,sp,23,234,0.83257576,-0.10644848,10,1,100,random
1833,IR,13,"2026-07-12 03:58:36",70,0.756621,4.37235,7.0909,0.413652,-0.1022,0.49145,0.17949,0.32906,200,sp,23,234,0.83348485,-0.10382121,10,1,100,random
1834,IR,14,"2026-07-12 03:58:42",76.4,0.760861,4.46328,7.0909,0.437859,-0.088639,0.47863,0.18376,0.33761,200,sp,23,234,0.82666667,-0.08852424,10,1,100,random
1835,IR,15,"2026-07-12 03:58:48",82.8,0.760788,4.47359,7.0909,0.431351,-0.08632,0.47009,0.18376,0.34615,200,sp,23,234,0.82712121,-0.08943636,10,1,100,random
1836,IR,16,"2026-07-12 03:58:55",89.1,0.761864,4.51223,7.0909,0.411935,-0.087468,0.46581,0.19231,0.34188,200,sp,23,234,0.82863636,-0.0911697,10,1,100,random
1837,IR,17,"2026-07-12 03:59:01",95.7,0.762742,4.53397,7.0303,0.413947,-0.09509,0.46121,0.18534,0.35345,200,sp,23,232,0.83545454,-0.09789394,10,1,100,random
1838,IR,18,"2026-07-12 03:59:08",102.1,0.762048,4.50668,7,0.406533,-0.092722,0.45455,0.17749,0.36797,200,sp,23,231,0.83363636,-0.09666667,10,1,100,random
1839,IR,19,"2026-07-12 03:59:14",108.5,0.763382,4.52974,6.9394,0.391261,-0.095192,0.45415,0.18777,0.35808,200,sp,23,229,0.83606061,-0.09785455,10,1,100,random
1840,IR,20,"2026-07-12 03:59:20",114.9,0.762918,4.51969,6.9394,0.4131,-0.098936,0.44978,0.18777,0.36245,200,sp,23,229,0.83924243,-0.10259394,10,1,100,random
1841,AGR,1,"2026-07-12 04:00:43",7.4,0.721651,4.05837,8.1515,0.361759,0.037555,0.5539,0.13383,0.31227,200,sp,23,269,0.68727273,0.0470697,10,1,100,random
1842,AGR,2,"2026-07-12 04:00:50",14.6,0.733524,4.28188,8.0606,0.369416,0.060905,0.54135,0.13158,0.32707,200,sp,23,266,0.68484849,0.06646364,10,1,100,random
1843,AGR,3,"2026-07-12 04:00:57",21.8,0.750336,4.56982,8.0606,0.386986,0.032854,0.52256,0.13158,0.34586,200,sp,23,266,0.71893939,0.04243333,10,1,100,random
1844,AGR,4,"2026-07-12 04:01:04",28.9,0.763951,4.81917,8.0606,0.391111,0.041092,0.49248,0.15038,0.35714,200,sp,23,266,0.72727273,0.04994242,10,1,100,random
1845,AGR,5,"2026-07-12 04:01:12",36.1,0.778127,5.1534,8,0.415293,0.044554,0.45833,0.18561,0.35606,200,sp,23,264,0.7380303,0.05477273,10,1,100,random
1846,AGR,6,"2026-07-12 04:01:19",43.4,0.78873,5.40673,8,0.446793,0.051966,0.44318,0.19318,0.36364,200,sp,23,264,0.74378788,0.05905758,10,1,100,random
1847,AGR,7,"2026-07-12 04:01:28",52.2,0.80047,5.71088,8,0.488357,0.033341,0.42424,0.22348,0.35227,200,sp,23,264,0.76939394,0.03968788,10,1,100,random
1848,AGR,8,"2026-07-12 04:01:36",60.8,0.809324,5.98173,8,0.548004,0.034689,0.37879,0.2803,0.34091,200,sp,23,264,0.7780303,0.04091212,10,1,100,random
1849,AGR,9,"2026-07-12 04:01:45",69.7,0.818191,6.24605,8,0.600677,0.03266,0.32955,0.33712,0.33333,200,sp,23,264,0.78833333,0.03719697,10,1,100,random
1850,AGR,10,"2026-07-12 04:01:54",78.7,0.825855,6.49332,8,0.622954,0.039132,0.29167,0.39015,0.31818,200,sp,23,264,0.79090909,0.04387879,10,1,100,random
1851,AGR,11,"2026-07-12 04:02:03",87.6,0.831824,6.70424,8,0.677206,0.034538,0.27273,0.42803,0.29924,200,sp,23,264,0.8010606,0.03765758,10,1,100,random
1852,AGR,12,"2026-07-12 04:02:12",96.8,0.838191,6.9436,8,0.753528,0.034392,0.23864,0.5,0.26136,200,sp,23,264,0.80727273,0.03806061,10,1,100,random
1853,AGR,13,"2026-07-12 04:02:21",105.7,0.843509,7.15545,7.9697,0.839917,0.034054,0.21673,0.53992,0.24335,200,sp,23,263,0.81318182,0.03749697,10,1,100,random
1854,AGR,14,"2026-07-12 04:02:30",114.7,0.848436,7.37667,7.9697,0.939264,0.032353,0.15209,0.673,0.1749,200,sp,23,263,0.81939394,0.03528485,10,1,100,random
1855,AGR,15,"2026-07-12 04:02:39",123.8,0.851736,7.52304,7.9697,1.08603,0.034954,0.13308,0.74144,0.12548,200,sp,23,263,0.82121212,0.03677273,10,1,100,random
1856,AGR,16,"2026-07-12 04:02:48",132.8,0.854252,7.62007,7.9697,1.31026,0.054134,0.09506,0.8289,0.07605,200,sp,23,263,0.80772727,0.05526667,10,1,100,random
1857,AGR,17,"2026-07-12 04:02:57",141.7,0.856673,7.72343,7.9697,1.68806,0.039156,0.06464,0.86692,0.06844,200,sp,23,263,0.82287879,0.04001818,10,1,100,random
1858,AGR,18,"2026-07-12 04:03:06",150.7,0.858694,7.80333,7.9697,1.53603,0.044649,0.04183,0.92395,0.03422,200,sp,23,263,0.82030302,0.04525455,10,1,100,random
1859,AGR,19,"2026-07-12 04:03:15",159.7,0.859806,7.83071,7.9697,1.96578,0.053561,0.03042,0.94677,0.02281,200,sp,23,263,0.81409091,0.05412424,10,1,100,random
1860,AGR,20,"2026-07-12 04:03:24",168.9,0.860224,7.85214,7.9697,1.65749,0.043348,0.02281,0.95817,0.01901,200,sp,23,263,0.82348485,0.04347879,10,1,100,random
1861,RANDOM,1,"2026-07-12 04:05:48",4.6,0.700718,3.70875,8.1515,0.314391,0.007608,0.57249,0.12639,0.30112,200,sp,23,269,0.69727273,0.00458182,10,1,100,random
1862,RANDOM,2,"2026-07-12 04:05:52",8.7,0.700945,3.6966,8.0303,0.314678,0.012341,0.57358,0.12075,0.30566,200,sp,23,265,0.6930303,0.01165455,10,1,100,random
1863,RANDOM,3,"2026-07-12 04:05:57",12.9,0.699645,3.68097,7.8788,0.30763,0.006806,0.57308,0.12692,0.3,200,sp,23,260,0.69636364,0.00474242,10,1,100,random
1864,RANDOM,4,"2026-07-12 04:06:01",17.2,0.698658,3.69335,7.697,0.32054,0.00312,0.56299,0.13386,0.30315,200,sp,23,254,0.69772728,0.00082121,10,1,100,random
1865,RANDOM,5,"2026-07-12 04:06:05",21.5,0.699197,3.69978,7.6364,0.326722,-0.000561,0.56746,0.11905,0.31349,200,sp,23,252,0.69984849,0.00003636,10,1,100,random
1866,RANDOM,6,"2026-07-12 04:06:10",25.9,0.6969,3.70474,7.5455,0.316114,0.016177,0.5502,0.14458,0.30522,200,sp,23,249,0.68757576,0.01304545,10,1,100,random
1867,RANDOM,7,"2026-07-12 04:06:15",31.7,0.694239,3.68558,7.4242,0.328197,-0.009405,0.54694,0.15102,0.30204,200,sp,23,245,0.70318182,-0.01607273,10,1,100,random
1868,RANDOM,8,"2026-07-12 04:06:21",37.8,0.689573,3.64737,7.303,0.327051,-0.012474,0.54357,0.15353,0.3029,200,sp,23,241,0.70166666,-0.01653939,10,1,100,random
1869,RANDOM,9,"2026-07-12 04:06:28",43.9,0.688852,3.65176,7.2424,0.33778,-0.008626,0.55649,0.13808,0.30544,200,sp,23,239,0.69621212,-0.01207576,10,1,100,random
1870,RANDOM,10,"2026-07-12 04:06:34",50,0.68787,3.64356,7.1818,0.342747,-0.002508,0.55274,0.15612,0.29114,200,sp,23,237,0.6910606,-0.00334849,10,1,100,random
1871,RANDOM,11,"2026-07-12 04:06:40",56.1,0.687039,3.62829,7.1212,0.364597,-0.009349,0.54894,0.15319,0.29787,200,sp,23,235,0.69454546,-0.01117273,10,1,100,random
1872,RANDOM,12,"2026-07-12 04:06:46",62.3,0.681145,3.56806,7,0.346496,0.01447,0.55411,0.14286,0.30303,200,sp,23,231,0.675,0.01034242,10,1,100,random
1873,RANDOM,13,"2026-07-12 04:06:52",68.4,0.682245,3.57308,6.9697,0.352233,-0.009666,0.54783,0.14348,0.3087,200,sp,23,230,0.68893939,-0.00920303,10,1,100,random
1874,RANDOM,14,"2026-07-12 04:06:58",74.6,0.685112,3.60746,6.9394,0.353233,-0.004021,0.53275,0.1441,0.32314,200,sp,23,229,0.68727273,-0.00350606,10,1,100,random
1875,RANDOM,15,"2026-07-12 04:07:04",80.7,0.68413,3.59082,6.9394,0.331269,-0.019824,0.54585,0.1441,0.31004,200,sp,23,229,0.69909091,-0.02067879,10,1,100,random
1876,RANDOM,16,"2026-07-12 04:07:11",86.9,0.683909,3.59824,6.9091,0.349388,-0.005969,0.54386,0.15789,0.29825,200,sp,23,228,0.68878788,-0.00587273,10,1,100,random
1877,RANDOM,17,"2026-07-12 04:07:17",93.1,0.684915,3.57533,6.8485,0.367584,-0.006024,0.54867,0.15044,0.30088,200,sp,23,226,0.68939393,-0.00427273,10,1,100,random
1878,RANDOM,18,"2026-07-12 04:07:23",99.3,0.685888,3.56714,6.7879,0.367793,-0.006995,0.53125,0.15625,0.3125,200,sp,23,224,0.69136364,-0.00982121,10,1,100,random
1879,RANDOM,19,"2026-07-12 04:07:29",105.5,0.686155,3.55128,6.697,0.350409,0.004766,0.52489,0.15837,0.31674,200,sp,23,221,0.68363636,0.00589697,10,1,100,random
1880,RANDOM,20,"2026-07-12 04:07:35",111.7,0.686524,3.56843,6.6061,0.351274,0.010911,0.53211,0.15138,0.31651,200,sp,23,218,0.67969697,0.00923636,10,1,100,random
1881,OI,1,"2026-07-12 04:10:50",5.1,0.7285,4.07108,8.303,0.361109,-0.00595,0.56204,0.11679,0.32117,200,sp,24,274,0.72393939,0.0067,10,1,100,random
1882,OI,2,"2026-07-12 04:10:54",10,0.748273,4.38026,8.2424,0.38168,-0.005437,0.52941,0.15809,0.3125,200,sp,24,272,0.74393939,0.00585758,10,1,100,random
1883,OI,3,"2026-07-12 04:10:59",14.6,0.766052,4.72974,8.1818,0.450675,-0.006035,0.47778,0.2037,0.31852,200,sp,24,270,0.76333333,0.00285455,10,1,100,random
1884,OI,4,"2026-07-12 04:11:04",19.2,0.784097,5.09882,8.1212,0.5037,-0.008585,0.4403,0.25373,0.30597,200,sp,24,268,0.78333333,0.00069091,10,1,100,random
1885,OI,5,"2026-07-12 04:11:08",23.9,0.796415,5.41943,8.0606,0.567617,-0.00879,0.39474,0.29699,0.30827,200,sp,24,266,0.79863636,-0.00314242,10,1,100,random
1886,OI,6,"2026-07-12 04:11:13",28.5,0.808406,5.72101,8.0606,0.616629,-0.01098,0.37218,0.31579,0.31203,200,sp,24,266,0.81242424,-0.00473636,10,1,100,random
1887,OI,7,"2026-07-12 04:11:19",34.8,0.820042,6.09726,8.0606,0.656247,-0.018009,0.34211,0.34586,0.31203,200,sp,24,266,0.83045455,-0.01306061,10,1,100,random
1888,OI,8,"2026-07-12 04:11:25",41,0.828479,6.40775,8.0606,0.692859,0.006741,0.28571,0.42105,0.29323,200,sp,24,266,0.82,0.01034848,10,1,100,random
1889,OI,9,"2026-07-12 04:11:32",47.4,0.836745,6.7229,8.0606,0.750114,-0.007642,0.25564,0.47368,0.27068,200,sp,24,266,0.84015152,-0.00454545,10,1,100,random
1890,OI,10,"2026-07-12 04:11:38",53.9,0.842349,6.96382,8.0303,0.808365,-0.002058,0.22642,0.51698,0.2566,200,sp,24,265,0.84242424,0.00021515,10,1,100,random
1891,OI,11,"2026-07-12 04:11:45",60.3,0.847636,7.17425,8.0303,0.883855,-0.010038,0.19245,0.60377,0.20377,200,sp,24,265,0.85469697,-0.00856364,10,1,100,random
1892,OI,12,"2026-07-12 04:11:51",66.9,0.850833,7.32329,8,1.05296,-0.004947,0.17045,0.66667,0.16288,200,sp,24,264,0.85469696,-0.00439394,10,1,100,random
1893,OI,13,"2026-07-12 04:11:58",73.3,0.853385,7.44503,8,1.20899,0.012203,0.125,0.71212,0.16288,200,sp,24,264,0.8430303,0.01255758,10,1,100,random
1894,OI,14,"2026-07-12 04:12:04",79.7,0.855964,7.54703,8,1.09603,-0.004252,0.11742,0.75758,0.125,200,sp,24,264,0.85939394,-0.00372727,10,1,100,random
1895,OI,15,"2026-07-12 04:12:11",86.1,0.858161,7.61777,8,1.28092,-0.009692,0.08333,0.80303,0.11364,200,sp,24,264,0.86651515,-0.00990909,10,1,100,random
1896,OI,16,"2026-07-12 04:12:17",92.6,0.859891,7.69022,8,1.28548,0.005142,0.06818,0.87121,0.06061,200,sp,24,264,0.85575758,0.00452727,10,1,100,random
1897,OI,17,"2026-07-12 04:12:23",99,0.860661,7.71661,8,1.82258,0.010174,0.07197,0.86364,0.06439,200,sp,24,264,0.85257576,0.00968485,10,1,100,random
1898,OI,18,"2026-07-12 04:12:30",105.4,0.860579,7.70696,8,1.96981,0.002966,0.07576,0.83333,0.09091,200,sp,24,264,0.85924242,0.00174848,10,1,100,random
1899,OI,19,"2026-07-12 04:12:36",111.8,0.862145,7.78011,8,1.506,0.008488,0.05303,0.86742,0.07955,200,sp,24,264,0.85530303,0.00799697,10,1,100,random
1900,OI,20,"2026-07-12 04:12:43",118.3,0.862621,7.81264,8,1.54827,-0.002487,0.03788,0.91667,0.04545,200,sp,24,264,0.86560606,-0.0034697,10,1,100,random
1901,IR,1,"2026-07-12 04:12:52",5.1,0.713288,3.8538,8.1818,0.311672,-0.103952,0.57037,0.11481,0.31481,200,sp,24,270,0.78469697,-0.10154848,10,1,100,random
1902,IR,2,"2026-07-12 04:12:56",9.7,0.719727,3.91495,7.9697,0.314658,-0.100731,0.56274,0.12928,0.30798,200,sp,24,263,0.78954545,-0.0993303,10,1,100,random
1903,IR,3,"2026-07-12 04:13:01",14.6,0.726276,3.98311,7.9091,0.344212,-0.093322,0.56322,0.11494,0.32184,200,sp,24,261,0.79121212,-0.09174848,10,1,100,random
1904,IR,4,"2026-07-12 04:13:06",19.4,0.729388,4.04175,7.8182,0.331519,-0.097389,0.55814,0.12016,0.32171,200,sp,24,258,0.79969697,-0.09917273,10,1,100,random
1905,IR,5,"2026-07-12 04:13:11",24.2,0.734633,4.12423,7.7273,0.357111,-0.09272,0.53333,0.14902,0.31765,200,sp,24,255,0.80060606,-0.09198485,10,1,100,random
1906,IR,6,"2026-07-12 04:13:16",29,0.738745,4.18078,7.6364,0.367394,-0.107941,0.52778,0.14683,0.3254,200,sp,24,252,0.8169697,-0.10906364,10,1,100,random
1907,IR,7,"2026-07-12 04:13:22",35.3,0.742233,4.22482,7.5758,0.370337,-0.09745,0.52,0.168,0.312,200,sp,24,250,0.81333334,-0.09646667,10,1,100,random
1908,IR,8,"2026-07-12 04:13:28",41.7,0.744173,4.24412,7.4848,0.391985,-0.094539,0.50607,0.17004,0.32389,200,sp,24,247,0.81409091,-0.09688182,10,1,100,random
1909,IR,9,"2026-07-12 04:13:35",48.3,0.745506,4.26082,7.4848,0.377453,-0.097068,0.49393,0.18623,0.31984,200,sp,24,247,0.81772727,-0.09978788,10,1,100,random
1910,IR,10,"2026-07-12 04:13:42",55,0.748712,4.33648,7.4242,0.394635,-0.09309,0.49796,0.18776,0.31429,200,sp,24,245,0.81742425,-0.09427576,10,1,100,random
1911,IR,11,"2026-07-12 04:13:48",61.5,0.750224,4.36455,7.3939,0.438436,-0.095847,0.4918,0.20492,0.30328,200,sp,24,244,0.82181818,-0.09823333,10,1,100,random
1912,IR,12,"2026-07-12 04:13:55",68.2,0.752145,4.37755,7.3636,0.460058,-0.096623,0.48971,0.21399,0.2963,200,sp,24,243,0.82439394,-0.0990697,10,1,100,random
1913,IR,13,"2026-07-12 04:14:01",74.7,0.755627,4.44195,7.303,0.477362,-0.093446,0.49793,0.19087,0.3112,200,sp,24,241,0.825,-0.09526364,10,1,100,random
1914,IR,14,"2026-07-12 04:14:08",81.4,0.756336,4.47516,7.2424,0.473046,-0.091652,0.48117,0.22176,0.29707,200,sp,24,239,0.82590909,-0.09473333,10,1,100,random
1915,IR,15,"2026-07-12 04:14:15",88.2,0.7583,4.49768,7.1515,0.503853,-0.095977,0.47458,0.23305,0.29237,200,sp,24,236,0.83060606,-0.09890303,10,1,100,random
1916,IR,16,"2026-07-12 04:14:22",95,0.759376,4.52937,7.1515,0.515752,-0.102411,0.47881,0.2161,0.30508,200,sp,24,236,0.83712121,-0.10492424,10,1,100,random
1917,IR,17,"2026-07-12 04:14:28",101.6,0.760555,4.55375,7.0909,0.504194,-0.092747,0.47009,0.21795,0.31197,200,sp,24,234,0.83106061,-0.0958,10,1,100,random
1918,IR,18,"2026-07-12 04:14:35",108.2,0.761555,4.5613,7.0606,0.503314,-0.096225,0.48069,0.21459,0.30472,200,sp,24,233,0.835,-0.09977576,10,1,100,random
1919,IR,19,"2026-07-12 04:14:42",114.9,0.762603,4.54379,7,0.525982,-0.092199,0.46753,0.23377,0.2987,200,sp,24,231,0.8330303,-0.09601515,10,1,100,random
1920,IR,20,"2026-07-12 04:14:48",121.4,0.763309,4.56684,7,0.552543,-0.097833,0.4632,0.23377,0.30303,200,sp,24,231,0.83833334,-0.10094545,10,1,100,random
1921,AGR,1,"2026-07-12 04:42:05",7.3,0.728036,4.06196,8.3333,0.339422,0.047099,0.58182,0.09455,0.32364,200,sp,24,275,0.68560606,0.05858485,10,1,100,random
1922,AGR,2,"2026-07-12 04:42:12",14.3,0.741521,4.33488,8.1818,0.345865,0.045371,0.54444,0.12593,0.32963,200,sp,24,270,0.7030303,0.05361515,10,1,100,random
1923,AGR,3,"2026-07-12 04:42:19",21.3,0.756555,4.6056,8.1515,0.369887,0.035015,0.51301,0.15242,0.33457,200,sp,24,269,0.72409091,0.04220303,10,1,100,random
1924,AGR,4,"2026-07-12 04:42:26",28.2,0.769539,4.85899,8.1212,0.397366,0.049657,0.50373,0.14925,0.34701,200,sp,24,268,0.72651515,0.0589,10,1,100,random
1925,AGR,5,"2026-07-12 04:42:33",35.2,0.782494,5.16444,8.0909,0.420264,0.042663,0.46816,0.17603,0.35581,200,sp,24,267,0.74424242,0.05144848,10,1,100,random
1926,AGR,6,"2026-07-12 04:42:40",42.2,0.795285,5.47841,8.0303,0.451533,0.041241,0.44528,0.2,0.35472,200,sp,24,265,0.75772727,0.04808788,10,1,100,random
1927,AGR,7,"2026-07-12 04:42:48",50.8,0.806273,5.78419,8,0.50733,0.036496,0.38636,0.25758,0.35606,200,sp,24,264,0.77272727,0.04309697,10,1,100,random
1928,AGR,8,"2026-07-12 04:42:57",59.5,0.816427,6.10618,7.9697,0.526089,0.046792,0.34601,0.30798,0.34601,200,sp,24,263,0.77439394,0.05196061,10,1,100,random
1929,AGR,9,"2026-07-12 04:43:06",68.6,0.82377,6.35884,7.9091,0.574769,0.044159,0.3295,0.34483,0.32567,200,sp,24,261,0.78469697,0.0487,10,1,100,random
1930,AGR,10,"2026-07-12 04:43:15",77.7,0.830279,6.59592,7.9091,0.687195,0.044715,0.2682,0.41379,0.31801,200,sp,24,261,0.7910606,0.04866061,10,1,100,random
1931,AGR,11,"2026-07-12 04:43:24",86.7,0.836167,6.83952,7.9091,0.708748,0.037701,0.24138,0.47126,0.28736,200,sp,24,261,0.80287879,0.04113939,10,1,100,random
1932,AGR,12,"2026-07-12 04:43:33",95.8,0.841473,7.02695,7.9091,0.800223,0.039895,0.22222,0.5249,0.25287,200,sp,24,261,0.80621212,0.04362727,10,1,100,random
1933,AGR,13,"2026-07-12 04:43:42",105,0.845897,7.2133,7.9091,0.940534,0.041643,0.17625,0.62835,0.1954,200,sp,24,261,0.80939394,0.04341515,10,1,100,random
1934,AGR,14,"2026-07-12 04:43:51",114,0.849385,7.36478,7.8788,1.09652,0.051363,0.14231,0.71923,0.13846,200,sp,24,260,0.805,0.05257576,10,1,100,random
1935,AGR,15,"2026-07-12 04:44:01",123.1,0.8522,7.48647,7.8788,1.32286,0.04929,0.11538,0.78462,0.1,200,sp,24,260,0.80969697,0.05092121,10,1,100,random
1936,AGR,16,"2026-07-12 04:44:10",132.1,0.854088,7.57033,7.8788,1.581,0.039683,0.08077,0.85,0.06923,200,sp,24,260,0.82015152,0.04091818,10,1,100,random
1937,AGR,17,"2026-07-12 04:44:19",141.3,0.855155,7.61243,7.8788,1.74108,0.034382,0.06538,0.86923,0.06538,200,sp,24,260,0.82606061,0.03481212,10,1,100,random
1938,AGR,18,"2026-07-12 04:44:28",150.6,0.856445,7.68654,7.8788,1.65151,0.040638,0.04231,0.91154,0.04615,200,sp,24,260,0.82181818,0.04132424,10,1,100,random
1939,AGR,19,"2026-07-12 04:44:38",160.1,0.856715,7.71973,7.8788,1.73546,0.054161,0.04231,0.92308,0.03462,200,sp,24,260,0.81090909,0.05534848,10,1,100,random
1940,AGR,20,"2026-07-12 04:44:47",169.3,0.857461,7.76654,7.8788,1.73345,0.048692,0.01154,0.97692,0.01154,200,sp,24,260,0.81606061,0.04914242,10,1,100,random
1941,RANDOM,1,"2026-07-12 04:44:55",4.9,0.705703,3.74386,8.1818,0.294854,0.002595,0.59259,0.1,0.30741,200,sp,24,270,0.70575757,0.00130606,10,1,100,random
1942,RANDOM,2,"2026-07-12 04:45:00",9.2,0.706612,3.76095,8.0909,0.305072,-0.000251,0.58427,0.09738,0.31835,200,sp,24,267,0.7069697,0.00005455,10,1,100,random
1943,RANDOM,3,"2026-07-12 04:45:04",13.7,0.708306,3.78925,7.9394,0.29895,-0.003944,0.58015,0.11069,0.30916,200,sp,24,262,0.7110606,-0.00220606,10,1,100,random
1944,RANDOM,4,"2026-07-12 04:45:08",18.2,0.704924,3.75803,7.8485,0.309613,0.001332,0.57529,0.11969,0.30502,200,sp,24,259,0.70681819,-0.00093939,10,1,100,random
1945,RANDOM,5,"2026-07-12 04:45:13",22.6,0.705342,3.75991,7.7879,0.324574,0.003838,0.5642,0.1284,0.30739,200,sp,24,257,0.70333334,0.00409394,10,1,100,random
1946,RANDOM,6,"2026-07-12 04:45:18",27.3,0.70327,3.74504,7.6364,0.318496,-0.000858,0.55952,0.12698,0.31349,200,sp,24,252,0.70590909,-0.00296061,10,1,100,random
1947,RANDOM,7,"2026-07-12 04:45:24",33.6,0.699418,3.68479,7.4848,0.31348,0.001131,0.57895,0.11741,0.30364,200,sp,24,247,0.70166667,-0.00222424,10,1,100,random
1948,RANDOM,8,"2026-07-12 04:45:30",39.9,0.70017,3.664,7.4242,0.353739,0.000832,0.57551,0.1102,0.31429,200,sp,24,245,0.7,-0.00005455,10,1,100,random
1949,RANDOM,9,"2026-07-12 04:45:37",46.3,0.698364,3.6399,7.3333,0.334149,0.007299,0.56198,0.1281,0.30992,200,sp,24,242,0.69515152,0.00484849,10,1,100,random
1950,RANDOM,10,"2026-07-12 04:45:43",52.7,0.698452,3.65056,7.303,0.339002,-0.009752,0.56432,0.12863,0.30705,200,sp,24,241,0.70621212,-0.01051515,10,1,100,random
1951,RANDOM,11,"2026-07-12 04:45:49",59,0.700521,3.66962,7.2121,0.356706,-0.003908,0.54622,0.13866,0.31513,200,sp,24,238,0.70287879,-0.00377273,10,1,100,random
1952,RANDOM,12,"2026-07-12 04:45:56",65.4,0.700439,3.6615,7.1212,0.335627,-0.001863,0.54043,0.15319,0.30638,200,sp,24,235,0.70257576,-0.0023303,10,1,100,random
1953,RANDOM,13,"2026-07-12 04:46:02",71.7,0.698467,3.62063,7.0303,0.351946,0.006763,0.55172,0.14655,0.30172,200,sp,24,232,0.69560606,0.00481515,10,1,100,random
1954,RANDOM,14,"2026-07-12 04:46:08",78.1,0.697482,3.62399,7,0.36741,-0.005792,0.54978,0.1342,0.31602,200,sp,24,231,0.70287879,-0.00561515,10,1,100,random
1955,RANDOM,15,"2026-07-12 04:46:15",84.4,0.69347,3.58071,6.9091,0.339119,-0.005416,0.55263,0.12281,0.32456,200,sp,24,228,0.70030303,-0.0100303,10,1,100,random
1956,RANDOM,16,"2026-07-12 04:46:21",90.7,0.693773,3.58335,6.8182,0.333597,0.000574,0.54667,0.12444,0.32889,200,sp,24,225,0.6939394,0.00272121,10,1,100,random
1957,RANDOM,17,"2026-07-12 04:46:27",97,0.69427,3.60152,6.7879,0.341421,0.001547,0.54911,0.12054,0.33036,200,sp,24,224,0.69348484,0.00272727,10,1,100,random
1958,RANDOM,18,"2026-07-12 04:46:34",103.3,0.689888,3.55468,6.7879,0.347507,0.00597,0.54911,0.11607,0.33482,200,sp,24,224,0.68878788,0.00091515,10,1,100,random
1959,RANDOM,19,"2026-07-12 04:46:40",109.7,0.688188,3.53674,6.7576,0.334571,-0.013292,0.5426,0.13901,0.31839,200,sp,24,223,0.69924242,-0.01760303,10,1,100,random
1960,RANDOM,20,"2026-07-12 04:46:46",116.1,0.687824,3.50964,6.7273,0.368556,0.003892,0.54054,0.13514,0.32432,200,sp,24,222,0.68621212,0.00304242,10,1,100,random
1961,OI,1,"2026-07-12 04:47:53",5.4,0.726867,4.12425,8.3333,0.357031,-0.007307,0.54182,0.14545,0.31273,200,sp,25,275,0.72439394,0.00346667,10,1,100,random
1962,OI,2,"2026-07-12 04:47:58",10.2,0.745912,4.4554,8.303,0.398649,-0.019356,0.51825,0.16788,0.31387,200,sp,25,274,0.75196969,-0.00797879,10,1,100,random
1963,OI,3,"2026-07-12 04:48:02",15.1,0.764588,4.79182,8.2727,0.461744,-0.016097,0.4652,0.21245,0.32234,200,sp,25,273,0.76878789,-0.0048697,10,1,100,random
1964,OI,4,"2026-07-12 04:48:07",20,0.779361,5.14556,8.2121,0.479371,0.006738,0.42804,0.23616,0.33579,200,sp,25,271,0.76818182,0.01414545,10,1,100,random
1965,OI,5,"2026-07-12 04:48:12",25,0.792685,5.44904,8.2121,0.507875,-0.008809,0.42804,0.26937,0.30258,200,sp,25,271,0.79439394,-0.0027,10,1,100,random
1966,OI,6,"2026-07-12 04:48:17",30,0.805797,5.75168,8.1515,0.627312,-0.006682,0.37546,0.2974,0.32714,200,sp,25,269,0.80621212,-0.00014545,10,1,100,random
1967,OI,7,"2026-07-12 04:48:24",36.5,0.81527,6.05032,8.1212,0.621832,0.003831,0.33209,0.3694,0.29851,200,sp,25,268,0.80863636,0.00775455,10,1,100,random
1968,OI,8,"2026-07-12 04:48:30",43.1,0.824215,6.33613,8.0909,0.724521,0.005615,0.29588,0.43071,0.27341,200,sp,25,267,0.81636364,0.00851515,10,1,100,random
1969,OI,9,"2026-07-12 04:48:37",49.9,0.831597,6.58544,8.0606,0.798969,-0.0085,0.24812,0.48496,0.26692,200,sp,25,266,0.83621212,-0.00590909,10,1,100,random
1970,OI,10,"2026-07-12 04:48:44",56.7,0.838982,6.85835,8.0606,0.853141,-0.015566,0.2218,0.55639,0.2218,200,sp,25,266,0.84969697,-0.01260909,10,1,100,random
1971,OI,11,"2026-07-12 04:48:51",63.3,0.843624,7.04471,8.0606,0.990531,0.000262,0.19173,0.61278,0.19549,200,sp,25,266,0.84227273,0.00158182,10,1,100,random
1972,OI,12,"2026-07-12 04:48:57",70.1,0.84747,7.24542,8.0303,1.04283,0.003149,0.16226,0.69057,0.14717,200,sp,25,265,0.8440909,0.00374242,10,1,100,random
1973,OI,13,"2026-07-12 04:49:04",76.8,0.850724,7.40942,8.0303,1.23457,-0.00764,0.1283,0.72453,0.14717,200,sp,25,265,0.85681818,-0.0072303,10,1,100,random
1974,OI,14,"2026-07-12 04:49:11",83.5,0.853391,7.53629,8.0303,1.16306,-0.002951,0.12075,0.75849,0.12075,200,sp,25,265,0.85560606,-0.00260909,10,1,100,random
1975,OI,15,"2026-07-12 04:49:18",90.2,0.855418,7.637,8.0303,1.38517,-0.006961,0.08679,0.82642,0.08679,200,sp,25,265,0.86151515,-0.00749697,10,1,100,random
1976,OI,16,"2026-07-12 04:49:24",97,0.856952,7.70045,8.0303,1.52166,0.000068,0.08302,0.82264,0.09434,200,sp,25,265,0.85727273,-0.00061515,10,1,100,random
1977,OI,17,"2026-07-12 04:49:31",103.7,0.857803,7.76835,8.0303,1.61206,0.000659,0.06415,0.8566,0.07925,200,sp,25,265,0.85787879,-0.00045455,10,1,100,random
1978,OI,18,"2026-07-12 04:49:38",110.3,0.858724,7.81945,8.0303,1.64813,0.003572,0.06415,0.86415,0.0717,200,sp,25,265,0.85636364,0.00305152,10,1,100,random
1979,OI,19,"2026-07-12 04:49:44",117,0.859409,7.84107,8.0303,1.8177,0.016683,0.03774,0.90189,0.06038,200,sp,25,265,0.84590909,0.0159303,10,1,100,random
1980,OI,20,"2026-07-12 04:49:51",123.7,0.859191,7.85286,8.0303,1.60411,-0.001587,0.04528,0.90189,0.05283,200,sp,25,265,0.86166666,-0.00286667,10,1,100,random
1981,IR,1,"2026-07-12 04:53:01",5.2,0.716255,3.89795,8.2727,0.30994,-0.111634,0.58608,0.09524,0.31868,200,sp,25,273,0.79272728,-0.10942727,10,1,100,random
1982,IR,2,"2026-07-12 04:53:06",9.9,0.719161,3.94027,8.1212,0.307862,-0.105506,0.57463,0.10821,0.31716,200,sp,25,268,0.79439394,-0.10673333,10,1,100,random
1983,IR,3,"2026-07-12 04:53:11",14.6,0.723803,4.01696,8.1212,0.324472,-0.093419,0.56716,0.11194,0.3209,200,sp,25,268,0.78969697,-0.0931303,10,1,100,random
1984,IR,4,"2026-07-12 04:53:15",19.3,0.730524,4.11854,7.9697,0.32643,-0.102392,0.55133,0.12548,0.32319,200,sp,25,263,0.80227273,-0.10243636,10,1,100,random
1985,IR,5,"2026-07-12 04:53:20",24.2,0.735873,4.18873,7.8485,0.34733,-0.091746,0.53282,0.14672,0.32046,200,sp,25,259,0.8010606,-0.09111515,10,1,100,random
1986,IR,6,"2026-07-12 04:53:25",29.1,0.738551,4.23884,7.7879,0.359702,-0.101864,0.52918,0.13619,0.33463,200,sp,25,257,0.8130303,-0.10526364,10,1,100,random
1987,IR,7,"2026-07-12 04:53:32",35.5,0.737476,4.21719,7.697,0.340846,-0.0956,0.53937,0.12992,0.33071,200,sp,25,254,0.80924243,-0.10005758,10,1,100,random
1988,IR,8,"2026-07-12 04:53:38",41.9,0.741491,4.26434,7.6364,0.367067,-0.093503,0.53175,0.13492,0.33333,200,sp,25,252,0.80939394,-0.09349091,10,1,100,random
1989,IR,9,"2026-07-12 04:53:45",48.4,0.743203,4.28581,7.5758,0.374492,-0.091938,0.516,0.16,0.324,200,sp,25,250,0.81121212,-0.09334849,10,1,100,random
1990,IR,10,"2026-07-12 04:53:51",55.1,0.745185,4.2976,7.5455,0.386972,-0.091645,0.5261,0.14056,0.33333,200,sp,25,249,0.8130303,-0.09404546,10,1,100,random
1991,IR,11,"2026-07-12 04:53:58",61.7,0.751558,4.37882,7.4848,0.389533,-0.090512,0.50202,0.17409,0.32389,200,sp,25,247,0.81696969,-0.08893333,10,1,100,random
1992,IR,12,"2026-07-12 04:54:04",68.4,0.754542,4.43836,7.4242,0.413183,-0.09809,0.49388,0.16735,0.33878,200,sp,25,245,0.82757576,-0.09863939,10,1,100,random
1993,IR,13,"2026-07-12 04:54:11",75,0.757433,4.47544,7.3939,0.405851,-0.092092,0.4959,0.16803,0.33607,200,sp,25,244,0.82636363,-0.09422121,10,1,100,random
1994,IR,14,"2026-07-12 04:54:18",81.8,0.758064,4.48203,7.3333,0.408252,-0.097559,0.47107,0.18595,0.34298,200,sp,25,242,0.83242425,-0.10098182,10,1,100,random
1995,IR,15,"2026-07-12 04:54:25",88.5,0.761797,4.55838,7.3333,0.395947,-0.091339,0.47521,0.18182,0.34298,200,sp,25,242,0.83,-0.09277273,10,1,100,random
1996,IR,16,"2026-07-12 04:54:31",95.3,0.764936,4.61642,7.3333,0.406413,-0.101216,0.47521,0.17355,0.35124,200,sp,25,242,0.84121212,-0.10329697,10,1,100,random
1997,IR,17,"2026-07-12 04:54:38",102,0.767658,4.65891,7.303,0.394243,-0.087062,0.46888,0.18257,0.34855,200,sp,25,241,0.83363636,-0.08865758,10,1,100,random
1998,IR,18,"2026-07-12 04:54:45",108.8,0.767064,4.62957,7.303,0.406096,-0.085059,0.47303,0.18257,0.3444,200,sp,25,241,0.83318182,-0.0886303,10,1,100,random
1999,IR,19,"2026-07-12 04:54:52",115.4,0.768621,4.66591,7.303,0.410329,-0.093183,0.47303,0.16598,0.361,200,sp,25,241,0.84,-0.09439697,10,1,100,random
2000,IR,20,"2026-07-12 04:54:58",122.1,0.771151,4.72066,7.303,0.393688,-0.085772,0.45228,0.19087,0.35685,200,sp,25,241,0.83666666,-0.08800606,10,1,100,random
2001,AGR,1,"2026-07-12 05:29:52",7.5,0.72267,4.09544,8.3333,0.330506,0.057523,0.57818,0.10545,0.31636,200,sp,25,275,0.67621212,0.06385455,10,1,100,random
2002,AGR,2,"2026-07-12 05:29:59",14.8,0.738985,4.38179,8.2727,0.36637,0.039539,0.56044,0.10256,0.337,200,sp,25,273,0.70363636,0.04639697,10,1,100,random
2003,AGR,3,"2026-07-12 05:30:07",22.4,0.754442,4.67141,8.2727,0.367802,0.050899,0.52381,0.13919,0.337,200,sp,25,273,0.71,0.061,10,1,100,random
2004,AGR,4,"2026-07-12 05:30:15",30.3,0.769676,4.99148,8.1515,0.411174,0.041194,0.49442,0.1487,0.35688,200,sp,25,269,0.73212121,0.04972727,10,1,100,random
2005,AGR,5,"2026-07-12 05:30:22",37.7,0.782615,5.29682,8.1212,0.424119,0.020348,0.46269,0.15672,0.3806,200,sp,25,268,0.76166667,0.02916667,10,1,100,random
2006,AGR,6,"2026-07-12 05:30:30",45,0.793055,5.54869,8.0303,0.426065,0.041655,0.41887,0.20755,0.37358,200,sp,25,265,0.75621212,0.04911818,10,1,100,random
2007,AGR,7,"2026-07-12 05:30:39",54,0.802491,5.80526,8.0303,0.475912,0.038481,0.39623,0.24528,0.35849,200,sp,25,265,0.76803031,0.0431697,10,1,100,random
2008,AGR,8,"2026-07-12 05:30:48",63,0.812061,6.05929,8.0303,0.525332,0.044366,0.36981,0.27925,0.35094,200,sp,25,265,0.77257575,0.04902121,10,1,100,random
2009,AGR,9,"2026-07-12 05:30:57",72.1,0.821155,6.33357,8.0303,0.588537,0.03426,0.32453,0.31698,0.35849,200,sp,25,265,0.78969697,0.03823333,10,1,100,random
2010,AGR,10,"2026-07-12 05:31:06",81.4,0.830412,6.60765,8.0303,0.607394,0.027022,0.28679,0.36981,0.3434,200,sp,25,265,0.80469697,0.03154848,10,1,100,random
2011,AGR,11,"2026-07-12 05:31:15",90.6,0.836897,6.84692,8.0303,0.665152,0.028826,0.27925,0.41887,0.30189,200,sp,25,265,0.81060606,0.03233333,10,1,100,random
2012,AGR,12,"2026-07-12 05:31:25",100,0.842776,7.04224,8.0303,0.784391,0.03424,0.23396,0.50566,0.26038,200,sp,25,265,0.81212121,0.0370303,10,1,100,random
2013,AGR,13,"2026-07-12 05:31:34",109.3,0.848536,7.25156,8.0303,0.888489,0.025417,0.21509,0.56604,0.21887,200,sp,25,265,0.82515151,0.02852121,10,1,100,random
2014,AGR,14,"2026-07-12 05:31:43",118.7,0.851961,7.40327,8.0303,1.02769,0.02968,0.17358,0.66415,0.16226,200,sp,25,265,0.82590909,0.03113333,10,1,100,random
2015,AGR,15,"2026-07-12 05:31:53",128.1,0.855594,7.55143,8.0303,1.17488,0.045029,0.13585,0.71698,0.14717,200,sp,25,265,0.81621212,0.04704242,10,1,100,random
2016,AGR,16,"2026-07-12 05:32:02",137.5,0.857806,7.6599,8.0303,1.23116,0.0352,0.10566,0.79245,0.10189,200,sp,25,265,0.82742425,0.03602727,10,1,100,random
2017,AGR,17,"2026-07-12 05:32:12",146.9,0.859694,7.75272,8.0303,1.43091,0.043971,0.08679,0.85283,0.06038,200,sp,25,265,0.82181818,0.04429394,10,1,100,random
2018,AGR,18,"2026-07-12 05:32:21",156.3,0.861067,7.81474,8.0303,1.87856,0.05325,0.06415,0.89057,0.04528,200,sp,25,265,0.81545455,0.05353939,10,1,100,random
2019,AGR,19,"2026-07-12 05:32:30",165.7,0.862067,7.87048,8.0303,2.18423,0.04388,0.03396,0.93585,0.03019,200,sp,25,265,0.82454545,0.04389697,10,1,100,random
2020,AGR,20,"2026-07-12 05:32:40",175,0.862176,7.87752,8.0303,1.55065,0.045375,0.04151,0.9283,0.03019,200,sp,25,265,0.82378788,0.04539091,10,1,100,random
2021,RANDOM,1,"2026-07-12 10:26:25",5,0.708494,3.84151,8.2727,0.297556,-0.006162,0.58608,0.0989,0.31502,200,sp,25,273,0.71378788,-0.00592121,10,1,100,random
2022,RANDOM,2,"2026-07-12 10:26:29",9.4,0.711688,3.88089,8.1515,0.299611,-0.014917,0.57993,0.11896,0.30112,200,sp,25,269,0.72166666,-0.01346667,10,1,100,random
2023,RANDOM,3,"2026-07-12 10:26:34",13.9,0.707927,3.85638,8.0909,0.325001,-0.001875,0.57678,0.11236,0.31086,200,sp,25,267,0.71212121,-0.00481818,10,1,100,random
2024,RANDOM,4,"2026-07-12 10:26:38",18.6,0.708339,3.83749,8.0606,0.31597,-0.007465,0.57143,0.1203,0.30827,200,sp,25,266,0.71439394,-0.00917273,10,1,100,random
2025,RANDOM,5,"2026-07-12 10:26:43",23.3,0.70603,3.80115,8,0.30777,0.001663,0.56818,0.12879,0.30303,200,sp,25,264,0.7069697,-0.00169697,10,1,100,random
2026,RANDOM,6,"2026-07-12 10:26:48",28.4,0.704685,3.77167,7.8788,0.31697,0.007353,0.58077,0.10385,0.31538,200,sp,25,260,0.70121212,0.00404545,10,1,100,random
2027,RANDOM,7,"2026-07-12 10:26:55",35,0.704448,3.77798,7.7879,0.306784,-0.000719,0.57977,0.10895,0.31128,200,sp,25,257,0.70606061,-0.00229697,10,1,100,random
2028,RANDOM,8,"2026-07-12 10:27:01",41.3,0.705012,3.79383,7.7273,0.3187,-0.01179,0.58431,0.10196,0.31373,200,sp,25,255,0.71393939,-0.01263333,10,1,100,random
2029,RANDOM,9,"2026-07-12 10:27:07",47.8,0.705433,3.80091,7.697,0.323317,-0.003968,0.58661,0.09843,0.31496,200,sp,25,254,0.70893939,-0.00676364,10,1,100,random
2030,RANDOM,10,"2026-07-12 10:27:14",54.4,0.705124,3.79782,7.6364,0.315969,-0.003111,0.5754,0.10714,0.31746,200,sp,25,252,0.70833333,-0.00613333,10,1,100,random
2031,RANDOM,11,"2026-07-12 10:27:21",60.9,0.705303,3.80495,7.5152,0.314428,-0.001025,0.56452,0.12903,0.30645,200,sp,25,248,0.7069697,-0.00334848,10,1,100,random
2032,RANDOM,12,"2026-07-12 10:27:27",67.3,0.704818,3.79093,7.3939,0.330471,0.002657,0.57377,0.11066,0.31557,200,sp,25,244,0.70393939,0.00029091,10,1,100,random
2033,RANDOM,13,"2026-07-12 10:27:33",73.8,0.706097,3.83573,7.3939,0.334048,0.001222,0.55738,0.12705,0.31557,200,sp,25,244,0.70530303,0.00235455,10,1,100,random
2034,RANDOM,14,"2026-07-12 10:27:40",80.2,0.704306,3.81102,7.3636,0.3281,0.005447,0.5679,0.11934,0.31276,200,sp,25,243,0.70227273,0.00424848,10,1,100,random
2035,RANDOM,15,"2026-07-12 10:27:46",86.6,0.70373,3.82527,7.3636,0.339088,-0.001432,0.54321,0.1358,0.32099,200,sp,25,243,0.7060606,-0.00254545,10,1,100,random
2036,RANDOM,16,"2026-07-12 10:27:53",93.2,0.705218,3.83688,7.3333,0.319839,0.003882,0.54132,0.13636,0.32231,200,sp,25,242,0.70257576,0.00177879,10,1,100,random
2037,RANDOM,17,"2026-07-12 10:27:59",99.7,0.709739,3.88699,7.303,0.332002,-0.015234,0.53112,0.14108,0.3278,200,sp,25,241,0.71909091,-0.01470606,10,1,100,random
2038,RANDOM,18,"2026-07-12 10:28:06",106.4,0.709021,3.87689,7.303,0.323504,-0.002493,0.54357,0.14108,0.31535,200,sp,25,241,0.71212122,-0.00490909,10,1,100,random
2039,RANDOM,19,"2026-07-12 10:28:13",112.9,0.708806,3.87167,7.1818,0.341998,-0.000614,0.53586,0.16878,0.29536,200,sp,25,237,0.71030303,-0.00251212,10,1,100,random
2040,RANDOM,20,"2026-07-12 10:28:19",119.4,0.706145,3.84514,7.1212,0.373775,-0.005097,0.54468,0.14894,0.30638,200,sp,25,235,0.71196969,-0.00789697,10,1,100,random
2041,OI,1,"2026-07-12 13:02:22",5.2,0.733682,4.14262,8.4545,0.356312,-0.011919,0.55914,0.11828,0.32258,200,sp,26,279,0.73333333,-0.00012424,10,1,100,random
2042,OI,2,"2026-07-12 13:02:27",10,0.752627,4.45262,8.3636,0.380954,-0.02029,0.50725,0.17391,0.31884,200,sp,26,276,0.75954546,-0.01052424,10,1,100,random
2043,OI,3,"2026-07-12 13:02:32",14.8,0.770758,4.82479,8.303,0.45333,-0.011125,0.47445,0.20803,0.31752,200,sp,26,274,0.77181818,-0.00090606,10,1,100,random
2044,OI,4,"2026-07-12 13:02:36",19.6,0.786467,5.19212,8.1818,0.508631,-0.005902,0.42963,0.25556,0.31481,200,sp,26,270,0.78454545,0.00206061,10,1,100,random
2045,OI,5,"2026-07-12 13:02:41",24.3,0.799924,5.52634,8.1212,0.564491,-0.000698,0.3806,0.32463,0.29478,200,sp,26,268,0.795,0.00702727,10,1,100,random
2046,OI,6,"2026-07-12 13:02:46",29.1,0.811845,5.84124,8.1212,0.656454,0.001136,0.34701,0.33955,0.31343,200,sp,26,268,0.80636364,0.00779091,10,1,100,random
2047,OI,7,"2026-07-12 13:02:52",35.6,0.822361,6.19957,8.1212,0.652386,-0.009123,0.29478,0.41045,0.29478,200,sp,26,268,0.82590909,-0.00471818,10,1,100,random
2048,OI,8,"2026-07-12 13:02:59",42.1,0.831567,6.50654,8.1212,0.71927,-0.002119,0.26119,0.46642,0.27239,200,sp,26,268,0.83,0.00202121,10,1,100,random
2049,OI,9,"2026-07-12 13:03:06",48.8,0.838264,6.74822,8.0909,0.81152,-0.000848,0.22846,0.53933,0.23221,200,sp,26,267,0.83681818,0.00162727,10,1,100,random
2050,OI,10,"2026-07-12 13:03:12",55.5,0.843761,6.97961,8.0909,0.878105,0.005322,0.1985,0.57303,0.22846,200,sp,26,267,0.83772727,0.00761212,10,1,100,random
2051,OI,11,"2026-07-12 13:03:19",62.2,0.84913,7.20281,8.0909,0.928975,-0.015289,0.16854,0.64419,0.18727,200,sp,26,267,0.86060606,-0.01381818,10,1,100,random
2052,OI,12,"2026-07-12 13:03:26",69,0.852227,7.34998,8.0606,1.0247,-0.010841,0.15414,0.67293,0.17293,200,sp,26,266,0.8610606,-0.01073333,10,1,100,random
2053,OI,13,"2026-07-12 13:03:32",75.6,0.855873,7.5197,8.0606,1.10659,0.010034,0.1391,0.71429,0.14662,200,sp,26,266,0.84666667,0.01084849,10,1,100,random
2054,OI,14,"2026-07-12 13:03:39",82.4,0.858445,7.63342,8.0606,1.28434,0.00703,0.12782,0.75188,0.1203,200,sp,26,266,0.85227273,0.00746364,10,1,100,random
2055,OI,15,"2026-07-12 13:03:46",89.1,0.859949,7.7131,8.0606,1.50692,0.001509,0.09398,0.80451,0.1015,200,sp,26,266,0.85909091,0.00080606,10,1,100,random
2056,OI,16,"2026-07-12 13:03:53",96,0.861612,7.79473,8.0606,1.52517,0.001967,0.07895,0.85338,0.06767,200,sp,26,266,0.86030303,0.00116364,10,1,100,random
2057,OI,17,"2026-07-12 13:04:00",103.2,0.861997,7.81555,8.0606,2.18016,-0.004087,0.06391,0.87218,0.06391,200,sp,26,266,0.86651515,-0.00568182,10,1,100,random
2058,IR,1,"2026-07-12 13:04:01",5.5,0.718003,3.88728,8.3939,0.308954,-0.104525,0.5704,0.10469,0.32491,200,sp,26,277,0.79121213,-0.10544242,10,1,100,random
2059,IR,2,"2026-07-12 13:04:05",10.3,0.725833,3.98425,8.2424,0.301544,-0.102125,0.56618,0.11029,0.32353,200,sp,26,272,0.79666666,-0.09960909,10,1,100,random
2060,OI,18,"2026-07-12 13:04:08",110.7,0.861973,7.82018,8.0606,1.97778,-0.010568,0.06391,0.86466,0.07143,200,sp,26,266,0.87227273,-0.01200303,10,1,100,random
2061,IR,3,"2026-07-12 13:04:10",15.1,0.729252,4.01234,8.1212,0.310687,-0.102843,0.55224,0.12687,0.3209,200,sp,26,268,0.80333333,-0.10432727,10,1,100,random
2062,OI,19,"2026-07-12 13:04:15",117.9,0.862839,7.86233,8.0606,1.77199,-0.003804,0.05263,0.89098,0.05639,200,sp,26,266,0.8669697,-0.00519091,10,1,100,random
2063,IR,4,"2026-07-12 13:04:16",20.5,0.731915,4.04575,8.0909,0.32022,-0.10047,0.54307,0.13858,0.31835,200,sp,26,267,0.80469697,-0.10255758,10,1,100,random
2064,IR,5,"2026-07-12 13:04:21",25.7,0.73657,4.10251,8,0.330282,-0.102829,0.5303,0.13636,0.33333,200,sp,26,264,0.81045454,-0.10282121,10,1,100,random
2065,OI,20,"2026-07-12 13:04:22",125.5,0.863145,7.87898,8.0606,1.86479,-0.006394,0.05263,0.90602,0.04135,200,sp,26,266,0.86954545,-0.00722727,10,1,100,random
2066,IR,6,"2026-07-12 13:04:25",30.4,0.740667,4.1586,7.8485,0.317446,-0.101196,0.5251,0.1583,0.3166,200,sp,26,259,0.81409091,-0.10141515,10,1,100,random
2067,IR,7,"2026-07-12 13:04:31",36.4,0.743124,4.1844,7.7273,0.353513,-0.101571,0.52549,0.14118,0.33333,200,sp,26,255,0.8180303,-0.10267576,10,1,100,random
2068,IR,8,"2026-07-12 13:04:38",42.4,0.742818,4.1849,7.697,0.33594,-0.089785,0.51181,0.15354,0.33465,200,sp,26,254,0.81015152,-0.09333333,10,1,100,random
2069,IR,9,"2026-07-12 13:04:44",48.7,0.744976,4.1968,7.6667,0.339885,-0.091191,0.52174,0.13439,0.34387,200,sp,26,253,0.81227273,-0.0921,10,1,100,random
2070,IR,10,"2026-07-12 13:04:50",55.1,0.748839,4.25595,7.6061,0.34515,-0.099363,0.50598,0.15139,0.34263,200,sp,26,251,0.82181818,-0.09924848,10,1,100,random
2071,IR,11,"2026-07-12 13:04:56",61.3,0.751839,4.30078,7.5758,0.357077,-0.094789,0.508,0.148,0.344,200,sp,26,250,0.82212121,-0.09538182,10,1,100,random
2072,IR,12,"2026-07-12 13:05:03",67.8,0.754364,4.36475,7.5455,0.361984,-0.098023,0.48996,0.16466,0.34538,200,sp,26,249,0.82757576,-0.09898182,10,1,100,random
2073,IR,13,"2026-07-12 13:05:09",74.1,0.757615,4.4053,7.4545,0.370403,-0.094854,0.48374,0.18699,0.32927,200,sp,26,246,0.82833333,-0.0951303,10,1,100,random
2074,IR,14,"2026-07-12 13:05:16",80.5,0.760509,4.46059,7.4242,0.412077,-0.090403,0.4898,0.15918,0.35102,200,sp,26,245,0.82848485,-0.09049394,10,1,100,random
2075,IR,15,"2026-07-12 13:05:22",86.9,0.761488,4.4609,7.3333,0.377837,-0.0943,0.47934,0.17769,0.34298,200,sp,26,242,0.83348485,-0.09665152,10,1,100,random
2076,IR,16,"2026-07-12 13:05:28",93.3,0.76367,4.48714,7.303,0.402495,-0.087627,0.47718,0.18672,0.3361,200,sp,26,241,0.83,-0.08846364,10,1,100,random
2077,IR,17,"2026-07-12 13:05:35",99.8,0.766715,4.54744,7.2121,0.429997,-0.096488,0.46639,0.19748,0.33613,200,sp,26,238,0.83954546,-0.09660303,10,1,100,random
2078,IR,18,"2026-07-12 13:05:41",106.2,0.769033,4.59882,7.1818,0.438456,-0.101963,0.45992,0.20675,0.33333,200,sp,26,237,0.84666667,-0.10282727,10,1,100,random
2079,IR,19,"2026-07-12 13:05:48",112.6,0.771285,4.64812,7.1515,0.449179,-0.09033,0.46186,0.19068,0.34746,200,sp,26,236,0.84045455,-0.09085151,10,1,100,random
2080,IR,20,"2026-07-12 13:05:54",119,0.770485,4.62915,7.1212,0.428229,-0.094543,0.45957,0.18723,0.35319,200,sp,26,235,0.84439394,-0.09767576,10,1,100,random
2081,AGR,1,"2026-07-12 13:16:28",8.4,0.731242,4.13094,8.4545,0.336967,0.043519,0.56272,0.10753,0.32975,200,sp,26,279,0.69196969,0.05440606,10,1,100,random
2082,AGR,2,"2026-07-12 13:16:36",16.3,0.7473,4.3733,8.3333,0.325224,0.036199,0.54182,0.12,0.33818,200,sp,26,275,0.71393939,0.04567879,10,1,100,random
2083,AGR,3,"2026-07-12 13:16:43",24.1,0.764382,4.69844,8.2727,0.361036,0.036558,0.50183,0.14286,0.35531,200,sp,26,273,0.72984848,0.04450909,10,1,100,random
2084,AGR,4,"2026-07-12 13:16:51",31.8,0.778152,4.99196,8.2121,0.383003,0.050764,0.50185,0.14391,0.35424,200,sp,26,271,0.73333333,0.05892121,10,1,100,random
2085,AGR,5,"2026-07-12 13:16:59",39.4,0.789618,5.26706,8.1212,0.440772,0.047259,0.47015,0.16418,0.36567,200,sp,26,268,0.7480303,0.05396364,10,1,100,random
2086,AGR,6,"2026-07-12 13:17:06",47.3,0.799976,5.5502,8.1212,0.47594,0.0444,0.43657,0.18284,0.3806,200,sp,26,268,0.76060606,0.04960606,10,1,100,random
2087,AGR,7,"2026-07-12 13:17:16",56.7,0.8105,5.86173,8.1212,0.471456,0.035516,0.38806,0.23881,0.37313,200,sp,26,268,0.77787878,0.04097879,10,1,100,random
2088,AGR,8,"2026-07-12 13:17:25",66.2,0.819197,6.11133,8.1212,0.511841,0.028624,0.34701,0.26493,0.38806,200,sp,26,268,0.79257575,0.0332303,10,1,100,random
2089,AGR,9,"2026-07-12 13:17:35",75.9,0.826715,6.36488,8.1212,0.517611,0.034043,0.3209,0.33209,0.34701,200,sp,26,268,0.79590909,0.03777273,10,1,100,random
2090,AGR,10,"2026-07-12 13:17:45",85.8,0.833861,6.60917,8.0909,0.625797,0.030167,0.29963,0.37079,0.32959,200,sp,26,267,0.80636364,0.03310303,10,1,100,random
2091,AGR,11,"2026-07-12 13:17:55",95.4,0.840652,6.86849,8.0909,0.700211,0.051127,0.26217,0.43446,0.30337,200,sp,26,267,0.79545455,0.05433333,10,1,100,random
2092,AGR,12,"2026-07-12 13:18:04",105.3,0.845545,7.06816,8.0909,0.77189,0.038109,0.23596,0.47566,0.28839,200,sp,26,267,0.8119697,0.03975455,10,1,100,random
2093,AGR,13,"2026-07-12 13:18:14",115.2,0.8503,7.29152,8.0909,0.841209,0.047476,0.20225,0.56554,0.23221,200,sp,26,267,0.80863637,0.05001818,10,1,100,random
2094,AGR,14,"2026-07-12 13:18:24",125,0.85373,7.44859,8.0606,1.00324,0.036452,0.16541,0.67669,0.15789,200,sp,26,266,0.82181819,0.03831515,10,1,100,random
2095,AGR,15,"2026-07-12 13:18:34",134.7,0.85697,7.6034,8.0606,1.23323,0.031192,0.12406,0.76316,0.11278,200,sp,26,266,0.82954546,0.03291212,10,1,100,random
2096,AGR,16,"2026-07-12 13:18:44",144.8,0.859267,7.72111,8.0606,1.40204,0.042705,0.1015,0.83083,0.06767,200,sp,26,266,0.82227273,0.04406061,10,1,100,random
2097,AGR,17,"2026-07-12 13:18:54",154.6,0.860742,7.80384,8.0606,1.86071,0.05209,0.07895,0.85338,0.06767,200,sp,26,266,0.81606061,0.05252424,10,1,100,random
2098,AGR,18,"2026-07-12 13:19:04",164.5,0.861833,7.86483,8.0606,1.72428,0.039287,0.04511,0.90602,0.04887,200,sp,26,266,0.82833334,0.03969697,10,1,100,random
2099,AGR,19,"2026-07-12 13:19:13",174.3,0.86287,7.92096,8.0606,1.67678,0.04877,0.03383,0.95489,0.01128,200,sp,26,266,0.82121212,0.04924545,10,1,100,random
2100,AGR,20,"2026-07-12 13:19:23",184,0.863261,7.95698,8.0606,1.42197,0.044538,0.0188,0.96617,0.01504,200,sp,26,266,0.82545454,0.04433333,10,1,100,random
2101,RANDOM,1,"2026-07-12 13:19:39",4.8,0.711885,3.86353,8.3333,0.298031,0.001497,0.57818,0.12,0.30182,200,sp,26,275,0.71212121,-0.00115758,10,1,100,random
2102,RANDOM,2,"2026-07-12 13:19:43",9,0.70853,3.83352,8.0909,0.309681,-0.009153,0.57678,0.11236,0.31086,200,sp,26,267,0.71757576,-0.01379697,10,1,100,random
2103,RANDOM,3,"2026-07-12 13:19:48",13.3,0.708215,3.83815,7.9091,0.315617,-0.002866,0.57471,0.10728,0.31801,200,sp,26,261,0.71121212,-0.00559697,10,1,100,random
2104,RANDOM,4,"2026-07-12 13:19:52",17.5,0.706009,3.81348,7.7879,0.313796,-0.00873,0.57977,0.11284,0.30739,200,sp,26,257,0.71424243,-0.0093697,10,1,100,random
2105,RANDOM,5,"2026-07-12 13:19:56",21.8,0.704415,3.79828,7.6667,0.335282,-0.008843,0.57708,0.11462,0.3083,200,sp,26,253,0.71227273,-0.01065152,10,1,100,random
2106,RANDOM,6,"2026-07-12 13:20:00",26.1,0.70057,3.7698,7.5758,0.332453,-0.006323,0.572,0.116,0.312,200,sp,26,250,0.70787879,-0.00839091,10,1,100,random
2107,RANDOM,7,"2026-07-12 13:20:07",32.7,0.699267,3.74443,7.4848,0.323356,0.016641,0.5587,0.12955,0.31174,200,sp,26,247,0.68909091,0.01429394,10,1,100,random
2108,RANDOM,8,"2026-07-12 13:20:13",39.1,0.697039,3.73761,7.4545,0.32825,0.007586,0.57317,0.10569,0.32114,200,sp,26,246,0.69363636,0.00527576,10,1,100,random
2109,RANDOM,9,"2026-07-12 13:20:20",45.3,0.696761,3.72482,7.3939,0.317583,0.000077,0.56148,0.14344,0.29508,200,sp,26,244,0.69772728,-0.00041212,10,1,100,random
2110,RANDOM,10,"2026-07-12 13:20:26",51.4,0.695533,3.72459,7.2727,0.353035,0.000665,0.55833,0.14167,0.3,200,sp,26,240,0.69651515,-0.00067576,10,1,100,random
2111,RANDOM,11,"2026-07-12 13:20:32",57.6,0.694418,3.71836,7.2121,0.364357,-0.000197,0.54622,0.15126,0.30252,200,sp,26,238,0.69575757,-0.00073636,10,1,100,random
2112,RANDOM,12,"2026-07-12 13:20:38",63.8,0.696103,3.73158,7.1818,0.366089,-0.004314,0.55696,0.15612,0.28692,200,sp,26,237,0.69924243,-0.00248788,10,1,100,random
2113,RANDOM,13,"2026-07-12 13:20:44",69.9,0.694809,3.71279,7.1515,0.392727,-0.00885,0.5678,0.13983,0.29237,200,sp,26,236,0.70242424,-0.01172121,10,1,100,random
2114,RANDOM,14,"2026-07-12 13:20:50",75.9,0.695733,3.70869,7.1212,0.394539,-0.021367,0.55745,0.14043,0.30213,200,sp,26,235,0.71090909,-0.02184545,10,1,100,random
2115,RANDOM,15,"2026-07-12 13:20:56",82.1,0.697015,3.7162,7.0909,0.382962,0.000029,0.55556,0.1453,0.29915,200,sp,26,234,0.69742424,-0.0003303,10,1,100,random
2116,RANDOM,16,"2026-07-12 13:21:02",88.2,0.69533,3.70223,7.0909,0.389626,-0.001277,0.53846,0.15812,0.30342,200,sp,26,234,0.69787879,-0.00436364,10,1,100,random
2117,RANDOM,17,"2026-07-12 13:21:09",94.4,0.691964,3.67196,7,0.369093,0.004065,0.54545,0.16883,0.28571,200,sp,26,231,0.69181818,-0.00086364,10,1,100,random
2118,RANDOM,18,"2026-07-12 13:21:15",100.5,0.689173,3.66268,7,0.413116,0.009168,0.54978,0.16883,0.28139,200,sp,26,231,0.685,0.00535758,10,1,100,random
2119,RANDOM,19,"2026-07-12 13:21:21",106.7,0.684661,3.63919,6.9394,0.401757,0.000666,0.56332,0.13537,0.30131,200,sp,26,229,0.68727273,-0.00470303,10,1,100,random
2120,RANDOM,20,"2026-07-12 13:21:27",113,0.684403,3.6499,6.9091,0.375984,0.001954,0.54825,0.14912,0.30263,200,sp,26,228,0.68424242,0.00078788,10,1,100,random
3031,OI,1,"2026-07-12 23:10:44",5,0.730494,4.16453,8.3939,0.364762,-0.027829,0.55957,0.11913,0.3213,200,sp,27,277,0.74212121,-0.01660303,10,1,100,random
3032,OI,2,"2026-07-12 23:10:49",9.6,0.750555,4.51663,8.303,0.39142,-0.022532,0.5146,0.14964,0.33577,200,sp,27,274,0.75893939,-0.01135455,10,1,100,random
3033,OI,3,"2026-07-12 23:10:54",14.2,0.769103,4.87923,8.2424,0.433529,-0.022315,0.47059,0.20221,0.32721,200,sp,27,272,0.77818182,-0.01252727,10,1,100,random
3034,OI,4,"2026-07-12 23:10:58",18.9,0.783676,5.20231,8.2424,0.499404,0.002223,0.44485,0.22059,0.33456,200,sp,27,272,0.7760606,0.00941515,10,1,100,random
3035,OI,5,"2026-07-12 23:11:03",23.4,0.798279,5.55513,8.2121,0.533959,-0.023256,0.41328,0.25092,0.33579,200,sp,27,271,0.81106061,-0.0163303,10,1,100,random
3036,OI,6,"2026-07-12 23:11:07",28.1,0.809524,5.89972,8.2121,0.584653,-0.000982,0.36162,0.34686,0.29151,200,sp,27,271,0.80621212,0.0044,10,1,100,random
3037,OI,7,"2026-07-12 23:11:14",34.3,0.819758,6.24085,8.2121,0.704337,-0.015164,0.31734,0.369,0.31365,200,sp,27,271,0.82848485,-0.01066061,10,1,100,random
3038,OI,8,"2026-07-12 23:11:20",40.6,0.827012,6.51312,8.2121,0.682165,-0.002373,0.28413,0.42804,0.28782,200,sp,27,271,0.82651515,0.00131212,10,1,100,random
3039,OI,9,"2026-07-12 23:11:26",47.1,0.833624,6.76491,8.2121,0.778746,-0.001862,0.23616,0.48339,0.28044,200,sp,27,271,0.83333334,-0.00006061,10,1,100,random
3040,OI,10,"2026-07-12 23:11:33",53.5,0.839782,6.97442,8.2121,0.784488,0.005633,0.22878,0.49446,0.27675,200,sp,27,271,0.83318181,0.00818182,10,1,100,random
3041,OI,11,"2026-07-12 23:11:39",59.8,0.843985,7.14535,8.2121,0.829495,-0.012899,0.21033,0.56827,0.2214,200,sp,27,271,0.8539394,-0.01200909,10,1,100,random
3042,OI,12,"2026-07-12 23:11:46",66.3,0.848397,7.33918,8.2121,1.00788,-0.015287,0.19926,0.60148,0.19926,200,sp,27,271,0.86030303,-0.0146303,10,1,100,random
3043,OI,13,"2026-07-12 23:11:52",72.8,0.85233,7.50523,8.2121,1.09672,-0.011493,0.15129,0.6679,0.18081,200,sp,27,271,0.86136363,-0.01106061,10,1,100,random
3044,OI,14,"2026-07-12 23:11:59",79.4,0.854924,7.62995,8.2121,1.09038,-0.011253,0.14391,0.7048,0.15129,200,sp,27,271,0.86439394,-0.01057879,10,1,100,random
3045,OI,15,"2026-07-12 23:12:05",85.9,0.856476,7.71845,8.2121,1.33665,-0.008016,0.09963,0.76015,0.14022,200,sp,27,271,0.86378787,-0.00836667,10,1,100,random
3046,OI,16,"2026-07-12 23:12:12",92.4,0.857985,7.80284,8.2121,1.1704,-0.00333,0.10332,0.78229,0.11439,200,sp,27,271,0.86121212,-0.00354545,10,1,100,random
3047,OI,17,"2026-07-12 23:12:18",99,0.859149,7.86925,8.2121,1.5497,0.000337,0.08487,0.83395,0.08118,200,sp,27,271,0.85939394,0.00024242,10,1,100,random
3048,OI,18,"2026-07-12 23:12:25",105.7,0.860242,7.94975,8.2121,1.74082,0.005334,0.06273,0.87823,0.05904,200,sp,27,271,0.85606061,0.00500909,10,1,100,random
3049,OI,19,"2026-07-12 23:12:32",112.2,0.860706,7.98762,8.2121,1.96626,0.005134,0.05535,0.8893,0.05535,200,sp,27,271,0.85696969,0.00468182,10,1,100,random
3050,OI,20,"2026-07-12 23:12:38",118.6,0.861136,8.01021,8.2121,1.97059,-0.004403,0.04797,0.90037,0.05166,200,sp,27,271,0.86575758,-0.00483333,10,1,100,random
3051,IR,1,"2026-07-12 23:12:47",5.3,0.713818,3.89166,8.2121,0.305362,-0.091854,0.57934,0.10701,0.31365,200,sp,27,271,0.77818182,-0.09210606,10,1,100,random
3052,IR,2,"2026-07-12 23:12:52",10.2,0.7169,3.91213,8.1212,0.315035,-0.094826,0.57463,0.10821,0.31716,200,sp,27,268,0.78424243,-0.09658485,10,1,100,random
3053,IR,3,"2026-07-12 23:12:57",15.1,0.721167,3.98782,7.8788,0.315631,-0.100334,0.55,0.12308,0.32692,200,sp,27,260,0.79181818,-0.09998485,10,1,100,random
3054,IR,4,"2026-07-12 23:13:02",19.9,0.726324,4.0534,7.7879,0.330446,-0.10658,0.54086,0.12451,0.33463,200,sp,27,257,0.80166666,-0.10660909,10,1,100,random
3055,IR,5,"2026-07-12 23:13:07",24.7,0.728758,4.06898,7.697,0.330552,-0.091162,0.54331,0.12205,0.33465,200,sp,27,254,0.79454546,-0.09289394,10,1,100,random
3056,IR,6,"2026-07-12 23:13:12",29.6,0.733345,4.10094,7.6667,0.345113,-0.10403,0.53755,0.13834,0.32411,200,sp,27,253,0.80787879,-0.10349394,10,1,100,random
3057,IR,7,"2026-07-12 23:13:18",36.2,0.737767,4.17377,7.6667,0.37147,-0.099665,0.52964,0.14625,0.32411,200,sp,27,253,0.80954546,-0.10005152,10,1,100,random
3058,IR,8,"2026-07-12 23:13:25",42.7,0.741433,4.22715,7.5758,0.380816,-0.108103,0.516,0.144,0.34,200,sp,27,250,0.82045455,-0.1094,10,1,100,random
3059,IR,9,"2026-07-12 23:13:31",49.4,0.744539,4.28062,7.4242,0.366335,-0.096107,0.50612,0.16327,0.33061,200,sp,27,245,0.815,-0.09741212,10,1,100,random
3060,IR,10,"2026-07-12 23:13:38",56.1,0.746594,4.32036,7.2424,0.390296,-0.091536,0.48954,0.159,0.35146,200,sp,27,239,0.81469697,-0.09353333,10,1,100,random
3061,IR,11,"2026-07-12 23:13:45",62.9,0.7495,4.35416,7.2424,0.372622,-0.09943,0.50209,0.16318,0.33473,200,sp,27,239,0.82303031,-0.10114242,10,1,100,random
3062,IR,12,"2026-07-12 23:13:52",69.8,0.751073,4.38115,7.2121,0.404838,-0.087308,0.5,0.15126,0.34874,200,sp,27,238,0.81651516,-0.09024545,10,1,100,random
3063,IR,13,"2026-07-12 23:13:59",76.7,0.753415,4.44263,7.1515,0.404212,-0.09837,0.47881,0.17373,0.34746,200,sp,27,236,0.82681818,-0.09850606,10,1,100,random
3064,IR,14,"2026-07-12 23:14:05",83.4,0.756164,4.49542,7.0606,0.400781,-0.10064,0.46781,0.19313,0.33906,200,sp,27,233,0.83136364,-0.10245151,10,1,100,random
3065,IR,15,"2026-07-12 23:14:12",90.1,0.757839,4.5317,7.0606,0.432017,-0.102791,0.45923,0.20601,0.33476,200,sp,27,233,0.83545455,-0.10437273,10,1,100,random
3066,IR,16,"2026-07-12 23:14:19",96.8,0.757882,4.52851,7.0303,0.432729,-0.100031,0.46983,0.1681,0.36207,200,sp,27,232,0.83454545,-0.10365455,10,1,100,random
3067,IR,17,"2026-07-12 23:14:25",103.4,0.759294,4.54048,7,0.410606,-0.091078,0.45887,0.19048,0.35065,200,sp,27,231,0.82818182,-0.09276667,10,1,100,random
3068,IR,18,"2026-07-12 23:14:32",110.1,0.761585,4.57927,6.9697,0.435495,-0.087194,0.46522,0.17391,0.36087,200,sp,27,230,0.82727273,-0.08925152,10,1,100,random
3069,IR,19,"2026-07-12 23:14:39",116.8,0.7617,4.56854,6.9394,0.421955,-0.094615,0.45415,0.19214,0.35371,200,sp,27,229,0.83439394,-0.09790606,10,1,100,random
3070,IR,20,"2026-07-12 23:14:46",123.6,0.762982,4.58824,6.9394,0.434598,-0.088436,0.44541,0.20961,0.34498,200,sp,27,229,0.83015151,-0.08990606,10,1,100,random
3071,AGR,1,"2026-07-12 23:14:57",7.7,0.725524,4.13132,8.3939,0.344777,0.064024,0.56679,0.11191,0.3213,200,sp,27,277,0.67363637,0.07334545,10,1,100,random
3072,AGR,2,"2026-07-12 23:15:04",15.1,0.742842,4.44108,8.3333,0.363467,0.047468,0.53818,0.13818,0.32364,200,sp,27,275,0.70090909,0.05667576,10,1,100,random
3073,AGR,3,"2026-07-12 23:15:12",22.5,0.756685,4.73906,8.2424,0.399712,0.042544,0.51103,0.14338,0.34559,200,sp,27,272,0.71893939,0.05132424,10,1,100,random
3074,AGR,4,"2026-07-12 23:15:19",29.8,0.770552,5.04964,8.2121,0.415362,0.041734,0.49077,0.16605,0.34317,200,sp,27,271,0.7330303,0.05050909,10,1,100,random
3075,AGR,5,"2026-07-12 23:15:27",37.3,0.78147,5.32553,8.1818,0.466208,0.04434,0.45926,0.20741,0.33333,200,sp,27,270,0.74272728,0.05076061,10,1,100,random
3076,AGR,6,"2026-07-12 23:15:34",44.8,0.792479,5.61657,8.1818,0.52515,0.03336,0.42222,0.25185,0.32593,200,sp,27,270,0.76181818,0.04080909,10,1,100,random
3077,AGR,7,"2026-07-12 23:15:43",54,0.802097,5.89718,8.1818,0.567541,0.043571,0.38148,0.3,0.31852,200,sp,27,270,0.76378788,0.04916364,10,1,100,random
3078,AGR,8,"2026-07-12 23:15:52",63.1,0.810833,6.15854,8.1818,0.60908,0.044577,0.36296,0.31481,0.32222,200,sp,27,270,0.77166667,0.04927879,10,1,100,random
3079,AGR,9,"2026-07-12 23:16:02",72.3,0.818815,6.38798,8.1818,0.637076,0.03665,0.33333,0.32963,0.33704,200,sp,27,270,0.78590909,0.04136364,10,1,100,random
3080,AGR,10,"2026-07-12 23:16:11",81.7,0.827306,6.66751,8.1212,0.651978,0.027468,0.3097,0.3806,0.3097,200,sp,27,268,0.80166667,0.03167273,10,1,100,random
3081,AGR,11,"2026-07-12 23:16:21",91.2,0.834715,6.94376,8.1212,0.750555,0.027128,0.26866,0.44403,0.28731,200,sp,27,268,0.80954546,0.03166364,10,1,100,random
3082,AGR,12,"2026-07-12 23:16:30",100.6,0.840152,7.14886,8.1212,0.79947,0.036169,0.22761,0.51866,0.25373,200,sp,27,268,0.80818182,0.03966667,10,1,100,random
3083,AGR,13,"2026-07-12 23:16:39",109.8,0.844618,7.33375,8.1212,0.890597,0.032807,0.19776,0.57836,0.22388,200,sp,27,268,0.81560606,0.03574848,10,1,100,random
3084,AGR,14,"2026-07-12 23:16:48",119.1,0.848242,7.48247,8.1212,0.988501,0.044,0.16418,0.65672,0.1791,200,sp,27,268,0.81015152,0.04584242,10,1,100,random
3085,AGR,15,"2026-07-12 23:16:58",128.4,0.851339,7.61983,8.1212,1.10764,0.044373,0.15299,0.69403,0.15299,200,sp,27,268,0.81287878,0.04612424,10,1,100,random
3086,AGR,16,"2026-07-12 23:17:07",137.7,0.853709,7.73953,8.1212,1.28691,0.040232,0.10075,0.78731,0.11194,200,sp,27,268,0.81909091,0.04173636,10,1,100,random
3087,AGR,17,"2026-07-12 23:17:16",147,0.856255,7.8515,8.1212,1.36701,0.040103,0.07463,0.85448,0.0709,200,sp,27,268,0.82151515,0.04189697,10,1,100,random
3088,AGR,18,"2026-07-12 23:17:26",156.5,0.857706,7.93264,8.1212,1.546,0.04689,0.04851,0.91791,0.03358,200,sp,27,268,0.81757576,0.04799697,10,1,100,random
3089,AGR,19,"2026-07-12 23:17:35",165.9,0.85857,7.98686,8.1212,1.93585,0.039349,0.01866,0.95896,0.02239,200,sp,27,268,0.82515152,0.03999697,10,1,100,random
3090,AGR,20,"2026-07-12 23:17:44",175.1,0.858849,7.99555,8.1212,1.42432,0.05667,0.02239,0.95896,0.01866,200,sp,27,268,0.81075758,0.05838182,10,1,100,random
3091,RANDOM,1,"2026-07-12 23:17:53",4.8,0.708467,3.86273,8.1818,0.303988,0.003519,0.58519,0.1,0.31481,200,sp,27,270,0.70803031,0.00002424,10,1,100,random
3092,RANDOM,2,"2026-07-12 23:17:57",9.1,0.710561,3.89015,8.0303,0.313277,0.001968,0.57358,0.12075,0.30566,200,sp,27,265,0.70909091,0.00171212,10,1,100,random
3093,RANDOM,3,"2026-07-12 23:18:02",13.5,0.7111,3.90743,7.9091,0.335076,0.008872,0.57471,0.11494,0.31034,200,sp,27,261,0.70560606,0.00881818,10,1,100,random
3094,RANDOM,4,"2026-07-12 23:18:06",17.9,0.710821,3.89957,7.7576,0.34069,0.006523,0.54688,0.14453,0.30859,200,sp,27,256,0.70712121,0.00537879,10,1,100,random
3095,RANDOM,5,"2026-07-12 23:18:10",22.3,0.71223,3.91053,7.5758,0.348269,0.000808,0.548,0.132,0.32,200,sp,27,250,0.7119697,-0.00194242,10,1,100,random
3096,RANDOM,6,"2026-07-12 23:18:15",26.9,0.711024,3.90917,7.5152,0.345267,0.011664,0.55645,0.12903,0.31452,200,sp,27,248,0.70409091,0.00939697,10,1,100,random
3097,RANDOM,7,"2026-07-12 23:18:21",33.1,0.710033,3.87556,7.4242,0.358462,-0.005981,0.54694,0.13061,0.32245,200,sp,27,245,0.71575757,-0.00887576,10,1,100,random
3098,RANDOM,8,"2026-07-12 23:18:27",39.2,0.709161,3.85195,7.3939,0.347163,-0.00057,0.54918,0.14344,0.30738,200,sp,27,244,0.71075758,-0.00219394,10,1,100,random
3099,RANDOM,9,"2026-07-12 23:18:33",45.5,0.707624,3.87192,7.3939,0.386782,-0.002303,0.54508,0.13934,0.31557,200,sp,27,244,0.71106061,-0.00501515,10,1,100,random
3100,RANDOM,10,"2026-07-12 23:18:40",51.8,0.7049,3.84608,7.3333,0.370961,-0.002246,0.54132,0.14463,0.31405,200,sp,27,242,0.70878788,-0.00611515,10,1,100,random
3101,RANDOM,11,"2026-07-12 23:18:46",58.2,0.706582,3.83695,7.2424,0.378377,-0.001073,0.53556,0.13808,0.32636,200,sp,27,239,0.70742424,-0.00159697,10,1,100,random
3102,RANDOM,12,"2026-07-12 23:18:53",64.7,0.704133,3.81067,7.1818,0.357855,0.009364,0.5443,0.13502,0.32068,200,sp,27,237,0.69969697,0.00484545,10,1,100,random
3103,RANDOM,13,"2026-07-12 23:18:59",71,0.704485,3.80529,7.1515,0.372441,-0.005878,0.54237,0.12712,0.33051,200,sp,27,236,0.70909091,-0.00440909,10,1,100,random
3104,RANDOM,14,"2026-07-12 23:19:05",77.3,0.702233,3.7926,7.0606,0.354927,-0.016119,0.5279,0.15021,0.32189,200,sp,27,233,0.71545455,-0.01950606,10,1,100,random
3105,RANDOM,15,"2026-07-12 23:19:12",83.7,0.700845,3.79308,6.9697,0.367091,0.00377,0.51739,0.15217,0.33043,200,sp,27,230,0.69984848,0.00230303,10,1,100,random
3106,RANDOM,16,"2026-07-12 23:19:18",90,0.700812,3.79322,6.8788,0.359905,-0.005569,0.51982,0.14978,0.3304,200,sp,27,227,0.70575757,-0.0061303,10,1,100,random
3107,RANDOM,17,"2026-07-12 23:19:24",96.4,0.701212,3.78389,6.8788,0.363281,0.018629,0.51542,0.15419,0.3304,200,sp,27,227,0.6889394,0.02088182,10,1,100,random
3108,RANDOM,18,"2026-07-12 23:19:31",102.7,0.700339,3.75973,6.8485,0.355436,-0.004319,0.52212,0.14602,0.33186,200,sp,27,226,0.70454545,-0.007,10,1,100,random
3109,RANDOM,19,"2026-07-12 23:19:37",109,0.701812,3.76225,6.7576,0.361372,-0.004372,0.52915,0.14798,0.32287,200,sp,27,223,0.705,-0.00303636,10,1,100,random
3110,RANDOM,20,"2026-07-12 23:19:43",115.4,0.704503,3.79953,6.7576,0.399045,-0.009875,0.53363,0.13901,0.32735,200,sp,27,223,0.71106061,-0.00964545,10,1,100,random
3111,OI,1,"2026-07-13 02:37:56",4.9,0.72217,4.08197,8.1515,0.364748,-0.006618,0.56134,0.11524,0.32342,200,sp,28,269,0.71742424,0.00555758,10,1,100,random
3112,OI,2,"2026-07-13 02:38:00",9.4,0.741548,4.38727,8.0606,0.39827,-0.008703,0.53383,0.15414,0.31203,200,sp,28,266,0.73984848,0.00282121,10,1,100,random
3113,OI,3,"2026-07-13 02:38:05",13.9,0.758336,4.71966,7.9697,0.48068,-0.014448,0.46008,0.21673,0.32319,200,sp,28,263,0.76227272,-0.00494242,10,1,100,random
3114,OI,4,"2026-07-13 02:38:10",18.5,0.774745,5.05296,7.8788,0.49761,-0.008281,0.41923,0.25769,0.32308,200,sp,28,260,0.77454546,0.00062727,10,1,100,random
3115,OI,5,"2026-07-13 02:38:14",23.1,0.789052,5.34786,7.8788,0.536082,-0.00962,0.39231,0.31154,0.29615,200,sp,28,260,0.79060606,-0.00190606,10,1,100,random
3116,OI,6,"2026-07-13 02:38:19",27.7,0.802488,5.70872,7.8788,0.617775,-0.003647,0.35385,0.32308,0.32308,200,sp,28,260,0.80030303,0.00231818,10,1,100,random
3117,OI,7,"2026-07-13 02:38:25",33.8,0.812588,5.98981,7.8788,0.62678,-0.006906,0.31538,0.37308,0.31154,200,sp,28,260,0.81439394,-0.00183939,10,1,100,random
3118,OI,8,"2026-07-13 02:38:31",40,0.820924,6.24101,7.8788,0.669238,0.00383,0.28462,0.40385,0.31154,200,sp,28,260,0.81484848,0.00775758,10,1,100,random
3119,OI,9,"2026-07-13 02:38:37",46.4,0.828633,6.46191,7.8485,0.697201,-0.003607,0.23552,0.49807,0.26641,200,sp,28,259,0.82909091,-0.00008182,10,1,100,random
3120,OI,10,"2026-07-13 02:38:44",52.8,0.835473,6.69292,7.8485,0.829191,-0.004986,0.23938,0.51351,0.2471,200,sp,28,259,0.83757576,-0.00195152,10,1,100,random
3121,OI,11,"2026-07-13 02:38:50",59.1,0.841376,6.90395,7.8485,0.950025,-0.000087,0.20077,0.59073,0.20849,200,sp,28,259,0.83969697,0.00242121,10,1,100,random
3122,OI,12,"2026-07-13 02:38:57",65.6,0.845551,7.07823,7.8182,1.08137,-0.013741,0.16279,0.68217,0.15504,200,sp,28,258,0.85621212,-0.0130303,10,1,100,random
3123,OI,13,"2026-07-13 02:39:03",72,0.848964,7.23647,7.8182,1.23064,-0.008007,0.15504,0.72481,0.12016,200,sp,28,258,0.85530303,-0.00733636,10,1,100,random
3124,OI,14,"2026-07-13 02:39:09",78.3,0.852342,7.38184,7.7879,1.66122,-0.010686,0.11284,0.79767,0.08949,200,sp,28,257,0.86090909,-0.00982424,10,1,100,random
3125,OI,15,"2026-07-13 02:39:16",84.7,0.854076,7.48027,7.7879,1.76674,-0.007002,0.08171,0.83268,0.0856,200,sp,28,257,0.86030303,-0.00739394,10,1,100,random
3126,OI,16,"2026-07-13 02:39:22",91,0.8551,7.54945,7.7879,1.71106,-0.013591,0.06226,0.8716,0.06615,200,sp,28,257,0.86727273,-0.01422121,10,1,100,random
3127,OI,17,"2026-07-13 02:39:29",97.4,0.855685,7.59516,7.7879,1.90442,-0.006818,0.05447,0.90661,0.03891,200,sp,28,257,0.86227273,-0.00816061,10,1,100,random
3128,OI,18,"2026-07-13 02:39:35",103.8,0.855739,7.59605,7.7879,2.49728,-0.003544,0.05837,0.87938,0.06226,200,sp,28,257,0.85969697,-0.00403636,10,1,100,random
3129,OI,19,"2026-07-13 02:39:41",110.1,0.856264,7.61843,7.7879,1.99014,-0.001117,0.0428,0.92218,0.03502,200,sp,28,257,0.85818181,-0.00216061,10,1,100,random
3130,OI,20,"2026-07-13 02:39:48",116.5,0.855691,7.60562,7.7879,2.62336,0.00813,0.03113,0.91051,0.05837,200,sp,28,257,0.85,0.00675758,10,1,100,random
3131,IR,1,"2026-07-13 02:39:57",5,0.703309,3.79729,8.1515,0.314112,-0.095578,0.58736,0.09294,0.3197,200,sp,28,269,0.77,-0.09750606,10,1,100,random
3132,IR,2,"2026-07-13 02:40:02",9.7,0.712527,3.87797,8.0909,0.311637,-0.098646,0.58427,0.09738,0.31835,200,sp,28,267,0.77878788,-0.09729394,10,1,100,random
3133,IR,3,"2026-07-13 02:40:08",15.1,0.720382,3.97718,8.0303,0.327881,-0.101119,0.57358,0.08302,0.3434,200,sp,28,265,0.78984848,-0.09843939,10,1,100,random
3134,IR,4,"2026-07-13 02:40:14",21.8,0.725303,4.01715,7.8485,0.295502,-0.103261,0.56371,0.11197,0.32432,200,sp,28,259,0.79818182,-0.10300909,10,1,100,random
3135,IR,5,"2026-07-13 02:40:20",27.5,0.730036,4.07458,7.7273,0.34902,-0.110775,0.55294,0.1098,0.33725,200,sp,28,255,0.80909091,-0.11055454,10,1,100,random
3136,IR,6,"2026-07-13 02:40:26",33.7,0.734088,4.11425,7.7273,0.337527,-0.087136,0.5451,0.12549,0.32941,200,sp,28,255,0.79666666,-0.08770303,10,1,100,random
3137,IR,7,"2026-07-13 02:40:34",41.8,0.738142,4.17577,7.6364,0.363107,-0.09876,0.53571,0.13492,0.32937,200,sp,28,252,0.80969697,-0.09995152,10,1,100,random
3138,IR,8,"2026-07-13 02:40:42",49.5,0.739445,4.18722,7.6364,0.358895,-0.09631,0.53571,0.14286,0.32143,200,sp,28,252,0.81060606,-0.09849091,10,1,100,random
3139,IR,9,"2026-07-13 02:40:50",57.2,0.743715,4.25756,7.5455,0.385399,-0.099998,0.53012,0.14056,0.32932,200,sp,28,249,0.81651515,-0.1006,10,1,100,random
3140,IR,10,"2026-07-13 02:40:57",64.9,0.746958,4.29785,7.5152,0.380848,-0.103418,0.54032,0.125,0.33468,200,sp,28,248,0.82318182,-0.10534242,10,1,100,random
3141,IR,11,"2026-07-13 02:41:05",72.4,0.750518,4.34025,7.4848,0.389188,-0.103732,0.53036,0.12955,0.34008,200,sp,28,247,0.82681818,-0.10489394,10,1,100,random
3142,IR,12,"2026-07-13 02:41:13",80.3,0.753555,4.37484,7.4545,0.389031,-0.101154,0.52439,0.14228,0.33333,200,sp,28,246,0.82878787,-0.10208788,10,1,100,random
3143,IR,13,"2026-07-13 02:41:20",87.1,0.755221,4.39331,7.4545,0.405071,-0.093454,0.50813,0.1626,0.32927,200,sp,28,246,0.82545455,-0.09577879,10,1,100,random
3144,IR,14,"2026-07-13 02:41:26",93.9,0.755812,4.38775,7.4242,0.404816,-0.085706,0.51837,0.15102,0.33061,200,sp,28,245,0.82075757,-0.08792727,10,1,100,random
3145,IR,15,"2026-07-13 02:41:33",100.6,0.757412,4.39843,7.4242,0.417934,-0.093369,0.51837,0.15102,0.33061,200,sp,28,245,0.8280303,-0.09574849,10,1,100,random
3146,IR,16,"2026-07-13 02:41:40",107.5,0.760382,4.45228,7.3939,0.419205,-0.090799,0.51639,0.15164,0.33197,200,sp,28,244,0.82848485,-0.09196061,10,1,100,random
3147,IR,17,"2026-07-13 02:41:47",114.4,0.761494,4.45976,7.3636,0.417097,-0.094466,0.51029,0.14815,0.34156,200,sp,28,243,0.83348485,-0.0972697,10,1,100,random
3148,IR,18,"2026-07-13 02:41:54",121.7,0.763555,4.50017,7.303,0.409327,-0.095835,0.47718,0.18672,0.3361,200,sp,28,241,0.83621212,-0.09682121,10,1,100,random
3149,IR,19,"2026-07-13 02:42:01",128.6,0.767406,4.58565,7.2727,0.420945,-0.097191,0.4625,0.20833,0.32917,200,sp,28,240,0.84045455,-0.09639697,10,1,100,random
3150,IR,20,"2026-07-13 02:42:08",135.5,0.768255,4.58071,7.2727,0.432291,-0.085486,0.4875,0.175,0.3375,200,sp,28,240,0.83409091,-0.08741818,10,1,100,random
3151,AGR,1,"2026-07-13 02:42:20",7.8,0.718336,4.0463,8.1818,0.349515,0.047459,0.56667,0.10741,0.32593,200,sp,28,270,0.67757576,0.05627576,10,1,100,random
3152,AGR,2,"2026-07-13 02:42:28",15,0.737255,4.34058,8.1212,0.359722,0.028645,0.54104,0.13806,0.3209,200,sp,28,268,0.70863636,0.03834545,10,1,100,random
3153,AGR,3,"2026-07-13 02:42:35",22.4,0.750542,4.61095,8.0606,0.395703,0.040507,0.51128,0.14662,0.34211,200,sp,28,266,0.71545455,0.0482303,10,1,100,random
3154,AGR,4,"2026-07-13 02:42:43",29.9,0.762385,4.86582,8.0606,0.394259,0.036579,0.49248,0.17669,0.33083,200,sp,28,266,0.72984849,0.04472424,10,1,100,random
3155,AGR,5,"2026-07-13 02:42:50",37.5,0.775194,5.17269,8.0606,0.456575,0.048868,0.46241,0.20301,0.33459,200,sp,28,266,0.73227272,0.05689394,10,1,100,random
3156,AGR,6,"2026-07-13 02:42:58",45,0.789555,5.54042,8,0.495722,0.045032,0.40152,0.25379,0.3447,200,sp,28,264,0.74833333,0.05386667,10,1,100,random
3157,AGR,7,"2026-07-13 02:43:07",54.2,0.800452,5.8157,8,0.511952,0.03598,0.375,0.27652,0.34848,200,sp,28,264,0.76757576,0.04199394,10,1,100,random
3158,AGR,8,"2026-07-13 02:43:16",63.3,0.808333,6.04364,7.9697,0.545396,0.038215,0.35361,0.29658,0.34981,200,sp,28,263,0.77469697,0.04259394,10,1,100,random
3159,AGR,9,"2026-07-13 02:43:25",72.8,0.818018,6.3575,7.9697,0.603429,0.048295,0.31179,0.35361,0.3346,200,sp,28,263,0.77515151,0.05426364,10,1,100,random
3160,AGR,10,"2026-07-13 02:43:35",82.3,0.825209,6.60071,7.9697,0.636538,0.042096,0.27757,0.40684,0.31559,200,sp,28,263,0.7880303,0.04666667,10,1,100,random
3161,AGR,11,"2026-07-13 02:43:44",91.9,0.832348,6.80642,7.9697,0.703753,0.039234,0.24715,0.4943,0.25856,200,sp,28,263,0.79727273,0.04270303,10,1,100,random
3162,AGR,12,"2026-07-13 02:43:54",101.5,0.838161,6.99795,7.9697,0.839826,0.046223,0.22053,0.53232,0.24715,200,sp,28,263,0.79757576,0.04923636,10,1,100,random
3163,AGR,13,"2026-07-13 02:44:04",111.1,0.843494,7.17679,7.9697,0.875152,0.04058,0.18631,0.57795,0.23574,200,sp,28,263,0.80757576,0.04346364,10,1,100,random
3164,AGR,14,"2026-07-13 02:44:13",120.7,0.847888,7.35166,7.9697,0.921082,0.03325,0.15209,0.67681,0.1711,200,sp,28,263,0.81848485,0.03528485,10,1,100,random
3165,AGR,15,"2026-07-13 02:44:23",130.9,0.851518,7.47652,7.9697,1.09186,0.04065,0.12928,0.72243,0.14829,200,sp,28,263,0.8160606,0.04228485,10,1,100,random
3166,AGR,16,"2026-07-13 02:44:34",141.7,0.854061,7.61152,7.9697,1.18748,0.032264,0.10646,0.79468,0.09886,200,sp,28,263,0.82606061,0.03304848,10,1,100,random
3167,AGR,17,"2026-07-13 02:44:46",153.6,0.856073,7.69909,7.9697,1.37781,0.045333,0.08745,0.84411,0.06844,200,sp,28,263,0.81727272,0.04631818,10,1,100,random
3168,AGR,18,"2026-07-13 02:44:57",164.3,0.857424,7.75271,7.9697,1.69853,0.044823,0.05323,0.88593,0.06084,200,sp,28,263,0.81924243,0.04506061,10,1,100,random
3169,AGR,19,"2026-07-13 02:45:06",173.3,0.858539,7.79345,7.9697,1.37617,0.036917,0.04183,0.91635,0.04183,200,sp,28,263,0.82727273,0.03708182,10,1,100,random
3170,AGR,20,"2026-07-13 02:45:15",182.3,0.859545,7.83675,7.9697,1.7657,0.036837,0.02662,0.94677,0.02662,200,sp,28,263,0.82818182,0.03735152,10,1,100,random
3171,RANDOM,1,"2026-07-13 02:45:24",5.2,0.701288,3.76828,8.0606,0.310815,-0.014418,0.57519,0.11654,0.30827,200,sp,28,266,0.71181818,-0.01579697,10,1,100,random
3172,RANDOM,2,"2026-07-13 02:45:29",9.6,0.700524,3.77194,7.8485,0.316159,-0.000779,0.57143,0.12355,0.30502,200,sp,28,259,0.70272727,-0.00451212,10,1,100,random
3173,RANDOM,3,"2026-07-13 02:45:33",14,0.699512,3.76086,7.7273,0.326924,0.002509,0.56471,0.14118,0.29412,200,sp,28,255,0.69893939,0.00025455,10,1,100,random
3174,RANDOM,4,"2026-07-13 02:45:37",18.5,0.697679,3.76327,7.4545,0.346779,0.001719,0.55691,0.13008,0.31301,200,sp,28,246,0.69848485,-0.00134848,10,1,100,random
3175,RANDOM,5,"2026-07-13 02:45:42",22.8,0.698645,3.76825,7.4242,0.337929,-0.013467,0.56327,0.13061,0.30612,200,sp,28,245,0.70863636,-0.01548485,10,1,100,random
3176,RANDOM,6,"2026-07-13 02:45:46",27.2,0.701248,3.80868,7.3636,0.354737,-0.00889,0.53909,0.13169,0.32922,200,sp,28,243,0.70696969,-0.00769394,10,1,100,random
3177,RANDOM,7,"2026-07-13 02:45:52",33.2,0.704791,3.86118,7.303,0.312071,-0.009947,0.53527,0.13278,0.33195,200,sp,28,241,0.71090909,-0.00710606,10,1,100,random
3178,RANDOM,8,"2026-07-13 02:45:58",39.2,0.703782,3.86489,7.303,0.313093,-0.005094,0.53942,0.13693,0.32365,200,sp,28,241,0.7089394,-0.00705152,10,1,100,random
3179,RANDOM,9,"2026-07-13 02:46:04",45.5,0.701688,3.84474,7.2424,0.323369,-0.015198,0.53975,0.13808,0.32218,200,sp,28,239,0.71424242,-0.01865758,10,1,100,random
3180,RANDOM,10,"2026-07-13 02:46:11",51.8,0.702858,3.86392,7.1818,0.338488,0.003535,0.5443,0.13924,0.31646,200,sp,28,237,0.70060606,0.00338788,10,1,100,random
3181,RANDOM,11,"2026-07-13 02:46:17",58,0.702318,3.84972,7.0909,0.347008,-0.005892,0.53846,0.15385,0.30769,200,sp,28,234,0.70772727,-0.0072697,10,1,100,random
3182,RANDOM,12,"2026-07-13 02:46:23",64.2,0.704306,3.85598,7,0.370177,-0.011168,0.52381,0.16883,0.30736,200,sp,28,231,0.7119697,-0.01198788,10,1,100,random
3183,RANDOM,13,"2026-07-13 02:46:30",70.5,0.701358,3.82078,7,0.365908,0.002781,0.53247,0.15584,0.31169,200,sp,28,231,0.70166667,-0.00069394,10,1,100,random
3184,RANDOM,14,"2026-07-13 02:46:36",76.7,0.702721,3.81713,6.9697,0.363962,-0.011145,0.53478,0.14783,0.31739,200,sp,28,230,0.71075757,-0.01071515,10,1,100,random
3185,RANDOM,15,"2026-07-13 02:46:42",82.9,0.698564,3.7617,6.9394,0.346442,0.000099,0.54148,0.15721,0.30131,200,sp,28,229,0.70181818,-0.00494242,10,1,100,random
3186,RANDOM,16,"2026-07-13 02:46:48",89.2,0.700973,3.79202,6.9394,0.383467,-0.011823,0.53712,0.13974,0.32314,200,sp,28,229,0.70878788,-0.00954848,10,1,100,random
3187,RANDOM,17,"2026-07-13 02:46:55",95.6,0.703306,3.84541,6.9091,0.35907,-0.006499,0.52193,0.16228,0.31579,200,sp,28,228,0.70772727,-0.00579394,10,1,100,random
3188,RANDOM,18,"2026-07-13 02:47:01",101.9,0.701273,3.83254,6.8788,0.371895,-0.00629,0.52863,0.17181,0.29956,200,sp,28,227,0.70757576,-0.01153636,10,1,100,random
3189,RANDOM,19,"2026-07-13 02:47:07",108.1,0.701464,3.83928,6.8485,0.405253,-0.009376,0.52212,0.17257,0.30531,200,sp,28,226,0.70878788,-0.01231515,10,1,100,random
3190,RANDOM,20,"2026-07-13 02:47:13",114.4,0.70083,3.84096,6.8182,0.410963,-0.005906,0.52444,0.18667,0.28889,200,sp,28,225,0.70621212,-0.00660606,10,1,100,random
3191,OI,1,"2026-07-13 02:53:33",4.7,0.730291,4.17795,8.3939,0.367524,-0.005277,0.56318,0.12635,0.31047,200,sp,29,277,0.72575758,0.0081697,10,1,100,random
3192,OI,2,"2026-07-13 02:53:38",9,0.750921,4.52131,8.3333,0.420916,-0.027157,0.52364,0.13818,0.33818,200,sp,29,275,0.76242424,-0.01590606,10,1,100,random
3193,OI,3,"2026-07-13 02:53:42",13.3,0.768088,4.84571,8.303,0.436965,-0.006374,0.4781,0.18613,0.33577,200,sp,29,274,0.76575758,0.00210303,10,1,100,random
3194,OI,4,"2026-07-13 02:53:46",17.6,0.785133,5.19752,8.2121,0.488575,-0.012319,0.42066,0.2583,0.32103,200,sp,29,271,0.78757576,-0.00367273,10,1,100,random
3195,OI,5,"2026-07-13 02:53:51",22,0.798097,5.54515,8.1212,0.557618,-0.020181,0.39179,0.30224,0.30597,200,sp,29,268,0.80878788,-0.01285455,10,1,100,random
3196,OI,6,"2026-07-13 02:53:55",26.3,0.811676,5.92166,8.1212,0.644514,-0.013533,0.34328,0.35448,0.30224,200,sp,29,268,0.81727273,-0.00740303,10,1,100,random
3197,OI,7,"2026-07-13 02:54:01",32.2,0.823294,6.27925,8.1212,0.689817,-0.014881,0.31343,0.38806,0.29851,200,sp,29,268,0.8310606,-0.00867273,10,1,100,random
3198,OI,8,"2026-07-13 02:54:07",38.1,0.832179,6.58346,8.1212,0.743851,-0.004253,0.26493,0.47388,0.26119,200,sp,29,268,0.83257576,-0.00090606,10,1,100,random
3199,OI,9,"2026-07-13 02:54:13",44.3,0.838948,6.85189,8.0909,0.838596,-0.009739,0.25094,0.50936,0.2397,200,sp,29,267,0.84484849,-0.00712424,10,1,100,random
3200,OI,10,"2026-07-13 02:54:19",50.5,0.844694,7.10584,8.0909,0.913253,-0.014127,0.21348,0.55056,0.23596,200,sp,29,267,0.855,-0.01229697,10,1,100,random
3201,OI,11,"2026-07-13 02:54:25",56.7,0.848594,7.28438,8.0909,0.982111,-0.001981,0.17228,0.62172,0.20599,200,sp,29,267,0.84969697,-0.00196667,10,1,100,random
3202,OI,12,"2026-07-13 02:54:32",62.9,0.85243,7.46268,8.0909,1.03253,-0.013822,0.13483,0.7191,0.14607,200,sp,29,267,0.86333334,-0.01362727,10,1,100,random
3203,OI,13,"2026-07-13 02:54:38",69.2,0.854588,7.59106,8.0909,1.28342,-0.011855,0.12734,0.76404,0.10861,200,sp,29,267,0.86484849,-0.01199394,10,1,100,random
3204,OI,14,"2026-07-13 02:54:44",75.3,0.856212,7.64589,8.0909,1.54124,-0.009206,0.10112,0.77154,0.12734,200,sp,29,267,0.86454546,-0.00957879,10,1,100,random
3205,OI,15,"2026-07-13 02:54:50",81.5,0.858091,7.72543,8.0909,1.29718,-0.003078,0.08614,0.81648,0.09738,200,sp,29,267,0.8610606,-0.00340303,10,1,100,random
3206,OI,16,"2026-07-13 02:54:56",87.7,0.859264,7.7896,8.0909,1.4338,0.000181,0.05243,0.87266,0.07491,200,sp,29,267,0.85954545,0.00011212,10,1,100,random
3207,OI,17,"2026-07-13 02:55:03",93.9,0.8597,7.82145,8.0909,1.40953,-0.003762,0.07865,0.85393,0.06742,200,sp,29,267,0.86363637,-0.00499091,10,1,100,random
3208,OI,18,"2026-07-13 02:55:09",100.2,0.860179,7.84331,8.0909,2.19258,-0.008003,0.05618,0.85768,0.08614,200,sp,29,267,0.8680303,-0.00951212,10,1,100,random
3209,OI,19,"2026-07-13 02:55:15",106.6,0.860503,7.89119,8.0909,1.61099,-0.004994,0.07116,0.8764,0.05243,200,sp,29,267,0.86575757,-0.00607879,10,1,100,random
3210,OI,20,"2026-07-13 02:55:22",113,0.860609,7.90964,8.0909,2.59363,-0.007969,0.05243,0.89888,0.04869,200,sp,29,267,0.86848485,-0.00956364,10,1,100,random
3211,IR,1,"2026-07-13 02:55:31",5.4,0.712973,3.91751,8.303,0.309585,-0.106255,0.59489,0.09489,0.31022,200,sp,29,274,0.7880303,-0.10950606,10,1,100,random
3212,IR,2,"2026-07-13 02:55:36",10.3,0.720339,4.00212,8.1515,0.328153,-0.095066,0.57993,0.09294,0.32714,200,sp,29,269,0.78590909,-0.09437576,10,1,100,random
3213,IR,3,"2026-07-13 02:55:41",15.3,0.723648,4.01392,8.0303,0.306796,-0.095997,0.56981,0.09434,0.33585,200,sp,29,265,0.79212121,-0.09710303,10,1,100,random
3214,IR,4,"2026-07-13 02:55:46",20.2,0.728282,4.0613,7.9697,0.309197,-0.10636,0.56654,0.09125,0.34221,200,sp,29,263,0.80409091,-0.10689394,10,1,100,random
3215,IR,5,"2026-07-13 02:55:51",25.1,0.731336,4.08683,7.9394,0.306039,-0.110654,0.56107,0.1145,0.32443,200,sp,29,262,0.81136364,-0.11212121,10,1,100,random
3216,IR,6,"2026-07-13 02:55:56",30.2,0.733491,4.12362,7.9091,0.342432,-0.101581,0.54023,0.13793,0.32184,200,sp,29,261,0.80757576,-0.10483939,10,1,100,random
3217,IR,7,"2026-07-13 02:56:03",36.9,0.736997,4.16976,7.8182,0.344641,-0.097958,0.53876,0.13566,0.32558,200,sp,29,258,0.8080303,-0.09917576,10,1,100,random
3218,IR,8,"2026-07-13 02:56:09",43.6,0.739979,4.20536,7.6667,0.350788,-0.098648,0.52569,0.1581,0.31621,200,sp,29,253,0.81212121,-0.09947576,10,1,100,random
3219,IR,9,"2026-07-13 02:56:16",50.4,0.74307,4.2542,7.5152,0.377737,-0.099787,0.52823,0.14516,0.32661,200,sp,29,248,0.81621212,-0.10080303,10,1,100,random
3220,IR,10,"2026-07-13 02:56:23",57.2,0.744942,4.30451,7.4848,0.387467,-0.085415,0.52227,0.15789,0.31984,200,sp,29,247,0.80833334,-0.08656061,10,1,100,random
3221,IR,11,"2026-07-13 02:56:30",64,0.745848,4.29927,7.4242,0.406035,-0.110851,0.52245,0.15918,0.31837,200,sp,29,245,0.82863636,-0.11532121,10,1,100,random
3222,IR,12,"2026-07-13 02:56:37",70.9,0.749218,4.35117,7.3939,0.439438,-0.097824,0.5,0.15984,0.34016,200,sp,29,244,0.82121212,-0.09976061,10,1,100,random
3223,IR,13,"2026-07-13 02:56:43",77.7,0.750452,4.37867,7.3636,0.389451,-0.099271,0.47737,0.18519,0.33745,200,sp,29,243,0.82484849,-0.10189697,10,1,100,random
3224,IR,14,"2026-07-13 02:56:50",84.5,0.751221,4.39017,7.3636,0.397331,-0.098701,0.47325,0.21399,0.31276,200,sp,29,243,0.82545454,-0.10239697,10,1,100,random
3225,IR,15,"2026-07-13 02:56:57",91.3,0.753882,4.42683,7.3636,0.438467,-0.093235,0.47737,0.19342,0.32922,200,sp,29,243,0.82333333,-0.0945,10,1,100,random
3226,IR,16,"2026-07-13 02:57:04",98.2,0.757615,4.47826,7.303,0.423404,-0.102307,0.46473,0.21162,0.32365,200,sp,29,241,0.83363637,-0.10310606,10,1,100,random
3227,IR,17,"2026-07-13 02:57:11",105.1,0.762097,4.57015,7.2121,0.45261,-0.100234,0.45798,0.21429,0.32773,200,sp,29,238,0.83666667,-0.10161818,10,1,100,random
3228,IR,18,"2026-07-13 02:57:18",112,0.764215,4.61324,7.2121,0.469233,-0.087232,0.44538,0.22269,0.33193,200,sp,29,238,0.83030304,-0.08964849,10,1,100,random
3229,IR,19,"2026-07-13 02:57:24",118.8,0.768048,4.69448,7.1818,0.462699,-0.097075,0.44304,0.23207,0.32489,200,sp,29,237,0.84121212,-0.09802424,10,1,100,random
3230,IR,20,"2026-07-13 02:57:31",125.7,0.7689,4.7106,7.1818,0.488203,-0.094753,0.43882,0.22363,0.33755,200,sp,29,237,0.84181818,-0.09659091,10,1,100,random
3231,AGR,1,"2026-07-13 02:57:42",7.5,0.726252,4.13468,8.3333,0.341279,0.041895,0.58182,0.10182,0.31636,200,sp,29,275,0.68984848,0.05025152,10,1,100,random
3232,AGR,2,"2026-07-13 02:57:50",14.8,0.744197,4.42785,8.2424,0.379842,0.035555,0.55515,0.12868,0.31618,200,sp,29,272,0.71060606,0.04725151,10,1,100,random
3233,AGR,3,"2026-07-13 02:57:57",22.1,0.759703,4.7577,8.2424,0.429543,0.038095,0.51838,0.14338,0.33824,200,sp,29,272,0.72454546,0.04642727,10,1,100,random
3234,AGR,4,"2026-07-13 02:58:04",29.3,0.774236,5.06882,8.2121,0.420936,0.038265,0.48708,0.18819,0.32472,200,sp,29,271,0.7390909,0.04752727,10,1,100,random
3235,AGR,5,"2026-07-13 02:58:12",36.7,0.787685,5.39278,8.2121,0.493932,0.050923,0.4428,0.21771,0.33948,200,sp,29,271,0.74242424,0.05968182,10,1,100,random
3236,AGR,6,"2026-07-13 02:58:19",44,0.798088,5.67395,8.2121,0.499895,0.049392,0.41328,0.24354,0.34317,200,sp,29,271,0.75484848,0.05603636,10,1,100,random
3237,AGR,7,"2026-07-13 02:58:28",52.9,0.80867,6.00843,8.1818,0.534345,0.04818,0.37778,0.27037,0.35185,200,sp,29,270,0.7659091,0.0535697,10,1,100,random
3238,AGR,8,"2026-07-13 02:58:37",61.9,0.818082,6.31327,8.1515,0.545028,0.034623,0.35688,0.28625,0.35688,200,sp,29,269,0.78636363,0.04009091,10,1,100,random
3239,AGR,9,"2026-07-13 02:58:46",71,0.824285,6.53032,8.1212,0.572913,0.053106,0.3209,0.34701,0.33209,200,sp,29,268,0.77848485,0.05700606,10,1,100,random
3240,AGR,10,"2026-07-13 02:58:55",80.3,0.831776,6.78034,8.1212,0.659932,0.039124,0.27612,0.40672,0.31716,200,sp,29,268,0.79681818,0.0433303,10,1,100,random
3241,AGR,11,"2026-07-13 02:59:04",89.4,0.837306,6.98946,8.1212,0.696568,0.045772,0.26493,0.46642,0.26866,200,sp,29,268,0.79727272,0.0492697,10,1,100,random
3242,AGR,12,"2026-07-13 02:59:14",98.6,0.843042,7.19915,8.1212,0.862298,0.035725,0.22761,0.54104,0.23134,200,sp,29,268,0.81106061,0.03896061,10,1,100,random
3243,AGR,13,"2026-07-13 02:59:23",107.8,0.847085,7.36229,8.1212,0.937334,0.039821,0.18284,0.61567,0.20149,200,sp,29,268,0.81242424,0.04220606,10,1,100,random
3244,AGR,14,"2026-07-13 02:59:32",117,0.850906,7.52295,8.1212,1.00416,0.039659,0.15672,0.66045,0.18284,200,sp,29,268,0.81621212,0.04196667,10,1,100,random
3245,AGR,15,"2026-07-13 02:59:41",126.3,0.85467,7.66404,8.1212,1.08503,0.044704,0.11567,0.76119,0.12313,200,sp,29,268,0.81560606,0.04695152,10,1,100,random
3246,AGR,16,"2026-07-13 02:59:50",135.5,0.857558,7.77321,8.1212,1.27337,0.040398,0.07836,0.8097,0.11194,200,sp,29,268,0.82257576,0.04179697,10,1,100,random
3247,AGR,17,"2026-07-13 03:00:00",144.6,0.859724,7.85295,8.1212,1.21224,0.058134,0.06716,0.87313,0.0597,200,sp,29,268,0.80954546,0.05886667,10,1,100,random
3248,AGR,18,"2026-07-13 03:00:10",154.8,0.861158,7.90245,8.1212,1.71494,0.048459,0.05597,0.88806,0.05597,200,sp,29,268,0.81969698,0.04948485,10,1,100,random
3249,AGR,19,"2026-07-13 03:00:19",164.3,0.862015,7.9495,8.1212,1.59331,0.053204,0.04478,0.91045,0.04478,200,sp,29,268,0.81651515,0.05430303,10,1,100,random
3250,AGR,20,"2026-07-13 03:00:29",173.6,0.862709,8.00122,8.1212,1.62649,0.042464,0.01866,0.97388,0.00746,200,sp,29,268,0.82651515,0.04312121,10,1,100,random
3251,RANDOM,1,"2026-07-13 03:00:38",5,0.70713,3.84128,8.3636,0.301016,0.001726,0.59783,0.09783,0.30435,200,sp,29,276,0.70833334,-0.00267879,10,1,100,random
3252,RANDOM,2,"2026-07-13 03:00:42",9.5,0.707382,3.85975,8.2424,0.315037,0.001467,0.59191,0.09191,0.31618,200,sp,29,272,0.7069697,0.00192727,10,1,100,random
3253,RANDOM,3,"2026-07-13 03:00:47",14,0.70537,3.83405,8.1515,0.302733,-0.010213,0.5948,0.09294,0.31227,200,sp,29,269,0.71469697,-0.01490909,10,1,100,random
3254,RANDOM,4,"2026-07-13 03:00:51",18.6,0.706461,3.84895,8.0303,0.322716,-0.008139,0.58113,0.09811,0.32075,200,sp,29,265,0.71287878,-0.00854242,10,1,100,random
3255,RANDOM,5,"2026-07-13 03:00:56",23.2,0.704136,3.81794,8,0.306134,0.002269,0.57576,0.11364,0.31061,200,sp,29,264,0.70454545,-0.00210909,10,1,100,random
3256,RANDOM,6,"2026-07-13 03:01:01",27.9,0.705388,3.83849,7.8182,0.316766,-0.002147,0.56202,0.12016,0.31783,200,sp,29,258,0.70727273,-0.00299091,10,1,100,random
3257,RANDOM,7,"2026-07-13 03:01:07",34.2,0.707097,3.85234,7.6667,0.321459,-0.001999,0.55731,0.13834,0.30435,200,sp,29,253,0.70848485,-0.00438485,10,1,100,random
3258,RANDOM,8,"2026-07-13 03:01:13",40.4,0.705715,3.8178,7.5758,0.350027,0.000857,0.54,0.16,0.3,200,sp,29,250,0.70636364,0.00049697,10,1,100,random
3259,RANDOM,9,"2026-07-13 03:01:20",46.7,0.704258,3.77502,7.5152,0.35378,0.002158,0.53226,0.15726,0.31048,200,sp,29,248,0.70409091,-0.00118182,10,1,100,random
3260,RANDOM,10,"2026-07-13 03:01:26",53.1,0.70017,3.74035,7.4545,0.318803,-0.000856,0.55285,0.15041,0.29675,200,sp,29,246,0.70363637,-0.00438788,10,1,100,random
3261,RANDOM,11,"2026-07-13 03:01:32",59.4,0.697961,3.74262,7.4545,0.353506,-0.001897,0.55691,0.15447,0.28862,200,sp,29,246,0.70136364,-0.00526364,10,1,100,random
3262,RANDOM,12,"2026-07-13 03:01:39",65.8,0.698864,3.7283,7.3939,0.367802,0.01041,0.54098,0.15984,0.29918,200,sp,29,244,0.69212121,0.01075151,10,1,100,random
3263,RANDOM,13,"2026-07-13 03:01:45",72.2,0.698309,3.73912,7.2727,0.354514,-0.006179,0.54167,0.15417,0.30417,200,sp,29,240,0.70363636,-0.00856061,10,1,100,random
3264,RANDOM,14,"2026-07-13 03:01:51",78.5,0.696424,3.69561,7.1818,0.343544,-0.008928,0.53165,0.16034,0.30802,200,sp,29,237,0.70469697,-0.01326061,10,1,100,random
3265,RANDOM,15,"2026-07-13 03:01:58",84.8,0.695236,3.699,7.1818,0.345394,0.001896,0.5443,0.16456,0.29114,200,sp,29,237,0.69545455,-0.00202121,10,1,100,random
3266,RANDOM,16,"2026-07-13 03:02:04",91.2,0.690739,3.66357,7.0909,0.366222,0.010233,0.53846,0.15812,0.30342,200,sp,29,234,0.68712122,0.00420606,10,1,100,random
3267,RANDOM,17,"2026-07-13 03:02:11",97.7,0.690345,3.66515,7.0909,0.350049,0.002174,0.54701,0.14957,0.30342,200,sp,29,234,0.69015151,0.00131818,10,1,100,random
3268,RANDOM,18,"2026-07-13 03:02:17",104.3,0.690615,3.66966,7.0303,0.353196,-0.002216,0.53879,0.1681,0.2931,200,sp,29,232,0.69257576,-0.00174545,10,1,100,random
3269,RANDOM,19,"2026-07-13 03:02:24",110.7,0.688703,3.64047,6.9091,0.369812,-0.004717,0.54386,0.16228,0.29386,200,sp,29,228,0.6939394,-0.00529697,10,1,100,random
3270,RANDOM,20,"2026-07-13 03:02:30",117.1,0.688573,3.6199,6.7879,0.403597,-0.021011,0.53571,0.16071,0.30357,200,sp,29,224,0.7039394,-0.02059697,10,1,100,random
3271,OI,1,"2026-07-13 03:29:48",5,0.727049,4.07973,8.2424,0.358068,-0.020579,0.5625,0.12868,0.30882,200,sp,30,272,0.73378788,-0.01047576,10,1,100,random
3272,OI,2,"2026-07-13 03:29:53",9.5,0.748779,4.39703,8.1818,0.421276,-0.015139,0.52222,0.14815,0.32963,200,sp,30,270,0.75075758,-0.00280909,10,1,100,random
3273,OI,3,"2026-07-13 03:29:57",14.2,0.766218,4.71514,8.1212,0.430999,-0.018663,0.47761,0.20149,0.3209,200,sp,30,268,0.77318182,-0.00868485,10,1,100,random
3274,OI,4,"2026-07-13 03:30:03",19.5,0.780845,5.04029,8.0909,0.503227,-0.019637,0.43071,0.26966,0.29963,200,sp,30,267,0.79015151,-0.01343636,10,1,100,random
3275,OI,5,"2026-07-13 03:30:08",24.7,0.794548,5.39223,8.0909,0.566919,-0.012027,0.38577,0.28839,0.32584,200,sp,30,267,0.79863637,-0.00591515,10,1,100,random
3276,OI,6,"2026-07-13 03:30:13",29.9,0.807418,5.74726,8.0606,0.574254,-0.012897,0.34586,0.33459,0.31955,200,sp,30,266,0.81272727,-0.00696061,10,1,100,random
3277,OI,7,"2026-07-13 03:30:19",36.3,0.815876,6.02208,8.0303,0.603029,-0.015723,0.3283,0.35849,0.31321,200,sp,30,265,0.82575757,-0.01235758,10,1,100,random
3278,OI,8,"2026-07-13 03:30:26",42.6,0.824088,6.30416,8.0303,0.691268,-0.00715,0.28679,0.43019,0.28302,200,sp,30,265,0.82727273,-0.00413939,10,1,100,random
3279,OI,9,"2026-07-13 03:30:32",49.2,0.8328,6.57613,8.0303,0.78842,0.004883,0.26415,0.4717,0.26415,200,sp,30,265,0.82575758,0.00852727,10,1,100,random
3280,OI,10,"2026-07-13 03:30:39",55.9,0.839839,6.85533,8,0.877305,-0.010794,0.23485,0.49621,0.26894,200,sp,30,264,0.84651515,-0.00753939,10,1,100,random
3281,OI,11,"2026-07-13 03:30:46",62.6,0.844509,7.05548,8,0.873118,-0.016464,0.21212,0.56439,0.22348,200,sp,30,264,0.85712122,-0.01486364,10,1,100,random
3282,OI,12,"2026-07-13 03:30:52",69.2,0.84917,7.26015,7.9697,1.01163,0.002155,0.19011,0.63498,0.1749,200,sp,30,263,0.84621212,0.00300909,10,1,100,random
3283,OI,13,"2026-07-13 03:30:59",75.7,0.852894,7.43748,7.9697,1.27049,0.011142,0.13308,0.72624,0.14068,200,sp,30,263,0.84287879,0.01179697,10,1,100,random
3284,OI,14,"2026-07-13 03:31:06",82.4,0.8552,7.56042,7.9697,1.3707,0.000273,0.10646,0.79468,0.09886,200,sp,30,263,0.85484848,0.00086667,10,1,100,random
3285,OI,15,"2026-07-13 03:31:12",88.9,0.857148,7.64402,7.9697,1.61719,0.001465,0.08745,0.81749,0.09506,200,sp,30,263,0.85606061,0.00117879,10,1,100,random
3286,OI,16,"2026-07-13 03:31:19",95.3,0.858339,7.69873,7.9697,1.6454,-0.008892,0.06464,0.87072,0.06464,200,sp,30,263,0.86651515,-0.00923939,10,1,100,random
3287,OI,17,"2026-07-13 03:31:25",102,0.858579,7.72257,7.9697,1.90338,-0.001896,0.07605,0.85551,0.06844,200,sp,30,263,0.8610606,-0.00387879,10,1,100,random
3288,OI,18,"2026-07-13 03:31:32",108.9,0.859321,7.75788,7.9697,2.0389,-0.008981,0.06464,0.86312,0.07224,200,sp,30,263,0.86772727,-0.01034848,10,1,100,random
3289,OI,19,"2026-07-13 03:31:39",115.5,0.859691,7.78867,7.9697,1.97834,0.00374,0.02662,0.92015,0.05323,200,sp,30,263,0.85727273,0.00210909,10,1,100,random
3290,OI,20,"2026-07-13 03:31:45",122,0.859255,7.76961,7.9697,1.72474,0.001167,0.05323,0.88973,0.05703,200,sp,30,263,0.85954546,-0.00057879,10,1,100,random
3291,IR,1,"2026-07-13 03:31:55",5.4,0.715988,3.89187,8.1212,0.309636,-0.10063,0.58582,0.08955,0.32463,200,sp,30,268,0.78469698,-0.09803939,10,1,100,random
3292,IR,2,"2026-07-13 03:32:00",10.4,0.718073,3.90702,8.0303,0.303922,-0.110099,0.56981,0.11698,0.31321,200,sp,30,265,0.79666667,-0.11196667,10,1,100,random
3293,IR,3,"2026-07-13 03:32:05",15.4,0.723509,3.95672,7.8788,0.332112,-0.090728,0.55,0.13077,0.31923,200,sp,30,260,0.7869697,-0.08975455,10,1,100,random
3294,IR,4,"2026-07-13 03:32:10",20.3,0.726606,3.96946,7.7576,0.335496,-0.097319,0.54297,0.13281,0.32422,200,sp,30,256,0.79636363,-0.09760606,10,1,100,random
3295,IR,5,"2026-07-13 03:32:15",25.3,0.730364,4.005,7.7273,0.340225,-0.109131,0.53725,0.14902,0.31373,200,sp,30,255,0.80878788,-0.10978788,10,1,100,random
3296,IR,6,"2026-07-13 03:32:20",30.3,0.735952,4.08343,7.5152,0.364884,-0.093097,0.53226,0.13306,0.33468,200,sp,30,248,0.8019697,-0.09188485,10,1,100,random
3297,IR,7,"2026-07-13 03:32:26",36.9,0.736276,4.07519,7.4242,0.347045,-0.088374,0.52653,0.14694,0.32653,200,sp,30,245,0.8019697,-0.09033636,10,1,100,random
3298,IR,8,"2026-07-13 03:32:33",43.5,0.741464,4.14232,7.3636,0.378853,-0.100317,0.51852,0.16461,0.31687,200,sp,30,243,0.81378788,-0.0999,10,1,100,random
3299,IR,9,"2026-07-13 03:32:40",50.2,0.747151,4.21867,7.3636,0.409723,-0.102105,0.51029,0.15638,0.33333,200,sp,30,243,0.82106061,-0.1003,10,1,100,random
3300,IR,10,"2026-07-13 03:32:46",57,0.751058,4.28622,7.3333,0.397211,-0.094441,0.51653,0.1405,0.34298,200,sp,30,242,0.82060606,-0.09470909,10,1,100,random
3301,IR,11,"2026-07-13 03:32:53",63.8,0.7535,4.32517,7.2424,0.386613,-0.094949,0.50209,0.17155,0.32636,200,sp,30,239,0.82424243,-0.0954,10,1,100,random
3302,IR,12,"2026-07-13 03:33:00",70.7,0.758985,4.4123,7.1515,0.440679,-0.095473,0.47881,0.16102,0.36017,200,sp,30,236,0.82909091,-0.09409091,10,1,100,random
3303,IR,13,"2026-07-13 03:33:07",77.6,0.759794,4.43469,7.0909,0.379001,-0.100105,0.48718,0.16239,0.35043,200,sp,30,234,0.83606061,-0.10249697,10,1,100,random
3304,IR,14,"2026-07-13 03:33:14",84.4,0.761764,4.47814,7.0606,0.410198,-0.096667,0.4721,0.17167,0.35622,200,sp,30,233,0.835,-0.09751818,10,1,100,random
3305,IR,15,"2026-07-13 03:33:21",91.3,0.762618,4.49415,7.0303,0.400137,-0.091986,0.46121,0.19397,0.34483,200,sp,30,232,0.8330303,-0.09378788,10,1,100,random
3306,IR,16,"2026-07-13 03:33:27",98.1,0.76517,4.51619,6.9697,0.418115,-0.083038,0.46522,0.17391,0.36087,200,sp,30,230,0.8280303,-0.0834303,10,1,100,random
3307,IR,17,"2026-07-13 03:33:34",104.8,0.766206,4.53041,6.8788,0.401043,-0.091918,0.46256,0.17621,0.36123,200,sp,30,227,0.83666667,-0.09426667,10,1,100,random
3308,IR,18,"2026-07-13 03:33:41",111.7,0.7679,4.57238,6.8788,0.426717,-0.085439,0.45374,0.18502,0.36123,200,sp,30,227,0.83318181,-0.08679394,10,1,100,random
3309,IR,19,"2026-07-13 03:33:48",118.9,0.769833,4.62462,6.8182,0.431543,-0.096379,0.45333,0.18222,0.36444,200,sp,30,225,0.84348485,-0.09759697,10,1,100,random
3310,IR,20,"2026-07-13 03:33:55",125.9,0.770136,4.63808,6.7576,0.429012,-0.088247,0.4574,0.17937,0.36323,200,sp,30,223,0.83848485,-0.0904697,10,1,100,random
3311,AGR,1,"2026-07-13 03:34:04",8,0.725791,4.07522,8.303,0.339192,0.037474,0.58029,0.09854,0.32117,200,sp,30,274,0.6919697,0.04677879,10,1,100,random
3312,AGR,2,"2026-07-13 03:34:12",15.6,0.740291,4.3466,8.1818,0.360013,0.060081,0.55556,0.11852,0.32593,200,sp,30,270,0.69045454,0.06721818,10,1,100,random
3313,AGR,3,"2026-07-13 03:34:19",23.3,0.753594,4.61131,8.1212,0.393065,0.052853,0.53358,0.14179,0.32463,200,sp,30,268,0.70863636,0.06044242,10,1,100,random
3314,AGR,4,"2026-07-13 03:34:27",31.3,0.768058,4.89932,8.0909,0.443417,0.050848,0.48315,0.19476,0.3221,200,sp,30,267,0.72318182,0.06047879,10,1,100,random
3315,AGR,5,"2026-07-13 03:34:35",39.2,0.777806,5.16229,8.0606,0.480114,0.044424,0.45489,0.21429,0.33083,200,sp,30,266,0.73969697,0.0508,10,1,100,random
3316,AGR,6,"2026-07-13 03:34:43",46.9,0.788167,5.42005,8,0.507119,0.046012,0.42424,0.22348,0.35227,200,sp,30,264,0.74818182,0.05179394,10,1,100,random
3317,AGR,7,"2026-07-13 03:34:53",56.8,0.801309,5.77779,8,0.519167,0.035946,0.38258,0.27652,0.34091,200,sp,30,264,0.76742424,0.04309091,10,1,100,random
3318,AGR,8,"2026-07-13 03:35:03",66.9,0.810873,6.04322,8,0.546758,0.04477,0.35985,0.31439,0.32576,200,sp,30,264,0.77106061,0.05079091,10,1,100,random
3319,AGR,9,"2026-07-13 03:35:13",77,0.818455,6.26047,7.9697,0.630343,0.033973,0.327,0.3346,0.3384,200,sp,30,263,0.7880303,0.03901212,10,1,100,random
3320,AGR,10,"2026-07-13 03:35:24",87.5,0.826303,6.52376,7.9697,0.632686,0.048664,0.29278,0.39544,0.31179,200,sp,30,263,0.78333333,0.05249697,10,1,100,random
3321,AGR,11,"2026-07-13 03:35:34",98,0.832376,6.7253,7.9697,0.692851,0.037136,0.28137,0.43726,0.28137,200,sp,30,263,0.79969697,0.03944242,10,1,100,random
3322,AGR,12,"2026-07-13 03:35:44",107.8,0.838842,6.97885,7.9697,0.797777,0.041811,0.22053,0.52852,0.25095,200,sp,30,263,0.80151515,0.04684242,10,1,100,random
3323,AGR,13,"2026-07-13 03:35:54",118,0.843864,7.17579,7.9697,0.868681,0.031923,0.19772,0.57414,0.22814,200,sp,30,263,0.81545455,0.03470606,10,1,100,random
3324,AGR,14,"2026-07-13 03:36:05",128.8,0.848003,7.33341,7.9697,0.942287,0.040711,0.15589,0.64639,0.19772,200,sp,30,263,0.81242424,0.04376667,10,1,100,random
3325,AGR,15,"2026-07-13 03:36:15",138.8,0.852027,7.48252,7.9697,0.999302,0.038656,0.14449,0.71483,0.14068,200,sp,30,263,0.81818181,0.04052424,10,1,100,random
3326,AGR,16,"2026-07-13 03:36:25",149.1,0.854524,7.58299,7.9697,1.2244,0.035077,0.12548,0.77186,0.10266,200,sp,30,263,0.82424242,0.03605758,10,1,100,random
3327,AGR,17,"2026-07-13 03:36:35",158.9,0.856921,7.67758,7.9697,1.49008,0.042298,0.08745,0.85171,0.06084,200,sp,30,263,0.82045454,0.04382424,10,1,100,random
3328,AGR,18,"2026-07-13 03:36:45",169.1,0.858385,7.74288,7.9697,1.75522,0.055188,0.06084,0.88973,0.04943,200,sp,30,263,0.81106061,0.05617879,10,1,100,random
3329,AGR,19,"2026-07-13 03:36:55",179.3,0.859436,7.78251,7.9697,1.74696,0.055103,0.04943,0.92776,0.02281,200,sp,30,263,0.81242424,0.056,10,1,100,random
3330,AGR,20,"2026-07-13 03:37:05",189.1,0.860345,7.82611,7.9697,2.03093,0.042908,0.02281,0.94297,0.03422,200,sp,30,263,0.82378788,0.04325152,10,1,100,random
3331,RANDOM,1,"2026-07-13 03:37:14",5.1,0.707909,3.78256,8.1818,0.297293,0.002774,0.58148,0.1037,0.31481,200,sp,30,270,0.7069697,0.00196364,10,1,100,random
3332,RANDOM,2,"2026-07-13 03:37:18",9.6,0.705264,3.76283,8,0.295048,0.009465,0.57576,0.11742,0.30682,200,sp,30,264,0.70060607,0.00691515,10,1,100,random
3333,RANDOM,3,"2026-07-13 03:37:23",14.1,0.70287,3.71905,7.8182,0.315248,-0.004369,0.57752,0.13178,0.2907,200,sp,30,258,0.70818182,-0.00932424,10,1,100,random
3334,RANDOM,4,"2026-07-13 03:37:28",18.6,0.703215,3.73186,7.697,0.355367,0.004082,0.5748,0.12992,0.29528,200,sp,30,254,0.70075758,0.00419394,10,1,100,random
3335,RANDOM,5,"2026-07-13 03:37:32",23.1,0.699685,3.69511,7.6364,0.349885,0.004422,0.55952,0.13095,0.30952,200,sp,30,252,0.69924242,0.00056364,10,1,100,random
3336,RANDOM,6,"2026-07-13 03:37:37",27.7,0.697145,3.67319,7.6061,0.325257,-0.003807,0.55777,0.14741,0.29482,200,sp,30,251,0.70212121,-0.00811212,10,1,100,random
3337,RANDOM,7,"2026-07-13 03:37:43",33.9,0.693676,3.64072,7.4848,0.343988,0.002098,0.5587,0.1417,0.2996,200,sp,30,247,0.69530303,-0.00078485,10,1,100,random
3338,RANDOM,8,"2026-07-13 03:37:49",40.1,0.693797,3.64792,7.4242,0.35099,-0.011874,0.56735,0.13878,0.29388,200,sp,30,245,0.7030303,-0.01147879,10,1,100,random
3339,RANDOM,9,"2026-07-13 03:37:55",46.5,0.693994,3.65799,7.3636,0.364251,-0.007381,0.5679,0.1358,0.2963,200,sp,30,243,0.69999999,-0.00857576,10,1,100,random
3340,RANDOM,10,"2026-07-13 03:38:02",52.9,0.691627,3.65978,7.303,0.37023,-0.012615,0.55602,0.14938,0.29461,200,sp,30,241,0.70242425,-0.01700909,10,1,100,random
3341,RANDOM,11,"2026-07-13 03:38:08",59.4,0.695294,3.67129,7.2121,0.371745,-0.014202,0.54622,0.15966,0.29412,200,sp,30,238,0.70439394,-0.01348182,10,1,100,random
3342,RANDOM,12,"2026-07-13 03:38:15",66,0.696736,3.68683,7.1212,0.380835,-0.011169,0.55745,0.14043,0.30213,200,sp,30,235,0.70454545,-0.00917273,10,1,100,random
3343,RANDOM,13,"2026-07-13 03:38:21",72.5,0.697615,3.69152,7.0909,0.391672,-0.001758,0.52991,0.16239,0.30769,200,sp,30,234,0.69909092,-0.00257879,10,1,100,random
3344,RANDOM,14,"2026-07-13 03:38:28",78.9,0.696555,3.70043,7.0303,0.368541,-0.005985,0.53448,0.15086,0.31466,200,sp,30,232,0.70242424,-0.00894545,10,1,100,random
3345,RANDOM,15,"2026-07-13 03:38:34",85.3,0.692803,3.6231,6.9394,0.373788,0.001189,0.54148,0.16594,0.29258,200,sp,30,229,0.695,-0.00270303,10,1,100,random
3346,RANDOM,16,"2026-07-13 03:38:41",91.9,0.692252,3.60833,6.8788,0.40798,-0.004795,0.53744,0.15859,0.30396,200,sp,30,227,0.69712121,-0.00692121,10,1,100,random
3347,RANDOM,17,"2026-07-13 03:38:47",98.3,0.693242,3.64865,6.8788,0.390946,-0.003712,0.55066,0.15419,0.29515,200,sp,30,227,0.69681818,-0.00451212,10,1,100,random
3348,RANDOM,18,"2026-07-13 03:38:54",104.8,0.692533,3.65587,6.8182,0.403869,0.003689,0.52444,0.17778,0.29778,200,sp,30,225,0.69121213,0.00072424,10,1,100,random
3349,RANDOM,19,"2026-07-13 03:39:00",111.2,0.691109,3.67004,6.8182,0.401014,-0.001283,0.51111,0.19111,0.29778,200,sp,30,225,0.69363637,-0.00303636,10,1,100,random
3350,RANDOM,20,"2026-07-13 03:39:07",117.7,0.690948,3.6696,6.7879,0.398482,0.001158,0.51339,0.18304,0.30357,200,sp,30,224,0.69136363,-0.00284545,10,1,100,random
3351,OI,1,"2026-07-13 04:02:14",4.9,0.728827,4.11713,8.3636,0.359544,-0.017348,0.56884,0.11232,0.31884,200,sp,31,276,0.73181818,-0.00448485,10,1,100,random
3352,OI,2,"2026-07-13 04:02:18",9.2,0.746679,4.4186,8.2727,0.388173,-0.022935,0.52015,0.15385,0.32601,200,sp,31,273,0.75621212,-0.01417879,10,1,100,random
3353,OI,3,"2026-07-13 04:02:22",13.6,0.762455,4.73918,8.2121,0.427345,-0.013551,0.46494,0.21402,0.32103,200,sp,31,271,0.76636364,-0.00454848,10,1,100,random
3354,OI,4,"2026-07-13 04:02:27",18,0.778064,5.0531,8.1818,0.471625,-0.008618,0.45556,0.22222,0.32222,200,sp,31,270,0.77818182,0.0013,10,1,100,random
3355,OI,5,"2026-07-13 04:02:31",22.3,0.791164,5.40673,8.0909,0.511408,-0.014452,0.40449,0.28464,0.31086,200,sp,31,267,0.79727273,-0.00825758,10,1,100,random
3356,OI,6,"2026-07-13 04:02:36",26.7,0.801773,5.70244,8.0909,0.567729,-0.016787,0.35955,0.33708,0.30337,200,sp,31,267,0.81106061,-0.01155758,10,1,100,random
3357,OI,7,"2026-07-13 04:02:42",32.8,0.812909,6.05471,8.0909,0.610247,-0.000018,0.32584,0.35955,0.31461,200,sp,31,267,0.80848485,0.00498182,10,1,100,random
3358,OI,8,"2026-07-13 04:02:48",38.9,0.822288,6.36731,8.0909,0.642406,-0.013701,0.29588,0.43071,0.27341,200,sp,31,267,0.83,-0.00958788,10,1,100,random
3359,OI,9,"2026-07-13 04:02:54",45.2,0.828767,6.61643,8.0606,0.762319,-0.009046,0.2782,0.45113,0.27068,200,sp,31,266,0.83439394,-0.00730606,10,1,100,random
3360,OI,10,"2026-07-13 04:03:00",51.5,0.835273,6.85403,8.0303,0.80777,-0.00312,0.22264,0.53962,0.23774,200,sp,31,265,0.83575758,-0.0019303,10,1,100,random
3361,OI,11,"2026-07-13 04:03:07",58,0.841394,7.06694,8.0303,0.875009,-0.003669,0.21132,0.6,0.18868,200,sp,31,265,0.84242425,-0.00048485,10,1,100,random
3362,OI,12,"2026-07-13 04:03:13",64.4,0.845951,7.26191,8.0303,1.07833,0.003572,0.15849,0.67547,0.16604,200,sp,31,265,0.8419697,0.00352424,10,1,100,random
3363,OI,13,"2026-07-13 04:03:19",70.5,0.849261,7.38519,8.0303,1.06353,-0.004939,0.13585,0.72453,0.13962,200,sp,31,265,0.85287878,-0.00448788,10,1,100,random
3364,OI,14,"2026-07-13 04:03:26",76.7,0.853361,7.523,8.0303,1.20489,0.001223,0.10943,0.75849,0.13208,200,sp,31,265,0.85166667,0.00196364,10,1,100,random
3365,OI,15,"2026-07-13 04:03:32",82.8,0.855609,7.61803,8.0303,1.17153,0.006799,0.08679,0.80755,0.10566,200,sp,31,265,0.84984849,0.00662121,10,1,100,random
3366,OI,16,"2026-07-13 04:03:38",89.1,0.857661,7.67273,8.0303,1.2793,0.001065,0.08679,0.81132,0.10189,200,sp,31,265,0.85681818,0.00107879,10,1,100,random
3367,OI,17,"2026-07-13 04:03:44",95.3,0.859951,7.75898,8.0303,1.36418,0.005576,0.06792,0.86038,0.0717,200,sp,31,265,0.85515152,0.00512121,10,1,100,random
3368,OI,18,"2026-07-13 04:03:51",101.7,0.861288,7.7896,8.0303,1.67694,-0.005583,0.0717,0.86792,0.06038,200,sp,31,265,0.86666667,-0.00618182,10,1,100,random
3369,OI,19,"2026-07-13 04:03:57",108,0.861867,7.81921,8.0303,2.10167,0.001528,0.0566,0.88679,0.0566,200,sp,31,265,0.86136364,0.00079091,10,1,100,random
3370,OI,20,"2026-07-13 04:04:03",114.2,0.862661,7.83779,8.0303,1.92421,-0.002415,0.0566,0.87547,0.06792,200,sp,31,265,0.86545454,-0.00325152,10,1,100,random
3371,IR,1,"2026-07-13 04:04:12",5.4,0.713127,3.87522,8.2727,0.307105,-0.114017,0.58608,0.10256,0.31136,200,sp,31,273,0.79166667,-0.11446364,10,1,100,random
3372,IR,2,"2026-07-13 04:04:17",10.4,0.719776,3.92912,8.1515,0.317401,-0.088963,0.57993,0.10409,0.31599,200,sp,31,269,0.7810606,-0.08880606,10,1,100,random
3373,IR,3,"2026-07-13 04:04:22",15.4,0.726006,4.01812,8.0303,0.321886,-0.103557,0.55094,0.11698,0.33208,200,sp,31,265,0.79863636,-0.10315152,10,1,100,random
3374,IR,4,"2026-07-13 04:04:27",20.4,0.731033,4.08879,7.9091,0.302982,-0.111221,0.55172,0.12644,0.32184,200,sp,31,261,0.81045454,-0.11155758,10,1,100,random
3375,IR,5,"2026-07-13 04:04:32",25.2,0.733724,4.11062,7.8788,0.331705,-0.099458,0.55,0.11538,0.33462,200,sp,31,260,0.80606061,-0.1020697,10,1,100,random
3376,IR,6,"2026-07-13 04:04:37",30.2,0.736097,4.15259,7.8182,0.326323,-0.094725,0.54651,0.10853,0.34496,200,sp,31,258,0.80515152,-0.09683939,10,1,100,random
3377,IR,7,"2026-07-13 04:04:43",36.7,0.738818,4.17618,7.6667,0.306152,-0.101117,0.54545,0.11462,0.33992,200,sp,31,253,0.81257575,-0.10229394,10,1,100,random
3378,IR,8,"2026-07-13 04:04:50",43.3,0.739718,4.17122,7.5455,0.335756,-0.093739,0.54618,0.10442,0.3494,200,sp,31,249,0.80939394,-0.09715758,10,1,100,random
3379,IR,9,"2026-07-13 04:04:57",50.1,0.741036,4.18777,7.5455,0.333705,-0.095916,0.53815,0.10442,0.35743,200,sp,31,249,0.81196969,-0.09935758,10,1,100,random
3380,IR,10,"2026-07-13 04:05:04",57.1,0.741585,4.18718,7.5152,0.319904,-0.112179,0.54032,0.10887,0.35081,200,sp,31,248,0.82530303,-0.11607576,10,1,100,random
3381,IR,11,"2026-07-13 04:05:11",64.1,0.744439,4.22019,7.4242,0.341304,-0.105391,0.50612,0.15102,0.34286,200,sp,31,245,0.8219697,-0.10700909,10,1,100,random
3382,IR,12,"2026-07-13 04:05:18",71,0.748888,4.30122,7.3636,0.363593,-0.103073,0.5144,0.14403,0.34156,200,sp,31,243,0.82439394,-0.10343333,10,1,100,random
3383,IR,13,"2026-07-13 04:05:25",78,0.750967,4.3222,7.2727,0.384516,-0.102435,0.50417,0.15417,0.34167,200,sp,31,240,0.82742424,-0.1039697,10,1,100,random
3384,IR,14,"2026-07-13 04:05:32",84.9,0.752897,4.34752,7.1818,0.388922,-0.103698,0.51055,0.14768,0.34177,200,sp,31,237,0.83060606,-0.10583636,10,1,100,random
3385,IR,15,"2026-07-13 04:05:39",91.9,0.755306,4.38631,7.1212,0.411456,-0.102831,0.48936,0.18298,0.32766,200,sp,31,235,0.83242424,-0.10404545,10,1,100,random
3386,IR,16,"2026-07-13 04:05:45",98.6,0.758649,4.44416,7.0909,0.443322,-0.096511,0.46154,0.20513,0.33333,200,sp,31,234,0.83075758,-0.09732727,10,1,100,random
3387,IR,17,"2026-07-13 04:05:52",105.4,0.758191,4.42049,7,0.426867,-0.087562,0.47619,0.18182,0.34199,200,sp,31,231,0.82545454,-0.08950909,10,1,100,random
3388,IR,18,"2026-07-13 04:05:59",112.3,0.76163,4.47697,6.9091,0.438231,-0.106389,0.4386,0.2193,0.34211,200,sp,31,228,0.84151515,-0.10807273,10,1,100,random
3389,IR,19,"2026-07-13 04:06:06",119.1,0.764539,4.52831,6.8788,0.437544,-0.097031,0.43612,0.21586,0.34802,200,sp,31,227,0.83772728,-0.09830606,10,1,100,random
3390,IR,20,"2026-07-13 04:06:13",126,0.765318,4.54204,6.8788,0.431438,-0.090016,0.43172,0.22026,0.34802,200,sp,31,227,0.83439394,-0.09163939,10,1,100,random
3391,AGR,1,"2026-07-13 04:06:24",7.3,0.726624,4.0781,8.3636,0.333725,0.047695,0.58696,0.09783,0.31522,200,sp,31,276,0.68424242,0.05851212,10,1,100,random
3392,AGR,2,"2026-07-13 04:06:31",14.2,0.741745,4.38346,8.303,0.353944,0.035447,0.56204,0.11314,0.32482,200,sp,31,274,0.70954545,0.04434242,10,1,100,random
3393,AGR,3,"2026-07-13 04:06:38",21.3,0.757318,4.70325,8.2424,0.3848,0.046727,0.52574,0.12868,0.34559,200,sp,31,272,0.71606061,0.05629697,10,1,100,random
3394,AGR,4,"2026-07-13 04:06:45",28.2,0.768739,4.93717,8.2121,0.37644,0.055188,0.50554,0.1476,0.34686,200,sp,31,271,0.72212121,0.06320909,10,1,100,random
3395,AGR,5,"2026-07-13 04:06:52",35.2,0.779973,5.24771,8.1515,0.421123,0.038566,0.47212,0.17472,0.35316,200,sp,31,269,0.74560607,0.04617273,10,1,100,random
3396,AGR,6,"2026-07-13 04:06:59",42.3,0.790385,5.51214,8.1515,0.454467,0.039076,0.45353,0.19331,0.35316,200,sp,31,269,0.75560606,0.04495455,10,1,100,random
3397,AGR,7,"2026-07-13 04:07:08",51.1,0.801412,5.80388,8.1515,0.499014,0.036971,0.40892,0.24535,0.34572,200,sp,31,269,0.76757576,0.0438,10,1,100,random
3398,AGR,8,"2026-07-13 04:07:16",59.8,0.811864,6.11644,8.1212,0.552749,0.038148,0.37313,0.27985,0.34701,200,sp,31,268,0.77712121,0.04359394,10,1,100,random
3399,AGR,9,"2026-07-13 04:07:25",68.8,0.820694,6.40296,8.1212,0.580965,0.040747,0.33582,0.34328,0.3209,200,sp,31,268,0.78409091,0.04678485,10,1,100,random
3400,AGR,10,"2026-07-13 04:07:34",77.7,0.82927,6.67696,8.0909,0.652604,0.051363,0.31086,0.38202,0.30712,200,sp,31,267,0.78348485,0.05704545,10,1,100,random
3401,AGR,11,"2026-07-13 04:07:43",86.6,0.835685,6.88581,8.0909,0.72158,0.032095,0.27341,0.44195,0.28464,200,sp,31,267,0.80681819,0.03528485,10,1,100,random
3402,AGR,12,"2026-07-13 04:07:52",95.5,0.841364,7.10376,8.0909,0.787784,0.051604,0.22846,0.51311,0.25843,200,sp,31,267,0.79636364,0.05505758,10,1,100,random
3403,AGR,13,"2026-07-13 04:08:01",104.4,0.847091,7.34076,8.0909,0.848099,0.038773,0.18352,0.59925,0.21723,200,sp,31,267,0.81257576,0.04252727,10,1,100,random
3404,AGR,14,"2026-07-13 04:08:10",113.3,0.850694,7.48039,8.0909,0.950075,0.031998,0.16105,0.64419,0.19476,200,sp,31,267,0.82272727,0.03338485,10,1,100,random
3405,AGR,15,"2026-07-13 04:08:19",122.2,0.854458,7.6156,8.0909,1.03447,0.046384,0.13858,0.72659,0.13483,200,sp,31,267,0.81393939,0.04818485,10,1,100,random
3406,AGR,16,"2026-07-13 04:08:28",131.2,0.857624,7.75663,8.0909,1.25646,0.0376,0.10861,0.79401,0.09738,200,sp,31,267,0.82484849,0.03825152,10,1,100,random
3407,AGR,17,"2026-07-13 04:08:37",140.1,0.859576,7.83991,8.0909,1.56579,0.05078,0.0824,0.85019,0.06742,200,sp,31,267,0.81590909,0.05203636,10,1,100,random
3408,AGR,18,"2026-07-13 04:08:46",149,0.86093,7.90894,8.0909,1.91678,0.043727,0.04869,0.92509,0.02622,200,sp,31,267,0.82348486,0.04462727,10,1,100,random
3409,AGR,19,"2026-07-13 04:08:55",158,0.861976,7.94349,8.0909,2.19498,0.049383,0.0412,0.92884,0.02996,200,sp,31,267,0.81969697,0.05006667,10,1,100,random
3410,AGR,20,"2026-07-13 04:09:04",167,0.862815,7.97515,8.0909,2.11074,0.035363,0.02247,0.96629,0.01124,200,sp,31,267,0.83272728,0.03587879,10,1,100,random
3411,RANDOM,1,"2026-07-13 04:09:12",4.4,0.703891,3.7656,8.303,0.28942,0.006776,0.60219,0.09489,0.30292,200,sp,31,274,0.70181818,0.00312424,10,1,100,random
3412,RANDOM,2,"2026-07-13 04:09:16",8.5,0.701494,3.7252,8.0909,0.297678,0.017744,0.59176,0.10487,0.30337,200,sp,31,267,0.69090909,0.01677879,10,1,100,random
3413,RANDOM,3,"2026-07-13 04:09:20",12.7,0.698612,3.67342,7.9394,0.303547,-0.001261,0.58397,0.12214,0.29389,200,sp,31,262,0.7019697,-0.00493636,10,1,100,random
3414,RANDOM,4,"2026-07-13 04:09:24",16.8,0.698542,3.68957,7.9091,0.323857,0.000646,0.57471,0.12644,0.29885,200,sp,31,261,0.69893939,0.00006364,10,1,100,random
3415,RANDOM,5,"2026-07-13 04:09:28",21,0.698661,3.6975,7.7879,0.323357,-0.005926,0.58755,0.10506,0.30739,200,sp,31,257,0.70333334,-0.00534848,10,1,100,random
3416,RANDOM,6,"2026-07-13 04:09:33",25.1,0.696003,3.68912,7.6364,0.312762,0.000916,0.57937,0.11905,0.30159,200,sp,31,252,0.69742425,0.00037576,10,1,100,random
3417,RANDOM,7,"2026-07-13 04:09:38",30.9,0.694127,3.6332,7.4848,0.33324,0.007911,0.5749,0.12551,0.2996,200,sp,31,247,0.69045454,0.00565758,10,1,100,random
3418,RANDOM,8,"2026-07-13 04:09:44",36.6,0.693803,3.65002,7.3636,0.337302,0.008939,0.55144,0.14815,0.30041,200,sp,31,243,0.68863637,0.00770606,10,1,100,random
3419,RANDOM,9,"2026-07-13 04:09:50",42.6,0.691112,3.64367,7.303,0.336508,-0.008833,0.54357,0.14523,0.3112,200,sp,31,241,0.69939394,-0.01342424,10,1,100,random
3420,RANDOM,10,"2026-07-13 04:09:56",48.6,0.693703,3.6616,7.2121,0.324972,0.003881,0.54202,0.15546,0.30252,200,sp,31,238,0.69075757,0.00490303,10,1,100,random
3421,RANDOM,11,"2026-07-13 04:10:02",54.9,0.691739,3.62448,7.1818,0.343034,-0.000432,0.54852,0.14768,0.3038,200,sp,31,237,0.69378787,-0.00437273,10,1,100,random
3422,RANDOM,12,"2026-07-13 04:10:09",61.8,0.691221,3.64098,7.0909,0.348419,0.016925,0.54274,0.13675,0.32051,200,sp,31,234,0.68075758,0.01417576,10,1,100,random
3423,RANDOM,13,"2026-07-13 04:10:15",68.1,0.692145,3.65852,6.8788,0.331682,0.013672,0.53744,0.15859,0.30396,200,sp,31,227,0.68318182,0.01312727,10,1,100,random
3424,RANDOM,14,"2026-07-13 04:10:22",74.1,0.691988,3.66962,6.8485,0.376047,0.002303,0.52212,0.14602,0.33186,200,sp,31,226,0.69166667,-0.00000606,10,1,100,random
3425,RANDOM,15,"2026-07-13 04:10:28",80.2,0.689152,3.65768,6.7879,0.330508,-0.014132,0.53571,0.13393,0.33036,200,sp,31,224,0.70121212,-0.01889394,10,1,100,random
3426,RANDOM,16,"2026-07-13 04:10:34",86.3,0.689388,3.64908,6.7273,0.332191,-0.010288,0.53604,0.15315,0.31081,200,sp,31,222,0.69712121,-0.01032727,10,1,100,random
3427,RANDOM,17,"2026-07-13 04:10:40",92.4,0.688133,3.63493,6.6061,0.370032,0.000121,0.54128,0.13303,0.32569,200,sp,31,218,0.68954545,-0.00166364,10,1,100,random
3428,RANDOM,18,"2026-07-13 04:10:46",98.5,0.687324,3.63731,6.5455,0.357263,-0.008546,0.53704,0.12963,0.33333,200,sp,31,216,0.69424242,-0.00978788,10,1,100,random
3429,RANDOM,19,"2026-07-13 04:10:52",104.7,0.691618,3.68867,6.5152,0.353988,0.01359,0.52093,0.15349,0.32558,200,sp,31,215,0.68090909,0.01343939,10,1,100,random
3430,RANDOM,20,"2026-07-13 04:10:58",110.8,0.68973,3.64451,6.4848,0.358328,0.004378,0.52336,0.16355,0.31308,200,sp,31,214,0.68848485,0.00103333,10,1,100,random
3431,OI,1,"2026-07-13 04:14:39",5.3,0.736345,4.21378,8.4545,0.369259,-0.01439,0.54839,0.13262,0.319,200,sp,32,279,0.73909091,-0.00335758,10,1,100,random
3432,OI,2,"2026-07-13 04:14:44",10,0.754697,4.52648,8.4545,0.40209,-0.018648,0.53405,0.12186,0.34409,200,sp,32,279,0.76106061,-0.00789697,10,1,100,random
3433,OI,3,"2026-07-13 04:14:49",14.9,0.77027,4.84071,8.4545,0.406296,-0.010372,0.48387,0.19355,0.32258,200,sp,32,279,0.77181818,-0.00160606,10,1,100,random
3434,OI,4,"2026-07-13 04:14:54",19.7,0.786479,5.21258,8.303,0.492344,-0.016697,0.41241,0.25547,0.33212,200,sp,32,274,0.7930303,-0.00781818,10,1,100,random
3435,OI,5,"2026-07-13 04:14:58",24.5,0.798912,5.53508,8.303,0.515744,-0.010431,0.39051,0.29927,0.31022,200,sp,32,274,0.80242424,-0.00455152,10,1,100,random
3436,OI,6,"2026-07-13 04:15:03",29.4,0.810382,5.87549,8.303,0.602267,-0.002408,0.34307,0.34307,0.31387,200,sp,32,274,0.80787879,0.00241212,10,1,100,random
3437,OI,7,"2026-07-13 04:15:10",36,0.819561,6.16544,8.2727,0.620048,-0.012732,0.31868,0.37363,0.30769,200,sp,32,273,0.82666667,-0.00802727,10,1,100,random
3438,OI,8,"2026-07-13 04:15:16",42.6,0.828112,6.45575,8.1818,0.657539,-0.020467,0.28889,0.42593,0.28519,200,sp,32,270,0.84181818,-0.01690909,10,1,100,random
3439,OI,9,"2026-07-13 04:15:23",49.3,0.836206,6.72657,8.1212,0.767142,-0.003756,0.23881,0.5,0.26119,200,sp,32,268,0.83651515,-0.00062424,10,1,100,random
3440,OI,10,"2026-07-13 04:15:30",56.2,0.841797,6.94711,8.1212,0.804731,-0.00028,0.22388,0.53358,0.24254,200,sp,32,268,0.84060606,0.00084545,10,1,100,random
3441,OI,11,"2026-07-13 04:15:37",63.1,0.846494,7.12068,8.1212,0.873621,-0.013046,0.18284,0.62313,0.19403,200,sp,32,268,0.85621212,-0.01125152,10,1,100,random
3442,OI,12,"2026-07-13 04:15:44",70.1,0.851118,7.33992,8.1212,1.00109,-0.002766,0.16791,0.66418,0.16791,200,sp,32,268,0.85227273,-0.0012,10,1,100,random
3443,OI,13,"2026-07-13 04:15:51",76.9,0.854209,7.49651,8.1212,1.10416,-0.015028,0.12687,0.73507,0.13806,200,sp,32,268,0.86636363,-0.0143697,10,1,100,random
3444,OI,14,"2026-07-13 04:15:58",83.8,0.855861,7.57937,8.1212,1.19268,-0.002754,0.12313,0.73507,0.14179,200,sp,32,268,0.85863636,-0.00325455,10,1,100,random
3445,OI,15,"2026-07-13 04:16:04",90.6,0.8579,7.69038,8.1212,1.19194,-0.012031,0.08955,0.8097,0.10075,200,sp,32,268,0.86818182,-0.0121,10,1,100,random
3446,OI,16,"2026-07-13 04:16:11",97.5,0.859951,7.76972,8.1212,1.32815,-0.01269,0.07463,0.8209,0.10448,200,sp,32,268,0.87090909,-0.01281212,10,1,100,random
3447,OI,17,"2026-07-13 04:16:18",104.2,0.861785,7.84708,8.1212,1.37216,-0.002076,0.06343,0.86194,0.07463,200,sp,32,268,0.86378788,-0.00225152,10,1,100,random
3448,OI,18,"2026-07-13 04:16:25",111.1,0.862955,7.89182,8.1212,1.78598,-0.000491,0.0597,0.88433,0.05597,200,sp,32,268,0.86378788,-0.00116061,10,1,100,random
3449,OI,19,"2026-07-13 04:16:32",117.9,0.863688,7.92109,8.1212,2.10401,0.000239,0.04478,0.91418,0.04104,200,sp,32,268,0.86424243,-0.00031818,10,1,100,random
3450,OI,20,"2026-07-13 04:16:39",124.8,0.863597,7.91092,8.1212,2.38124,-0.00785,0.04851,0.87687,0.07463,200,sp,32,268,0.87151515,-0.00916667,10,1,100,random
3451,IR,1,"2026-07-13 04:16:47",4.7,0.721876,3.98519,8.3636,0.317562,-0.096777,0.57971,0.1087,0.31159,200,sp,32,276,0.79015152,-0.09702121,10,1,100,random
3452,IR,2,"2026-07-13 04:16:51",9,0.726936,4.03049,8.2121,0.329256,-0.110449,0.57565,0.09225,0.3321,200,sp,32,271,0.80530303,-0.11209697,10,1,100,random
3453,IR,3,"2026-07-13 04:16:55",13.3,0.730309,4.07442,8.1212,0.31344,-0.099068,0.55224,0.1194,0.32836,200,sp,32,268,0.80151515,-0.10075152,10,1,100,random
3454,IR,4,"2026-07-13 04:17:00",17.6,0.735676,4.14783,8.0303,0.3254,-0.09968,0.55094,0.13208,0.31698,200,sp,32,265,0.8069697,-0.09993636,10,1,100,random
3455,IR,5,"2026-07-13 04:17:04",21.9,0.737897,4.17901,7.8788,0.353029,-0.096913,0.55,0.11923,0.33077,200,sp,32,260,0.80878788,-0.09779091,10,1,100,random
3456,IR,6,"2026-07-13 04:17:08",26.2,0.742242,4.23786,7.8485,0.362882,-0.097714,0.53282,0.1583,0.30888,200,sp,32,259,0.81348485,-0.09803939,10,1,100,random
3457,IR,7,"2026-07-13 04:17:14",32.2,0.745279,4.27415,7.7879,0.392682,-0.105703,0.53696,0.15564,0.30739,200,sp,32,257,0.82303031,-0.10861212,10,1,100,random
3458,IR,8,"2026-07-13 04:17:20",38.2,0.7511,4.34508,7.7273,0.405263,-0.103088,0.52549,0.16078,0.31373,200,sp,32,255,0.82606061,-0.10210909,10,1,100,random
3459,IR,9,"2026-07-13 04:17:27",44.5,0.752736,4.35441,7.697,0.394784,-0.094577,0.51969,0.15748,0.32283,200,sp,32,254,0.82378788,-0.09727273,10,1,100,random
3460,IR,10,"2026-07-13 04:17:33",50.8,0.754085,4.3906,7.6364,0.379356,-0.106727,0.50794,0.1746,0.31746,200,sp,32,252,0.83454546,-0.10919091,10,1,100,random
3461,IR,11,"2026-07-13 04:17:39",57,0.753967,4.41022,7.6061,0.391538,-0.100564,0.51793,0.16733,0.31474,200,sp,32,251,0.83060606,-0.10447576,10,1,100,random
3462,IR,12,"2026-07-13 04:17:45",63.3,0.756712,4.4465,7.5758,0.40486,-0.0933,0.504,0.18,0.316,200,sp,32,250,0.82666666,-0.09501212,10,1,100,random
3463,IR,13,"2026-07-13 04:17:52",69.6,0.758515,4.45646,7.5455,0.412344,-0.09308,0.50602,0.17671,0.31727,200,sp,32,249,0.82878788,-0.0938,10,1,100,random
3464,IR,14,"2026-07-13 04:17:58",75.7,0.760191,4.48382,7.5152,0.409995,-0.097444,0.5121,0.16935,0.31855,200,sp,32,248,0.83409091,-0.09875758,10,1,100,random
3465,IR,15,"2026-07-13 04:18:04",81.9,0.761748,4.49761,7.5152,0.42467,-0.093986,0.50806,0.17742,0.31452,200,sp,32,248,0.83318182,-0.09496364,10,1,100,random
3466,IR,16,"2026-07-13 04:18:10",88.2,0.761821,4.47625,7.4848,0.425634,-0.098522,0.50202,0.18219,0.31579,200,sp,32,247,0.83757576,-0.10109697,10,1,100,random
3467,IR,17,"2026-07-13 04:18:16",94.4,0.766067,4.54791,7.4848,0.443702,-0.099324,0.51012,0.17814,0.31174,200,sp,32,247,0.84045455,-0.09815152,10,1,100,random
3468,IR,18,"2026-07-13 04:18:23",100.6,0.768764,4.63198,7.4545,0.45864,-0.097179,0.4878,0.19106,0.32114,200,sp,32,246,0.84257576,-0.09892727,10,1,100,random
3469,IR,19,"2026-07-13 04:18:29",106.9,0.770858,4.66945,7.4545,0.444773,-0.094493,0.48374,0.19106,0.3252,200,sp,32,246,0.84318182,-0.09612727,10,1,100,random
3470,IR,20,"2026-07-13 04:18:35",113.1,0.774312,4.72889,7.4242,0.457868,-0.091177,0.47755,0.18776,0.33469,200,sp,32,245,0.84363636,-0.0908303,10,1,100,random
3471,AGR,1,"2026-07-13 04:18:43",7.6,0.733758,4.19509,8.3333,0.345002,0.045904,0.56,0.10182,0.33818,200,sp,32,275,0.69439394,0.05529394,10,1,100,random
3472,AGR,2,"2026-07-13 04:18:51",14.9,0.749112,4.48073,8.2424,0.329823,0.040652,0.52941,0.13603,0.33456,200,sp,32,272,0.71272727,0.04964545,10,1,100,random
3473,AGR,3,"2026-07-13 04:18:58",22.1,0.763576,4.77727,8.2121,0.382179,0.038855,0.50554,0.15867,0.33579,200,sp,32,271,0.72833334,0.04635152,10,1,100,random
3474,AGR,4,"2026-07-13 04:19:05",29.4,0.777161,5.07145,8.2121,0.425375,0.034423,0.48708,0.16974,0.34317,200,sp,32,271,0.74515152,0.04210909,10,1,100,random
3475,AGR,5,"2026-07-13 04:19:13",36.7,0.789412,5.37967,8.1515,0.455482,0.043483,0.46468,0.19331,0.34201,200,sp,32,269,0.75030303,0.0507,10,1,100,random
3476,AGR,6,"2026-07-13 04:19:20",44,0.800845,5.66974,8.0909,0.506652,0.018314,0.42697,0.21723,0.35581,200,sp,32,267,0.78181818,0.02503636,10,1,100,random
3477,AGR,7,"2026-07-13 04:19:29",52.9,0.810255,5.94953,8.0909,0.512281,0.054941,0.39326,0.26592,0.34082,200,sp,32,267,0.76227272,0.06159697,10,1,100,random
3478,AGR,8,"2026-07-13 04:19:38",62,0.818767,6.24228,8.0606,0.580802,0.038311,0.35338,0.31203,0.33459,200,sp,32,266,0.78409091,0.04315152,10,1,100,random
3479,AGR,9,"2026-07-13 04:19:47",71.2,0.827997,6.56248,8.0606,0.627881,0.033276,0.31955,0.34962,0.33083,200,sp,32,266,0.79712121,0.03881515,10,1,100,random
3480,AGR,10,"2026-07-13 04:19:56",80.4,0.834985,6.79365,8.0606,0.6473,0.028237,0.28947,0.39098,0.31955,200,sp,32,266,0.80893939,0.0321,10,1,100,random
3481,AGR,11,"2026-07-13 04:20:06",89.9,0.841191,7.03039,8.0606,0.750506,0.035476,0.26692,0.44737,0.28571,200,sp,32,266,0.80924242,0.03903939,10,1,100,random
3482,AGR,12,"2026-07-13 04:20:16",99.8,0.846576,7.2401,8.0606,0.850502,0.034299,0.21053,0.54135,0.24812,200,sp,32,266,0.81590909,0.03848182,10,1,100,random
3483,AGR,13,"2026-07-13 04:20:25",109,0.8506,7.40066,8.0606,0.910526,0.039696,0.16541,0.65414,0.18045,200,sp,32,266,0.81590909,0.04182121,10,1,100,random
3484,AGR,14,"2026-07-13 04:20:34",118.3,0.853897,7.54682,8.0606,1.11892,0.028711,0.14286,0.69549,0.16165,200,sp,32,266,0.82878788,0.0301303,10,1,100,random
3485,AGR,15,"2026-07-13 04:20:43",127.6,0.856645,7.69412,8.0606,1.17011,0.047265,0.11278,0.79323,0.09398,200,sp,32,266,0.81560606,0.04906061,10,1,100,random
3486,AGR,16,"2026-07-13 04:20:53",136.8,0.858579,7.77628,8.0606,1.53295,0.054535,0.09398,0.84211,0.06391,200,sp,32,266,0.81151515,0.05607576,10,1,100,random
3487,AGR,17,"2026-07-13 04:21:02",146.1,0.859991,7.83882,8.0606,2.01129,0.040703,0.06391,0.90602,0.03008,200,sp,32,266,0.82515151,0.04070909,10,1,100,random
3488,AGR,18,"2026-07-13 04:21:11",155.3,0.861121,7.9019,8.0606,2.41443,0.046317,0.03383,0.94737,0.0188,200,sp,32,266,0.82166667,0.04663939,10,1,100,random
3489,AGR,19,"2026-07-13 04:21:21",164.6,0.861612,7.92915,8.0606,1.68462,0.037475,0.03008,0.95865,0.01128,200,sp,32,266,0.83000001,0.03753939,10,1,100,random
3490,AGR,20,"2026-07-13 04:21:30",173.9,0.861997,7.96256,8.0606,1.57303,0.036295,0.01128,0.97368,0.01504,200,sp,32,266,0.83136363,0.03631818,10,1,100,random
3491,RANDOM,1,"2026-07-13 04:21:38",4.5,0.714055,3.86002,8.3333,0.298919,0.000535,0.58909,0.09818,0.31273,200,sp,32,275,0.71636363,-0.00416061,10,1,100,random
3492,RANDOM,2,"2026-07-13 04:21:42",8.6,0.711955,3.82755,8.2424,0.300945,0.003709,0.59191,0.09926,0.30882,200,sp,32,272,0.71151515,-0.00051818,10,1,100,random
3493,RANDOM,3,"2026-07-13 04:21:46",12.7,0.711961,3.84601,8.1212,0.310974,0.009147,0.58209,0.1194,0.29851,200,sp,32,268,0.70636364,0.00646364,10,1,100,random
3494,RANDOM,4,"2026-07-13 04:21:50",16.8,0.710103,3.83241,7.9697,0.332339,0.007051,0.57795,0.11407,0.30798,200,sp,32,263,0.70681818,0.00429394,10,1,100,random
3495,RANDOM,5,"2026-07-13 04:21:54",21.1,0.709827,3.82974,7.6667,0.321657,0.004985,0.55731,0.13043,0.31225,200,sp,32,253,0.70742424,0.00383636,10,1,100,random
3496,RANDOM,6,"2026-07-13 04:21:59",25.2,0.708988,3.79641,7.5758,0.33552,-0.005364,0.556,0.14,0.304,200,sp,32,250,0.71409091,-0.00782121,10,1,100,random
3497,RANDOM,7,"2026-07-13 04:22:04",31,0.704736,3.75172,7.4848,0.342205,0.013744,0.55061,0.13765,0.31174,200,sp,32,247,0.69818182,0.00760909,10,1,100,random
3498,RANDOM,8,"2026-07-13 04:22:10",36.7,0.702388,3.74354,7.4242,0.333536,-0.011057,0.56735,0.12245,0.3102,200,sp,32,245,0.71227272,-0.01492424,10,1,100,random
3499,RANDOM,9,"2026-07-13 04:22:16",42.7,0.699509,3.7079,7.3636,0.343143,0.02356,0.55967,0.13992,0.30041,200,sp,32,243,0.68560606,0.02076667,10,1,100,random
3500,RANDOM,10,"2026-07-13 04:22:22",48.8,0.698897,3.71211,7.3636,0.360196,-0.001332,0.56379,0.1358,0.30041,200,sp,32,243,0.7009091,-0.00499091,10,1,100,random
3501,RANDOM,11,"2026-07-13 04:22:28",54.8,0.696009,3.66933,7.303,0.356715,-0.006768,0.56846,0.13693,0.29461,200,sp,32,241,0.70333334,-0.00916667,10,1,100,random
3502,RANDOM,12,"2026-07-13 04:22:34",60.8,0.697755,3.68694,7.2121,0.374829,-0.007009,0.55462,0.15546,0.28992,200,sp,32,238,0.70272727,-0.00730606,10,1,100,random
3503,RANDOM,13,"2026-07-13 04:22:40",66.8,0.698591,3.70307,7.0606,0.384354,0.001223,0.54506,0.15021,0.30472,200,sp,32,233,0.69833333,-0.00245152,10,1,100,random
3504,RANDOM,14,"2026-07-13 04:22:46",72.8,0.699658,3.72063,7.0303,0.36932,0.016911,0.53879,0.15086,0.31034,200,sp,32,232,0.68818182,0.01676364,10,1,100,random
3505,RANDOM,15,"2026-07-13 04:22:52",78.9,0.699127,3.70567,6.9697,0.362194,0.002628,0.54783,0.14348,0.3087,200,sp,32,230,0.69848485,0.0029697,10,1,100,random
3506,RANDOM,16,"2026-07-13 04:22:58",84.9,0.695327,3.66952,6.9394,0.366978,-0.000656,0.55022,0.1441,0.30568,200,sp,32,229,0.69848485,-0.00740303,10,1,100,random
3507,RANDOM,17,"2026-07-13 04:23:04",91,0.696564,3.69772,6.8182,0.379738,-0.004393,0.53778,0.15111,0.31111,200,sp,32,225,0.7,-0.00473636,10,1,100,random
3508,RANDOM,18,"2026-07-13 04:23:10",97.1,0.698136,3.72268,6.7879,0.381736,-0.003799,0.53571,0.13839,0.32589,200,sp,32,224,0.70090909,-0.00318485,10,1,100,random
3509,RANDOM,19,"2026-07-13 04:23:17",103.1,0.699315,3.74078,6.697,0.369,-0.000431,0.52941,0.15837,0.31222,200,sp,32,221,0.7,-0.00358788,10,1,100,random
3510,RANDOM,20,"2026-07-13 04:23:23",109.2,0.6999,3.71548,6.6667,0.398588,0.010032,0.53636,0.12727,0.33636,200,sp,32,220,0.69378788,0.00893636,10,1,100,random
3511,OI,1,"2026-07-13 04:27:22",4.9,0.729285,4.09857,8.2727,0.367772,-0.020138,0.55678,0.11722,0.32601,200,sp,33,273,0.73530303,-0.00863939,10,1,100,random
3512,OI,2,"2026-07-13 04:27:26",9.4,0.748864,4.43407,8.1818,0.36906,-0.003498,0.51852,0.16296,0.31852,200,sp,33,270,0.74333333,0.00734848,10,1,100,random
3513,OI,3,"2026-07-13 04:27:30",13.9,0.767679,4.76751,8.1818,0.464497,-0.014471,0.47407,0.19259,0.33333,200,sp,33,270,0.77090909,-0.00403939,10,1,100,random
3514,OI,4,"2026-07-13 04:27:35",18.4,0.783997,5.08559,8.1212,0.471483,-0.014974,0.4291,0.27612,0.29478,200,sp,33,268,0.78893939,-0.0057303,10,1,100,random
3515,OI,5,"2026-07-13 04:27:40",23,0.798033,5.43718,8.0909,0.597356,-0.007468,0.397,0.29963,0.30337,200,sp,33,267,0.79833333,-0.00034242,10,1,100,random
3516,OI,6,"2026-07-13 04:27:44",27.6,0.809249,5.72601,8.0606,0.629747,-0.006823,0.36842,0.33459,0.29699,200,sp,33,266,0.81045454,-0.00171212,10,1,100,random
3517,OI,7,"2026-07-13 04:27:50",33.8,0.819597,6.04003,8.0606,0.699051,-0.012025,0.33083,0.38346,0.28571,200,sp,33,266,0.82545455,-0.00719697,10,1,100,random
3518,OI,8,"2026-07-13 04:27:57",40,0.828942,6.34376,8.0303,0.748626,-0.010234,0.28302,0.45283,0.26415,200,sp,33,265,0.83393939,-0.00584849,10,1,100,random
3519,OI,9,"2026-07-13 04:28:03",46.4,0.837164,6.64037,8.0303,0.799815,-0.00288,0.25283,0.50189,0.24528,200,sp,33,265,0.83666667,0.00104242,10,1,100,random
3520,OI,10,"2026-07-13 04:28:09",52.8,0.842497,6.87265,8.0303,0.867151,-0.004584,0.23774,0.53962,0.22264,200,sp,33,265,0.845,-0.00287879,10,1,100,random
3521,OI,11,"2026-07-13 04:28:16",59.4,0.8479,7.09371,8.0303,0.986461,-0.013756,0.20377,0.56226,0.23396,200,sp,33,265,0.85818182,-0.01260909,10,1,100,random
3522,OI,12,"2026-07-13 04:28:23",65.9,0.852045,7.31231,8.0303,0.99159,-0.000765,0.16226,0.6566,0.18113,200,sp,33,265,0.85181818,-0.00027576,10,1,100,random
3523,OI,13,"2026-07-13 04:28:29",72.4,0.854894,7.44228,8.0303,1.10403,0.007643,0.13585,0.71698,0.14717,200,sp,33,265,0.8480303,0.00835152,10,1,100,random
3524,OI,14,"2026-07-13 04:28:35",78.8,0.857349,7.57279,8.0303,1.2381,0.002319,0.12075,0.76604,0.11321,200,sp,33,265,0.85530303,0.00246667,10,1,100,random
3525,OI,15,"2026-07-13 04:28:42",85.2,0.859321,7.68046,8.0303,1.49634,0.008871,0.09057,0.84528,0.06415,200,sp,33,265,0.85181819,0.00865758,10,1,100,random
3526,OI,16,"2026-07-13 04:28:48",91.6,0.860524,7.73431,8.0303,1.97218,0.002319,0.07925,0.86415,0.0566,200,sp,33,265,0.85893939,0.00137576,10,1,100,random
3527,OI,17,"2026-07-13 04:28:55",98,0.861421,7.78008,8.0303,2.06389,-0.000625,0.04151,0.87547,0.08302,200,sp,33,265,0.86257577,-0.00146061,10,1,100,random
3528,OI,18,"2026-07-13 04:29:01",104.4,0.862079,7.80498,8.0303,1.3996,-0.010781,0.0566,0.88302,0.06038,200,sp,33,265,0.87212121,-0.01131818,10,1,100,random
3529,OI,19,"2026-07-13 04:29:07",110.9,0.862439,7.83291,8.0303,2.08079,0.006222,0.03019,0.90943,0.06038,200,sp,33,265,0.85803031,0.00508182,10,1,100,random
3530,OI,20,"2026-07-13 04:29:14",117.4,0.862818,7.82877,8.0303,1.54363,-0.004059,0.04528,0.88302,0.0717,200,sp,33,265,0.86727273,-0.00513333,10,1,100,random
3531,IR,1,"2026-07-13 04:29:23",5,0.711176,3.86118,8.2424,0.313256,-0.095513,0.58456,0.09926,0.31618,200,sp,33,272,0.77878787,-0.09738485,10,1,100,random
3532,IR,2,"2026-07-13 04:29:28",9.4,0.715851,3.92277,8.1212,0.307529,-0.092556,0.56716,0.11567,0.31716,200,sp,33,268,0.78030303,-0.09295455,10,1,100,random
3533,IR,3,"2026-07-13 04:29:32",13.9,0.720964,3.95886,8.0909,0.314356,-0.102616,0.56929,0.10861,0.3221,200,sp,33,267,0.7930303,-0.10322121,10,1,100,random
3534,IR,4,"2026-07-13 04:29:37",18.4,0.724839,4.0185,7.9697,0.308202,-0.101396,0.56274,0.09886,0.3384,200,sp,33,263,0.79681818,-0.10317576,10,1,100,random
3535,IR,5,"2026-07-13 04:29:41",22.9,0.728652,4.07484,7.7273,0.302671,-0.099875,0.54118,0.12157,0.33725,200,sp,33,255,0.80015152,-0.1024697,10,1,100,random
3536,IR,6,"2026-07-13 04:29:46",27.4,0.732233,4.13981,7.6061,0.331016,-0.091679,0.52988,0.11554,0.35458,200,sp,33,251,0.79818182,-0.09482727,10,1,100,random
3537,IR,7,"2026-07-13 04:29:52",33.5,0.734279,4.17077,7.5455,0.321654,-0.102225,0.53012,0.10843,0.36145,200,sp,33,249,0.80893939,-0.10445455,10,1,100,random
3538,IR,8,"2026-07-13 04:29:58",39.7,0.739339,4.23346,7.5455,0.323471,-0.091353,0.53012,0.11647,0.35341,200,sp,33,249,0.80484848,-0.09149091,10,1,100,random
3539,IR,9,"2026-07-13 04:30:05",46.8,0.742952,4.27872,7.5455,0.342737,-0.087812,0.52209,0.13253,0.34538,200,sp,33,249,0.80666666,-0.08820909,10,1,100,random
3540,IR,10,"2026-07-13 04:30:12",53.9,0.744297,4.30231,7.5152,0.352883,-0.094408,0.51613,0.1371,0.34677,200,sp,33,248,0.81454545,-0.09697879,10,1,100,random
3541,IR,11,"2026-07-13 04:30:19",60.2,0.7461,4.32727,7.4242,0.360154,-0.092653,0.50204,0.15102,0.34694,200,sp,33,245,0.81484848,-0.09439697,10,1,100,random
3542,IR,12,"2026-07-13 04:30:25",66.8,0.749094,4.37887,7.3636,0.375741,-0.097434,0.48148,0.17695,0.34156,200,sp,33,243,0.82136364,-0.09817273,10,1,100,random
3543,IR,13,"2026-07-13 04:30:32",73.1,0.751085,4.41997,7.3333,0.389127,-0.093548,0.47521,0.17769,0.34711,200,sp,33,242,0.82075758,-0.0952303,10,1,100,random
3544,IR,14,"2026-07-13 04:30:38",79.5,0.75253,4.44573,7.303,0.384813,-0.098281,0.47303,0.19087,0.3361,200,sp,33,241,0.82621212,-0.10081818,10,1,100,random
3545,IR,15,"2026-07-13 04:30:44",86,0.753845,4.46443,7.303,0.401897,-0.100338,0.47303,0.19087,0.3361,200,sp,33,241,0.82939394,-0.10281818,10,1,100,random
3546,IR,16,"2026-07-13 04:30:51",92.6,0.757394,4.5173,7.2424,0.421202,-0.087935,0.46444,0.19665,0.33891,200,sp,33,239,0.82272727,-0.08774545,10,1,100,random
3547,IR,17,"2026-07-13 04:30:58",99.1,0.760224,4.55445,7.1818,0.425582,-0.100136,0.45992,0.19409,0.34599,200,sp,33,237,0.83560606,-0.10082424,10,1,100,random
3548,IR,18,"2026-07-13 04:31:04",105.6,0.763055,4.59707,7.1212,0.43157,-0.091292,0.44681,0.21277,0.34043,200,sp,33,235,0.83196969,-0.0925303,10,1,100,random
3549,IR,19,"2026-07-13 04:31:11",112.1,0.763782,4.59674,7.0909,0.436933,-0.090847,0.47436,0.17949,0.34615,200,sp,33,234,0.83348484,-0.09420909,10,1,100,random
3550,IR,20,"2026-07-13 04:31:17",118.4,0.764458,4.59475,7.0909,0.447617,-0.099239,0.44872,0.21368,0.33761,200,sp,33,234,0.84045454,-0.10260909,10,1,100,random
3551,AGR,1,"2026-07-13 04:31:27",7.2,0.726933,4.08378,8.303,0.349366,0.050779,0.56934,0.11314,0.31752,200,sp,33,274,0.6830303,0.06076364,10,1,100,random
3552,AGR,2,"2026-07-13 04:31:34",13.9,0.743236,4.37756,8.2424,0.354746,0.044113,0.54412,0.125,0.33088,200,sp,33,272,0.70424242,0.05327879,10,1,100,random
3553,AGR,3,"2026-07-13 04:31:41",20.8,0.75673,4.6612,8.1515,0.375683,0.039719,0.51301,0.1487,0.33829,200,sp,33,269,0.72166667,0.04696364,10,1,100,random
3554,AGR,4,"2026-07-13 04:31:48",27.6,0.770145,4.93655,8.1515,0.400432,0.061759,0.49442,0.16357,0.34201,200,sp,33,269,0.71772728,0.06849697,10,1,100,random
3555,AGR,5,"2026-07-13 04:31:55",34.6,0.78293,5.23134,8.1515,0.439406,0.025581,0.47212,0.17844,0.34944,200,sp,33,269,0.75772727,0.03381818,10,1,100,random
3556,AGR,6,"2026-07-13 04:32:02",41.5,0.795836,5.55458,8.1515,0.476493,0.025808,0.43494,0.22305,0.34201,200,sp,33,269,0.77045455,0.03248182,10,1,100,random
3557,AGR,7,"2026-07-13 04:32:10",50.2,0.805561,5.81309,8.1515,0.518354,0.061476,0.3829,0.25651,0.36059,200,sp,33,269,0.75272727,0.06754545,10,1,100,random
3558,AGR,8,"2026-07-13 04:32:19",58.8,0.815388,6.10878,8.0909,0.522199,0.031909,0.34831,0.30712,0.34457,200,sp,33,267,0.78560607,0.03734242,10,1,100,random
3559,AGR,9,"2026-07-13 04:32:28",67.5,0.823949,6.40698,8.0909,0.593119,0.036204,0.3221,0.35581,0.3221,200,sp,33,267,0.79121212,0.04132727,10,1,100,random
3560,AGR,10,"2026-07-13 04:32:37",76.3,0.831773,6.68478,8.0606,0.679343,0.047868,0.28571,0.40977,0.30451,200,sp,33,266,0.78924242,0.05179091,10,1,100,random
3561,AGR,11,"2026-07-13 04:32:45",85,0.8387,6.92557,8.0606,0.748161,0.034092,0.26692,0.45865,0.27444,200,sp,33,266,0.80787879,0.03824545,10,1,100,random
3562,AGR,12,"2026-07-13 04:32:54",93.8,0.844327,7.15113,8.0303,0.845059,0.043282,0.24528,0.51321,0.24151,200,sp,33,265,0.8060606,0.04641212,10,1,100,random
3563,AGR,13,"2026-07-13 04:33:03",102.6,0.848273,7.3237,8.0303,0.966218,0.04263,0.19245,0.59245,0.21509,200,sp,33,265,0.8110606,0.04500303,10,1,100,random
3564,AGR,14,"2026-07-13 04:33:12",111.5,0.852106,7.50214,8.0303,1.04383,0.031642,0.15472,0.70566,0.13962,200,sp,33,265,0.82424242,0.0336303,10,1,100,random
3565,AGR,15,"2026-07-13 04:33:21",120.5,0.855309,7.65468,8.0303,1.29885,0.030462,0.11698,0.77736,0.10566,200,sp,33,265,0.82863637,0.03178485,10,1,100,random
3566,AGR,16,"2026-07-13 04:33:30",129.4,0.857648,7.75156,8.0303,1.41423,0.040363,0.07925,0.8566,0.06415,200,sp,33,265,0.82272727,0.04094545,10,1,100,random
3567,AGR,17,"2026-07-13 04:33:39",138.3,0.858933,7.79368,8.0303,1.72783,0.046118,0.0566,0.89434,0.04906,200,sp,33,265,0.81954546,0.04718182,10,1,100,random
3568,AGR,18,"2026-07-13 04:33:48",147.3,0.86013,7.85692,8.0303,1.69918,0.042939,0.04151,0.9283,0.03019,200,sp,33,265,0.82333333,0.04341818,10,1,100,random
3569,AGR,19,"2026-07-13 04:33:57",156.3,0.860997,7.88157,8.0303,1.87494,0.035386,0.02264,0.95472,0.02264,200,sp,33,265,0.83090909,0.03562121,10,1,100,random
3570,AGR,20,"2026-07-13 04:34:05",165.2,0.861421,7.8961,8.0303,1.41736,0.041069,0.01887,0.96604,0.01509,200,sp,33,265,0.82666667,0.04166667,10,1,100,random
3571,RANDOM,1,"2026-07-13 04:34:14",4.5,0.710151,3.85264,8.303,0.3133,0.003337,0.58394,0.11314,0.30292,200,sp,33,274,0.70787879,0.00371212,10,1,100,random
3572,RANDOM,2,"2026-07-13 04:34:18",8.6,0.706067,3.83739,8.1515,0.309486,0.003194,0.57993,0.12639,0.29368,200,sp,33,269,0.7069697,-0.00342424,10,1,100,random
3573,RANDOM,3,"2026-07-13 04:34:22",12.8,0.698594,3.77542,8.0303,0.324818,-0.007365,0.57736,0.12453,0.29811,200,sp,33,265,0.70863636,-0.01355455,10,1,100,random
3574,RANDOM,4,"2026-07-13 04:34:26",16.9,0.699458,3.76972,7.9091,0.316988,-0.01155,0.57854,0.10345,0.31801,200,sp,33,261,0.7080303,-0.01429091,10,1,100,random
3575,RANDOM,5,"2026-07-13 04:34:30",21.1,0.697394,3.75253,7.8182,0.293582,-0.003626,0.5814,0.10078,0.31783,200,sp,33,258,0.7019697,-0.00413333,10,1,100,random
3576,RANDOM,6,"2026-07-13 04:34:34",25.3,0.697679,3.76606,7.697,0.295931,-0.007555,0.57874,0.11024,0.31102,200,sp,33,254,0.70378788,-0.01182424,10,1,100,random
3577,RANDOM,7,"2026-07-13 04:34:40",31,0.695688,3.74157,7.6364,0.307136,-0.01063,0.5754,0.10317,0.32143,200,sp,33,252,0.70484848,-0.01352727,10,1,100,random
3578,RANDOM,8,"2026-07-13 04:34:46",36.8,0.691318,3.69733,7.5455,0.292795,0.00356,0.5743,0.1004,0.3253,200,sp,33,249,0.69212121,-0.00182121,10,1,100,random
3579,RANDOM,9,"2026-07-13 04:34:52",42.9,0.691212,3.69122,7.4242,0.293713,-0.003906,0.55918,0.12245,0.31837,200,sp,33,245,0.69484849,-0.00677879,10,1,100,random
3580,RANDOM,10,"2026-07-13 04:34:58",48.9,0.689367,3.68018,7.3333,0.311604,0.005237,0.56612,0.1157,0.31818,200,sp,33,242,0.68742424,0.00370606,10,1,100,random
3581,RANDOM,11,"2026-07-13 04:35:04",55,0.689324,3.67656,7.303,0.32207,0.002376,0.55602,0.13278,0.3112,200,sp,33,241,0.68863636,-0.00009394,10,1,100,random
3582,RANDOM,12,"2026-07-13 04:35:10",61.1,0.687667,3.66358,7.1515,0.32908,0.005005,0.56356,0.12288,0.31356,200,sp,33,236,0.68590909,0.00123333,10,1,100,random
3583,RANDOM,13,"2026-07-13 04:35:16",67.1,0.686785,3.64294,7.0909,0.34146,-0.008473,0.5641,0.11966,0.31624,200,sp,33,234,0.69378788,-0.01293636,10,1,100,random
3584,RANDOM,14,"2026-07-13 04:35:22",73.2,0.687558,3.62778,7.0606,0.349842,0.006823,0.56223,0.11588,0.32189,200,sp,33,233,0.68348485,0.00498485,10,1,100,random
3585,RANDOM,15,"2026-07-13 04:35:28",79.3,0.68567,3.60288,7,0.332023,0.007663,0.55411,0.11688,0.329,200,sp,33,231,0.68242424,0.0057,10,1,100,random
3586,RANDOM,16,"2026-07-13 04:35:35",85.4,0.681648,3.56101,7,0.31912,0.002283,0.5671,0.12121,0.31169,200,sp,33,231,0.6830303,-0.00194242,10,1,100,random
3587,RANDOM,17,"2026-07-13 04:35:41",91.5,0.678524,3.52185,6.9091,0.337031,-0.003733,0.56579,0.12719,0.30702,200,sp,33,228,0.68393939,-0.00826364,10,1,100,random
3588,RANDOM,18,"2026-07-13 04:35:47",97.6,0.678867,3.50692,6.8788,0.355736,-0.003513,0.55947,0.13216,0.30837,200,sp,33,227,0.6819697,-0.00555152,10,1,100,random
3589,RANDOM,19,"2026-07-13 04:35:53",103.6,0.676221,3.4874,6.8182,0.350786,0.007172,0.56444,0.12,0.31556,200,sp,33,225,0.67333333,0.00567576,10,1,100,random
3590,RANDOM,20,"2026-07-13 04:35:59",109.8,0.678179,3.53249,6.7879,0.354548,0.001559,0.55804,0.12946,0.3125,200,sp,33,224,0.6769697,0.00251515,10,1,100,random
3591,OI,1,"2026-07-13 04:37:48",4.7,0.729003,4.10135,8.3636,0.363005,-0.018609,0.56522,0.11232,0.32246,200,sp,34,276,0.73333333,-0.0068303,10,1,100,random
3592,OI,2,"2026-07-13 04:37:52",9,0.745673,4.38168,8.3333,0.38103,-0.024383,0.52727,0.16,0.31273,200,sp,34,275,0.75666667,-0.01528485,10,1,100,random
3593,OI,3,"2026-07-13 04:37:56",13.2,0.762658,4.70814,8.2727,0.450695,-0.01968,0.47985,0.17582,0.34432,200,sp,34,273,0.77060606,-0.00927273,10,1,100,random
3594,OI,4,"2026-07-13 04:38:01",17.6,0.778948,5.0432,8.2121,0.445428,-0.015795,0.43542,0.23247,0.3321,200,sp,34,271,0.78439394,-0.00756364,10,1,100,random
3595,OI,5,"2026-07-13 04:38:05",21.9,0.791612,5.35738,8.1515,0.49875,-0.001031,0.39405,0.2974,0.30855,200,sp,34,269,0.78757576,0.00530909,10,1,100,random
3596,OI,6,"2026-07-13 04:38:09",26.3,0.805649,5.72894,8.1515,0.592816,-0.020775,0.36059,0.33829,0.30112,200,sp,34,269,0.81666667,-0.01380303,10,1,100,random
3597,OI,7,"2026-07-13 04:38:15",32.3,0.8158,6.02878,8.1515,0.643838,-0.010564,0.32714,0.33457,0.33829,200,sp,34,269,0.82075758,-0.00605152,10,1,100,random
3598,OI,8,"2026-07-13 04:38:21",38.2,0.824094,6.30127,8.1212,0.587904,-0.017342,0.28731,0.41045,0.30224,200,sp,34,268,0.83530303,-0.01408485,10,1,100,random
3599,OI,9,"2026-07-13 04:38:28",44.7,0.83173,6.58029,8.1212,0.685738,-0.004031,0.26493,0.49254,0.24254,200,sp,34,268,0.83257576,-0.00076364,10,1,100,random
3600,OI,10,"2026-07-13 04:38:34",50.9,0.837979,6.79753,8.1212,0.839353,-0.014503,0.24254,0.51493,0.24254,200,sp,34,268,0.84818182,-0.01223333,10,1,100,random
3601,OI,11,"2026-07-13 04:38:40",57,0.843567,7.0092,8.1212,0.906928,-0.002247,0.21269,0.5709,0.21642,200,sp,34,268,0.84393939,-0.00011818,10,1,100,random
3602,OI,12,"2026-07-13 04:38:46",63.3,0.848912,7.25487,8.1212,0.978307,-0.003069,0.16418,0.67537,0.16045,200,sp,34,268,0.85,-0.00105152,10,1,100,random
3603,OI,13,"2026-07-13 04:38:52",69.4,0.852755,7.41432,8.1212,1.1144,-0.003942,0.14925,0.67164,0.1791,200,sp,34,268,0.85545454,-0.00336364,10,1,100,random
3604,OI,14,"2026-07-13 04:38:59",75.6,0.855097,7.53151,8.1212,1.09203,0.000462,0.11567,0.73507,0.14925,200,sp,34,268,0.85484848,0.00024848,10,1,100,random
3605,OI,15,"2026-07-13 04:39:05",81.8,0.857727,7.64998,8.1212,1.12271,-0.005003,0.10448,0.77239,0.12313,200,sp,34,268,0.86196969,-0.00506667,10,1,100,random
3606,OI,16,"2026-07-13 04:39:11",88,0.859591,7.73255,8.1212,1.27897,-0.006667,0.10821,0.81716,0.07463,200,sp,34,268,0.86545455,-0.00683939,10,1,100,random
3607,OI,17,"2026-07-13 04:39:17",94.2,0.860658,7.7752,8.1212,1.79735,-0.003858,0.08582,0.82463,0.08955,200,sp,34,268,0.86454545,-0.00502424,10,1,100,random
3608,OI,18,"2026-07-13 04:39:23",100.3,0.861964,7.843,8.1212,1.4794,-0.004317,0.06716,0.8694,0.06343,200,sp,34,268,0.86606061,-0.0050697,10,1,100,random
3609,OI,19,"2026-07-13 04:39:29",106.4,0.862567,7.85841,8.1212,1.94769,-0.008274,0.05597,0.87687,0.06716,200,sp,34,268,0.87060606,-0.00935152,10,1,100,random
3610,OI,20,"2026-07-13 04:39:36",112.5,0.863094,7.90446,8.1212,1.65745,-0.000174,0.04478,0.89552,0.0597,200,sp,34,268,0.86409091,-0.00077576,10,1,100,random
3611,IR,1,"2026-07-13 04:39:44",5.2,0.709564,3.82314,8.1515,0.301713,-0.103512,0.57621,0.12268,0.30112,200,sp,34,269,0.78257576,-0.10626667,10,1,100,random
3612,IR,2,"2026-07-13 04:39:49",9.8,0.715361,3.87291,8.0606,0.329489,-0.097668,0.56391,0.11278,0.32331,200,sp,34,266,0.7830303,-0.09684849,10,1,100,random
3613,IR,3,"2026-07-13 04:39:54",14.6,0.717609,3.88742,7.9394,0.289699,-0.097767,0.55725,0.11832,0.32443,200,sp,34,262,0.78742424,-0.10105455,10,1,100,random
3614,IR,4,"2026-07-13 04:39:58",19.2,0.720973,3.91986,7.8485,0.294951,-0.102945,0.55212,0.13127,0.3166,200,sp,34,259,0.79424242,-0.10316667,10,1,100,random
3615,IR,5,"2026-07-13 04:40:03",24.2,0.726079,3.99339,7.7879,0.323073,-0.098488,0.55253,0.11284,0.33463,200,sp,34,257,0.79545455,-0.09738182,10,1,100,random
3616,IR,6,"2026-07-13 04:40:09",29.7,0.728588,4.03206,7.7576,0.29012,-0.095251,0.55078,0.10547,0.34375,200,sp,34,256,0.79727274,-0.09770909,10,1,100,random
3617,IR,7,"2026-07-13 04:40:15",36.4,0.731309,4.0469,7.6364,0.28928,-0.103372,0.55159,0.10317,0.34524,200,sp,34,252,0.8060606,-0.10447879,10,1,100,random
3618,IR,8,"2026-07-13 04:40:22",42.9,0.732603,4.05658,7.5152,0.299815,-0.101434,0.54032,0.1129,0.34677,200,sp,34,248,0.8069697,-0.10490303,10,1,100,random
3619,IR,9,"2026-07-13 04:40:29",49.6,0.735997,4.096,7.4545,0.326753,-0.09989,0.52439,0.12602,0.34959,200,sp,34,246,0.80848485,-0.10168788,10,1,100,random
3620,IR,10,"2026-07-13 04:40:35",56.3,0.740858,4.17651,7.3636,0.331873,-0.100577,0.5144,0.14403,0.34156,200,sp,34,243,0.81333334,-0.10002121,10,1,100,random
3621,IR,11,"2026-07-13 04:40:42",62.9,0.742948,4.20502,7.3333,0.347466,-0.098119,0.52066,0.13223,0.34711,200,sp,34,242,0.81530303,-0.09995455,10,1,100,random
3622,IR,12,"2026-07-13 04:40:48",69.6,0.7456,4.23532,7.2727,0.352127,-0.097821,0.51667,0.14167,0.34167,200,sp,34,240,0.81787878,-0.09948182,10,1,100,random
3623,IR,13,"2026-07-13 04:40:55",76.2,0.745824,4.24369,7.2121,0.374109,-0.091965,0.51261,0.13025,0.35714,200,sp,34,238,0.81515152,-0.09467576,10,1,100,random
3624,IR,14,"2026-07-13 04:41:02",82.8,0.749452,4.31272,7.2121,0.369265,-0.100198,0.5084,0.13025,0.36134,200,sp,34,238,0.82333333,-0.10062424,10,1,100,random
3625,IR,15,"2026-07-13 04:41:08",89.4,0.748994,4.31425,7.1515,0.357575,-0.109632,0.49153,0.15678,0.35169,200,sp,34,236,0.8319697,-0.11370303,10,1,100,random
3626,IR,16,"2026-07-13 04:41:15",96.1,0.750585,4.33737,7.1212,0.386041,-0.103019,0.48936,0.15319,0.35745,200,sp,34,235,0.82772727,-0.10375455,10,1,100,random
3627,IR,17,"2026-07-13 04:41:22",102.8,0.752306,4.35244,7.0909,0.373495,-0.089113,0.48718,0.18803,0.32479,200,sp,34,234,0.81924243,-0.09059697,10,1,100,random
3628,IR,18,"2026-07-13 04:41:28",109.4,0.755376,4.39048,7.0909,0.449031,-0.098216,0.46154,0.19658,0.34188,200,sp,34,234,0.82848485,-0.09860303,10,1,100,random
3629,IR,19,"2026-07-13 04:41:35",116.1,0.757003,4.40297,7.0606,0.406554,-0.090968,0.4721,0.19313,0.33476,200,sp,34,233,0.82575758,-0.0927697,10,1,100,random
3630,IR,20,"2026-07-13 04:41:42",122.8,0.759261,4.44682,7.0606,0.432594,-0.099258,0.46352,0.18884,0.34764,200,sp,34,233,0.83409092,-0.10007273,10,1,100,random
3631,AGR,1,"2026-07-13 04:41:55",8.2,0.724812,4.05609,8.2121,0.341034,0.047541,0.57565,0.11439,0.30996,200,sp,34,271,0.68393939,0.05762121,10,1,100,random
3632,AGR,2,"2026-07-13 04:42:02",15.9,0.742297,4.35657,8.0606,0.393413,0.04934,0.53383,0.15038,0.31579,200,sp,34,266,0.69924242,0.0605,10,1,100,random
3633,AGR,3,"2026-07-13 04:42:10",23.9,0.759291,4.69444,8,0.431115,0.044482,0.51515,0.16288,0.32197,200,sp,34,264,0.7189394,0.05544545,10,1,100,random
3634,AGR,4,"2026-07-13 04:42:18",31.6,0.771618,4.98855,8,0.466254,0.05026,0.48864,0.18561,0.32576,200,sp,34,264,0.72833334,0.05649091,10,1,100,random
3635,AGR,5,"2026-07-13 04:42:26",39.4,0.785103,5.30414,7.9697,0.489944,0.03458,0.46388,0.17871,0.35741,200,sp,34,263,0.75257576,0.04268788,10,1,100,random
3636,AGR,6,"2026-07-13 04:42:34",47.6,0.796915,5.57955,7.9697,0.477473,0.045505,0.43346,0.22053,0.34601,200,sp,34,263,0.7560606,0.05221515,10,1,100,random
3637,AGR,7,"2026-07-13 04:42:44",57.4,0.807521,5.85937,7.9394,0.543505,0.03135,0.4084,0.24809,0.34351,200,sp,34,262,0.77818181,0.0362,10,1,100,random
3638,AGR,8,"2026-07-13 04:42:53",67,0.817158,6.10497,7.9394,0.597588,0.04979,0.35115,0.31679,0.33206,200,sp,34,262,0.77287879,0.05465758,10,1,100,random
3639,AGR,9,"2026-07-13 04:43:03",76.9,0.825461,6.38433,7.9394,0.630649,0.035986,0.31298,0.35878,0.32824,200,sp,34,262,0.79287879,0.04034849,10,1,100,random
3640,AGR,10,"2026-07-13 04:43:14",87.4,0.832191,6.61507,7.9394,0.653135,0.046488,0.29008,0.37786,0.33206,200,sp,34,262,0.79136364,0.05003939,10,1,100,random
3641,AGR,11,"2026-07-13 04:43:24",97.6,0.838751,6.86992,7.9394,0.682883,0.043653,0.24809,0.48855,0.26336,200,sp,34,262,0.8,0.04707273,10,1,100,random
3642,AGR,12,"2026-07-13 04:43:34",107.8,0.844291,7.11029,7.9394,0.863727,0.025173,0.20229,0.54198,0.25573,200,sp,34,262,0.82121212,0.02846061,10,1,100,random
3643,AGR,13,"2026-07-13 04:43:45",118.2,0.848239,7.28176,7.9394,0.889181,0.024557,0.16794,0.66031,0.17176,200,sp,34,262,0.82636363,0.02633939,10,1,100,random
3644,AGR,14,"2026-07-13 04:43:54",127.8,0.851285,7.42032,7.9394,1.08062,0.050728,0.15267,0.70229,0.14504,200,sp,34,262,0.80757576,0.05295455,10,1,100,random
3645,AGR,15,"2026-07-13 04:44:04",137.4,0.853627,7.53835,7.9394,1.22617,0.04217,0.10305,0.77099,0.12595,200,sp,34,262,0.81727272,0.04303636,10,1,100,random
3646,AGR,16,"2026-07-13 04:44:14",147.2,0.855773,7.63565,7.9394,1.21275,0.041819,0.07252,0.82824,0.09924,200,sp,34,262,0.81969697,0.04299394,10,1,100,random
3647,AGR,17,"2026-07-13 04:44:23",156.8,0.857479,7.71581,7.9394,1.28589,0.048,0.06489,0.89313,0.04198,200,sp,34,262,0.81636364,0.0489697,10,1,100,random
3648,AGR,18,"2026-07-13 04:44:33",166.4,0.858564,7.76248,7.9394,2.00673,0.041682,0.03817,0.9313,0.03053,200,sp,34,262,0.8230303,0.04177273,10,1,100,random
3649,AGR,19,"2026-07-13 04:44:43",176.1,0.859394,7.79407,7.9394,1.71357,0.049544,0.03053,0.94656,0.0229,200,sp,34,262,0.81727273,0.04975455,10,1,100,random
3650,AGR,20,"2026-07-13 04:44:52",185.8,0.859685,7.81568,7.9394,1.57699,0.047383,0.0229,0.95038,0.02672,200,sp,34,262,0.81954545,0.04773939,10,1,100,random
3651,RANDOM,1,"2026-07-13 04:45:02",4.7,0.709085,3.82025,8.1515,0.303539,-0.00387,0.58364,0.10037,0.31599,200,sp,34,269,0.71196969,-0.00357273,10,1,100,random
3652,RANDOM,2,"2026-07-13 04:45:06",9,0.708567,3.79516,7.9394,0.298059,0.010216,0.58397,0.1145,0.30153,200,sp,34,262,0.70257576,0.01036667,10,1,100,random
3653,RANDOM,3,"2026-07-13 04:45:10",13.3,0.708848,3.80365,7.8788,0.340301,0.000889,0.58462,0.11538,0.3,200,sp,34,260,0.70924243,-0.0016697,10,1,100,random
3654,RANDOM,4,"2026-07-13 04:45:15",17.6,0.708382,3.81696,7.7273,0.346969,-0.006903,0.57255,0.12157,0.30588,200,sp,34,255,0.71454546,-0.00961818,10,1,100,random
3655,RANDOM,5,"2026-07-13 04:45:19",21.9,0.707009,3.81483,7.6061,0.34335,-0.01227,0.56175,0.13147,0.30677,200,sp,34,251,0.71712121,-0.01628182,10,1,100,random
3656,RANDOM,6,"2026-07-13 04:45:23",26.4,0.707179,3.81349,7.5758,0.355538,0.007833,0.564,0.128,0.308,200,sp,34,250,0.70272727,0.00614242,10,1,100,random
3657,RANDOM,7,"2026-07-13 04:45:29",32.3,0.709685,3.86588,7.5152,0.355641,-0.017268,0.55242,0.13306,0.31452,200,sp,34,248,0.72166666,-0.01586061,10,1,100,random
3658,RANDOM,8,"2026-07-13 04:45:35",38.3,0.710367,3.84939,7.4242,0.352229,-0.007082,0.54286,0.15102,0.30612,200,sp,34,245,0.7160606,-0.00702424,10,1,100,random
3659,RANDOM,9,"2026-07-13 04:45:41",44.5,0.710782,3.85822,7.3636,0.371061,0.01123,0.54321,0.15226,0.30453,200,sp,34,243,0.70348485,0.01221212,10,1,100,random
3660,RANDOM,10,"2026-07-13 04:45:48",50.5,0.710706,3.85378,7.2424,0.37048,0.006702,0.54393,0.15063,0.30544,200,sp,34,239,0.7069697,0.00511212,10,1,100,random
3661,RANDOM,11,"2026-07-13 04:45:54",56.6,0.710109,3.86134,7.2121,0.381508,-0.005452,0.53361,0.14706,0.31933,200,sp,34,238,0.71515151,-0.0079,10,1,100,random
3662,RANDOM,12,"2026-07-13 04:46:00",62.8,0.711103,3.86455,7.1515,0.347912,0.010337,0.52966,0.15678,0.31356,200,sp,34,236,0.7039394,0.0108303,10,1,100,random
3663,RANDOM,13,"2026-07-13 04:46:06",69,0.711467,3.84965,7.0909,0.365313,0.004088,0.51709,0.15812,0.32479,200,sp,34,234,0.70909091,0.00341818,10,1,100,random
3664,RANDOM,14,"2026-07-13 04:46:12",75.2,0.706658,3.80782,7,0.342451,0.003401,0.5368,0.13853,0.32468,200,sp,34,231,0.70757575,-0.00191212,10,1,100,random
3665,RANDOM,15,"2026-07-13 04:46:18",81.3,0.706115,3.7964,6.9091,0.36231,0.001292,0.51754,0.16228,0.32018,200,sp,34,228,0.70651515,-0.00006667,10,1,100,random
3666,RANDOM,16,"2026-07-13 04:46:24",87.4,0.706964,3.78769,6.8788,0.369074,-0.002531,0.51542,0.163,0.32159,200,sp,34,227,0.70939394,-0.00404848,10,1,100,random
3667,RANDOM,17,"2026-07-13 04:46:30",93.5,0.706267,3.79395,6.8485,0.390712,-0.00364,0.5177,0.15487,0.32743,200,sp,34,226,0.70984848,-0.00498788,10,1,100,random
3668,RANDOM,18,"2026-07-13 04:46:37",99.6,0.704009,3.76504,6.8485,0.374102,0.004448,0.52212,0.15929,0.31858,200,sp,34,226,0.70287879,0.00209394,10,1,100,random
3669,RANDOM,19,"2026-07-13 04:46:43",105.8,0.703767,3.76751,6.8182,0.386212,-0.007218,0.52,0.17333,0.30667,200,sp,34,225,0.70984848,-0.00864545,10,1,100,random
3670,RANDOM,20,"2026-07-13 04:46:49",112,0.700176,3.72391,6.697,0.399059,-0.007987,0.51584,0.16742,0.31674,200,sp,34,221,0.70863636,-0.01292121,10,1,100,random
3671,OI,1,"2026-07-13 04:47:21",5.4,0.734839,4.14068,8.1515,0.377206,-0.029589,0.55019,0.11896,0.33086,200,sp,35,269,0.74621212,-0.01551818,10,1,100,random
3672,OI,2,"2026-07-13 04:47:25",10.3,0.7537,4.43658,8.1515,0.405578,-0.022851,0.50186,0.15242,0.34572,200,sp,35,269,0.76287879,-0.01226061,10,1,100,random
3673,OI,3,"2026-07-13 04:47:30",15.3,0.771552,4.75997,8,0.403271,-0.014625,0.45455,0.22348,0.32197,200,sp,35,264,0.77530303,-0.00460909,10,1,100,random
3674,OI,4,"2026-07-13 04:47:35",20.2,0.7847,5.0874,7.9697,0.495806,-0.018784,0.43346,0.23954,0.327,200,sp,35,263,0.79424243,-0.01241212,10,1,100,random
3675,OI,5,"2026-07-13 04:47:40",25.1,0.796467,5.37785,7.9394,0.537383,-0.005869,0.38168,0.30153,0.31679,200,sp,35,262,0.79651516,-0.00071212,10,1,100,random
3676,OI,6,"2026-07-13 04:47:45",30.2,0.806476,5.63519,7.9394,0.59982,-0.011244,0.36641,0.33588,0.29771,200,sp,35,262,0.81181818,-0.00605151,10,1,100,random
3677,OI,7,"2026-07-13 04:47:52",36.8,0.816779,5.92368,7.9091,0.685182,-0.011774,0.30268,0.41762,0.27969,200,sp,35,261,0.82242424,-0.00715758,10,1,100,random
3678,OI,8,"2026-07-13 04:47:59",43.4,0.826345,6.25533,7.9091,0.736952,0.007347,0.28352,0.44828,0.2682,200,sp,35,261,0.81681818,0.01240303,10,1,100,random
3679,OI,9,"2026-07-13 04:48:05",50.2,0.83373,6.53837,7.9091,0.808988,-0.006574,0.24138,0.52107,0.23755,200,sp,35,261,0.83681818,-0.00403636,10,1,100,random
3680,OI,10,"2026-07-13 04:48:12",57.1,0.839685,6.79322,7.9091,0.900407,-0.002518,0.21839,0.54023,0.24138,200,sp,35,261,0.84,-0.00096061,10,1,100,random
3681,OI,11,"2026-07-13 04:48:19",63.9,0.843906,6.98095,7.9091,0.907153,0.003409,0.1954,0.60536,0.19923,200,sp,35,261,0.84,0.00560909,10,1,100,random
3682,OI,12,"2026-07-13 04:48:26",70.7,0.847691,7.17833,7.9091,1.04237,-0.002169,0.16858,0.6705,0.16092,200,sp,35,261,0.84878788,-0.00124242,10,1,100,random
3683,OI,13,"2026-07-13 04:48:33",77.8,0.850336,7.29321,7.9091,1.21425,-0.008064,0.14176,0.72031,0.13793,200,sp,35,261,0.85696969,-0.0075697,10,1,100,random
3684,OI,14,"2026-07-13 04:48:40",84.5,0.853427,7.44893,7.9091,1.32167,-0.014692,0.11111,0.76628,0.12261,200,sp,35,261,0.86560606,-0.01485758,10,1,100,random
3685,OI,15,"2026-07-13 04:48:46",91.3,0.855412,7.52962,7.9091,1.30107,-0.010955,0.08429,0.81226,0.10345,200,sp,35,261,0.86484849,-0.0111,10,1,100,random
3686,OI,16,"2026-07-13 04:48:53",98.1,0.857124,7.60727,7.9091,1.42156,0.002419,0.08046,0.85824,0.0613,200,sp,35,261,0.85530303,0.00250303,10,1,100,random
3687,OI,17,"2026-07-13 04:49:00",104.9,0.858027,7.65664,7.9091,2.09601,-0.000897,0.04981,0.87356,0.07663,200,sp,35,261,0.85939394,-0.00183939,10,1,100,random
3688,OI,18,"2026-07-13 04:49:07",111.7,0.858745,7.67053,7.9091,1.46723,-0.002679,0.07663,0.85057,0.0728,200,sp,35,261,0.8619697,-0.00416667,10,1,100,random
3689,OI,19,"2026-07-13 04:49:14",118.8,0.859042,7.69393,7.9091,1.96409,-0.00353,0.05747,0.90421,0.03831,200,sp,35,261,0.8630303,-0.00488485,10,1,100,random
3690,OI,20,"2026-07-13 04:49:21",125.5,0.859261,7.68669,7.9091,2.66504,0.012118,0.04598,0.87356,0.08046,200,sp,35,261,0.84969697,0.01139394,10,1,100,random
3691,IR,1,"2026-07-13 04:49:31",5.3,0.718733,3.87709,8.1818,0.325406,-0.089538,0.58519,0.09259,0.32222,200,sp,35,270,0.78015151,-0.08621515,10,1,100,random
3692,IR,2,"2026-07-13 04:49:36",10.1,0.721797,3.91317,8.0303,0.319755,-0.091901,0.56226,0.10566,0.33208,200,sp,35,265,0.78727272,-0.09400303,10,1,100,random
3693,IR,3,"2026-07-13 04:49:41",14.9,0.726791,3.95943,7.8485,0.312973,-0.098184,0.54826,0.13127,0.32046,200,sp,35,259,0.79621212,-0.09798788,10,1,100,random
3694,IR,4,"2026-07-13 04:49:45",19.8,0.731285,4.03682,7.7879,0.336599,-0.094494,0.56031,0.10117,0.33852,200,sp,35,257,0.79878788,-0.09496667,10,1,100,random
3695,IR,5,"2026-07-13 04:49:50",24.6,0.734788,4.09206,7.697,0.320516,-0.106964,0.54724,0.1063,0.34646,200,sp,35,254,0.81212121,-0.10900303,10,1,100,random
3696,IR,6,"2026-07-13 04:49:55",29.6,0.735312,4.10967,7.6667,0.314079,-0.099781,0.53755,0.11858,0.34387,200,sp,35,253,0.80909091,-0.10320303,10,1,100,random
3697,IR,7,"2026-07-13 04:50:02",36.3,0.739661,4.15735,7.5758,0.323245,-0.093956,0.524,0.136,0.34,200,sp,35,250,0.80757575,-0.09421515,10,1,100,random
3698,IR,8,"2026-07-13 04:50:09",43.7,0.7413,4.1938,7.5152,0.33885,-0.102993,0.51613,0.14113,0.34274,200,sp,35,248,0.81742424,-0.10467273,10,1,100,random
3699,IR,9,"2026-07-13 04:50:16",50.7,0.741952,4.192,7.4545,0.338649,-0.089941,0.51626,0.15854,0.3252,200,sp,35,246,0.80909091,-0.09301515,10,1,100,random
3700,IR,10,"2026-07-13 04:50:23",57.5,0.74327,4.22764,7.3636,0.382811,-0.097988,0.50206,0.17695,0.32099,200,sp,35,243,0.81606061,-0.09918182,10,1,100,random
3701,IR,11,"2026-07-13 04:50:30",64.4,0.745118,4.24735,7.3333,0.397002,-0.099343,0.5,0.16116,0.33884,200,sp,35,242,0.81863636,-0.10171515,10,1,100,random
3702,IR,12,"2026-07-13 04:50:37",71.3,0.747188,4.30829,7.2121,0.37111,-0.101947,0.4916,0.17227,0.33613,200,sp,35,238,0.82287879,-0.10447273,10,1,100,random
3703,IR,13,"2026-07-13 04:50:44",78,0.752091,4.37626,7.1515,0.3925,-0.09338,0.47034,0.18644,0.34322,200,sp,35,236,0.82045454,-0.09302424,10,1,100,random
3704,IR,14,"2026-07-13 04:50:50",84.8,0.753094,4.38274,7.1515,0.387116,-0.099076,0.48729,0.16525,0.34746,200,sp,35,236,0.82787879,-0.10132424,10,1,100,random
3705,IR,15,"2026-07-13 04:50:57",91.6,0.756442,4.43226,7.1212,0.389679,-0.098786,0.46809,0.17872,0.35319,200,sp,35,235,0.83,-0.09915455,10,1,100,random
3706,IR,16,"2026-07-13 04:51:04",98.4,0.755294,4.41114,7.1212,0.39278,-0.090448,0.48085,0.17872,0.34043,200,sp,35,235,0.82484849,-0.09348182,10,1,100,random
3707,IR,17,"2026-07-13 04:51:11",105.2,0.758867,4.47097,7.0606,0.425352,-0.093018,0.46781,0.18884,0.34335,200,sp,35,233,0.82818182,-0.09368485,10,1,100,random
3708,IR,18,"2026-07-13 04:51:18",112.1,0.762003,4.5079,7.0303,0.43581,-0.098748,0.45259,0.19828,0.34914,200,sp,35,232,0.83621212,-0.0996697,10,1,100,random
3709,IR,19,"2026-07-13 04:51:25",118.8,0.763921,4.53009,6.9697,0.42676,-0.089744,0.45652,0.18696,0.35652,200,sp,35,230,0.8319697,-0.09152727,10,1,100,random
3710,IR,20,"2026-07-13 04:51:31",125.6,0.7657,4.56246,6.8788,0.412109,-0.089425,0.44493,0.20705,0.34802,200,sp,35,227,0.83378788,-0.0905697,10,1,100,random
3711,AGR,1,"2026-07-13 04:51:40",8.1,0.731021,4.12639,8.1515,0.363068,0.051211,0.54275,0.13011,0.32714,200,sp,35,269,0.6860606,0.06267576,10,1,100,random
3712,AGR,2,"2026-07-13 04:51:48",16.1,0.748515,4.41811,8,0.360333,0.043008,0.53788,0.12121,0.34091,200,sp,35,264,0.70969697,0.05199091,10,1,100,random
3713,AGR,3,"2026-07-13 04:51:56",24.1,0.7632,4.70618,7.9394,0.387747,0.047929,0.5,0.16794,0.33206,200,sp,35,262,0.72106061,0.05699394,10,1,100,random
3714,AGR,4,"2026-07-13 04:52:04",31.7,0.77747,5.03304,7.9091,0.447911,0.028448,0.47893,0.17241,0.34866,200,sp,35,261,0.74984848,0.03627576,10,1,100,random
3715,AGR,5,"2026-07-13 04:52:12",39.7,0.789085,5.33588,7.8485,0.462154,0.037572,0.44402,0.20077,0.35521,200,sp,35,259,0.75499999,0.04464849,10,1,100,random
3716,AGR,6,"2026-07-13 04:52:20",47.6,0.799121,5.61836,7.8485,0.499081,0.039515,0.38996,0.25869,0.35135,200,sp,35,259,0.76378788,0.04428182,10,1,100,random
3717,AGR,7,"2026-07-13 04:52:29",57,0.808203,5.87698,7.8485,0.526093,0.04195,0.37066,0.28958,0.33977,200,sp,35,259,0.77121212,0.04790303,10,1,100,random
3718,AGR,8,"2026-07-13 04:52:39",66.6,0.815564,6.09385,7.8485,0.583837,0.035095,0.33977,0.31274,0.34749,200,sp,35,259,0.78454546,0.03940909,10,1,100,random
3719,AGR,9,"2026-07-13 04:52:48",76.1,0.823873,6.37529,7.8182,0.609727,0.042978,0.32171,0.33333,0.34496,200,sp,35,258,0.78560606,0.04833636,10,1,100,random
3720,AGR,10,"2026-07-13 04:52:58",85.7,0.830815,6.61182,7.8182,0.671348,0.037395,0.27519,0.4031,0.32171,200,sp,35,258,0.79742424,0.04120606,10,1,100,random
3721,AGR,11,"2026-07-13 04:53:07",95.3,0.836852,6.84289,7.8182,0.733588,0.035671,0.24419,0.47674,0.27907,200,sp,35,258,0.80484848,0.03899394,10,1,100,random
3722,AGR,12,"2026-07-13 04:53:17",104.8,0.842442,7.05533,7.8182,0.849552,0.042461,0.22093,0.55814,0.22093,200,sp,35,258,0.80484848,0.04569394,10,1,100,random
3723,AGR,13,"2026-07-13 04:53:26",114.3,0.846885,7.24555,7.8182,1.01927,0.032456,0.16279,0.68992,0.14729,200,sp,35,258,0.81818181,0.03469697,10,1,100,random
3724,AGR,14,"2026-07-13 04:53:36",123.7,0.849933,7.38272,7.8182,1.26805,0.030352,0.14729,0.75194,0.10078,200,sp,35,258,0.82363637,0.03173939,10,1,100,random
3725,AGR,15,"2026-07-13 04:53:45",133.3,0.852391,7.47271,7.8182,1.56883,0.048454,0.10078,0.81395,0.08527,200,sp,35,258,0.81075758,0.05068182,10,1,100,random
3726,AGR,16,"2026-07-13 04:53:55",142.8,0.854658,7.56321,7.8182,1.44714,0.038072,0.08527,0.86434,0.05039,200,sp,35,258,0.8219697,0.03893333,10,1,100,random
3727,AGR,17,"2026-07-13 04:54:04",152.3,0.856161,7.63787,7.8182,2.01668,0.048147,0.05426,0.91473,0.03101,200,sp,35,258,0.815,0.04951818,10,1,100,random
3728,AGR,18,"2026-07-13 04:54:14",162.2,0.857158,7.68651,7.8182,2.26504,0.04894,0.03488,0.94186,0.02326,200,sp,35,258,0.81560606,0.05001515,10,1,100,random
3729,AGR,19,"2026-07-13 04:54:24",172.1,0.857815,7.70555,7.8182,2.01779,0.049055,0.02713,0.96512,0.00775,200,sp,35,258,0.81621212,0.04906061,10,1,100,random
3730,AGR,20,"2026-07-13 04:54:34",181.9,0.858176,7.71715,7.8182,1.60174,0.056259,0.01163,0.97674,0.01163,200,sp,35,258,0.81045455,0.05704242,10,1,100,random
3731,RANDOM,1,"2026-07-13 04:54:43",4.7,0.712906,3.85165,8.2424,0.316655,-0.008695,0.58456,0.09559,0.31985,200,sp,35,272,0.71924243,-0.00838182,10,1,100,random
3732,RANDOM,2,"2026-07-13 04:54:48",8.8,0.711039,3.83406,7.9697,0.301258,-0.008591,0.55894,0.12167,0.31939,200,sp,35,263,0.7189394,-0.01026364,10,1,100,random
3733,RANDOM,3,"2026-07-13 04:54:52",13.1,0.709252,3.80709,7.8485,0.304683,0.002416,0.56371,0.12355,0.31274,200,sp,35,259,0.70939394,0.00094242,10,1,100,random
3734,RANDOM,4,"2026-07-13 04:54:56",17.3,0.708291,3.80945,7.7576,0.322959,-0.001306,0.54688,0.15234,0.30078,200,sp,35,256,0.71060606,-0.0033697,10,1,100,random
3735,RANDOM,5,"2026-07-13 04:55:00",21.5,0.706473,3.78993,7.7273,0.33394,-0.004522,0.5451,0.15686,0.29804,200,sp,35,255,0.71151514,-0.00799091,10,1,100,random
3736,RANDOM,6,"2026-07-13 04:55:05",25.8,0.706997,3.77252,7.6061,0.337721,0.006136,0.5498,0.14343,0.30677,200,sp,35,251,0.70333333,0.00629091,10,1,100,random
3737,RANDOM,7,"2026-07-13 04:55:11",31.7,0.705618,3.7414,7.4848,0.332327,0.004196,0.55466,0.13765,0.30769,200,sp,35,247,0.70424242,0.00402121,10,1,100,random
3738,RANDOM,8,"2026-07-13 04:55:16",37.7,0.704421,3.74587,7.3333,0.350738,0.015173,0.54545,0.14876,0.30579,200,sp,35,242,0.69515151,0.01367273,10,1,100,random
3739,RANDOM,9,"2026-07-13 04:55:23",44,0.703142,3.72977,7.1818,0.359973,-0.011382,0.55696,0.13924,0.3038,200,sp,35,237,0.71272727,-0.01428182,10,1,100,random
3740,RANDOM,10,"2026-07-13 04:55:29",50.2,0.703361,3.71474,7.1515,0.391268,0.000537,0.55085,0.14407,0.30508,200,sp,35,236,0.70363637,0.00002121,10,1,100,random
3741,RANDOM,11,"2026-07-13 04:55:35",56.3,0.702097,3.69143,7.0909,0.388737,0.0103,0.55556,0.1453,0.29915,200,sp,35,234,0.69666667,0.00757273,10,1,100,random
3742,RANDOM,12,"2026-07-13 04:55:41",62.4,0.702476,3.68851,7.0606,0.398487,0.006324,0.54506,0.15451,0.30043,200,sp,35,233,0.69863637,0.00589697,10,1,100,random
3743,RANDOM,13,"2026-07-13 04:55:47",68.5,0.703609,3.69632,6.9697,0.401698,0.001298,0.55217,0.16087,0.28696,200,sp,35,230,0.70272727,0.00304242,10,1,100,random
3744,RANDOM,14,"2026-07-13 04:55:53",74.7,0.703139,3.68741,6.9697,0.4282,-0.001447,0.55217,0.16522,0.28261,200,sp,35,230,0.70515152,-0.00196061,10,1,100,random
3745,RANDOM,15,"2026-07-13 04:56:00",80.8,0.6991,3.62752,6.9394,0.413091,0.002191,0.54585,0.17467,0.27948,200,sp,35,229,0.70060606,-0.00198485,10,1,100,random
3746,RANDOM,16,"2026-07-13 04:56:06",87,0.699821,3.63789,6.9394,0.418573,-0.011639,0.54148,0.15721,0.30131,200,sp,35,229,0.70833334,-0.01194242,10,1,100,random
3747,RANDOM,17,"2026-07-13 04:56:12",93.2,0.697003,3.62079,6.8485,0.37979,-0.008658,0.54867,0.17699,0.27434,200,sp,35,226,0.70530303,-0.01224849,10,1,100,random
3748,RANDOM,18,"2026-07-13 04:56:18",99.4,0.694921,3.61619,6.7879,0.441605,0.020622,0.54464,0.1875,0.26786,200,sp,35,224,0.68272727,0.01850909,10,1,100,random
3749,RANDOM,19,"2026-07-13 04:56:24",105.5,0.692709,3.59092,6.7273,0.44658,-0.009546,0.54505,0.17568,0.27928,200,sp,35,222,0.70136364,-0.01504545,10,1,100,random
3750,RANDOM,20,"2026-07-13 04:56:30",111.6,0.696012,3.62357,6.697,0.441381,-0.014287,0.54299,0.16742,0.28959,200,sp,35,221,0.70545454,-0.01352121,10,1,100,random
3751,OI,1,"2026-07-13 04:58:40",5.1,0.726485,4.10438,8.3939,0.346255,-0.020597,0.56679,0.12274,0.31047,200,sp,36,277,0.73287879,-0.00911212,10,1,100,random
3752,OI,2,"2026-07-13 04:58:44",9.7,0.744836,4.39314,8.3333,0.39274,-0.014859,0.51636,0.16364,0.32,200,sp,36,275,0.74848485,-0.00517879,10,1,100,random
3753,OI,3,"2026-07-13 04:58:49",14.1,0.762227,4.7281,8.303,0.421749,-0.016294,0.46715,0.22628,0.30657,200,sp,36,274,0.76727273,-0.00575152,10,1,100,random
3754,OI,4,"2026-07-13 04:58:53",18.6,0.778485,5.06745,8.2727,0.487129,-0.008174,0.44322,0.23443,0.32234,200,sp,36,273,0.77818182,0.00035152,10,1,100,random
3755,OI,5,"2026-07-13 04:58:58",23.2,0.792933,5.4083,8.2424,0.542022,-0.003942,0.42647,0.26471,0.30882,200,sp,36,272,0.79030303,0.00370303,10,1,100,random
3756,OI,6,"2026-07-13 04:59:02",27.7,0.804888,5.75555,8.2121,0.601124,-0.01487,0.39852,0.28413,0.31734,200,sp,36,271,0.81212121,-0.00899394,10,1,100,random
3757,OI,7,"2026-07-13 04:59:08",33.9,0.816276,6.08978,8.2121,0.656656,-0.000908,0.35424,0.35055,0.2952,200,sp,36,271,0.81272727,0.00436364,10,1,100,random
3758,OI,8,"2026-07-13 04:59:15",40.1,0.826033,6.43415,8.2121,0.717772,0.000246,0.32472,0.41697,0.2583,200,sp,36,271,0.82227273,0.00531212,10,1,100,random
3759,OI,9,"2026-07-13 04:59:21",46.4,0.834055,6.71665,8.1818,0.857386,-0.01097,0.27407,0.47778,0.24815,200,sp,36,270,0.84030303,-0.00789697,10,1,100,random
3760,OI,10,"2026-07-13 04:59:27",52.8,0.8413,7.01641,8.1818,0.899024,0.003295,0.24444,0.54074,0.21481,200,sp,36,270,0.83621213,0.00630303,10,1,100,random
3761,OI,11,"2026-07-13 04:59:34",59.2,0.846161,7.20319,8.1818,1.00783,-0.008269,0.21111,0.58519,0.2037,200,sp,36,270,0.85181819,-0.00630303,10,1,100,random
3762,OI,12,"2026-07-13 04:59:40",65.7,0.851221,7.40645,8.1515,1.06781,0.000268,0.16729,0.62825,0.20446,200,sp,36,269,0.84969697,0.00153939,10,1,100,random
3763,OI,13,"2026-07-13 04:59:47",72.1,0.85413,7.54334,8.1515,1.03606,-0.00842,0.16357,0.70632,0.13011,200,sp,36,269,0.86106061,-0.00880606,10,1,100,random
3764,OI,14,"2026-07-13 04:59:53",78.4,0.857361,7.67989,8.1515,1.47431,0.001375,0.12639,0.73978,0.13383,200,sp,36,269,0.85560606,0.0023303,10,1,100,random
3765,OI,15,"2026-07-13 04:59:59",84.9,0.859755,7.80396,8.1515,1.40111,-0.007915,0.08178,0.82528,0.09294,200,sp,36,269,0.86651515,-0.0078,10,1,100,random
3766,OI,16,"2026-07-13 05:00:07",92.2,0.861482,7.871,8.1515,1.4529,-0.003133,0.07807,0.84758,0.07435,200,sp,36,269,0.86439394,-0.00359697,10,1,100,random
3767,OI,17,"2026-07-13 05:00:14",99.4,0.862524,7.91242,8.1515,1.7526,0.007271,0.05948,0.85874,0.08178,200,sp,36,269,0.85681818,0.00679394,10,1,100,random
3768,OI,18,"2026-07-13 05:00:20",105.8,0.863318,7.94979,8.1515,1.60803,-0.006523,0.04833,0.90706,0.04461,200,sp,36,269,0.86969697,-0.00696061,10,1,100,random
3769,OI,19,"2026-07-13 05:00:27",112.3,0.863739,7.96991,8.1515,2.19635,-0.001754,0.03346,0.91078,0.05576,200,sp,36,269,0.86606061,-0.00293636,10,1,100,random
3770,OI,20,"2026-07-13 05:00:33",118.7,0.863894,7.95394,8.1515,1.75281,0.006024,0.04833,0.88848,0.0632,200,sp,36,269,0.85969697,0.00496667,10,1,100,random
3771,IR,1,"2026-07-13 05:00:42",5.3,0.710745,3.85936,8.4242,0.29032,-0.098225,0.59353,0.08993,0.31655,200,sp,36,278,0.7789394,-0.09858485,10,1,100,random
3772,IR,2,"2026-07-13 05:00:47",10.2,0.715409,3.8995,8.3333,0.283163,-0.104773,0.58909,0.08364,0.32727,200,sp,36,275,0.78878788,-0.10414545,10,1,100,random
3773,IR,3,"2026-07-13 05:00:52",15.2,0.720906,3.95623,8.2121,0.276203,-0.10256,0.58672,0.08856,0.32472,200,sp,36,271,0.79257576,-0.10233939,10,1,100,random
3774,IR,4,"2026-07-13 05:00:57",20.1,0.724824,4.01247,8.1212,0.291153,-0.113346,0.58209,0.08955,0.32836,200,sp,36,268,0.80545454,-0.1126697,10,1,100,random
3775,IR,5,"2026-07-13 05:01:02",25.2,0.730791,4.08229,8.1212,0.301394,-0.088192,0.56343,0.10821,0.32836,200,sp,36,268,0.79272727,-0.08728788,10,1,100,random
3776,IR,6,"2026-07-13 05:01:07",30.2,0.734591,4.14274,8,0.305473,-0.105828,0.55303,0.12121,0.32576,200,sp,36,264,0.81090908,-0.10668788,10,1,100,random
3777,IR,7,"2026-07-13 05:01:13",36.7,0.735512,4.13691,7.8788,0.31889,-0.098913,0.55,0.11923,0.33077,200,sp,36,260,0.80848485,-0.10215454,10,1,100,random
3778,IR,8,"2026-07-13 05:01:20",43.3,0.739794,4.19146,7.8788,0.327712,-0.098862,0.53846,0.12692,0.33462,200,sp,36,260,0.81136364,-0.09882424,10,1,100,random
3779,IR,9,"2026-07-13 05:01:27",50,0.741948,4.22214,7.8182,0.326118,-0.104915,0.53876,0.1124,0.34884,200,sp,36,258,0.81924243,-0.10792121,10,1,100,random
3780,IR,10,"2026-07-13 05:01:33",56.8,0.745597,4.29814,7.7273,0.315839,-0.112777,0.52549,0.12941,0.3451,200,sp,36,255,0.82833333,-0.11514849,10,1,100,random
3781,IR,11,"2026-07-13 05:01:40",63.6,0.74873,4.33718,7.5455,0.335038,-0.09267,0.51406,0.13655,0.3494,200,sp,36,249,0.81712121,-0.09334848,10,1,100,random
3782,IR,12,"2026-07-13 05:01:47",70.4,0.749867,4.35495,7.5152,0.349256,-0.096114,0.52016,0.1371,0.34274,200,sp,36,248,0.8219697,-0.09833333,10,1,100,random
3783,IR,13,"2026-07-13 05:01:54",77.2,0.753303,4.43349,7.4848,0.374824,-0.099553,0.51012,0.1417,0.34818,200,sp,36,247,0.8269697,-0.09948788,10,1,100,random
3784,IR,14,"2026-07-13 05:02:01",84.1,0.754282,4.42913,7.4242,0.358629,-0.109112,0.50204,0.15918,0.33878,200,sp,36,245,0.83681818,-0.11156061,10,1,100,random
3785,IR,15,"2026-07-13 05:02:08",91.2,0.757261,4.47857,7.3636,0.408669,-0.096662,0.48148,0.18107,0.33745,200,sp,36,243,0.82954545,-0.09810909,10,1,100,random
3786,IR,16,"2026-07-13 05:02:15",98,0.757612,4.49106,7.2121,0.404554,-0.08804,0.48319,0.17647,0.34034,200,sp,36,238,0.82484848,-0.09058788,10,1,100,random
3787,IR,17,"2026-07-13 05:02:22",104.9,0.758279,4.48922,7.1818,0.427997,-0.101197,0.47679,0.18565,0.33755,200,sp,36,237,0.83545454,-0.10452121,10,1,100,random
3788,IR,18,"2026-07-13 05:02:28",111.7,0.757573,4.46886,7.1212,0.435104,-0.090718,0.49787,0.17021,0.33191,200,sp,36,235,0.82742424,-0.09446667,10,1,100,random
3789,IR,19,"2026-07-13 05:02:35",118.6,0.761436,4.54719,7.0909,0.471344,-0.094796,0.46581,0.17949,0.3547,200,sp,36,234,0.83212121,-0.09546061,10,1,100,random
3790,IR,20,"2026-07-13 05:02:42",125.4,0.762373,4.54083,7.0303,0.427261,-0.089948,0.47414,0.17241,0.35345,200,sp,36,232,0.83106061,-0.09237879,10,1,100,random
3791,AGR,1,"2026-07-13 05:02:55",8.1,0.726351,4.08492,8.3939,0.325937,0.040683,0.57762,0.10108,0.3213,200,sp,36,277,0.68939394,0.05206364,10,1,100,random
3792,AGR,2,"2026-07-13 05:03:02",15.6,0.741291,4.36628,8.303,0.34634,0.065794,0.55109,0.10949,0.33942,200,sp,36,274,0.68742424,0.07448182,10,1,100,random
3793,AGR,3,"2026-07-13 05:03:10",23.1,0.754391,4.6151,8.2424,0.351808,0.054555,0.54044,0.11397,0.34559,200,sp,36,272,0.70863637,0.06161212,10,1,100,random
3794,AGR,4,"2026-07-13 05:03:17",30.8,0.767391,4.88282,8.1818,0.388463,0.037823,0.4963,0.15556,0.34815,200,sp,36,270,0.73333333,0.04486667,10,1,100,random
3795,AGR,5,"2026-07-13 05:03:25",38.5,0.779252,5.1455,8.1818,0.410417,0.048487,0.47407,0.17778,0.34815,200,sp,36,270,0.73712121,0.0547,10,1,100,random
3796,AGR,6,"2026-07-13 05:03:33",46.2,0.791564,5.45008,8.1515,0.453026,0.044556,0.43494,0.2119,0.35316,200,sp,36,269,0.75151515,0.05127879,10,1,100,random
3797,AGR,7,"2026-07-13 05:03:42",55.6,0.801879,5.73352,8.1212,0.48272,0.05135,0.39925,0.25373,0.34701,200,sp,36,268,0.75681818,0.05769697,10,1,100,random
3798,AGR,8,"2026-07-13 05:03:52",65.3,0.812321,6.00497,8.0909,0.519664,0.026268,0.37828,0.2809,0.34082,200,sp,36,267,0.7869697,0.03287576,10,1,100,random
3799,AGR,9,"2026-07-13 05:04:02",75,0.8211,6.2772,8.0909,0.572852,0.039956,0.33708,0.33333,0.32959,200,sp,36,267,0.785,0.0447303,10,1,100,random
3800,AGR,10,"2026-07-13 05:04:11",84.7,0.828294,6.50342,8.0909,0.63654,0.039048,0.2809,0.38951,0.32959,200,sp,36,267,0.79348485,0.04328182,10,1,100,random
3801,AGR,11,"2026-07-13 05:04:21",94.5,0.834997,6.74886,8.0909,0.633425,0.043384,0.27715,0.40824,0.31461,200,sp,36,267,0.79651515,0.04731515,10,1,100,random
3802,AGR,12,"2026-07-13 05:04:31",104.3,0.840588,6.97249,8.0909,0.691147,0.035733,0.25094,0.46067,0.28839,200,sp,36,267,0.80878788,0.03984242,10,1,100,random
3803,AGR,13,"2026-07-13 05:04:41",114.1,0.845688,7.17647,8.0909,0.778892,0.040472,0.22472,0.5206,0.25468,200,sp,36,267,0.80984849,0.04299394,10,1,100,random
3804,AGR,14,"2026-07-13 05:04:51",123.9,0.849979,7.34378,8.0909,0.861041,0.049214,0.18727,0.61798,0.19476,200,sp,36,267,0.8069697,0.05213939,10,1,100,random
3805,AGR,15,"2026-07-13 05:05:00",133.7,0.853609,7.51334,8.0909,1.02029,0.033487,0.15356,0.68165,0.16479,200,sp,36,267,0.82424242,0.03488485,10,1,100,random
3806,AGR,16,"2026-07-13 05:05:10",143.7,0.856342,7.61567,8.0909,1.11225,0.040316,0.11985,0.74906,0.13109,200,sp,36,267,0.82151515,0.04150606,10,1,100,random
3807,AGR,17,"2026-07-13 05:05:20",153.8,0.859115,7.73814,8.0909,1.20791,0.038724,0.10861,0.80899,0.0824,200,sp,36,267,0.82545455,0.04039394,10,1,100,random
3808,AGR,18,"2026-07-13 05:05:30",163.6,0.860415,7.81295,8.0909,1.5903,0.040983,0.06742,0.87266,0.05993,200,sp,36,267,0.82530303,0.04197879,10,1,100,random
3809,AGR,19,"2026-07-13 05:05:40",173.2,0.861712,7.87491,8.0909,1.51204,0.039562,0.05243,0.92135,0.02622,200,sp,36,267,0.82772727,0.03963333,10,1,100,random
3810,AGR,20,"2026-07-13 05:05:49",182.9,0.862394,7.90445,8.0909,2.06088,0.048439,0.03371,0.92509,0.0412,200,sp,36,267,0.82121212,0.0486697,10,1,100,random
3811,RANDOM,1,"2026-07-13 05:05:58",5,0.703033,3.78093,8.4545,0.281289,-0.011474,0.59857,0.09319,0.30824,200,sp,36,279,0.71363636,-0.01571818,10,1,100,random
3812,RANDOM,2,"2026-07-13 05:06:03",9.5,0.698927,3.76135,8.2121,0.281166,0.019501,0.60148,0.09594,0.30258,200,sp,36,271,0.68833333,0.01757879,10,1,100,random
3813,RANDOM,3,"2026-07-13 05:06:07",14,0.696621,3.71898,8.0909,0.302953,-0.000341,0.59176,0.10861,0.29963,200,sp,36,267,0.69878788,-0.00234242,10,1,100,random
3814,RANDOM,4,"2026-07-13 05:06:12",18.5,0.697106,3.72647,7.9697,0.311075,0.009253,0.57414,0.12928,0.29658,200,sp,36,263,0.69121212,0.00996061,10,1,100,random
3815,RANDOM,5,"2026-07-13 05:06:16",23,0.694718,3.68962,7.8485,0.319361,0.007926,0.57915,0.12355,0.2973,200,sp,36,259,0.69136363,0.0032303,10,1,100,random
3816,RANDOM,6,"2026-07-13 05:06:21",27.6,0.690412,3.65009,7.7879,0.31707,0.004111,0.58366,0.12451,0.29183,200,sp,36,257,0.69060606,-0.00172121,10,1,100,random
3817,RANDOM,7,"2026-07-13 05:06:27",33.7,0.687973,3.64662,7.5758,0.342186,0.017268,0.568,0.132,0.3,200,sp,36,250,0.67833334,0.0150303,10,1,100,random
3818,RANDOM,8,"2026-07-13 05:06:33",39.9,0.686445,3.63828,7.4545,0.335072,-0.003522,0.56504,0.13008,0.30488,200,sp,36,246,0.69075758,-0.00459091,10,1,100,random
3819,RANDOM,9,"2026-07-13 05:06:39",46.3,0.688158,3.67005,7.4242,0.343115,-0.004352,0.56735,0.13061,0.30204,200,sp,36,245,0.69136363,-0.00422727,10,1,100,random
3820,RANDOM,10,"2026-07-13 05:06:46",52.7,0.688345,3.65953,7.3636,0.350935,-0.011433,0.5679,0.13169,0.30041,200,sp,36,243,0.69742424,-0.01537879,10,1,100,random
3821,RANDOM,11,"2026-07-13 05:06:52",59,0.690136,3.65955,7.2424,0.363253,-0.012934,0.55649,0.13389,0.30962,200,sp,36,239,0.69924242,-0.01506667,10,1,100,random
3822,RANDOM,12,"2026-07-13 05:06:59",65.5,0.689885,3.65575,7.2121,0.346451,0.001909,0.56303,0.13025,0.30672,200,sp,36,238,0.68954546,0.00215152,10,1,100,random
3823,RANDOM,13,"2026-07-13 05:07:05",71.9,0.686773,3.63207,7.1212,0.349038,-0.009463,0.55745,0.14043,0.30213,200,sp,36,235,0.69545455,-0.01091212,10,1,100,random
3824,RANDOM,14,"2026-07-13 05:07:11",78.2,0.686445,3.61433,7.0303,0.360421,-0.001793,0.55603,0.14224,0.30172,200,sp,36,232,0.68863636,-0.00318788,10,1,100,random
3825,RANDOM,15,"2026-07-13 05:07:18",84.7,0.687509,3.62993,7,0.371157,-0.004178,0.54545,0.16017,0.29437,200,sp,36,231,0.69045455,-0.00538485,10,1,100,random
3826,RANDOM,16,"2026-07-13 05:07:24",91.1,0.687797,3.64004,7,0.385794,0.012675,0.54978,0.15584,0.29437,200,sp,36,231,0.67984848,0.01150606,10,1,100,random
3827,RANDOM,17,"2026-07-13 05:07:31",97.5,0.688197,3.64307,6.8788,0.396425,0.008015,0.54626,0.15859,0.29515,200,sp,36,227,0.68348485,0.00838182,10,1,100,random
3828,RANDOM,18,"2026-07-13 05:07:37",104,0.692082,3.69474,6.8485,0.413548,-0.003357,0.5531,0.14159,0.30531,200,sp,36,226,0.69348485,-0.00056364,10,1,100,random
3829,RANDOM,19,"2026-07-13 05:07:43",110.4,0.693803,3.72072,6.8182,0.402661,-0.000645,0.53778,0.17333,0.28889,200,sp,36,225,0.69424243,0.00027576,10,1,100,random
3830,RANDOM,20,"2026-07-13 05:07:50",116.8,0.693797,3.71143,6.8182,0.422462,0.005759,0.54222,0.16444,0.29333,200,sp,36,225,0.69060606,0.00475152,10,1,100,random
3831,OI,1,"2026-07-13 05:08:47",4.7,0.725879,4.08955,8.4242,0.315499,-0.005577,0.56115,0.13309,0.30576,200,sp,37,278,0.7219697,0.0055303,10,1,100,random
3832,OI,2,"2026-07-13 05:08:52",9.1,0.745573,4.39832,8.2727,0.404868,-0.014409,0.51648,0.17216,0.31136,200,sp,37,273,0.74787879,-0.00201818,10,1,100,random
3833,OI,3,"2026-07-13 05:08:56",13.5,0.763927,4.7299,8.2424,0.451538,-0.017879,0.47794,0.20221,0.31985,200,sp,37,272,0.76984849,-0.00906667,10,1,100,random
3834,OI,4,"2026-07-13 05:09:00",17.9,0.781406,5.12189,8.2121,0.480753,-0.006627,0.44649,0.23247,0.32103,200,sp,37,271,0.77924242,0.0025303,10,1,100,random
3835,OI,5,"2026-07-13 05:09:05",22.3,0.796003,5.46468,8.1818,0.538856,-0.016373,0.41481,0.25185,0.33333,200,sp,37,270,0.80318182,-0.00729394,10,1,100,random
3836,OI,6,"2026-07-13 05:09:09",26.9,0.807842,5.78106,8.1515,0.563862,-0.012597,0.37546,0.32342,0.30112,200,sp,37,269,0.81348485,-0.00746364,10,1,100,random
3837,OI,7,"2026-07-13 05:09:15",32.9,0.820145,6.14326,8.1212,0.685558,-0.00162,0.33209,0.37687,0.29104,200,sp,37,268,0.81666667,0.00471212,10,1,100,random
3838,OI,8,"2026-07-13 05:09:21",38.9,0.829097,6.45711,8.1212,0.751233,0.005592,0.29851,0.43657,0.26493,200,sp,37,268,0.82136364,0.00932121,10,1,100,random
3839,OI,9,"2026-07-13 05:09:28",45.2,0.836873,6.73688,8.1212,0.840429,0.004066,0.24627,0.51119,0.24254,200,sp,37,268,0.83075758,0.00758485,10,1,100,random
3840,OI,10,"2026-07-13 05:09:34",51.4,0.844139,7.04353,8.1212,0.895666,-0.000995,0.20896,0.60075,0.1903,200,sp,37,268,0.84257576,0.00221818,10,1,100,random
3841,OI,11,"2026-07-13 05:09:40",57.6,0.849167,7.26657,8.1212,1.03296,-0.001179,0.17537,0.62313,0.20149,200,sp,37,268,0.84878788,0.00051818,10,1,100,random
3842,OI,12,"2026-07-13 05:09:46",63.8,0.852988,7.44789,8.1212,1.03727,-0.013369,0.16418,0.66418,0.17164,200,sp,37,268,0.86363636,-0.01274848,10,1,100,random
3843,OI,13,"2026-07-13 05:09:52",70,0.855361,7.57662,8.1212,1.15452,-0.007551,0.14552,0.69403,0.16045,200,sp,37,268,0.86181818,-0.00735455,10,1,100,random
3844,OI,14,"2026-07-13 05:09:59",76.2,0.857427,7.6866,8.0909,1.28733,0.009337,0.10861,0.78277,0.10861,200,sp,37,267,0.84954546,0.0093,10,1,100,random
3845,OI,15,"2026-07-13 05:10:06",83.2,0.859088,7.76387,8.0909,1.44803,-0.000883,0.07491,0.85019,0.07491,200,sp,37,267,0.86030303,-0.00142424,10,1,100,random
3846,OI,16,"2026-07-13 05:10:13",90.2,0.859079,7.78137,8.0909,1.70393,-0.002687,0.07865,0.83521,0.08614,200,sp,37,267,0.86272727,-0.00392727,10,1,100,random
3847,OI,17,"2026-07-13 05:10:19",96.5,0.860148,7.8286,8.0909,1.6474,-0.003134,0.04494,0.86517,0.08989,200,sp,37,267,0.86348484,-0.00370303,10,1,100,random
3848,OI,18,"2026-07-13 05:10:25",102.9,0.860618,7.87409,8.0909,1.22245,-0.012166,0.04869,0.88764,0.06367,200,sp,37,267,0.87181819,-0.01262424,10,1,100,random
3849,OI,19,"2026-07-13 05:10:32",109.2,0.861039,7.87544,8.0909,1.43847,-0.006849,0.05243,0.8839,0.06367,200,sp,37,267,0.8680303,-0.00851515,10,1,100,random
3850,OI,20,"2026-07-13 05:10:38",115.5,0.861152,7.87299,8.0909,1.73795,0.002777,0.04869,0.88764,0.06367,200,sp,37,267,0.85984848,0.00122424,10,1,100,random
3851,IR,1,"2026-07-13 05:10:46",4.8,0.713506,3.8598,8.4242,0.269109,-0.094669,0.61151,0.06115,0.32734,200,sp,37,278,0.7780303,-0.0908697,10,1,100,random
3852,IR,2,"2026-07-13 05:10:51",9.2,0.721388,3.96083,8.303,0.293459,-0.102633,0.58394,0.07664,0.33942,200,sp,37,274,0.79212122,-0.10004849,10,1,100,random
3853,IR,3,"2026-07-13 05:10:55",13.6,0.723591,3.97976,8.1818,0.279325,-0.098131,0.58519,0.08889,0.32593,200,sp,37,270,0.79439394,-0.09877273,10,1,100,random
3854,IR,4,"2026-07-13 05:10:59",17.9,0.727827,4.04077,8.1212,0.308566,-0.099977,0.56716,0.10075,0.33209,200,sp,37,268,0.79924243,-0.10152727,10,1,100,random
3855,IR,5,"2026-07-13 05:11:04",22.4,0.731188,4.06095,8.0909,0.303709,-0.097501,0.57678,0.09363,0.32959,200,sp,37,267,0.80151515,-0.09865455,10,1,100,random
3856,IR,6,"2026-07-13 05:11:08",26.8,0.733142,4.07718,8.0909,0.310876,-0.103895,0.55056,0.1236,0.32584,200,sp,37,267,0.80909091,-0.10704242,10,1,100,random
3857,IR,7,"2026-07-13 05:11:14",32.8,0.7367,4.12508,8.0606,0.30834,-0.097748,0.55639,0.11278,0.33083,200,sp,37,266,0.80742425,-0.09940303,10,1,100,random
3858,IR,8,"2026-07-13 05:11:20",38.9,0.737845,4.13427,7.9697,0.294687,-0.098113,0.54753,0.11407,0.3384,200,sp,37,263,0.81030304,-0.10120303,10,1,100,random
3859,IR,9,"2026-07-13 05:11:27",45.1,0.741479,4.18575,7.8788,0.300416,-0.105668,0.53846,0.13462,0.32692,200,sp,37,260,0.81863637,-0.10622121,10,1,100,random
3860,IR,10,"2026-07-13 05:11:33",51.4,0.744348,4.23484,7.7576,0.337636,-0.109671,0.53125,0.14453,0.32422,200,sp,37,256,0.82515151,-0.11132424,10,1,100,random
3861,IR,11,"2026-07-13 05:11:39",57.7,0.744724,4.22411,7.697,0.35087,-0.098288,0.52756,0.13386,0.33858,200,sp,37,254,0.81833334,-0.10144545,10,1,100,random
3862,IR,12,"2026-07-13 05:11:45",64,0.748491,4.28936,7.6364,0.332089,-0.105854,0.50794,0.1627,0.32937,200,sp,37,252,0.82636363,-0.10630606,10,1,100,random
3863,IR,13,"2026-07-13 05:11:52",70.3,0.749236,4.28215,7.5152,0.346639,-0.108644,0.50403,0.17742,0.31855,200,sp,37,248,0.83090909,-0.11153939,10,1,100,random
3864,IR,14,"2026-07-13 05:11:58",76.5,0.751855,4.32282,7.3636,0.386388,-0.099999,0.49383,0.18107,0.3251,200,sp,37,243,0.82636364,-0.10132727,10,1,100,random
3865,IR,15,"2026-07-13 05:12:04",82.7,0.754048,4.34809,7.303,0.389136,-0.092255,0.48133,0.17842,0.34025,200,sp,37,241,0.82318182,-0.09412121,10,1,100,random
3866,IR,16,"2026-07-13 05:12:10",89,0.753939,4.32376,7.2424,0.371487,-0.096502,0.48536,0.16736,0.34728,200,sp,37,239,0.82727273,-0.09814242,10,1,100,random
3867,IR,17,"2026-07-13 05:12:17",95.4,0.75597,4.35453,7.1212,0.378133,-0.092894,0.4766,0.18298,0.34043,200,sp,37,235,0.82560606,-0.09314545,10,1,100,random
3868,IR,18,"2026-07-13 05:12:23",101.6,0.758615,4.40779,7.0606,0.409918,-0.09459,0.46352,0.19313,0.34335,200,sp,37,233,0.82954545,-0.09539091,10,1,100,random
3869,IR,19,"2026-07-13 05:12:29",108,0.761458,4.46075,7.0606,0.420469,-0.089744,0.47639,0.17167,0.35193,200,sp,37,233,0.82909091,-0.09123636,10,1,100,random
3870,IR,20,"2026-07-13 05:12:36",114.3,0.761215,4.46145,7.0606,0.413233,-0.098397,0.47639,0.16738,0.35622,200,sp,37,233,0.8369697,-0.10150303,10,1,100,random
3871,AGR,1,"2026-07-13 05:12:44",7.1,0.726803,4.12205,8.4848,0.300409,0.048662,0.58571,0.07857,0.33571,200,sp,37,280,0.68348485,0.06137576,10,1,100,random
3872,AGR,2,"2026-07-13 05:12:50",14,0.743279,4.40788,8.3333,0.321651,0.039164,0.55273,0.09818,0.34909,200,sp,37,275,0.70787879,0.05076364,10,1,100,random
3873,AGR,3,"2026-07-13 05:12:57",21,0.759218,4.73784,8.3333,0.347521,0.039656,0.53091,0.12,0.34909,200,sp,37,275,0.7230303,0.04662727,10,1,100,random
3874,AGR,4,"2026-07-13 05:13:04",27.9,0.775255,5.09456,8.3333,0.392038,0.026307,0.49455,0.14909,0.35636,200,sp,37,275,0.74863636,0.03464242,10,1,100,random
3875,AGR,5,"2026-07-13 05:13:11",34.9,0.788773,5.39442,8.303,0.424886,0.031712,0.4781,0.16058,0.36131,200,sp,37,274,0.75863636,0.03933333,10,1,100,random
3876,AGR,6,"2026-07-13 05:13:18",41.9,0.800155,5.71173,8.2727,0.462595,0.03346,0.43223,0.20879,0.35897,200,sp,37,273,0.76924243,0.04087576,10,1,100,random
3877,AGR,7,"2026-07-13 05:13:27",50.4,0.810927,6.04244,8.2727,0.513684,0.043428,0.40293,0.24908,0.34799,200,sp,37,273,0.77166666,0.04987273,10,1,100,random
3878,AGR,8,"2026-07-13 05:13:35",58.9,0.819239,6.33255,8.2727,0.561914,0.035991,0.3663,0.30403,0.32967,200,sp,37,273,0.78681818,0.03943939,10,1,100,random
3879,AGR,9,"2026-07-13 05:13:44",67.9,0.828194,6.6457,8.2727,0.642737,0.04049,0.32234,0.36996,0.30769,200,sp,37,273,0.79166666,0.04541818,10,1,100,random
3880,AGR,10,"2026-07-13 05:13:53",76.9,0.835639,6.89761,8.2727,0.718768,0.022516,0.30403,0.38828,0.30769,200,sp,37,273,0.8140909,0.02752727,10,1,100,random
3881,AGR,11,"2026-07-13 05:14:02",85.9,0.841336,7.12471,8.2727,0.771027,0.035737,0.27106,0.44689,0.28205,200,sp,37,273,0.80954546,0.03869697,10,1,100,random
3882,AGR,12,"2026-07-13 05:14:11",94.9,0.846815,7.32487,8.2727,0.848628,0.035959,0.21245,0.53846,0.24908,200,sp,37,273,0.81469697,0.03920909,10,1,100,random
3883,AGR,13,"2026-07-13 05:14:20",103.8,0.851564,7.50849,8.2727,0.89123,0.033424,0.18315,0.61905,0.1978,200,sp,37,273,0.82181818,0.03620606,10,1,100,random
3884,AGR,14,"2026-07-13 05:14:29",112.6,0.855139,7.64441,8.2727,1.01704,0.035684,0.13187,0.71062,0.15751,200,sp,37,273,0.82378788,0.03760909,10,1,100,random
3885,AGR,15,"2026-07-13 05:14:38",121.6,0.858224,7.78854,8.2727,1.09082,0.044029,0.12454,0.72894,0.14652,200,sp,37,273,0.81984849,0.0454303,10,1,100,random
3886,AGR,16,"2026-07-13 05:14:47",130.6,0.860567,7.87908,8.2727,1.14393,0.042832,0.12088,0.78022,0.0989,200,sp,37,273,0.82348485,0.04368182,10,1,100,random
3887,AGR,17,"2026-07-13 05:14:56",139.5,0.862418,7.97108,8.2727,1.49318,0.043186,0.09158,0.84615,0.06227,200,sp,37,273,0.82515152,0.04381818,10,1,100,random
3888,AGR,18,"2026-07-13 05:15:05",148.7,0.863767,8.05818,8.2727,2.01563,0.042015,0.06227,0.9011,0.03663,200,sp,37,273,0.82757575,0.04291818,10,1,100,random
3889,AGR,19,"2026-07-13 05:15:14",157.8,0.8645,8.09169,8.2727,2.10841,0.046861,0.03663,0.91209,0.05128,200,sp,37,273,0.82454545,0.04737273,10,1,100,random
3890,AGR,20,"2026-07-13 05:15:23",166.9,0.865442,8.14957,8.2727,1.62368,0.033344,0.02198,0.95604,0.02198,200,sp,37,273,0.8369697,0.03371818,10,1,100,random
3891,RANDOM,1,"2026-07-13 05:15:32",4.7,0.705524,3.79581,8.4848,0.258971,0.009374,0.60714,0.075,0.31786,200,sp,37,280,0.70045454,0.01062424,10,1,100,random
3892,RANDOM,2,"2026-07-13 05:15:36",8.8,0.706076,3.78331,8.2727,0.272636,-0.005284,0.58608,0.10256,0.31136,200,sp,37,273,0.71060606,-0.00664848,10,1,100,random
3893,RANDOM,3,"2026-07-13 05:15:40",13,0.703721,3.76022,8.2121,0.291231,0.008454,0.57565,0.11439,0.30996,200,sp,37,271,0.69984848,0.00570303,10,1,100,random
3894,RANDOM,4,"2026-07-13 05:15:44",17.1,0.70343,3.73952,8.0606,0.298698,0.000957,0.57143,0.1203,0.30827,200,sp,37,266,0.70363637,-0.00112121,10,1,100,random
3895,RANDOM,5,"2026-07-13 05:15:48",21.3,0.699333,3.71651,7.8788,0.300191,0.005205,0.56923,0.11538,0.31538,200,sp,37,260,0.69863636,0.00098182,10,1,100,random
3896,RANDOM,6,"2026-07-13 05:15:52",25.4,0.694282,3.66977,7.7576,0.293522,0.001253,0.57031,0.10547,0.32422,200,sp,37,256,0.69696969,-0.00404242,10,1,100,random
3897,RANDOM,7,"2026-07-13 05:15:58",31.2,0.696324,3.6979,7.697,0.29827,-0.007386,0.5748,0.10236,0.32283,200,sp,37,254,0.70151515,-0.00595455,10,1,100,random
3898,RANDOM,8,"2026-07-13 05:16:04",37,0.693627,3.69901,7.6667,0.295401,-0.003271,0.56522,0.11462,0.32016,200,sp,37,253,0.69833333,-0.00645152,10,1,100,random
3899,RANDOM,9,"2026-07-13 05:16:10",43.1,0.692315,3.70605,7.6364,0.295522,-0.00954,0.55952,0.13095,0.30952,200,sp,37,252,0.70030303,-0.01245455,10,1,100,random
3900,RANDOM,10,"2026-07-13 05:16:16",49.1,0.693655,3.70827,7.5455,0.32027,0.019614,0.55823,0.1245,0.31727,200,sp,37,249,0.68045454,0.01852424,10,1,100,random
3901,RANDOM,11,"2026-07-13 05:16:22",55.1,0.69177,3.68964,7.4545,0.309223,0.015096,0.55285,0.11789,0.32927,200,sp,37,246,0.68303031,0.01187879,10,1,100,random
3902,RANDOM,12,"2026-07-13 05:16:28",61,0.690733,3.71143,7.3333,0.293227,-0.00284,0.54132,0.11983,0.33884,200,sp,37,242,0.69409091,-0.00441212,10,1,100,random
3903,RANDOM,13,"2026-07-13 05:16:34",67,0.688,3.65341,7.2727,0.283312,-0.005116,0.55,0.125,0.325,200,sp,37,240,0.69409091,-0.00974545,10,1,100,random
3904,RANDOM,14,"2026-07-13 05:16:40",72.9,0.686867,3.62812,7.2121,0.300832,0.002529,0.55042,0.12185,0.32773,200,sp,37,238,0.68651515,-0.00165151,10,1,100,random
3905,RANDOM,15,"2026-07-13 05:16:46",78.8,0.687639,3.65782,7.1818,0.306362,-0.00171,0.55696,0.10127,0.34177,200,sp,37,237,0.68909091,-0.00081818,10,1,100,random
3906,RANDOM,16,"2026-07-13 05:16:52",84.8,0.686342,3.62493,7.0909,0.281828,0.00519,0.55556,0.11538,0.32906,200,sp,37,234,0.68424243,0.00190606,10,1,100,random
3907,RANDOM,17,"2026-07-13 05:16:58",90.8,0.685118,3.60764,7.0303,0.307455,-0.001839,0.56034,0.09483,0.34483,200,sp,37,232,0.68787878,-0.00304242,10,1,100,random
3908,RANDOM,18,"2026-07-13 05:17:04",96.8,0.687897,3.62338,6.9091,0.298126,-0.012753,0.53509,0.11842,0.34649,200,sp,37,228,0.69606061,-0.01468788,10,1,100,random
3909,RANDOM,19,"2026-07-13 05:17:10",102.9,0.684633,3.57703,6.8788,0.288302,0.000889,0.53744,0.11454,0.34802,200,sp,37,227,0.68636363,-0.00368788,10,1,100,random
3910,RANDOM,20,"2026-07-13 05:17:16",108.8,0.686773,3.61432,6.8485,0.301574,-0.005381,0.52655,0.15044,0.32301,200,sp,37,226,0.69030304,-0.00496061,10,1,100,random
3911,OI,1,"2026-07-13 05:18:34",4.7,0.724764,4.0574,8.2121,0.340335,-0.022086,0.5572,0.13653,0.30627,200,sp,38,271,0.73166667,-0.00661818,10,1,100,random
3912,OI,2,"2026-07-13 05:18:39",8.9,0.746245,4.42146,8.1818,0.427553,-0.016498,0.51481,0.15926,0.32593,200,sp,38,270,0.74939395,-0.00280303,10,1,100,random
3913,OI,3,"2026-07-13 05:18:43",13.2,0.762633,4.72781,8.1515,0.439621,-0.008488,0.47584,0.19331,0.33086,200,sp,38,269,0.76227273,0.00104242,10,1,100,random
3914,OI,4,"2026-07-13 05:18:47",17.7,0.779121,5.06544,8.1515,0.470375,-0.021648,0.43123,0.24535,0.32342,200,sp,38,269,0.78909091,-0.01320303,10,1,100,random
3915,OI,5,"2026-07-13 05:18:52",22.1,0.794452,5.4208,8.0909,0.53396,-0.02036,0.38577,0.29213,0.3221,200,sp,38,267,0.80439394,-0.01231515,10,1,100,random
3916,OI,6,"2026-07-13 05:18:56",26.5,0.807673,5.77499,8.0606,0.590163,-0.011037,0.37594,0.32331,0.30075,200,sp,38,266,0.81136364,-0.00507576,10,1,100,random
3917,OI,7,"2026-07-13 05:19:02",32.5,0.817712,6.07494,8.0303,0.688233,-0.004234,0.33585,0.32453,0.33962,200,sp,38,265,0.81742424,0.00031515,10,1,100,random
3918,OI,8,"2026-07-13 05:19:08",38.4,0.827045,6.35469,7.9394,0.634788,0.000531,0.27863,0.44656,0.27481,200,sp,38,262,0.82318182,0.0054697,10,1,100,random
3919,OI,9,"2026-07-13 05:19:14",44.5,0.834312,6.59692,7.9394,0.783477,-0.01445,0.25573,0.46947,0.27481,200,sp,38,262,0.84378788,-0.01084545,10,1,100,random
3920,OI,10,"2026-07-13 05:19:20",50.7,0.840188,6.82079,7.9394,0.836016,-0.006765,0.22137,0.54962,0.22901,200,sp,38,262,0.84424242,-0.00504545,10,1,100,random
3921,OI,11,"2026-07-13 05:19:27",56.9,0.844742,7.01773,7.9394,0.998987,-0.001396,0.19847,0.60305,0.19847,200,sp,38,262,0.84484848,-0.00075758,10,1,100,random
3922,OI,12,"2026-07-13 05:19:33",63,0.848755,7.19673,7.9394,1.11934,-0.007585,0.14122,0.70992,0.14885,200,sp,38,262,0.85424242,-0.00636667,10,1,100,random
3923,OI,13,"2026-07-13 05:19:39",69.2,0.85157,7.34924,7.9394,1.17064,0.000137,0.12595,0.73282,0.14122,200,sp,38,262,0.85121212,0.00054545,10,1,100,random
3924,OI,14,"2026-07-13 05:19:45",75.5,0.853164,7.44652,7.9394,1.27494,0.001254,0.0916,0.78244,0.12595,200,sp,38,262,0.85257576,0.00032727,10,1,100,random
3925,OI,15,"2026-07-13 05:19:51",81.7,0.854921,7.55364,7.9394,1.18677,-0.00837,0.08779,0.80916,0.10305,200,sp,38,262,0.86227273,-0.00874849,10,1,100,random
3926,OI,16,"2026-07-13 05:19:58",88,0.856076,7.63842,7.9394,1.46203,-0.003943,0.0687,0.85115,0.08015,200,sp,38,262,0.86015152,-0.00440303,10,1,100,random
3927,OI,17,"2026-07-13 05:20:05",94.9,0.856761,7.67208,7.9394,1.72783,0.00172,0.05725,0.87405,0.0687,200,sp,38,262,0.85621212,0.00102727,10,1,100,random
3928,OI,18,"2026-07-13 05:20:12",102.1,0.857345,7.70339,7.9394,1.83627,0.006413,0.05725,0.8855,0.05725,200,sp,38,262,0.85257576,0.00559394,10,1,100,random
3929,OI,19,"2026-07-13 05:20:18",108.5,0.857755,7.70449,7.9394,1.8929,-0.010218,0.05725,0.87023,0.07252,200,sp,38,262,0.86742424,-0.01138182,10,1,100,random
3930,OI,20,"2026-07-13 05:20:25",114.9,0.857855,7.70959,7.9394,1.63777,-0.005119,0.07634,0.86641,0.05725,200,sp,38,262,0.86348485,-0.00657576,10,1,100,random
3931,IR,1,"2026-07-13 05:20:33",5.2,0.71277,3.85165,8.2424,0.293331,-0.1019,0.58824,0.11029,0.30147,200,sp,38,272,0.78166667,-0.09823939,10,1,100,random
3932,IR,2,"2026-07-13 05:20:38",9.9,0.717021,3.88168,8.1212,0.332376,-0.103043,0.57836,0.10448,0.31716,200,sp,38,268,0.78969697,-0.10335455,10,1,100,random
3933,IR,3,"2026-07-13 05:20:43",14.6,0.724182,3.97626,7.9697,0.316167,-0.105714,0.57034,0.11407,0.31559,200,sp,38,263,0.79757576,-0.1046303,10,1,100,random
3934,IR,4,"2026-07-13 05:20:47",19.2,0.724503,3.96545,7.7879,0.320311,-0.101589,0.54864,0.13619,0.31518,200,sp,38,257,0.79863637,-0.10648182,10,1,100,random
3935,IR,5,"2026-07-13 05:20:52",24,0.729327,4.03972,7.7576,0.333164,-0.106629,0.55078,0.11328,0.33594,200,sp,38,256,0.80515152,-0.10914545,10,1,100,random
3936,IR,6,"2026-07-13 05:20:57",28.7,0.730709,4.07499,7.697,0.313132,-0.1143,0.53543,0.12205,0.34252,200,sp,38,254,0.81424243,-0.11828182,10,1,100,random
3937,IR,7,"2026-07-13 05:21:03",35.1,0.735548,4.13895,7.6061,0.313954,-0.092097,0.53785,0.12749,0.33466,200,sp,38,251,0.80121212,-0.09173333,10,1,100,random
3938,IR,8,"2026-07-13 05:21:09",41.4,0.736161,4.14797,7.4545,0.348197,-0.09998,0.50407,0.1626,0.33333,200,sp,38,246,0.81015151,-0.1027,10,1,100,random
3939,IR,9,"2026-07-13 05:21:16",48,0.737903,4.16943,7.4242,0.353069,-0.107857,0.51429,0.14286,0.34286,200,sp,38,245,0.81712121,-0.1106697,10,1,100,random
3940,IR,10,"2026-07-13 05:21:23",54.7,0.742727,4.26237,7.3939,0.365181,-0.094476,0.4918,0.16803,0.34016,200,sp,38,244,0.81090909,-0.09369394,10,1,100,random
3941,IR,11,"2026-07-13 05:21:29",61.3,0.745876,4.30216,7.3939,0.37658,-0.089767,0.4877,0.15164,0.36066,200,sp,38,244,0.81181818,-0.09111515,10,1,100,random
3942,IR,12,"2026-07-13 05:21:36",67.9,0.747,4.3179,7.3333,0.344527,-0.087894,0.47521,0.17355,0.35124,200,sp,38,242,0.81272727,-0.0913697,10,1,100,random
3943,IR,13,"2026-07-13 05:21:43",74.5,0.748385,4.32509,7.2727,0.365783,-0.108596,0.48333,0.14167,0.375,200,sp,38,240,0.82954545,-0.11189697,10,1,100,random
3944,IR,14,"2026-07-13 05:21:49",81.1,0.749812,4.35345,7.2424,0.345112,-0.11286,0.46862,0.17573,0.35565,200,sp,38,239,0.83424242,-0.11622121,10,1,100,random
3945,IR,15,"2026-07-13 05:21:56",87.7,0.749885,4.3481,7.2121,0.368441,-0.101074,0.47899,0.15966,0.36134,200,sp,38,238,0.82636363,-0.10591515,10,1,100,random
3946,IR,16,"2026-07-13 05:22:02",94.3,0.75187,4.39193,7.0909,0.373622,-0.107077,0.45299,0.18376,0.36325,200,sp,38,234,0.8319697,-0.11018182,10,1,100,random
3947,IR,17,"2026-07-13 05:22:09",101,0.750279,4.36495,7.0303,0.377175,-0.098849,0.46983,0.17241,0.35776,200,sp,38,232,0.82590909,-0.10345151,10,1,100,random
3948,IR,18,"2026-07-13 05:22:16",107.7,0.751621,4.3641,6.9697,0.410615,-0.087249,0.44348,0.19565,0.36087,200,sp,38,230,0.81712121,-0.08950303,10,1,100,random
3949,IR,19,"2026-07-13 05:22:23",114.4,0.754309,4.3885,6.9697,0.411058,-0.101334,0.46522,0.17391,0.36087,200,sp,38,230,0.83,-0.10272727,10,1,100,random
3950,IR,20,"2026-07-13 05:22:29",121.1,0.755382,4.40938,6.9394,0.412619,-0.098798,0.45415,0.17031,0.37555,200,sp,38,229,0.83030303,-0.1014303,10,1,100,random
3951,AGR,1,"2026-07-13 05:22:42",7.9,0.722933,4.08347,8.303,0.318538,0.038932,0.57664,0.09854,0.32482,200,sp,38,274,0.68787879,0.04848485,10,1,100,random
3952,AGR,2,"2026-07-13 05:22:49",15.4,0.737915,4.3518,8.1818,0.343986,0.056805,0.54074,0.10741,0.35185,200,sp,38,270,0.69015151,0.0653303,10,1,100,random
3953,AGR,3,"2026-07-13 05:22:57",22.9,0.752512,4.65011,8.1515,0.33479,0.04277,0.49814,0.15242,0.34944,200,sp,38,269,0.71469697,0.05224242,10,1,100,random
3954,AGR,4,"2026-07-13 05:23:04",30.5,0.763394,4.90552,8.0909,0.369766,0.056423,0.48689,0.16854,0.34457,200,sp,38,267,0.71636363,0.06379394,10,1,100,random
3955,AGR,5,"2026-07-13 05:23:12",38.4,0.776388,5.23373,8.0606,0.430858,0.040406,0.45865,0.19549,0.34586,200,sp,38,266,0.73984849,0.04859091,10,1,100,random
3956,AGR,6,"2026-07-13 05:23:20",46,0.788945,5.52624,8.0606,0.485908,0.047029,0.41729,0.22932,0.35338,200,sp,38,266,0.74712121,0.05526061,10,1,100,random
3957,AGR,7,"2026-07-13 05:23:29",55.2,0.800512,5.77306,8,0.500509,0.060703,0.40909,0.25379,0.33712,200,sp,38,264,0.74757575,0.06823333,10,1,100,random
3958,AGR,8,"2026-07-13 05:23:38",64.5,0.811539,6.11749,8,0.594391,0.039814,0.35606,0.31439,0.32955,200,sp,38,264,0.77515151,0.04588788,10,1,100,random
3959,AGR,9,"2026-07-13 05:23:48",74.2,0.820358,6.39975,8,0.620789,0.031097,0.32576,0.35227,0.32197,200,sp,38,264,0.79166667,0.03585455,10,1,100,random
3960,AGR,10,"2026-07-13 05:23:58",84.1,0.828082,6.65519,8,0.675664,0.041981,0.29924,0.39015,0.31061,200,sp,38,264,0.79060607,0.04650303,10,1,100,random
3961,AGR,11,"2026-07-13 05:24:08",93.9,0.835027,6.89759,8,0.71405,0.033628,0.26515,0.45455,0.2803,200,sp,38,264,0.80454545,0.03756364,10,1,100,random
3962,AGR,12,"2026-07-13 05:24:17",103.6,0.84067,7.10387,8,0.796018,0.038452,0.23485,0.50758,0.25758,200,sp,38,264,0.80651515,0.04174242,10,1,100,random
3963,AGR,13,"2026-07-13 05:24:27",113.4,0.8457,7.31033,8,0.881116,0.032979,0.19318,0.60606,0.20076,200,sp,38,264,0.81651515,0.03501515,10,1,100,random
3964,AGR,14,"2026-07-13 05:24:37",122.9,0.849724,7.45926,8,1.00977,0.047789,0.15909,0.67045,0.17045,200,sp,38,264,0.80818181,0.05016667,10,1,100,random
3965,AGR,15,"2026-07-13 05:24:46",132.4,0.853033,7.59876,8,1.10657,0.034044,0.12121,0.73485,0.14394,200,sp,38,264,0.82318182,0.03616667,10,1,100,random
3966,AGR,16,"2026-07-13 05:24:56",142,0.855685,7.69721,8,1.17496,0.031697,0.10606,0.80682,0.08712,200,sp,38,264,0.82833333,0.03232424,10,1,100,random
3967,AGR,17,"2026-07-13 05:25:05",151.8,0.858097,7.78364,8,1.52222,0.044425,0.07197,0.87879,0.04924,200,sp,38,264,0.81984849,0.04557273,10,1,100,random
3968,AGR,18,"2026-07-13 05:25:15",161.7,0.859206,7.82005,8,1.98152,0.042935,0.05303,0.9053,0.04167,200,sp,38,264,0.82272728,0.04339091,10,1,100,random
3969,AGR,19,"2026-07-13 05:25:25",171.8,0.860364,7.8708,8,1.91529,0.046929,0.03409,0.93939,0.02652,200,sp,38,264,0.82015152,0.04764545,10,1,100,random
3970,AGR,20,"2026-07-13 05:25:35",181.4,0.860794,7.87506,8,1.72304,0.055859,0.02273,0.95833,0.01894,200,sp,38,264,0.81333333,0.05544545,10,1,100,random
3971,RANDOM,1,"2026-07-13 05:25:44",4.8,0.703297,3.75064,8.3636,0.279996,0.0052,0.57971,0.1087,0.31159,200,sp,38,276,0.70121212,0.00237576,10,1,100,random
3972,RANDOM,2,"2026-07-13 05:25:48",9.2,0.703015,3.74829,8.1212,0.282344,0.00343,0.58582,0.10075,0.31343,200,sp,38,268,0.70181818,0.00329697,10,1,100,random
3973,RANDOM,3,"2026-07-13 05:25:53",13.8,0.702394,3.739,8,0.302046,-0.000415,0.56061,0.14773,0.29167,200,sp,38,264,0.70424242,-0.00325151,10,1,100,random
3974,RANDOM,4,"2026-07-13 05:25:57",18.2,0.704258,3.73743,7.9697,0.338099,-0.016602,0.56654,0.13308,0.30038,200,sp,38,263,0.71621212,-0.01889697,10,1,100,random
3975,RANDOM,5,"2026-07-13 05:26:02",22.7,0.704361,3.71052,7.8788,0.311616,0.000412,0.56923,0.11538,0.31538,200,sp,38,260,0.705,-0.0001303,10,1,100,random
3976,RANDOM,6,"2026-07-13 05:26:06",27.3,0.704355,3.69715,7.8182,0.295487,-0.005022,0.56977,0.12791,0.30233,200,sp,38,258,0.70878788,-0.00526667,10,1,100,random
3977,RANDOM,7,"2026-07-13 05:26:12",33.4,0.701903,3.65528,7.7879,0.318118,0.010776,0.57198,0.11673,0.31128,200,sp,38,257,0.69651515,0.00828182,10,1,100,random
3978,RANDOM,8,"2026-07-13 05:26:18",39.6,0.698006,3.62088,7.697,0.299416,0.007248,0.56693,0.11024,0.32283,200,sp,38,254,0.69590909,0.00433636,10,1,100,random
3979,RANDOM,9,"2026-07-13 05:26:25",46,0.697806,3.62907,7.6061,0.282466,-0.007954,0.57371,0.10757,0.31873,200,sp,38,251,0.70439394,-0.01096061,10,1,100,random
3980,RANDOM,10,"2026-07-13 05:26:31",52.4,0.696288,3.61076,7.4545,0.303199,-0.01345,0.57724,0.12195,0.30081,200,sp,38,246,0.70742424,-0.0167697,10,1,100,random
3981,RANDOM,11,"2026-07-13 05:26:38",58.8,0.696255,3.60934,7.3636,0.347646,-0.00067,0.5679,0.13169,0.30041,200,sp,38,243,0.69803031,-0.00395151,10,1,100,random
3982,RANDOM,12,"2026-07-13 05:26:44",65.2,0.6956,3.61809,7.3333,0.352262,0.000557,0.56612,0.1281,0.30579,200,sp,38,242,0.69666666,-0.00146364,10,1,100,random
3983,RANDOM,13,"2026-07-13 05:26:50",71.5,0.694161,3.58092,7.2424,0.342971,-0.009867,0.5523,0.15481,0.29289,200,sp,38,239,0.70272727,-0.01227576,10,1,100,random
3984,RANDOM,14,"2026-07-13 05:26:57",77.9,0.690024,3.52251,7.1212,0.351706,0.007141,0.55319,0.14894,0.29787,200,sp,38,235,0.68863636,0.0024,10,1,100,random
3985,RANDOM,15,"2026-07-13 05:27:03",84.3,0.686906,3.48897,7.0909,0.357335,0.002762,0.55983,0.1453,0.29487,200,sp,38,234,0.68742424,-0.0011,10,1,100,random
3986,RANDOM,16,"2026-07-13 05:27:10",90.7,0.685882,3.4742,7,0.365186,0.013916,0.5671,0.1342,0.2987,200,sp,38,231,0.67772728,0.01127879,10,1,100,random
3987,RANDOM,17,"2026-07-13 05:27:16",97.2,0.686667,3.4939,6.9394,0.376274,0.010838,0.55459,0.1441,0.30131,200,sp,38,229,0.68,0.00890909,10,1,100,random
3988,RANDOM,18,"2026-07-13 05:27:22",103.5,0.685055,3.49674,6.8485,0.363556,-0.003173,0.54425,0.14159,0.31416,200,sp,38,226,0.6889394,-0.00624242,10,1,100,random
3989,RANDOM,19,"2026-07-13 05:27:29",109.9,0.687015,3.49599,6.8485,0.339423,-0.016594,0.5354,0.14602,0.31858,200,sp,38,226,0.69833334,-0.01748182,10,1,100,random
3990,RANDOM,20,"2026-07-13 05:27:35",116.3,0.684673,3.48452,6.697,0.334332,0.009787,0.52941,0.15837,0.31222,200,sp,38,221,0.68015152,0.00683939,10,1,100,random
3991,OI,1,"2026-07-13 05:28:20",5.3,0.72703,4.09804,8.2121,0.324485,-0.009726,0.54244,0.13653,0.32103,200,sp,39,271,0.72621212,-0.00024545,10,1,100,random
3992,OI,2,"2026-07-13 05:28:25",10.1,0.748161,4.4156,8.1515,0.384886,-0.002549,0.50929,0.15613,0.33457,200,sp,39,269,0.74106061,0.00911818,10,1,100,random
3993,OI,3,"2026-07-13 05:28:29",14.8,0.765348,4.74122,8.1515,0.420074,-0.018507,0.48327,0.171,0.34572,200,sp,39,269,0.77242424,-0.00913333,10,1,100,random
3994,OI,4,"2026-07-13 05:28:34",19.7,0.782458,5.10219,8.0909,0.448478,-0.020624,0.43071,0.22846,0.34082,200,sp,39,267,0.79151515,-0.01176364,10,1,100,random
3995,OI,5,"2026-07-13 05:28:39",24.6,0.796455,5.4448,8.0909,0.501892,-0.016123,0.38951,0.28839,0.3221,200,sp,39,267,0.80348485,-0.00908788,10,1,100,random
3996,OI,6,"2026-07-13 05:28:44",29.5,0.809018,5.7482,8.0606,0.578116,-0.006006,0.36842,0.30827,0.32331,200,sp,39,266,0.80909091,0.0002,10,1,100,random
3997,OI,7,"2026-07-13 05:28:51",36.1,0.819909,6.06596,8.0606,0.625307,-0.013253,0.32707,0.34586,0.32707,200,sp,39,266,0.82651515,-0.00781515,10,1,100,random
3998,OI,8,"2026-07-13 05:28:57",42.6,0.82853,6.32799,8,0.666106,-0.020401,0.2803,0.43182,0.28788,200,sp,39,264,0.84227273,-0.01683636,10,1,100,random
3999,OI,9,"2026-07-13 05:29:04",49.4,0.8356,6.5894,7.9697,0.764078,-0.009456,0.25475,0.5057,0.23954,200,sp,39,263,0.84121212,-0.00641212,10,1,100,random
4000,OI,10,"2026-07-13 05:29:11",56.1,0.841491,6.80779,7.9697,0.921448,-0.00402,0.22814,0.52852,0.24335,200,sp,39,263,0.84318182,-0.00200303,10,1,100,random
4001,OI,11,"2026-07-13 05:29:17",62.9,0.845818,6.98875,7.9697,0.919963,-0.015257,0.19011,0.59696,0.21293,200,sp,39,263,0.85772727,-0.01431515,10,1,100,random
4002,OI,12,"2026-07-13 05:29:24",69.7,0.849391,7.16664,7.9394,0.974607,-0.011842,0.15649,0.67939,0.16412,200,sp,39,262,0.85893939,-0.01169697,10,1,100,random
4003,OI,13,"2026-07-13 05:29:31",76.5,0.852436,7.32912,7.9394,1.15673,-0.007484,0.14122,0.72137,0.1374,200,sp,39,262,0.85863637,-0.00750909,10,1,100,random
4004,OI,14,"2026-07-13 05:29:38",83.2,0.855191,7.4709,7.9394,1.32123,-0.008454,0.10687,0.79389,0.09924,200,sp,39,262,0.86227272,-0.00858788,10,1,100,random
4005,OI,15,"2026-07-13 05:29:45",90,0.856921,7.5499,7.9394,1.48403,0.004641,0.08779,0.83969,0.07252,200,sp,39,262,0.85318182,0.00491515,10,1,100,random
4006,OI,16,"2026-07-13 05:29:51",96.8,0.857855,7.5935,7.9394,1.83859,-0.012287,0.07634,0.85878,0.06489,200,sp,39,262,0.86909091,-0.01330909,10,1,100,random
4007,OI,17,"2026-07-13 05:29:58",103.7,0.858252,7.60493,7.9394,1.7561,0.007071,0.0916,0.82443,0.08397,200,sp,39,262,0.85287879,0.00653939,10,1,100,random
4008,OI,18,"2026-07-13 05:30:06",111.4,0.859061,7.65152,7.9394,1.88204,-0.002296,0.0687,0.84733,0.08397,200,sp,39,262,0.86166667,-0.00296667,10,1,100,random
4009,OI,19,"2026-07-13 05:30:13",118.9,0.859636,7.67673,7.9394,1.51544,-0.007591,0.0687,0.87023,0.06107,200,sp,39,262,0.8669697,-0.00800303,10,1,100,random
4010,OI,20,"2026-07-13 05:30:20",125.7,0.859982,7.71798,7.9394,2.2253,0.01046,0.05344,0.8855,0.06107,200,sp,39,262,0.8519697,0.00876667,10,1,100,random
4011,IR,1,"2026-07-13 05:30:30",5.5,0.713848,3.87914,8.1818,0.271434,-0.089478,0.57407,0.1037,0.32222,200,sp,39,270,0.77560606,-0.09040909,10,1,100,random
4012,IR,2,"2026-07-13 05:30:35",10.5,0.71713,3.90038,8.0303,0.293208,-0.096402,0.56226,0.11321,0.32453,200,sp,39,265,0.78545455,-0.09615455,10,1,100,random
4013,IR,3,"2026-07-13 05:30:40",15.5,0.722315,3.96408,7.9394,0.306358,-0.106883,0.56489,0.10305,0.33206,200,sp,39,262,0.79742424,-0.1071303,10,1,100,random
4014,IR,4,"2026-07-13 05:30:45",20.7,0.725067,3.97121,7.8788,0.303388,-0.099421,0.56538,0.10769,0.32692,200,sp,39,260,0.79651515,-0.10089394,10,1,100,random
4015,IR,5,"2026-07-13 05:30:50",25.9,0.726961,4.0144,7.8182,0.318514,-0.10279,0.55814,0.09302,0.34884,200,sp,39,258,0.80121212,-0.10557879,10,1,100,random
4016,IR,6,"2026-07-13 05:30:56",31.1,0.732373,4.08013,7.7879,0.299779,-0.096624,0.55253,0.10895,0.33852,200,sp,39,257,0.80090909,-0.09714849,10,1,100,random
4017,IR,7,"2026-07-13 05:31:02",37.7,0.734424,4.09697,7.7576,0.314966,-0.10487,0.53125,0.13672,0.33203,200,sp,39,256,0.8110606,-0.10758485,10,1,100,random
4018,IR,8,"2026-07-13 05:31:09",44.4,0.736433,4.09255,7.7273,0.326102,-0.106084,0.54118,0.11373,0.3451,200,sp,39,255,0.81409091,-0.10788788,10,1,100,random
4019,IR,9,"2026-07-13 05:31:16",51.4,0.741779,4.149,7.5758,0.316585,-0.089872,0.524,0.136,0.34,200,sp,39,250,0.80651515,-0.08826667,10,1,100,random
4020,IR,10,"2026-07-13 05:31:23",58.4,0.742185,4.15154,7.5455,0.330175,-0.108526,0.52209,0.13655,0.34137,200,sp,39,249,0.82318182,-0.11225758,10,1,100,random
4021,IR,11,"2026-07-13 05:31:30",65.3,0.744273,4.18538,7.5152,0.334622,-0.107766,0.53629,0.10887,0.35484,200,sp,39,248,0.82409091,-0.10852727,10,1,100,random
4022,IR,12,"2026-07-13 05:31:37",72.2,0.747252,4.20551,7.4848,0.323049,-0.111776,0.52632,0.12955,0.34413,200,sp,39,247,0.82984849,-0.11209394,10,1,100,random
4023,IR,13,"2026-07-13 05:31:44",79.1,0.749382,4.23156,7.3939,0.343308,-0.102467,0.51639,0.12295,0.36066,200,sp,39,244,0.82575758,-0.10271818,10,1,100,random
4024,IR,14,"2026-07-13 05:31:50",85.9,0.751827,4.26049,7.3333,0.331266,-0.097557,0.52066,0.1281,0.35124,200,sp,39,242,0.82454546,-0.09832727,10,1,100,random
4025,IR,15,"2026-07-13 05:31:57",92.8,0.753894,4.30679,7.2424,0.364312,-0.104423,0.50209,0.16318,0.33473,200,sp,39,239,0.83212122,-0.10524848,10,1,100,random
4026,IR,16,"2026-07-13 05:32:04",99.6,0.756612,4.34961,7.2424,0.413199,-0.108175,0.48954,0.159,0.35146,200,sp,39,239,0.83757576,-0.10914545,10,1,100,random
4027,IR,17,"2026-07-13 05:32:11",106.4,0.760176,4.42526,7.2424,0.378528,-0.10049,0.48536,0.17573,0.33891,200,sp,39,239,0.83530303,-0.10043636,10,1,100,random
4028,IR,18,"2026-07-13 05:32:18",113.3,0.763876,4.49365,7.2121,0.417384,-0.089852,0.5,0.14286,0.35714,200,sp,39,238,0.83121212,-0.08983333,10,1,100,random
4029,IR,19,"2026-07-13 05:32:25",120.2,0.764918,4.51541,7.1515,0.392676,-0.102925,0.48305,0.16102,0.35593,200,sp,39,236,0.84363636,-0.10516364,10,1,100,random
4030,IR,20,"2026-07-13 05:32:32",127.2,0.767255,4.55653,7.1212,0.40795,-0.103765,0.45957,0.19149,0.34894,200,sp,39,235,0.84621212,-0.10551818,10,1,100,random
4031,AGR,1,"2026-07-13 05:32:40",7.8,0.724803,4.05063,8.303,0.29476,0.061824,0.57299,0.09854,0.32847,200,sp,39,274,0.67393939,0.07042424,10,1,100,random
4032,AGR,2,"2026-07-13 05:32:47",15,0.741342,4.32134,8.1212,0.334864,0.061611,0.54104,0.11194,0.34701,200,sp,39,268,0.68954545,0.07183333,10,1,100,random
4033,AGR,3,"2026-07-13 05:32:55",22.2,0.752942,4.56011,8.0909,0.338679,0.053536,0.51311,0.13858,0.34831,200,sp,39,267,0.70833334,0.06127576,10,1,100,random
4034,AGR,4,"2026-07-13 05:33:02",29.4,0.767618,4.87291,8,0.38389,0.043332,0.48864,0.15152,0.35985,200,sp,39,264,0.72863636,0.05300606,10,1,100,random
4035,AGR,5,"2026-07-13 05:33:09",36.6,0.779833,5.1724,7.9697,0.406135,0.042608,0.46768,0.18251,0.34981,200,sp,39,263,0.74196969,0.04901515,10,1,100,random
4036,AGR,6,"2026-07-13 05:33:16",43.7,0.791909,5.44883,7.9394,0.458034,0.050218,0.4313,0.21756,0.35115,200,sp,39,262,0.74772727,0.05877576,10,1,100,random
4037,AGR,7,"2026-07-13 05:33:23",51.1,0.8027,5.74968,7.9091,0.497191,0.042997,0.3908,0.26054,0.34866,200,sp,39,261,0.76409091,0.04912727,10,1,100,random
4038,AGR,8,"2026-07-13 05:33:31",58.4,0.811503,6.01663,7.8788,0.55772,0.036756,0.35385,0.30769,0.33846,200,sp,39,260,0.77833334,0.04301818,10,1,100,random
4039,AGR,9,"2026-07-13 05:33:38",65.5,0.819133,6.25043,7.8788,0.598344,0.036986,0.31923,0.32308,0.35769,200,sp,39,260,0.78621212,0.04075455,10,1,100,random
4040,AGR,10,"2026-07-13 05:33:46",73.6,0.827352,6.49342,7.8485,0.606033,0.03505,0.28185,0.40927,0.30888,200,sp,39,259,0.79545454,0.03966667,10,1,100,random
4041,AGR,11,"2026-07-13 05:33:54",81.2,0.834297,6.7017,7.8485,0.722972,0.034358,0.25869,0.44788,0.29344,200,sp,39,259,0.80318182,0.03801212,10,1,100,random
4042,AGR,12,"2026-07-13 05:34:01",88.6,0.840412,6.92839,7.8485,0.801894,0.031932,0.2278,0.55212,0.22008,200,sp,39,259,0.81151515,0.0351303,10,1,100,random
4043,AGR,13,"2026-07-13 05:34:08",95.9,0.845391,7.11329,7.8485,1.00273,0.045355,0.21236,0.59846,0.18919,200,sp,39,259,0.80560606,0.04852727,10,1,100,random
4044,AGR,14,"2026-07-13 05:34:15",103.1,0.849376,7.2527,7.8182,1.15206,0.04069,0.17829,0.6938,0.12791,200,sp,39,258,0.81393939,0.04211212,10,1,100,random
4045,AGR,15,"2026-07-13 05:34:23",110.4,0.853018,7.3977,7.8182,1.41274,0.050274,0.12403,0.76357,0.1124,200,sp,39,258,0.80924243,0.05221818,10,1,100,random
4046,AGR,16,"2026-07-13 05:34:30",117.7,0.855539,7.51728,7.8182,1.3958,0.029855,0.10465,0.82558,0.06977,200,sp,39,258,0.82969697,0.03092727,10,1,100,random
4047,AGR,17,"2026-07-13 05:34:37",124.9,0.857297,7.61163,7.8182,1.96662,0.048002,0.06589,0.91085,0.02326,200,sp,39,258,0.81621212,0.04959697,10,1,100,random
4048,AGR,18,"2026-07-13 05:34:44",132.1,0.858315,7.65562,7.8182,2.4323,0.048175,0.05039,0.93411,0.0155,200,sp,39,258,0.81727273,0.04907576,10,1,100,random
4049,AGR,19,"2026-07-13 05:34:52",139.4,0.859055,7.68835,7.8182,2.23716,0.034135,0.03488,0.94574,0.01938,200,sp,39,258,0.83015152,0.03443939,10,1,100,random
4050,AGR,20,"2026-07-13 05:34:59",146.8,0.859352,7.70119,7.8182,1.67905,0.06371,0.01938,0.95736,0.02326,200,sp,39,258,0.80530303,0.06381818,10,1,100,random
4051,RANDOM,1,"2026-07-13 05:35:08",4.7,0.706248,3.79535,8.0606,0.262419,-0.006787,0.56767,0.09023,0.34211,200,sp,39,266,0.7130303,-0.01100606,10,1,100,random
4052,RANDOM,2,"2026-07-13 05:35:12",8.9,0.704736,3.79468,8,0.252648,0.003446,0.56439,0.09091,0.3447,200,sp,39,264,0.70393939,0.00288182,10,1,100,random
4053,RANDOM,3,"2026-07-13 05:35:17",13.2,0.701597,3.75138,7.9697,0.242843,0.025789,0.57414,0.08365,0.34221,200,sp,39,263,0.6859091,0.02340303,10,1,100,random
4054,RANDOM,4,"2026-07-13 05:35:21",17.5,0.700579,3.71862,7.9394,0.241497,0.004728,0.5687,0.09542,0.33588,200,sp,39,262,0.69878788,0.00156364,10,1,100,random
4055,RANDOM,5,"2026-07-13 05:35:25",21.9,0.700112,3.72671,7.9091,0.257546,-0.009643,0.55939,0.10345,0.33716,200,sp,39,261,0.7080303,-0.01220909,10,1,100,random
4056,RANDOM,6,"2026-07-13 05:35:30",26.3,0.697894,3.70625,7.8485,0.254077,-0.000155,0.55985,0.10039,0.33977,200,sp,39,259,0.7,-0.00318182,10,1,100,random
4057,RANDOM,7,"2026-07-13 05:35:35",32.1,0.698103,3.71503,7.7879,0.248031,0.006359,0.55253,0.11673,0.33074,200,sp,39,257,0.69469697,0.00348485,10,1,100,random
4058,RANDOM,8,"2026-07-13 05:35:41",37.9,0.694533,3.67998,7.6364,0.260157,-0.004476,0.55159,0.11111,0.3373,200,sp,39,252,0.70045455,-0.00733939,10,1,100,random
4059,RANDOM,9,"2026-07-13 05:35:47",44,0.692597,3.64731,7.3939,0.265095,0.004831,0.54918,0.12295,0.32787,200,sp,39,244,0.69136363,0.00199697,10,1,100,random
4060,RANDOM,10,"2026-07-13 05:35:53",50,0.692721,3.63064,7.2727,0.306051,-0.016607,0.53333,0.1375,0.32917,200,sp,39,240,0.70545455,-0.01884848,10,1,100,random
4061,RANDOM,11,"2026-07-13 05:35:59",56.2,0.694458,3.64106,7.1818,0.313618,0.009587,0.52743,0.14346,0.32911,200,sp,39,237,0.68772727,0.0116,10,1,100,random
4062,RANDOM,12,"2026-07-13 05:36:06",62.3,0.693506,3.64403,7.0606,0.318826,0.001788,0.51931,0.15451,0.32618,200,sp,39,233,0.6939394,0.00041818,10,1,100,random
4063,RANDOM,13,"2026-07-13 05:36:12",68.3,0.694303,3.6401,6.9697,0.331803,0.000402,0.52609,0.14783,0.32609,200,sp,39,230,0.69439394,-0.00028182,10,1,100,random
4064,RANDOM,14,"2026-07-13 05:36:18",74.5,0.691709,3.63821,6.9091,0.33605,-0.016804,0.52632,0.14912,0.32456,200,sp,39,228,0.70560606,-0.01980303,10,1,100,random
4065,RANDOM,15,"2026-07-13 05:36:24",80.6,0.686727,3.59215,6.8485,0.340335,0.000068,0.5354,0.13717,0.32743,200,sp,39,226,0.69045454,-0.00445758,10,1,100,random
4066,RANDOM,16,"2026-07-13 05:36:30",86.8,0.687012,3.59132,6.8182,0.342192,-0.005262,0.52444,0.16444,0.31111,200,sp,39,225,0.69151515,-0.0090697,10,1,100,random
4067,RANDOM,17,"2026-07-13 05:36:36",92.9,0.6854,3.57439,6.7576,0.368163,0.010729,0.51121,0.17489,0.3139,200,sp,39,223,0.68015152,0.00801818,10,1,100,random
4068,RANDOM,18,"2026-07-13 05:36:42",99.1,0.683682,3.55423,6.697,0.359785,-0.010597,0.50679,0.181,0.31222,200,sp,39,221,0.69257576,-0.01383333,10,1,100,random
4069,RANDOM,19,"2026-07-13 05:36:49",105.3,0.681242,3.52695,6.6667,0.357473,0.002298,0.51818,0.15909,0.32273,200,sp,39,220,0.6819697,-0.00010606,10,1,100,random
4070,RANDOM,20,"2026-07-13 05:36:55",111.5,0.684761,3.54489,6.6364,0.351154,-0.005208,0.52511,0.15982,0.31507,200,sp,39,219,0.68757575,-0.0016697,10,1,100,random
4071,OI,1,"2026-07-13 06:12:05",4.7,0.727791,4.11746,8.2121,0.354883,-0.023079,0.54613,0.12546,0.32841,200,sp,40,271,0.73621212,-0.01216667,10,1,100,random
4072,OI,2,"2026-07-13 06:12:09",8.9,0.746455,4.41831,8.1818,0.393822,-0.026006,0.52222,0.15556,0.32222,200,sp,40,270,0.75787879,-0.01615151,10,1,100,random
4073,OI,3,"2026-07-13 06:12:13",13.2,0.763821,4.74394,8.1212,0.456065,-0.022563,0.47761,0.18657,0.33582,200,sp,40,268,0.77378788,-0.01324545,10,1,100,random
4074,OI,4,"2026-07-13 06:12:17",17.5,0.779639,5.07223,8.0909,0.487556,-0.019798,0.44195,0.23596,0.3221,200,sp,40,267,0.78863636,-0.01295455,10,1,100,random
4075,OI,5,"2026-07-13 06:12:22",21.8,0.794233,5.41327,8.0909,0.544463,-0.015136,0.39326,0.27715,0.32959,200,sp,40,267,0.80015152,-0.00816667,10,1,100,random
4076,OI,6,"2026-07-13 06:12:26",26,0.806261,5.76817,8.0909,0.587684,0.000933,0.36704,0.30712,0.32584,200,sp,40,267,0.80090909,0.00659394,10,1,100,random
4077,OI,7,"2026-07-13 06:12:32",32,0.816724,6.05598,8.0909,0.611221,0.019004,0.34457,0.37453,0.2809,200,sp,40,267,0.79742424,0.02288182,10,1,100,random
4078,OI,8,"2026-07-13 06:12:38",37.9,0.825788,6.35754,8.0909,0.758524,-0.001464,0.3221,0.37828,0.29963,200,sp,40,267,0.82363636,0.00176061,10,1,100,random
4079,OI,9,"2026-07-13 06:12:44",44,0.833509,6.65415,8.0909,0.767425,-0.000397,0.25468,0.4382,0.30712,200,sp,40,267,0.83121212,0.00229697,10,1,100,random
4080,OI,10,"2026-07-13 06:12:50",50.3,0.840721,6.93086,8.0909,0.740291,-0.01584,0.21348,0.55056,0.23596,200,sp,40,267,0.85166667,-0.01317576,10,1,100,random
4081,OI,11,"2026-07-13 06:12:56",56.4,0.845864,7.17012,8.0909,0.911441,-0.014314,0.19101,0.59925,0.20974,200,sp,40,267,0.85651515,-0.01250909,10,1,100,random
4082,OI,12,"2026-07-13 06:13:02",62.6,0.849288,7.32888,8.0909,1.01018,-0.014037,0.16854,0.62921,0.20225,200,sp,40,267,0.86075757,-0.01322121,10,1,100,random
4083,OI,13,"2026-07-13 06:13:09",68.7,0.8531,7.51723,8.0606,1.04444,0.00388,0.1391,0.72556,0.13534,200,sp,40,266,0.84924243,0.00386667,10,1,100,random
4084,OI,14,"2026-07-13 06:13:15",74.8,0.8554,7.62122,8.0606,1.35961,-0.004031,0.11278,0.79323,0.09398,200,sp,40,266,0.85863637,-0.00332727,10,1,100,random
4085,OI,15,"2026-07-13 06:13:21",81,0.856961,7.69233,8.0606,1.70863,-0.012345,0.09023,0.82707,0.08271,200,sp,40,266,0.86787878,-0.01316667,10,1,100,random
4086,OI,16,"2026-07-13 06:13:27",87.2,0.858527,7.76658,8.0606,1.70757,-0.006109,0.06391,0.84962,0.08647,200,sp,40,266,0.86409091,-0.00648788,10,1,100,random
4087,OI,17,"2026-07-13 06:13:33",93.4,0.859291,7.80949,8.0606,1.50253,-0.005887,0.06015,0.87218,0.06767,200,sp,40,266,0.865,-0.00668788,10,1,100,random
4088,OI,18,"2026-07-13 06:13:39",99.6,0.860185,7.85971,8.0606,1.9662,-0.000973,0.07519,0.87594,0.04887,200,sp,40,266,0.86166667,-0.00158788,10,1,100,random
4089,OI,19,"2026-07-13 06:13:46",105.8,0.860142,7.86147,8.0606,2.57008,-0.006289,0.05263,0.88722,0.06015,200,sp,40,266,0.86681819,-0.00793333,10,1,100,random
4090,OI,20,"2026-07-13 06:13:52",112.1,0.860558,7.87404,8.0606,1.9507,0.001855,0.05263,0.88346,0.06391,200,sp,40,266,0.85984849,0.00098182,10,1,100,random
4091,IR,1,"2026-07-13 06:14:01",5.1,0.711388,3.88178,8.1212,0.303071,-0.092987,0.56716,0.12313,0.3097,200,sp,40,268,0.77666667,-0.0943697,10,1,100,random
4092,IR,2,"2026-07-13 06:14:05",9.9,0.719285,3.94092,7.9697,0.335978,-0.097294,0.55894,0.12928,0.31179,200,sp,40,263,0.78621212,-0.09517273,10,1,100,random
4093,IR,3,"2026-07-13 06:14:10",14.5,0.722033,3.98411,7.8485,0.347304,-0.109351,0.55598,0.13514,0.30888,200,sp,40,259,0.80030303,-0.11133939,10,1,100,random
4094,IR,4,"2026-07-13 06:14:15",19.4,0.725558,4.01295,7.7879,0.360255,-0.104066,0.54475,0.13619,0.31907,200,sp,40,257,0.8,-0.10519697,10,1,100,random
4095,IR,5,"2026-07-13 06:14:20",24.2,0.7295,4.06932,7.7273,0.354596,-0.111318,0.5451,0.12941,0.32549,200,sp,40,255,0.80924242,-0.11292121,10,1,100,random
4096,IR,6,"2026-07-13 06:14:24",28.9,0.730045,4.07108,7.6364,0.346903,-0.118485,0.53571,0.13095,0.33333,200,sp,40,252,0.8169697,-0.12258788,10,1,100,random
4097,IR,7,"2026-07-13 06:14:31",35.2,0.733312,4.09959,7.5758,0.348634,-0.101668,0.52,0.148,0.332,200,sp,40,250,0.80696969,-0.10186061,10,1,100,random
4098,IR,8,"2026-07-13 06:14:37",41.5,0.73847,4.16839,7.5455,0.363314,-0.108771,0.51807,0.14458,0.33735,200,sp,40,249,0.81681818,-0.11033333,10,1,100,random
4099,IR,9,"2026-07-13 06:14:44",48.1,0.741906,4.20985,7.5152,0.354174,-0.090107,0.5121,0.15323,0.33468,200,sp,40,248,0.80757576,-0.09084849,10,1,100,random
4100,IR,10,"2026-07-13 06:14:50",54.6,0.744664,4.22596,7.3939,0.374647,-0.101966,0.5123,0.15164,0.33607,200,sp,40,244,0.81984848,-0.10346061,10,1,100,random
4101,IR,11,"2026-07-13 06:14:57",61.3,0.7478,4.26292,7.303,0.390413,-0.101498,0.50622,0.14938,0.3444,200,sp,40,241,0.82272728,-0.10247879,10,1,100,random
4102,IR,12,"2026-07-13 06:15:04",68,0.7482,4.26292,7.2424,0.388834,-0.103449,0.49372,0.16318,0.3431,200,sp,40,239,0.8260606,-0.10711818,10,1,100,random
4103,IR,13,"2026-07-13 06:15:10",74.8,0.750867,4.31458,7.1818,0.389661,-0.112533,0.48523,0.15612,0.35865,200,sp,40,237,0.83454546,-0.11426667,10,1,100,random
4104,IR,14,"2026-07-13 06:15:17",81.4,0.754921,4.37359,7.1818,0.371996,-0.097531,0.49367,0.15612,0.35021,200,sp,40,237,0.82681818,-0.09835758,10,1,100,random
4105,IR,15,"2026-07-13 06:15:24",88,0.75857,4.42256,7.1515,0.389218,-0.106497,0.47881,0.16525,0.35593,200,sp,40,236,0.8380303,-0.10658788,10,1,100,random
4106,IR,16,"2026-07-13 06:15:30",94.6,0.760279,4.43404,7.1515,0.394804,-0.088496,0.47881,0.16525,0.35593,200,sp,40,236,0.82742424,-0.09025455,10,1,100,random
4107,IR,17,"2026-07-13 06:15:37",101.3,0.762512,4.46766,7.0909,0.393839,-0.102511,0.47436,0.17521,0.35043,200,sp,40,234,0.84,-0.10337273,10,1,100,random
4108,IR,18,"2026-07-13 06:15:44",108.1,0.764588,4.50474,7.0303,0.418314,-0.098332,0.45259,0.21121,0.33621,200,sp,40,232,0.83924242,-0.09932121,10,1,100,random
4109,IR,19,"2026-07-13 06:15:50",114.7,0.764548,4.51115,6.9697,0.443405,-0.086749,0.45217,0.19565,0.35217,200,sp,40,230,0.83166666,-0.08961515,10,1,100,random
4110,IR,20,"2026-07-13 06:15:57",121.4,0.766173,4.52715,6.9697,0.424171,-0.096675,0.44783,0.18261,0.36957,200,sp,40,230,0.84,-0.09788182,10,1,100,random
4111,AGR,1,"2026-07-13 06:16:05",7.2,0.725991,4.12855,8.1818,0.336654,0.060342,0.54444,0.11481,0.34074,200,sp,40,270,0.67560606,0.07091515,10,1,100,random
4112,AGR,2,"2026-07-13 06:16:12",14,0.741385,4.35745,8.1818,0.332213,0.048086,0.54074,0.10741,0.35185,200,sp,40,270,0.69969697,0.05712424,10,1,100,random
4113,AGR,3,"2026-07-13 06:16:19",20.8,0.755364,4.63963,8.1818,0.359117,0.048759,0.51852,0.12963,0.35185,200,sp,40,270,0.71318182,0.05664849,10,1,100,random
4114,AGR,4,"2026-07-13 06:16:25",27.7,0.770242,4.96713,8.1515,0.385084,0.034397,0.48327,0.15985,0.35688,200,sp,40,269,0.73772727,0.04293636,10,1,100,random
4115,AGR,5,"2026-07-13 06:16:32",34.6,0.783709,5.29039,8.1515,0.420369,0.034299,0.45353,0.17472,0.37175,200,sp,40,269,0.75166667,0.04215455,10,1,100,random
4116,AGR,6,"2026-07-13 06:16:39",41.6,0.794524,5.56891,8.0909,0.432803,0.047039,0.41573,0.20974,0.37453,200,sp,40,267,0.75303031,0.05400303,10,1,100,random
4117,AGR,7,"2026-07-13 06:16:48",50.2,0.804018,5.82306,8.0303,0.453656,0.050826,0.39245,0.23774,0.36981,200,sp,40,265,0.75969697,0.05576061,10,1,100,random
4118,AGR,8,"2026-07-13 06:16:56",58.7,0.813579,6.12058,8.0303,0.524763,0.03253,0.35849,0.29057,0.35094,200,sp,40,265,0.78363636,0.03847576,10,1,100,random
4119,AGR,9,"2026-07-13 06:17:05",67.5,0.820848,6.3464,8,0.585871,0.033434,0.32576,0.32197,0.35227,200,sp,40,264,0.79090909,0.03757576,10,1,100,random
4120,AGR,10,"2026-07-13 06:17:14",76.3,0.828882,6.64302,7.9697,0.635366,0.034746,0.30418,0.38783,0.30798,200,sp,40,263,0.79727273,0.03844242,10,1,100,random
4121,AGR,11,"2026-07-13 06:17:23",85.1,0.835348,6.86356,7.9697,0.743536,0.037274,0.27376,0.46008,0.26616,200,sp,40,263,0.80196969,0.04136364,10,1,100,random
4122,AGR,12,"2026-07-13 06:17:32",94,0.840236,7.06862,7.9697,0.872131,0.038124,0.24335,0.51711,0.23954,200,sp,40,263,0.80681818,0.04031818,10,1,100,random
4123,AGR,13,"2026-07-13 06:17:41",102.8,0.844527,7.24794,7.9697,0.958475,0.039943,0.19392,0.60076,0.20532,200,sp,40,263,0.80969697,0.04228788,10,1,100,random
4124,AGR,14,"2026-07-13 06:17:50",111.8,0.848912,7.42687,7.9697,1.04664,0.041815,0.14829,0.70722,0.14449,200,sp,40,263,0.81212121,0.04572121,10,1,100,random
4125,AGR,15,"2026-07-13 06:17:59",120.8,0.851567,7.53217,7.9697,1.20688,0.051097,0.11027,0.76426,0.12548,200,sp,40,263,0.80757576,0.05238485,10,1,100,random
4126,AGR,16,"2026-07-13 06:18:07",129.5,0.855015,7.67999,7.9697,1.25932,0.033697,0.07985,0.84791,0.07224,200,sp,40,263,0.82545455,0.03546061,10,1,100,random
4127,AGR,17,"2026-07-13 06:18:16",138.3,0.856539,7.74525,7.9697,1.58824,0.034353,0.07224,0.86312,0.06464,200,sp,40,263,0.82727272,0.03532727,10,1,100,random
4128,AGR,18,"2026-07-13 06:18:25",147.3,0.857897,7.81288,7.9697,1.75973,0.047822,0.04183,0.93156,0.02662,200,sp,40,263,0.8169697,0.04948485,10,1,100,random
4129,AGR,19,"2026-07-13 06:18:34",156.5,0.859009,7.86272,7.9697,1.94831,0.049614,0.01901,0.96198,0.01901,200,sp,40,263,0.81666667,0.05102727,10,1,100,random
4130,AGR,20,"2026-07-13 06:18:43",165.5,0.859494,7.89629,7.9697,1.44737,0.047167,0.0076,0.98099,0.01141,200,sp,40,263,0.81939394,0.04841212,10,1,100,random
4131,RANDOM,1,"2026-07-13 06:18:52",5.2,0.708445,3.84121,8.0606,0.29277,0.0017,0.57143,0.1203,0.30827,200,sp,40,266,0.70803031,0.00157273,10,1,100,random
4132,RANDOM,2,"2026-07-13 06:18:57",9.8,0.706149,3.82076,7.9394,0.320417,0.006159,0.56489,0.12977,0.30534,200,sp,40,262,0.70348485,0.00263636,10,1,100,random
4133,RANDOM,3,"2026-07-13 06:19:01",14.4,0.705264,3.80406,7.8182,0.32529,0.002478,0.55814,0.12791,0.31395,200,sp,40,258,0.705,-0.00198485,10,1,100,random
4134,RANDOM,4,"2026-07-13 06:19:06",18.9,0.704994,3.81493,7.7576,0.322653,-0.017306,0.55859,0.13672,0.30469,200,sp,40,256,0.71833333,-0.02005152,10,1,100,random
4135,RANDOM,5,"2026-07-13 06:19:10",23.3,0.705036,3.81456,7.7273,0.33959,-0.001969,0.56078,0.14118,0.29804,200,sp,40,255,0.70757576,-0.00423333,10,1,100,random
4136,RANDOM,6,"2026-07-13 06:19:15",27.8,0.704003,3.7989,7.4848,0.347397,-0.00472,0.54656,0.15789,0.29555,200,sp,40,247,0.70878788,-0.00737879,10,1,100,random
4137,RANDOM,7,"2026-07-13 06:19:21",33.8,0.704836,3.80937,7.3333,0.370584,-0.007523,0.53719,0.16116,0.30165,200,sp,40,242,0.71060607,-0.00742121,10,1,100,random
4138,RANDOM,8,"2026-07-13 06:19:27",39.8,0.703552,3.78696,7.2727,0.369248,0.006291,0.52917,0.17083,0.3,200,sp,40,240,0.70060605,0.00359697,10,1,100,random
4139,RANDOM,9,"2026-07-13 06:19:33",46,0.701888,3.75371,7.1212,0.368078,0.004293,0.53617,0.1617,0.30213,200,sp,40,235,0.70075758,0.00135455,10,1,100,random
4140,RANDOM,10,"2026-07-13 06:19:39",52.2,0.701155,3.72521,7.0909,0.372003,-0.00031,0.54274,0.15812,0.29915,200,sp,40,234,0.70272727,-0.00225455,10,1,100,random
4141,RANDOM,11,"2026-07-13 06:19:45",58.5,0.69983,3.70667,7,0.397161,0.005115,0.54113,0.15584,0.30303,200,sp,40,231,0.69787879,0.00176061,10,1,100,random
4142,RANDOM,12,"2026-07-13 06:19:52",64.8,0.701167,3.72542,6.9394,0.395215,-0.008049,0.54585,0.16157,0.29258,200,sp,40,229,0.70681819,-0.00795152,10,1,100,random
4143,RANDOM,13,"2026-07-13 06:19:58",71,0.70137,3.72169,6.9091,0.420635,-0.014159,0.53509,0.17105,0.29386,200,sp,40,228,0.7119697,-0.01592424,10,1,100,random
4144,RANDOM,14,"2026-07-13 06:20:05",77.8,0.701327,3.71258,6.7879,0.410898,0.007336,0.52679,0.16518,0.30804,200,sp,40,224,0.69712121,0.00554545,10,1,100,random
4145,RANDOM,15,"2026-07-13 06:20:12",85,0.700897,3.71115,6.697,0.396048,-0.001389,0.52941,0.1629,0.30769,200,sp,40,221,0.7030303,-0.00390606,10,1,100,random
4146,RANDOM,16,"2026-07-13 06:20:18",91.5,0.700791,3.70954,6.697,0.408622,-0.015059,0.52036,0.17647,0.30317,200,sp,40,221,0.71227273,-0.01598485,10,1,100,random
4147,RANDOM,17,"2026-07-13 06:20:25",97.9,0.701939,3.73435,6.5758,0.413029,-0.001491,0.51152,0.21659,0.27189,200,sp,40,217,0.70287879,-0.00161212,10,1,100,random
4148,RANDOM,18,"2026-07-13 06:20:31",104.4,0.700758,3.69853,6.5152,0.468958,0.000998,0.51163,0.2186,0.26977,200,sp,40,215,0.70151515,-0.00068485,10,1,100,random
4149,RANDOM,19,"2026-07-13 06:20:38",110.8,0.700815,3.68378,6.5152,0.475735,-0.012809,0.50698,0.21395,0.27907,200,sp,40,215,0.71045455,-0.01401212,10,1,100,random
4150,RANDOM,20,"2026-07-13 06:20:44",117.1,0.699548,3.6661,6.4848,0.462446,-0.000783,0.51402,0.21963,0.26636,200,sp,40,214,0.70181818,-0.00359394,10,1,100,random
4151,OI,1,"2026-07-13 06:26:06",4.8,0.7247,4.0543,8.0303,0.35573,-0.025972,0.53585,0.1434,0.32075,200,sp,41,265,0.73409091,-0.013,10,1,100,random
4152,OI,2,"2026-07-13 06:26:10",9.2,0.743991,4.36303,7.9091,0.408175,-0.010959,0.49808,0.18008,0.32184,200,sp,41,261,0.74393939,-0.00016061,10,1,100,random
4153,OI,3,"2026-07-13 06:26:15",13.7,0.762288,4.68623,7.8788,0.467806,-0.024098,0.46538,0.19615,0.33846,200,sp,41,260,0.77287879,-0.0143303,10,1,100,random
4154,OI,4,"2026-07-13 06:26:19",18.1,0.779727,5.07248,7.8485,0.492151,-0.007652,0.40927,0.2471,0.34363,200,sp,41,259,0.77833333,0.00294848,10,1,100,random
4155,OI,5,"2026-07-13 06:26:24",22.7,0.791985,5.38334,7.8182,0.495468,-0.001779,0.37984,0.32946,0.2907,200,sp,41,258,0.78863637,0.00511212,10,1,100,random
4156,OI,6,"2026-07-13 06:26:28",27.2,0.804164,5.7045,7.7879,0.636885,-0.00375,0.32296,0.34241,0.33463,200,sp,41,257,0.80242424,0.00220303,10,1,100,random
4157,OI,7,"2026-07-13 06:26:35",33.3,0.814188,6.00914,7.7273,0.603265,-0.016292,0.27059,0.43529,0.29412,200,sp,41,255,0.82363637,-0.0118,10,1,100,random
4158,OI,8,"2026-07-13 06:26:41",39.4,0.823221,6.26911,7.6061,0.704301,0.006454,0.25896,0.50598,0.23506,200,sp,41,251,0.81484848,0.01051818,10,1,100,random
4159,OI,9,"2026-07-13 06:26:47",45.7,0.830939,6.5244,7.5758,0.933526,-0.006971,0.22,0.552,0.228,200,sp,41,250,0.83439394,-0.00405758,10,1,100,random
4160,OI,10,"2026-07-13 06:26:53",52.1,0.836352,6.72751,7.5758,0.968013,-0.018526,0.196,0.62,0.184,200,sp,41,250,0.85030304,-0.01669394,10,1,100,random
4161,OI,11,"2026-07-13 06:27:00",58.4,0.840824,6.918,7.5758,1.11549,0.000605,0.156,0.676,0.168,200,sp,41,250,0.83924243,0.00211212,10,1,100,random
4162,OI,12,"2026-07-13 06:27:06",64.6,0.844255,7.07795,7.5758,1.16692,-0.009376,0.124,0.74,0.136,200,sp,41,250,0.85166667,-0.0083,10,1,100,random
4163,OI,13,"2026-07-13 06:27:12",70.9,0.846533,7.18027,7.5758,1.29108,-0.005249,0.096,0.788,0.116,200,sp,41,250,0.85106061,-0.00560303,10,1,100,random
4164,OI,14,"2026-07-13 06:27:18",77.2,0.847945,7.25187,7.5758,1.37281,0.003378,0.092,0.832,0.076,200,sp,41,250,0.84545454,0.00240606,10,1,100,random
4165,OI,15,"2026-07-13 06:27:25",83.5,0.84943,7.31238,7.5758,1.87075,0.002205,0.052,0.864,0.084,200,sp,41,250,0.8480303,0.00189394,10,1,100,random
4166,OI,16,"2026-07-13 06:27:31",89.8,0.850133,7.32468,7.5758,1.40342,0.002629,0.064,0.872,0.064,200,sp,41,250,0.84863636,0.00144545,10,1,100,random
4167,OI,17,"2026-07-13 06:27:37",96.2,0.850512,7.36294,7.5758,1.9846,0.007529,0.048,0.888,0.064,200,sp,41,250,0.84515151,0.00661515,10,1,100,random
4168,OI,18,"2026-07-13 06:27:44",102.5,0.851124,7.37388,7.5758,1.64427,0.000414,0.052,0.876,0.072,200,sp,41,250,0.85151515,0.00006364,10,1,100,random
4169,OI,19,"2026-07-13 06:27:50",108.9,0.851212,7.39102,7.5758,1.75116,-0.006304,0.068,0.872,0.06,200,sp,41,250,0.85757576,-0.0075,10,1,100,random
4170,OI,20,"2026-07-13 06:27:56",115.2,0.851394,7.41963,7.5758,2.36426,-0.000292,0.04,0.9,0.06,200,sp,41,250,0.85272727,-0.00134848,10,1,100,random
4171,IR,1,"2026-07-13 06:28:06",5.3,0.707964,3.83961,7.8788,0.301073,-0.087747,0.56538,0.11923,0.31538,200,sp,41,260,0.76848485,-0.08625758,10,1,100,random
4172,IR,2,"2026-07-13 06:28:11",10.2,0.711852,3.8784,7.7273,0.326209,-0.096127,0.56471,0.11765,0.31765,200,sp,41,255,0.77909091,-0.09844849,10,1,100,random
4173,IR,3,"2026-07-13 06:28:15",15,0.717503,3.94574,7.5758,0.340697,-0.109851,0.552,0.128,0.32,200,sp,41,250,0.79393939,-0.10806667,10,1,100,random
4174,IR,4,"2026-07-13 06:28:20",19.8,0.720018,3.97365,7.4545,0.343568,-0.099705,0.54472,0.13821,0.31707,200,sp,41,246,0.79106061,-0.10107273,10,1,100,random
4175,IR,5,"2026-07-13 06:28:25",24.7,0.724409,4.02932,7.3636,0.370047,-0.102511,0.53086,0.13992,0.32922,200,sp,41,243,0.79681818,-0.10265758,10,1,100,random
4176,IR,6,"2026-07-13 06:28:30",29.6,0.725758,4.02627,7.2424,0.371685,-0.104907,0.51883,0.16318,0.31799,200,sp,41,239,0.80181818,-0.1091303,10,1,100,random
4177,IR,7,"2026-07-13 06:28:36",36,0.730118,4.04164,7.2121,0.402707,-0.097605,0.52521,0.15546,0.31933,200,sp,41,238,0.79969697,-0.09873333,10,1,100,random
4178,IR,8,"2026-07-13 06:28:43",42.4,0.734806,4.09807,7.1818,0.414438,-0.113862,0.50211,0.173,0.32489,200,sp,41,237,0.81666666,-0.11441212,10,1,100,random
4179,IR,9,"2026-07-13 06:28:49",49.1,0.738748,4.13435,7.1515,0.391897,-0.104155,0.49153,0.1822,0.32627,200,sp,41,236,0.81424243,-0.10439697,10,1,100,random
4180,IR,10,"2026-07-13 06:28:56",56,0.741367,4.1623,7.0909,0.390519,-0.108119,0.49145,0.16239,0.34615,200,sp,41,234,0.82090909,-0.11034545,10,1,100,random
4181,IR,11,"2026-07-13 06:29:03",62.7,0.742648,4.18064,7.0909,0.362705,-0.097274,0.49145,0.15812,0.35043,200,sp,41,234,0.81484848,-0.10056364,10,1,100,random
4182,IR,12,"2026-07-13 06:29:10",69.5,0.7445,4.20167,7.0303,0.356674,-0.080412,0.49138,0.1681,0.34052,200,sp,41,232,0.80393939,-0.08221212,10,1,100,random
4183,IR,13,"2026-07-13 06:29:17",76.3,0.744527,4.19624,6.9394,0.403721,-0.099806,0.47598,0.17904,0.34498,200,sp,41,229,0.81954546,-0.10346667,10,1,100,random
4184,IR,14,"2026-07-13 06:29:23",82.9,0.744427,4.19427,6.9394,0.395005,-0.094099,0.47598,0.19214,0.33188,200,sp,41,229,0.81515152,-0.09720909,10,1,100,random
4185,IR,15,"2026-07-13 06:29:30",89.7,0.745439,4.19358,6.9394,0.418213,-0.097204,0.48035,0.16157,0.35808,200,sp,41,229,0.81787879,-0.09976667,10,1,100,random
4186,IR,16,"2026-07-13 06:29:37",96.4,0.746694,4.20962,6.9394,0.383385,-0.085538,0.48035,0.16594,0.35371,200,sp,41,229,0.81030303,-0.08773939,10,1,100,random
4187,IR,17,"2026-07-13 06:29:43",103.1,0.750606,4.26581,6.9394,0.400358,-0.095265,0.46288,0.20524,0.33188,200,sp,41,229,0.82060606,-0.09708788,10,1,100,random
4188,IR,18,"2026-07-13 06:29:50",110,0.752764,4.29519,6.9091,0.435005,-0.096862,0.44737,0.20175,0.35088,200,sp,41,228,0.825,-0.09776667,10,1,100,random
4189,IR,19,"2026-07-13 06:29:57",116.7,0.754621,4.33598,6.9091,0.407161,-0.106102,0.45175,0.19298,0.35526,200,sp,41,228,0.83424243,-0.10890606,10,1,100,random
4190,IR,20,"2026-07-13 06:30:04",123.8,0.7565,4.36008,6.8788,0.405112,-0.098218,0.44934,0.19383,0.35683,200,sp,41,227,0.83015152,-0.09946364,10,1,100,random
4191,AGR,1,"2026-07-13 06:30:16",8,0.71813,4.03271,7.9697,0.324645,0.050492,0.55894,0.12167,0.31939,200,sp,41,263,0.67666667,0.05950909,10,1,100,random
4192,AGR,2,"2026-07-13 06:30:23",15.2,0.735542,4.28803,7.9394,0.360052,0.038806,0.52672,0.14122,0.33206,200,sp,41,262,0.70015152,0.04940909,10,1,100,random
4193,AGR,3,"2026-07-13 06:30:30",22.5,0.749806,4.53325,7.9091,0.377468,0.047079,0.50192,0.15326,0.34483,200,sp,41,261,0.7090909,0.05894848,10,1,100,random
4194,AGR,4,"2026-07-13 06:30:37",29.6,0.76463,4.8144,7.9091,0.390562,0.035557,0.48276,0.16475,0.35249,200,sp,41,261,0.73151515,0.04371818,10,1,100,random
4195,AGR,5,"2026-07-13 06:30:45",37,0.775642,5.05808,7.8485,0.410644,0.056952,0.46718,0.16988,0.36293,200,sp,41,259,0.72742424,0.06421818,10,1,100,random
4196,AGR,6,"2026-07-13 06:30:52",44.5,0.786436,5.33659,7.8485,0.443224,0.04714,0.44015,0.21236,0.34749,200,sp,41,259,0.74530303,0.05413636,10,1,100,random
4197,AGR,7,"2026-07-13 06:31:01",53.4,0.797848,5.63023,7.8485,0.505203,0.027111,0.42471,0.22008,0.35521,200,sp,41,259,0.77166667,0.03428788,10,1,100,random
4198,AGR,8,"2026-07-13 06:31:10",62.3,0.807306,5.90749,7.8182,0.543393,0.040561,0.37984,0.27519,0.34496,200,sp,41,258,0.77106061,0.04574242,10,1,100,random
4199,AGR,9,"2026-07-13 06:31:19",71.6,0.815967,6.18253,7.8182,0.605568,0.036257,0.34109,0.33721,0.32171,200,sp,41,258,0.78333333,0.04125758,10,1,100,random
4200,AGR,10,"2026-07-13 06:31:29",80.9,0.823845,6.42483,7.8182,0.68539,0.035327,0.2907,0.4031,0.3062,200,sp,41,258,0.79212121,0.03902424,10,1,100,random
4201,AGR,11,"2026-07-13 06:31:38",90,0.829785,6.63697,7.8182,0.728913,0.038877,0.26357,0.44961,0.28682,200,sp,41,258,0.79560606,0.04211212,10,1,100,random
4202,AGR,12,"2026-07-13 06:31:47",99.2,0.834421,6.81322,7.8182,0.783247,0.038362,0.22093,0.52326,0.25581,200,sp,41,258,0.8010606,0.04038788,10,1,100,random
4203,AGR,13,"2026-07-13 06:31:56",108.4,0.84033,7.02428,7.8182,0.850768,0.043868,0.19767,0.57752,0.22481,200,sp,41,258,0.80151515,0.04771818,10,1,100,random
4204,AGR,14,"2026-07-13 06:32:05",117.5,0.843988,7.1592,7.8182,0.953297,0.03823,0.17442,0.65891,0.16667,200,sp,41,258,0.81090909,0.04106364,10,1,100,random
4205,AGR,15,"2026-07-13 06:32:15",126.8,0.847548,7.30284,7.8182,1.16535,0.035372,0.15504,0.70543,0.13953,200,sp,41,258,0.81666666,0.03815455,10,1,100,random
4206,AGR,16,"2026-07-13 06:32:24",136,0.850148,7.4254,7.8182,1.23627,0.031881,0.11628,0.76744,0.11628,200,sp,41,258,0.82257576,0.0330303,10,1,100,random
4207,AGR,17,"2026-07-13 06:32:33",145.2,0.852148,7.51667,7.8182,1.26845,0.054843,0.10078,0.81783,0.0814,200,sp,41,258,0.80530303,0.05641212,10,1,100,random
4208,AGR,18,"2026-07-13 06:32:42",154.6,0.854379,7.60366,7.8182,1.5304,0.042743,0.05814,0.90698,0.03488,200,sp,41,258,0.81772727,0.04382121,10,1,100,random
4209,AGR,19,"2026-07-13 06:32:52",163.9,0.855755,7.65395,7.8182,2.10743,0.043335,0.03101,0.94186,0.02713,200,sp,41,258,0.81893939,0.04352121,10,1,100,random
4210,AGR,20,"2026-07-13 06:33:01",173.1,0.856709,7.69035,7.8182,1.64279,0.044032,0.04264,0.94186,0.0155,200,sp,41,258,0.81924243,0.04412121,10,1,100,random
4211,RANDOM,1,"2026-07-13 06:33:10",4.9,0.704882,3.81024,8.0303,0.298686,-0.016715,0.56981,0.11698,0.31321,200,sp,41,265,0.7169697,-0.0181,10,1,100,random
4212,RANDOM,2,"2026-07-13 06:33:14",9.4,0.703773,3.78937,7.9394,0.300167,-0.00405,0.58397,0.10305,0.31298,200,sp,41,262,0.70833333,-0.0070303,10,1,100,random
4213,RANDOM,3,"2026-07-13 06:33:18",13.9,0.70147,3.75417,7.8485,0.304802,0.018451,0.56757,0.12355,0.30888,200,sp,41,259,0.69060606,0.0123,10,1,100,random
4214,RANDOM,4,"2026-07-13 06:33:23",18.4,0.699927,3.73515,7.7576,0.304904,0.006224,0.55859,0.12891,0.3125,200,sp,41,256,0.6969697,0.00547879,10,1,100,random
4215,RANDOM,5,"2026-07-13 06:33:27",22.9,0.700412,3.72587,7.6667,0.306528,-0.000106,0.54941,0.14229,0.3083,200,sp,41,253,0.70106061,-0.00132424,10,1,100,random
4216,RANDOM,6,"2026-07-13 06:33:32",27.4,0.6992,3.71829,7.6667,0.31726,0.008599,0.53755,0.16601,0.29644,200,sp,41,253,0.69454546,0.00872424,10,1,100,random
4217,RANDOM,7,"2026-07-13 06:33:38",33.5,0.697609,3.69733,7.6061,0.327319,0.003905,0.53785,0.17928,0.28287,200,sp,41,251,0.69681819,0.00428182,10,1,100,random
4218,RANDOM,8,"2026-07-13 06:33:44",39.6,0.699194,3.7422,7.5455,0.351003,-0.008762,0.54217,0.16867,0.28916,200,sp,41,249,0.70515151,-0.01020303,10,1,100,random
4219,RANDOM,9,"2026-07-13 06:33:51",46.1,0.700742,3.73825,7.3939,0.351289,0.000932,0.53279,0.16393,0.30328,200,sp,41,244,0.70015151,-0.00053939,10,1,100,random
4220,RANDOM,10,"2026-07-13 06:33:57",52.6,0.701742,3.75727,7.303,0.346138,-0.005939,0.53942,0.16598,0.29461,200,sp,41,241,0.70651516,-0.00761818,10,1,100,random
4221,RANDOM,11,"2026-07-13 06:34:04",59,0.701527,3.74675,7.303,0.36498,0.011355,0.55187,0.15768,0.29046,200,sp,41,241,0.69454546,0.00909091,10,1,100,random
4222,RANDOM,12,"2026-07-13 06:34:10",65.5,0.702706,3.7532,7.2121,0.381794,-0.003941,0.54202,0.17227,0.28571,200,sp,41,238,0.70575758,-0.00487273,10,1,100,random
4223,RANDOM,13,"2026-07-13 06:34:17",71.9,0.700906,3.73989,7.2121,0.392522,-0.005301,0.55042,0.15546,0.29412,200,sp,41,238,0.70651516,-0.00832424,10,1,100,random
4224,RANDOM,14,"2026-07-13 06:34:23",78.3,0.699297,3.71827,7.1515,0.388383,0.003538,0.53814,0.16525,0.29661,200,sp,41,236,0.69878788,0.00040303,10,1,100,random
4225,RANDOM,15,"2026-07-13 06:34:29",84.7,0.700161,3.7381,7.1515,0.388833,0.007424,0.54237,0.15254,0.30508,200,sp,41,236,0.69575757,0.00582121,10,1,100,random
4226,RANDOM,16,"2026-07-13 06:34:36",91.1,0.698891,3.73415,7.1515,0.371857,0.000891,0.5339,0.16102,0.30508,200,sp,41,236,0.69984849,-0.00489394,10,1,100,random
4227,RANDOM,17,"2026-07-13 06:34:42",97.4,0.695461,3.69634,7.0909,0.360943,0.001423,0.53419,0.16667,0.29915,200,sp,41,234,0.69712121,-0.00349091,10,1,100,random
4228,RANDOM,18,"2026-07-13 06:34:48",103.8,0.693921,3.68969,7.0303,0.377875,0.004653,0.53017,0.1681,0.30172,200,sp,41,232,0.69227273,0.00110909,10,1,100,random
4229,RANDOM,19,"2026-07-13 06:34:55",110.2,0.694133,3.69006,7,0.378178,-0.010439,0.5368,0.15584,0.30736,200,sp,41,231,0.70227273,-0.01358485,10,1,100,random
4230,RANDOM,20,"2026-07-13 06:35:01",116.7,0.692055,3.65947,6.9091,0.370653,-0.014914,0.52632,0.15789,0.31579,200,sp,41,228,0.70424242,-0.02010303,10,1,100,random
4231,OI,1,"2026-07-13 06:44:19",5.7,0.722209,3.98621,8.303,0.350546,-0.007742,0.56934,0.12409,0.30657,200,sp,42,274,0.71924242,0.00325152,10,1,100,random
4232,OI,2,"2026-07-13 06:44:24",10.9,0.744582,4.31421,8.2727,0.406616,-0.004991,0.54579,0.11722,0.337,200,sp,42,273,0.73909091,0.00650303,10,1,100,random
4233,OI,3,"2026-07-13 06:44:29",16,0.762215,4.64579,8.2424,0.399471,-0.013821,0.51103,0.17279,0.31618,200,sp,42,272,0.76530303,-0.00404242,10,1,100,random
4234,OI,4,"2026-07-13 06:44:34",21.1,0.778121,4.95503,8.1818,0.495153,-0.004025,0.45926,0.24815,0.29259,200,sp,42,270,0.77469697,0.00459091,10,1,100,random
4235,OI,5,"2026-07-13 06:44:39",26.2,0.792218,5.29417,8.1515,0.567884,-0.014258,0.41264,0.29368,0.29368,200,sp,42,269,0.79757576,-0.00610606,10,1,100,random
4236,OI,6,"2026-07-13 06:44:44",31.4,0.805497,5.62802,8.1515,0.609994,-0.004511,0.36803,0.32714,0.30483,200,sp,42,269,0.80378788,0.00269394,10,1,100,random
4237,OI,7,"2026-07-13 06:44:51",38.2,0.818209,5.99545,8.1515,0.639433,-0.009397,0.33457,0.37175,0.29368,200,sp,42,269,0.82075758,-0.0027697,10,1,100,random
4238,OI,8,"2026-07-13 06:44:58",45,0.828512,6.31922,8.1515,0.674478,-0.002269,0.30483,0.40892,0.28625,200,sp,42,269,0.82651515,0.00213939,10,1,100,random
4239,OI,9,"2026-07-13 06:45:05",52.1,0.836676,6.60781,8.1515,0.740015,-0.007518,0.27509,0.46097,0.26394,200,sp,42,269,0.84,-0.0041303,10,1,100,random
4240,OI,10,"2026-07-13 06:45:12",59.2,0.843003,6.85333,8.1515,0.839881,0.000333,0.23792,0.55019,0.2119,200,sp,42,269,0.84075758,0.00271818,10,1,100,random
4241,OI,11,"2026-07-13 06:45:19",66.4,0.849042,7.10921,8.1212,1.00209,-0.013779,0.19776,0.62313,0.1791,200,sp,42,268,0.8589394,-0.01163636,10,1,100,random
4242,OI,12,"2026-07-13 06:45:26",73.6,0.853161,7.30159,8.1212,1.12334,-0.012787,0.18657,0.60448,0.20896,200,sp,42,268,0.86318181,-0.01196061,10,1,100,random
4243,OI,13,"2026-07-13 06:45:34",80.7,0.85677,7.47373,8.1212,1.08849,-0.000893,0.14179,0.6903,0.16791,200,sp,42,268,0.8569697,0.00021818,10,1,100,random
4244,OI,14,"2026-07-13 06:45:41",87.8,0.859382,7.61835,8.1212,1.17318,-0.008382,0.11567,0.74254,0.14179,200,sp,42,268,0.86651515,-0.00835455,10,1,100,random
4245,OI,15,"2026-07-13 06:45:48",94.9,0.861376,7.72779,8.1212,1.24184,-0.000711,0.09701,0.80597,0.09701,200,sp,42,268,0.8619697,-0.00061515,10,1,100,random
4246,OI,16,"2026-07-13 06:45:55",101.9,0.862745,7.80297,8.1212,1.49268,-0.001287,0.08582,0.82463,0.08955,200,sp,42,268,0.86424242,-0.00173939,10,1,100,random
4247,OI,17,"2026-07-13 06:46:02",109,0.863494,7.84899,8.1212,1.6819,0.000524,0.0709,0.84701,0.08209,200,sp,42,268,0.86378788,0.00023636,10,1,100,random
4248,OI,18,"2026-07-13 06:46:09",116,0.864139,7.87525,8.1212,1.52629,-0.000443,0.0709,0.84328,0.08582,200,sp,42,268,0.86530303,-0.00120606,10,1,100,random
4249,OI,19,"2026-07-13 06:46:16",123.1,0.865152,7.91311,8.1212,1.55421,-0.006466,0.04851,0.89552,0.05597,200,sp,42,268,0.87136363,-0.00691212,10,1,100,random
4250,OI,20,"2026-07-13 06:46:23",130.2,0.865694,7.9405,8.1212,1.73418,-0.014538,0.05224,0.89552,0.05224,200,sp,42,268,0.87909091,-0.0153,10,1,100,random
4251,IR,1,"2026-07-13 06:46:32",5.1,0.706342,3.7723,8.1515,0.294845,-0.099016,0.58736,0.09665,0.31599,200,sp,42,269,0.77484848,-0.0985,10,1,100,random
4252,IR,2,"2026-07-13 06:46:37",9.8,0.711945,3.83254,7.9697,0.299835,-0.108211,0.58175,0.10646,0.31179,200,sp,42,263,0.78651515,-0.1072303,10,1,100,random
4253,IR,3,"2026-07-13 06:46:41",14.5,0.7206,3.92045,7.9394,0.332475,-0.096136,0.5687,0.1145,0.31679,200,sp,42,262,0.7860606,-0.09349394,10,1,100,random
4254,IR,4,"2026-07-13 06:46:46",19.3,0.726464,3.98223,7.8485,0.335149,-0.104874,0.55598,0.12741,0.3166,200,sp,42,259,0.80030303,-0.10277879,10,1,100,random
4255,IR,5,"2026-07-13 06:46:51",24.2,0.730052,4.01996,7.7879,0.345701,-0.099233,0.54864,0.12062,0.33074,200,sp,42,257,0.8010606,-0.09922727,10,1,100,random
4256,IR,6,"2026-07-13 06:46:56",29.1,0.734555,4.07527,7.7879,0.332153,-0.09876,0.54086,0.12062,0.33852,200,sp,42,257,0.80530303,-0.09839697,10,1,100,random
4257,IR,7,"2026-07-13 06:47:02",35.5,0.737642,4.11965,7.7273,0.324093,-0.107794,0.54118,0.12157,0.33725,200,sp,42,255,0.8160606,-0.10852424,10,1,100,random
4258,IR,8,"2026-07-13 06:47:09",41.9,0.741588,4.1536,7.6364,0.346882,-0.10806,0.53175,0.14286,0.3254,200,sp,42,252,0.82045455,-0.10882424,10,1,100,random
4259,IR,9,"2026-07-13 06:47:15",48.6,0.743748,4.17128,7.6061,0.366131,-0.103839,0.53386,0.12351,0.34263,200,sp,42,251,0.82045455,-0.10517879,10,1,100,random
4260,IR,10,"2026-07-13 06:47:22",55.3,0.74717,4.20608,7.5758,0.361685,-0.096932,0.524,0.132,0.344,200,sp,42,250,0.81863636,-0.09700909,10,1,100,random
4261,IR,11,"2026-07-13 06:47:29",61.9,0.748888,4.23096,7.5455,0.347129,-0.0888,0.51004,0.14859,0.34137,200,sp,42,249,0.81515151,-0.09016364,10,1,100,random
4262,IR,12,"2026-07-13 06:47:35",68.5,0.753385,4.28594,7.5152,0.360136,-0.100177,0.49597,0.16532,0.33871,200,sp,42,248,0.82712121,-0.09952424,10,1,100,random
4263,IR,13,"2026-07-13 06:47:42",75.1,0.75867,4.37294,7.4545,0.377029,-0.097636,0.47154,0.19106,0.3374,200,sp,42,246,0.83060606,-0.09499091,10,1,100,random
4264,IR,14,"2026-07-13 06:47:48",81.8,0.761003,4.39505,7.4242,0.384848,-0.098791,0.47755,0.18776,0.33469,200,sp,42,245,0.83560605,-0.09995758,10,1,100,random
4265,IR,15,"2026-07-13 06:47:55",88.4,0.762876,4.43468,7.4242,0.400251,-0.086879,0.46531,0.18776,0.34694,200,sp,42,245,0.82878788,-0.08744242,10,1,100,random
4266,IR,16,"2026-07-13 06:48:02",95,0.765242,4.49477,7.3636,0.383242,-0.097985,0.46502,0.17695,0.35802,200,sp,42,243,0.83969697,-0.09836364,10,1,100,random
4267,IR,17,"2026-07-13 06:48:08",101.8,0.766639,4.52332,7.3333,0.392274,-0.095021,0.46281,0.19421,0.34298,200,sp,42,242,0.83939394,-0.09662727,10,1,100,random
4268,IR,18,"2026-07-13 06:48:15",108.5,0.766818,4.56046,7.3333,0.407964,-0.098555,0.46694,0.17769,0.35537,200,sp,42,242,0.84287879,-0.10085455,10,1,100,random
4269,IR,19,"2026-07-13 06:48:22",115.1,0.765948,4.54812,7.303,0.392936,-0.091926,0.45643,0.19917,0.3444,200,sp,42,241,0.83757575,-0.09463636,10,1,100,random
4270,IR,20,"2026-07-13 06:48:29",121.8,0.767479,4.56982,7.2424,0.414021,-0.087354,0.44351,0.22176,0.33473,200,sp,42,239,0.83424243,-0.08761818,10,1,100,random
4271,AGR,1,"2026-07-13 06:48:39",9.3,0.717521,4.01258,8.3333,0.330959,0.030653,0.58182,0.10182,0.31636,200,sp,42,275,0.68984848,0.04033333,10,1,100,random
4272,AGR,2,"2026-07-13 06:48:47",17.4,0.733615,4.28313,8.0909,0.348046,0.05254,0.5618,0.11236,0.32584,200,sp,42,267,0.68878788,0.06066061,10,1,100,random
4273,AGR,3,"2026-07-13 06:48:55",25.4,0.750415,4.57547,8,0.403042,0.035197,0.5303,0.13258,0.33712,200,sp,42,264,0.71742424,0.04251818,10,1,100,random
4274,AGR,4,"2026-07-13 06:49:03",33.3,0.76507,4.86025,7.9394,0.426343,0.044587,0.48855,0.19084,0.32061,200,sp,42,262,0.72530303,0.0500697,10,1,100,random
4275,AGR,5,"2026-07-13 06:49:11",41.4,0.778667,5.16014,7.9091,0.500978,0.043237,0.47126,0.17625,0.35249,200,sp,42,261,0.73984849,0.05018485,10,1,100,random
4276,AGR,6,"2026-07-13 06:49:19",49.8,0.792055,5.43867,7.8485,0.489705,0.051187,0.42471,0.23938,0.33591,200,sp,42,259,0.74636364,0.05935152,10,1,100,random
4277,AGR,7,"2026-07-13 06:49:29",59.7,0.803064,5.71996,7.8485,0.555604,0.035632,0.39768,0.27027,0.33205,200,sp,42,259,0.77030303,0.04208788,10,1,100,random
4278,AGR,8,"2026-07-13 06:49:39",69.7,0.813242,6.01661,7.8485,0.610727,0.041691,0.35521,0.30888,0.33591,200,sp,42,259,0.77575758,0.04677576,10,1,100,random
4279,AGR,9,"2026-07-13 06:49:49",80,0.821533,6.26042,7.8182,0.635093,0.036681,0.32171,0.36822,0.31008,200,sp,42,258,0.78848485,0.04145758,10,1,100,random
4280,AGR,10,"2026-07-13 06:49:59",90,0.829312,6.50894,7.8182,0.722394,0.039594,0.2907,0.43798,0.27132,200,sp,42,258,0.79378788,0.04425152,10,1,100,random
4281,AGR,11,"2026-07-13 06:50:10",100.9,0.8361,6.76208,7.8182,0.820864,0.039546,0.24806,0.48062,0.27132,200,sp,42,258,0.80090909,0.04328788,10,1,100,random
4282,AGR,12,"2026-07-13 06:50:20",111,0.841021,6.9446,7.8182,0.8548,0.046513,0.22093,0.53101,0.24806,200,sp,42,258,0.80060606,0.04909394,10,1,100,random
4283,AGR,13,"2026-07-13 06:50:31",121.1,0.845761,7.14757,7.8182,0.926551,0.033611,0.15504,0.65504,0.18992,200,sp,42,258,0.81606061,0.03558182,10,1,100,random
4284,AGR,14,"2026-07-13 06:50:41",131.1,0.84973,7.29922,7.8182,1.01321,0.040945,0.13953,0.73256,0.12791,200,sp,42,258,0.8139394,0.04300606,10,1,100,random
4285,AGR,15,"2026-07-13 06:50:51",141.4,0.852633,7.41096,7.8182,1.27786,0.046528,0.12403,0.76744,0.10853,200,sp,42,258,0.81257576,0.04786667,10,1,100,random
4286,AGR,16,"2026-07-13 06:51:01",151.3,0.855076,7.52229,7.8182,1.48685,0.041261,0.10078,0.84496,0.05426,200,sp,42,258,0.81954545,0.0414303,10,1,100,random
4287,AGR,17,"2026-07-13 06:51:12",162.2,0.856476,7.58907,7.8182,2.20526,0.041193,0.0814,0.86434,0.05426,200,sp,42,258,0.82136363,0.04118485,10,1,100,random
4288,AGR,18,"2026-07-13 06:51:22",172.6,0.857718,7.64981,7.8182,2.1589,0.041723,0.03488,0.93023,0.03488,200,sp,42,258,0.82227273,0.0421697,10,1,100,random
4289,AGR,19,"2026-07-13 06:51:32",182.7,0.858733,7.70689,7.8182,1.67555,0.037463,0.00775,0.97287,0.01938,200,sp,42,258,0.82681818,0.03822121,10,1,100,random
4290,AGR,20,"2026-07-13 06:51:42",192.6,0.858958,7.72273,7.8182,1.1214,0.050957,0.01163,0.96899,0.01938,200,sp,42,258,0.81590909,0.05107879,10,1,100,random
4291,RANDOM,1,"2026-07-13 06:51:51",4.8,0.703594,3.73319,8.1515,0.293512,-0.002957,0.5948,0.10409,0.30112,200,sp,42,269,0.70590909,-0.00244849,10,1,100,random
4292,RANDOM,2,"2026-07-13 06:51:55",9.2,0.702509,3.72174,8.0606,0.310352,0.007519,0.59774,0.10902,0.29323,200,sp,42,266,0.69909091,0.00444848,10,1,100,random
4293,RANDOM,3,"2026-07-13 06:52:00",13.7,0.699739,3.72619,8,0.324801,0.001533,0.59848,0.10227,0.29924,200,sp,42,264,0.70090909,-0.0025303,10,1,100,random
4294,RANDOM,4,"2026-07-13 06:52:04",18.2,0.700739,3.73704,7.8485,0.32376,-0.003992,0.59073,0.10811,0.30116,200,sp,42,259,0.70363636,-0.00452424,10,1,100,random
4295,RANDOM,5,"2026-07-13 06:52:09",22.7,0.7009,3.73862,7.7576,0.329405,-0.001198,0.57422,0.11719,0.30859,200,sp,42,256,0.70257576,-0.00347273,10,1,100,random
4296,RANDOM,6,"2026-07-13 06:52:13",27.3,0.701194,3.74192,7.6667,0.317038,-0.005742,0.55731,0.13439,0.3083,200,sp,42,253,0.70621212,-0.01007273,10,1,100,random
4297,RANDOM,7,"2026-07-13 06:52:19",33.4,0.697342,3.69882,7.4545,0.311951,-0.005438,0.58537,0.10163,0.31301,200,sp,42,246,0.70409091,-0.01010606,10,1,100,random
4298,RANDOM,8,"2026-07-13 06:52:25",39.5,0.697579,3.69749,7.3939,0.323198,0.014389,0.57787,0.11475,0.30738,200,sp,42,244,0.68848485,0.01423939,10,1,100,random
4299,RANDOM,9,"2026-07-13 06:52:32",45.8,0.69607,3.65722,7.303,0.335556,-0.010048,0.56846,0.11203,0.3195,200,sp,42,241,0.70469696,-0.01295455,10,1,100,random
4300,RANDOM,10,"2026-07-13 06:52:38",52.2,0.695239,3.64398,7.303,0.315202,0.005809,0.58091,0.10373,0.31535,200,sp,42,241,0.69257576,0.00511818,10,1,100,random
4301,RANDOM,11,"2026-07-13 06:52:45",58.6,0.692464,3.60776,7.2424,0.318521,0.012926,0.57741,0.11715,0.30544,200,sp,42,239,0.68575758,0.00768485,10,1,100,random
4302,RANDOM,12,"2026-07-13 06:52:51",65,0.692012,3.59538,7.1818,0.337793,-0.006069,0.5865,0.10549,0.30802,200,sp,42,237,0.69712121,-0.00735758,10,1,100,random
4303,RANDOM,13,"2026-07-13 06:52:57",71.3,0.696151,3.64361,7.0909,0.350426,0.000279,0.55983,0.12821,0.31197,200,sp,42,234,0.695,0.00020606,10,1,100,random
4304,RANDOM,14,"2026-07-13 06:53:04",77.6,0.695421,3.61233,7.0909,0.341989,-0.018682,0.55983,0.13248,0.30769,200,sp,42,234,0.70984849,-0.02208485,10,1,100,random
4305,RANDOM,15,"2026-07-13 06:53:10",83.9,0.695248,3.60718,7.0303,0.349721,0.006267,0.56466,0.125,0.31034,200,sp,42,232,0.6919697,0.00418485,10,1,100,random
4306,RANDOM,16,"2026-07-13 06:53:16",90.3,0.695173,3.59675,6.9697,0.3424,0.020023,0.55652,0.14783,0.29565,200,sp,42,230,0.68227273,0.01999697,10,1,100,random
4307,RANDOM,17,"2026-07-13 06:53:23",96.8,0.696315,3.60921,6.9091,0.372625,0.002268,0.5614,0.12281,0.31579,200,sp,42,228,0.695,0.00064545,10,1,100,random
4308,RANDOM,18,"2026-07-13 06:53:29",103.4,0.692742,3.56532,6.9091,0.339153,0.005082,0.55702,0.14035,0.30263,200,sp,42,228,0.6919697,0.00212424,10,1,100,random
4309,RANDOM,19,"2026-07-13 06:53:36",109.9,0.688545,3.53026,6.8788,0.350398,0.001025,0.55507,0.14097,0.30396,200,sp,42,227,0.69106061,-0.00481515,10,1,100,random
4310,RANDOM,20,"2026-07-13 06:53:42",116.2,0.68707,3.51007,6.7879,0.342104,-0.004517,0.5625,0.125,0.3125,200,sp,42,224,0.6919697,-0.00833636,10,1,100,random
4311,OI,1,"2026-07-13 06:56:19",5.2,0.734309,4.21145,8.1515,0.363132,-0.012456,0.5316,0.15242,0.31599,200,sp,43,269,0.735,-0.00030909,10,1,100,random
4312,OI,2,"2026-07-13 06:56:24",10,0.752709,4.53185,8.0909,0.415215,-0.020009,0.49813,0.19101,0.31086,200,sp,43,267,0.75984848,-0.01036061,10,1,100,random
4313,OI,3,"2026-07-13 06:56:29",14.9,0.770864,4.89284,8.0606,0.488,-0.024136,0.44737,0.22932,0.32331,200,sp,43,266,0.7819697,-0.0156303,10,1,100,random
4314,OI,4,"2026-07-13 06:56:34",19.7,0.7854,5.2435,8.0303,0.50238,-0.010541,0.41132,0.27925,0.30943,200,sp,43,265,0.78772727,-0.00310606,10,1,100,random
4315,OI,5,"2026-07-13 06:56:39",24.7,0.799418,5.57174,8,0.58747,-0.008766,0.37879,0.31061,0.31061,200,sp,43,264,0.80075757,-0.00209091,10,1,100,random
4316,OI,6,"2026-07-13 06:56:43",29.6,0.810336,5.87682,7.9697,0.631836,-0.005365,0.34221,0.38783,0.26996,200,sp,43,263,0.81030303,0.00120606,10,1,100,random
4317,OI,7,"2026-07-13 06:56:50",36,0.820406,6.1711,7.9394,0.758625,-0.005458,0.28244,0.43893,0.27863,200,sp,43,262,0.82121212,-0.00079394,10,1,100,random
4318,OI,8,"2026-07-13 06:56:56",42.5,0.828691,6.39034,7.9394,0.730217,-0.00587,0.26336,0.48092,0.25573,200,sp,43,262,0.83075757,-0.00247273,10,1,100,random
4319,OI,9,"2026-07-13 06:57:03",49.1,0.835594,6.6156,7.9394,0.83171,-0.011785,0.22519,0.53053,0.24427,200,sp,43,262,0.84318182,-0.00872727,10,1,100,random
4320,OI,10,"2026-07-13 06:57:10",55.8,0.840321,6.79577,7.9394,0.847067,0.001123,0.19466,0.57252,0.23282,200,sp,43,262,0.83818181,0.00242727,10,1,100,random
4321,OI,11,"2026-07-13 06:57:16",62.5,0.846342,7.03352,7.9394,0.895953,-0.001635,0.17557,0.63359,0.19084,200,sp,43,262,0.8459091,0.0010303,10,1,100,random
4322,OI,12,"2026-07-13 06:57:23",69.2,0.850015,7.22147,7.9091,1.03671,-0.007705,0.14559,0.69349,0.16092,200,sp,43,261,0.85590909,-0.0065303,10,1,100,random
4323,OI,13,"2026-07-13 06:57:30",76,0.853021,7.34508,7.9091,1.15858,-0.005044,0.1341,0.74713,0.11877,200,sp,43,261,0.8569697,-0.00484849,10,1,100,random
4324,OI,14,"2026-07-13 06:57:37",82.7,0.855,7.46669,7.9091,1.46944,-0.010891,0.09579,0.8046,0.09962,200,sp,43,261,0.86439394,-0.01110909,10,1,100,random
4325,OI,15,"2026-07-13 06:57:43",89.4,0.856833,7.54884,7.9091,1.4927,0.001514,0.08429,0.85441,0.0613,200,sp,43,261,0.85575757,0.00133636,10,1,100,random
4326,OI,16,"2026-07-13 06:57:50",96.2,0.857594,7.58533,7.9091,2.27922,0.001711,0.08046,0.82759,0.09195,200,sp,43,261,0.85696969,0.00084242,10,1,100,random
4327,OI,17,"2026-07-13 06:57:57",102.8,0.858348,7.6383,7.9091,1.61739,0.002094,0.07663,0.84674,0.07663,200,sp,43,261,0.85727273,0.00122424,10,1,100,random
4328,OI,18,"2026-07-13 06:58:03",109.6,0.858706,7.65553,7.8788,1.86997,0.006495,0.05769,0.87308,0.06923,200,sp,43,260,0.85409091,0.00529394,10,1,100,random
4329,OI,19,"2026-07-13 06:58:10",116.4,0.859309,7.69488,7.8788,1.90066,0.000566,0.03846,0.91154,0.05,200,sp,43,260,0.85954545,-0.00068788,10,1,100,random
4330,OI,20,"2026-07-13 06:58:17",123.1,0.859712,7.701,7.8788,2.14671,-0.004259,0.04231,0.90769,0.05,200,sp,43,260,0.86424243,-0.00530606,10,1,100,random
4331,IR,1,"2026-07-13 06:58:26",5.2,0.717494,3.93516,8.3333,0.311815,-0.090335,0.56727,0.11273,0.32,200,sp,43,275,0.78151515,-0.09319394,10,1,100,random
4332,IR,2,"2026-07-13 06:58:31",9.9,0.721245,3.95057,8.2121,0.30338,-0.103917,0.56089,0.12546,0.31365,200,sp,43,271,0.795,-0.10416667,10,1,100,random
4333,IR,3,"2026-07-13 06:58:35",14.7,0.727218,4.02788,8.0909,0.321888,-0.104407,0.55805,0.13483,0.30712,200,sp,43,267,0.80090909,-0.10383939,10,1,100,random
4334,IR,4,"2026-07-13 06:58:40",19.5,0.733048,4.10331,8.0606,0.353687,-0.100749,0.55639,0.11654,0.32707,200,sp,43,266,0.80454546,-0.10023333,10,1,100,random
4335,IR,5,"2026-07-13 06:58:45",24.3,0.738864,4.19498,8.0303,0.342976,-0.098751,0.54717,0.13585,0.31698,200,sp,43,265,0.80924243,-0.0982303,10,1,100,random
4336,IR,6,"2026-07-13 06:58:50",29.1,0.741776,4.23884,8.0303,0.35354,-0.09728,0.53208,0.15849,0.30943,200,sp,43,265,0.8130303,-0.09964545,10,1,100,random
4337,IR,7,"2026-07-13 06:58:56",35.6,0.744458,4.24743,7.9394,0.368986,-0.09142,0.52672,0.14504,0.32824,200,sp,43,262,0.8119697,-0.09339091,10,1,100,random
4338,IR,8,"2026-07-13 06:59:03",42,0.74517,4.26755,7.9091,0.338944,-0.097188,0.54789,0.11877,0.33333,200,sp,43,261,0.81772728,-0.09979697,10,1,100,random
4339,IR,9,"2026-07-13 06:59:09",48.6,0.744782,4.24065,7.8182,0.341793,-0.098596,0.53101,0.15116,0.31783,200,sp,43,258,0.81909091,-0.10291212,10,1,100,random
4340,IR,10,"2026-07-13 06:59:16",55.2,0.748194,4.29636,7.6667,0.364679,-0.097486,0.51779,0.1502,0.33202,200,sp,43,253,0.82,-0.09719091,10,1,100,random
4341,IR,11,"2026-07-13 06:59:23",62,0.753106,4.37303,7.6364,0.366751,-0.086861,0.5,0.16667,0.33333,200,sp,43,252,0.81666667,-0.08680303,10,1,100,random
4342,IR,12,"2026-07-13 06:59:29",68.7,0.754779,4.40498,7.5455,0.36464,-0.091101,0.49398,0.17671,0.32932,200,sp,43,249,0.82333334,-0.09358182,10,1,100,random
4343,IR,13,"2026-07-13 06:59:36",75.3,0.756324,4.43465,7.5455,0.377729,-0.089663,0.48594,0.18876,0.3253,200,sp,43,249,0.8239394,-0.0916697,10,1,100,random
4344,IR,14,"2026-07-13 06:59:42",81.9,0.755342,4.44088,7.5152,0.378772,-0.093287,0.5,0.16532,0.33468,200,sp,43,248,0.82681818,-0.09675758,10,1,100,random
4345,IR,15,"2026-07-13 06:59:49",88.5,0.753579,4.39085,7.4545,0.366124,-0.095116,0.49593,0.13415,0.36992,200,sp,43,246,0.82681818,-0.09945758,10,1,100,random
4346,IR,16,"2026-07-13 06:59:56",95.1,0.755858,4.41925,7.4242,0.321008,-0.095565,0.48571,0.17551,0.33878,200,sp,43,245,0.82757575,-0.09822727,10,1,100,random
4347,IR,17,"2026-07-13 07:00:03",102.2,0.757009,4.44214,7.3939,0.368479,-0.09302,0.47131,0.19262,0.33607,200,sp,43,244,0.82742424,-0.09615454,10,1,100,random
4348,IR,18,"2026-07-13 07:00:11",110,0.759127,4.4622,7.3636,0.385418,-0.102654,0.46914,0.20165,0.32922,200,sp,43,243,0.83666666,-0.10449091,10,1,100,random
4349,IR,19,"2026-07-13 07:00:17",116.7,0.760421,4.50261,7.2424,0.402577,-0.101511,0.46862,0.20502,0.32636,200,sp,43,239,0.83757576,-0.10390303,10,1,100,random
4350,IR,20,"2026-07-13 07:00:24",123.4,0.763421,4.56143,7.1515,0.427558,-0.09982,0.44915,0.21186,0.33898,200,sp,43,236,0.83878788,-0.10045455,10,1,100,random
4351,AGR,1,"2026-07-13 07:00:32",7.3,0.732161,4.16996,8.3939,0.33725,0.038535,0.56679,0.1083,0.32491,200,sp,43,277,0.69681818,0.04827576,10,1,100,random
4352,AGR,2,"2026-07-13 07:00:39",14.3,0.750185,4.4681,8.3636,0.356486,0.037872,0.53261,0.13043,0.33696,200,sp,43,276,0.71469697,0.04911818,10,1,100,random
4353,AGR,3,"2026-07-13 07:00:46",21.4,0.764333,4.75939,8.303,0.366424,0.036644,0.51825,0.13504,0.34672,200,sp,43,274,0.73090909,0.04531515,10,1,100,random
4354,AGR,4,"2026-07-13 07:00:53",28.5,0.777279,5.06244,8.303,0.397218,0.049116,0.4854,0.18248,0.33212,200,sp,43,274,0.73424243,0.05599697,10,1,100,random
4355,AGR,5,"2026-07-13 07:01:00",35.6,0.790209,5.41053,8.2727,0.462858,0.035374,0.45421,0.17949,0.3663,200,sp,43,273,0.75727272,0.04274242,10,1,100,random
4356,AGR,6,"2026-07-13 07:01:07",42.7,0.801685,5.72532,8.2424,0.439943,0.041917,0.41912,0.20588,0.375,200,sp,43,272,0.76378788,0.04933333,10,1,100,random
4357,AGR,7,"2026-07-13 07:01:16",51.6,0.8121,6.03655,8.2424,0.462412,0.042244,0.38603,0.25,0.36397,200,sp,43,272,0.77393939,0.04699394,10,1,100,random
4358,AGR,8,"2026-07-13 07:01:25",60.4,0.820579,6.32483,8.2121,0.513264,0.031196,0.33948,0.32472,0.33579,200,sp,43,271,0.79181818,0.03644849,10,1,100,random
4359,AGR,9,"2026-07-13 07:01:34",69.4,0.827664,6.57663,8.2121,0.591936,0.021857,0.32841,0.32841,0.34317,200,sp,43,271,0.80712121,0.02457879,10,1,100,random
4360,AGR,10,"2026-07-13 07:01:43",78.5,0.835445,6.82803,8.2121,0.629114,0.026322,0.31365,0.38745,0.29889,200,sp,43,271,0.81075758,0.03039697,10,1,100,random
4361,AGR,11,"2026-07-13 07:01:52",87.6,0.841718,7.08395,8.2121,0.766694,0.028312,0.27675,0.44649,0.27675,200,sp,43,271,0.81575758,0.03129697,10,1,100,random
4362,AGR,12,"2026-07-13 07:02:01",96.7,0.847736,7.31814,8.2121,0.840926,0.041872,0.21402,0.53506,0.25092,200,sp,43,271,0.81030303,0.04485455,10,1,100,random
4363,AGR,13,"2026-07-13 07:02:10",105.6,0.852809,7.51234,8.2121,0.882142,0.035662,0.19557,0.59041,0.21402,200,sp,43,271,0.82075758,0.0388697,10,1,100,random
4364,AGR,14,"2026-07-13 07:02:20",114.8,0.857015,7.69016,8.2121,1.04115,0.040248,0.14022,0.70849,0.15129,200,sp,43,271,0.82151515,0.04266061,10,1,100,random
4365,AGR,15,"2026-07-13 07:02:29",123.8,0.860452,7.84212,8.2121,1.2098,0.038839,0.10332,0.82288,0.0738,200,sp,43,271,0.82636364,0.04010303,10,1,100,random
4366,AGR,16,"2026-07-13 07:02:38",133,0.862779,7.94404,8.2121,1.67775,0.038098,0.07749,0.87454,0.04797,200,sp,43,271,0.82969697,0.03818788,10,1,100,random
4367,AGR,17,"2026-07-13 07:02:47",142.1,0.864142,8.00109,8.2121,2.16315,0.050073,0.05904,0.91144,0.02952,200,sp,43,271,0.82106061,0.05052121,10,1,100,random
4368,AGR,18,"2026-07-13 07:02:56",151.2,0.864964,8.04617,8.2121,2.25585,0.059043,0.02583,0.94834,0.02583,200,sp,43,271,0.81439394,0.05932424,10,1,100,random
4369,AGR,19,"2026-07-13 07:03:05",160.3,0.865694,8.08558,8.2121,1.48109,0.047345,0.01107,0.97417,0.01476,200,sp,43,271,0.82515152,0.04761818,10,1,100,random
4370,AGR,20,"2026-07-13 07:03:14",169.4,0.865803,8.09245,8.2121,1.11705,0.051264,0.01476,0.97417,0.01107,200,sp,43,271,0.82227273,0.0512303,10,1,100,random
4371,RANDOM,1,"2026-07-13 07:03:24",4.9,0.712867,3.87421,8.3636,0.301625,0.00068,0.56884,0.12319,0.30797,200,sp,43,276,0.71424242,-0.00129697,10,1,100,random
4372,RANDOM,2,"2026-07-13 07:03:28",9.6,0.710127,3.82899,8.1818,0.305644,0.003291,0.58519,0.11481,0.3,200,sp,43,270,0.71015152,-0.00059394,10,1,100,random
4373,RANDOM,3,"2026-07-13 07:03:33",14.3,0.708342,3.82318,8.0909,0.330012,-0.001184,0.57303,0.11236,0.31461,200,sp,43,267,0.71136364,-0.0032697,10,1,100,random
4374,RANDOM,4,"2026-07-13 07:03:38",19,0.710494,3.83598,7.9697,0.312246,-0.007059,0.57034,0.12167,0.30798,200,sp,43,263,0.71515152,-0.00699697,10,1,100,random
4375,RANDOM,5,"2026-07-13 07:03:42",23.7,0.707485,3.8002,7.8485,0.327691,-0.005161,0.55598,0.13127,0.31274,200,sp,43,259,0.71363637,-0.00887273,10,1,100,random
4376,RANDOM,6,"2026-07-13 07:03:47",28.4,0.705385,3.75502,7.7879,0.319881,-0.014616,0.57588,0.12062,0.3035,200,sp,43,257,0.71772727,-0.01834242,10,1,100,random
4377,RANDOM,7,"2026-07-13 07:03:53",34.6,0.701482,3.69894,7.7273,0.330311,0.010561,0.57647,0.12157,0.30196,200,sp,43,255,0.69727272,0.00938788,10,1,100,random
4378,RANDOM,8,"2026-07-13 07:04:00",40.9,0.701621,3.69475,7.6364,0.338374,-0.01965,0.55556,0.13889,0.30556,200,sp,43,252,0.71621212,-0.02047576,10,1,100,random
4379,RANDOM,9,"2026-07-13 07:04:06",47.4,0.698864,3.66681,7.5152,0.325343,0.005506,0.56855,0.12097,0.31048,200,sp,43,248,0.69742424,0.00022727,10,1,100,random
4380,RANDOM,10,"2026-07-13 07:04:12",53.7,0.694621,3.62332,7.3636,0.322299,0.008396,0.5679,0.11523,0.31687,200,sp,43,243,0.69181818,0.0023303,10,1,100,random
4381,RANDOM,11,"2026-07-13 07:04:19",60.1,0.696082,3.62978,7.303,0.328079,-0.002752,0.56432,0.11618,0.3195,200,sp,43,241,0.69833333,-0.00364242,10,1,100,random
4382,RANDOM,12,"2026-07-13 07:04:25",66.7,0.695655,3.61978,7.1818,0.317473,-0.006418,0.54852,0.14768,0.3038,200,sp,43,237,0.70151515,-0.00626364,10,1,100,random
4383,RANDOM,13,"2026-07-13 07:04:32",73.1,0.69543,3.61789,7.1515,0.347526,-0.005997,0.55085,0.13559,0.31356,200,sp,43,236,0.70045455,-0.00746061,10,1,100,random
4384,RANDOM,14,"2026-07-13 07:04:38",79.5,0.691952,3.59655,7.1212,0.332546,0.00376,0.55319,0.12766,0.31915,200,sp,43,235,0.69181818,-0.0012303,10,1,100,random
4385,RANDOM,15,"2026-07-13 07:04:44",85.8,0.689827,3.59087,7.0606,0.314609,0.004243,0.54506,0.12446,0.33047,200,sp,43,233,0.68878788,0.00156061,10,1,100,random
4386,RANDOM,16,"2026-07-13 07:04:51",92.2,0.689236,3.57987,7.0303,0.301002,-0.011156,0.56897,0.11207,0.31897,200,sp,43,232,0.69818182,-0.01162727,10,1,100,random
4387,RANDOM,17,"2026-07-13 07:04:58",98.9,0.689088,3.56652,7.0303,0.328816,0.011322,0.55603,0.125,0.31897,200,sp,43,232,0.68227273,0.00765455,10,1,100,random
4388,RANDOM,18,"2026-07-13 07:05:04",105.5,0.686609,3.5324,7.0303,0.31451,-0.019087,0.56466,0.12931,0.30603,200,sp,43,232,0.7019697,-0.02162727,10,1,100,random
4389,RANDOM,19,"2026-07-13 07:05:11",112,0.688173,3.5574,6.9394,0.345737,0.010996,0.56332,0.13537,0.30131,200,sp,43,229,0.68090909,0.00969091,10,1,100,random
4390,RANDOM,20,"2026-07-13 07:05:17",118.4,0.689006,3.5482,6.9394,0.362622,-0.009174,0.57205,0.1179,0.31004,200,sp,43,229,0.69621212,-0.00935152,10,1,100,random
4411,OI,1,"2026-07-13 07:12:03",4.9,0.725136,4.00938,8.3333,0.3494,-0.017769,0.55273,0.14182,0.30545,200,sp,44,275,0.72984849,-0.00764545,10,1,100,random
4412,OI,2,"2026-07-13 07:12:07",9.5,0.7408,4.25409,8.2727,0.394956,-0.003772,0.51648,0.16484,0.31868,200,sp,44,273,0.73727272,0.00448788,10,1,100,random
4413,OI,3,"2026-07-13 07:12:12",14.1,0.759673,4.57308,8.2424,0.428227,-0.005997,0.47794,0.19853,0.32353,200,sp,44,272,0.75636364,0.00507879,10,1,100,random
4414,OI,4,"2026-07-13 07:12:17",18.6,0.773788,4.89817,8.2121,0.463934,0.000893,0.43542,0.24354,0.32103,200,sp,44,271,0.76757576,0.00590606,10,1,100,random
4415,OI,5,"2026-07-13 07:12:21",23.1,0.788136,5.21494,8.1212,0.501727,-0.006943,0.41045,0.29851,0.29104,200,sp,44,268,0.78787879,-0.00035758,10,1,100,random
4416,OI,6,"2026-07-13 07:12:26",27.8,0.800052,5.53513,8.0909,0.609645,-0.01637,0.37079,0.31835,0.31086,200,sp,44,267,0.80833333,-0.01072121,10,1,100,random
4417,OI,7,"2026-07-13 07:12:32",34,0.811727,5.84712,8.0303,0.614899,-0.002241,0.3434,0.33208,0.32453,200,sp,44,265,0.80909091,0.0031303,10,1,100,random
4418,OI,8,"2026-07-13 07:12:38",40.2,0.82157,6.13288,8,0.62811,-0.006121,0.32197,0.38636,0.29167,200,sp,44,264,0.82287879,-0.00188485,10,1,100,random
4419,OI,9,"2026-07-13 07:12:45",46.8,0.830085,6.40261,8,0.739201,-0.006724,0.30303,0.39394,0.30303,200,sp,44,264,0.83272727,-0.00359697,10,1,100,random
4420,OI,10,"2026-07-13 07:12:51",53.2,0.837073,6.66924,7.9697,0.757716,-0.00367,0.25856,0.48669,0.25475,200,sp,44,263,0.83772727,-0.00058788,10,1,100,random
4421,OI,11,"2026-07-13 07:12:58",59.7,0.842464,6.907,7.9697,0.900363,-0.008708,0.21673,0.58555,0.19772,200,sp,44,263,0.84833333,-0.0068697,10,1,100,random
4422,OI,12,"2026-07-13 07:13:04",66.3,0.847294,7.12948,7.9697,1.05121,-0.008746,0.1635,0.63118,0.20532,200,sp,44,263,0.85348485,-0.00716061,10,1,100,random
4423,OI,13,"2026-07-13 07:13:11",72.7,0.850485,7.2443,7.9697,0.995635,-0.018469,0.1635,0.6654,0.1711,200,sp,44,263,0.86590909,-0.0181697,10,1,100,random
4424,OI,14,"2026-07-13 07:13:17",79.2,0.853318,7.38319,7.9697,1.17714,-0.014468,0.14068,0.71863,0.14068,200,sp,44,263,0.86560606,-0.01423939,10,1,100,random
4425,OI,15,"2026-07-13 07:13:24",85.9,0.856333,7.53615,7.9697,1.31327,0.008089,0.11027,0.79848,0.09125,200,sp,44,263,0.84909091,0.00871212,10,1,100,random
4426,OI,16,"2026-07-13 07:13:30",92.3,0.858358,7.62865,7.9697,1.75109,-0.005366,0.07985,0.82129,0.09886,200,sp,44,263,0.86303031,-0.00548485,10,1,100,random
4427,OI,17,"2026-07-13 07:13:37",98.8,0.859255,7.68208,7.9697,1.4893,0.000324,0.08365,0.8403,0.07605,200,sp,44,263,0.85954545,0.00007273,10,1,100,random
4428,OI,18,"2026-07-13 07:13:43",105.4,0.859912,7.73652,7.9697,1.98808,-0.003502,0.06084,0.88973,0.04943,200,sp,44,263,0.86363637,-0.00479394,10,1,100,random
4429,OI,19,"2026-07-13 07:13:50",112,0.860542,7.75452,7.9697,2.20332,0.001693,0.04563,0.90875,0.04563,200,sp,44,263,0.86,0.00097879,10,1,100,random
4430,OI,20,"2026-07-13 07:13:56",118.5,0.860661,7.76618,7.9697,1.99824,-0.002608,0.04183,0.90114,0.05703,200,sp,44,263,0.86378788,-0.00341212,10,1,100,random
4431,IR,1,"2026-07-13 07:14:05",5.4,0.712167,3.84502,8.3333,0.300559,-0.108612,0.57818,0.10545,0.31636,200,sp,44,275,0.78666666,-0.10655152,10,1,100,random
4432,IR,2,"2026-07-13 07:14:10",10.2,0.718424,3.91762,8.2424,0.307303,-0.112568,0.58088,0.10662,0.3125,200,sp,44,272,0.79681818,-0.11154242,10,1,100,random
4433,IR,3,"2026-07-13 07:14:15",15.2,0.720967,3.94629,8.1212,0.314991,-0.097893,0.5709,0.11567,0.31343,200,sp,44,268,0.79106061,-0.10017576,10,1,100,random
4434,IR,4,"2026-07-13 07:14:20",20,0.724079,3.99492,8,0.326764,-0.100314,0.55682,0.13258,0.31061,200,sp,44,264,0.79575758,-0.10146061,10,1,100,random
4435,IR,5,"2026-07-13 07:14:25",24.9,0.727349,4.04011,7.9394,0.340227,-0.094433,0.55725,0.11069,0.33206,200,sp,44,262,0.79515152,-0.09711818,10,1,100,random
4436,IR,6,"2026-07-13 07:14:30",29.8,0.727818,4.02179,7.8788,0.299629,-0.098916,0.55769,0.11538,0.32692,200,sp,44,260,0.80015152,-0.10243939,10,1,100,random
4437,IR,7,"2026-07-13 07:14:36",36.3,0.730736,4.05303,7.8485,0.319597,-0.096202,0.57143,0.0888,0.33977,200,sp,44,259,0.8,-0.09722424,10,1,100,random
4438,IR,8,"2026-07-13 07:14:43",42.8,0.734433,4.09,7.7576,0.310243,-0.10519,0.5625,0.09766,0.33984,200,sp,44,256,0.81045455,-0.10571515,10,1,100,random
4439,IR,9,"2026-07-13 07:14:50",49.5,0.73973,4.15781,7.7273,0.321701,-0.104266,0.53725,0.12549,0.33725,200,sp,44,255,0.81469697,-0.10422121,10,1,100,random
4440,IR,10,"2026-07-13 07:14:56",56.3,0.742079,4.17803,7.6667,0.318317,-0.102724,0.52569,0.11858,0.35573,200,sp,44,253,0.81772727,-0.10367576,10,1,100,random
4441,IR,11,"2026-07-13 07:15:03",63.1,0.745327,4.20389,7.6061,0.307769,-0.104785,0.52191,0.13147,0.34661,200,sp,44,251,0.82242424,-0.10629091,10,1,100,random
4442,IR,12,"2026-07-13 07:15:10",70,0.746679,4.22007,7.5152,0.331566,-0.095752,0.50806,0.14516,0.34677,200,sp,44,248,0.81803031,-0.09872121,10,1,100,random
4443,IR,13,"2026-07-13 07:15:17",76.8,0.749636,4.27455,7.4242,0.342038,-0.10076,0.49388,0.15918,0.34694,200,sp,44,245,0.82424242,-0.10224242,10,1,100,random
4444,IR,14,"2026-07-13 07:15:24",83.6,0.75133,4.32885,7.3939,0.353638,-0.098667,0.47951,0.17623,0.34426,200,sp,44,244,0.82515152,-0.10079697,10,1,100,random
4445,IR,15,"2026-07-13 07:15:31",90.5,0.751242,4.33045,7.3333,0.357049,-0.10172,0.47934,0.16942,0.35124,200,sp,44,242,0.82833333,-0.10518485,10,1,100,random
4446,IR,16,"2026-07-13 07:15:37",97.4,0.755145,4.39339,7.303,0.366279,-0.088672,0.48963,0.15353,0.35685,200,sp,44,241,0.82060606,-0.08806667,10,1,100,random
4447,IR,17,"2026-07-13 07:15:44",104.3,0.756573,4.39353,7.2727,0.363734,-0.093098,0.4875,0.1625,0.35,200,sp,44,240,0.8269697,-0.09581515,10,1,100,random
4448,IR,18,"2026-07-13 07:15:51",111.2,0.7584,4.42058,7.2121,0.384947,-0.105222,0.47479,0.16387,0.36134,200,sp,44,238,0.83787879,-0.10701818,10,1,100,random
4449,IR,19,"2026-07-13 07:15:58",118.1,0.758818,4.43721,7.0909,0.3624,-0.093294,0.47863,0.16239,0.35897,200,sp,44,234,0.83,-0.09681212,10,1,100,random
4450,IR,20,"2026-07-13 07:16:05",124.9,0.758939,4.43207,7.0606,0.381464,-0.096019,0.49785,0.12876,0.37339,200,sp,44,233,0.83242424,-0.09873333,10,1,100,random
4451,AGR,1,"2026-07-13 07:16:17",7.8,0.724209,4.06445,8.2121,0.325129,0.053465,0.56458,0.10701,0.32841,200,sp,44,271,0.67818182,0.06431818,10,1,100,random
4452,AGR,2,"2026-07-13 07:16:24",15,0.739264,4.34127,8.2121,0.348477,0.061649,0.54613,0.13284,0.32103,200,sp,44,271,0.68833334,0.06886667,10,1,100,random
4453,AGR,3,"2026-07-13 07:16:31",22.3,0.753033,4.62128,8.1212,0.387663,0.032815,0.51493,0.15672,0.32836,200,sp,44,268,0.72287879,0.04177879,10,1,100,random
4454,AGR,4,"2026-07-13 07:16:38",29.6,0.768145,4.94415,8.1212,0.428917,0.045523,0.48881,0.16418,0.34701,200,sp,44,268,0.72742424,0.05478788,10,1,100,random
4455,AGR,5,"2026-07-13 07:16:46",37,0.781679,5.26642,8.1212,0.447801,0.051947,0.46269,0.16791,0.3694,200,sp,44,268,0.73606061,0.05890606,10,1,100,random
4456,AGR,6,"2026-07-13 07:16:53",44.4,0.7933,5.53969,8.1212,0.444372,0.044063,0.4291,0.21269,0.35821,200,sp,44,268,0.75409091,0.05143939,10,1,100,random
4457,AGR,7,"2026-07-13 07:17:02",53.4,0.803267,5.81846,8.0909,0.493089,0.041135,0.41199,0.23596,0.35206,200,sp,44,267,0.76651515,0.04756364,10,1,100,random
4458,AGR,8,"2026-07-13 07:17:11",62.6,0.812873,6.08478,8.0303,0.556264,0.031263,0.36226,0.27547,0.36226,200,sp,44,265,0.78378788,0.03700909,10,1,100,random
4459,AGR,9,"2026-07-13 07:17:21",71.8,0.819397,6.32995,8.0303,0.570664,0.041026,0.32075,0.32075,0.35849,200,sp,44,265,0.78363636,0.04485151,10,1,100,random
4460,AGR,10,"2026-07-13 07:17:30",81.3,0.827279,6.58498,8,0.592477,0.040627,0.29924,0.39015,0.31061,200,sp,44,264,0.79090909,0.04608182,10,1,100,random
4461,AGR,11,"2026-07-13 07:17:39",90.5,0.832815,6.8024,8,0.717379,0.048424,0.25,0.48864,0.26136,200,sp,44,264,0.79075758,0.0507,10,1,100,random
4462,AGR,12,"2026-07-13 07:17:48",99.7,0.838667,7.00958,8,0.812141,0.048021,0.2197,0.5303,0.25,200,sp,44,264,0.79651515,0.05105758,10,1,100,random
4463,AGR,13,"2026-07-13 07:17:58",109.3,0.843152,7.16938,8,0.867528,0.048505,0.19697,0.57955,0.22348,200,sp,44,264,0.8010606,0.05109091,10,1,100,random
4464,AGR,14,"2026-07-13 07:18:07",118.7,0.847815,7.35055,8,0.963702,0.027518,0.18182,0.68182,0.13636,200,sp,44,264,0.82318182,0.02944545,10,1,100,random
4465,AGR,15,"2026-07-13 07:18:17",128,0.851639,7.49593,8,1.28266,0.04135,0.14773,0.72727,0.125,200,sp,44,264,0.81545454,0.04334848,10,1,100,random
4466,AGR,16,"2026-07-13 07:18:26",137.3,0.854521,7.6037,8,1.36781,0.040607,0.13636,0.77273,0.09091,200,sp,44,264,0.81939394,0.04149697,10,1,100,random
4467,AGR,17,"2026-07-13 07:18:35",146.6,0.85693,7.70554,8,1.67787,0.039794,0.09848,0.84091,0.06061,200,sp,44,264,0.82257576,0.04090606,10,1,100,random
4468,AGR,18,"2026-07-13 07:18:45",156,0.85847,7.77571,8,2.09072,0.042867,0.05303,0.9053,0.04167,200,sp,44,264,0.82181818,0.04452424,10,1,100,random
4469,AGR,19,"2026-07-13 07:18:54",165.4,0.859024,7.80158,8,1.87823,0.047829,0.05303,0.88636,0.06061,200,sp,44,264,0.81848485,0.04819394,10,1,100,random
4470,AGR,20,"2026-07-13 07:19:04",174.8,0.85977,7.84697,8,1.56219,0.057049,0.02273,0.95076,0.02652,200,sp,44,264,0.81106061,0.05788485,10,1,100,random
4471,RANDOM,1,"2026-07-13 07:19:12",4.9,0.703945,3.75312,8.2727,0.286901,0.004051,0.57875,0.11355,0.30769,200,sp,44,273,0.70287879,0.00267273,10,1,100,random
4472,RANDOM,2,"2026-07-13 07:19:16",9.3,0.703052,3.7298,8.1515,0.296341,0.014578,0.58364,0.10037,0.31599,200,sp,44,269,0.69409091,0.01383939,10,1,100,random
4473,RANDOM,3,"2026-07-13 07:19:21",13.8,0.703209,3.73215,8,0.292037,0.001432,0.57955,0.11742,0.30303,200,sp,44,264,0.7030303,-0.00262727,10,1,100,random
4474,RANDOM,4,"2026-07-13 07:19:25",18.3,0.706255,3.76491,7.9091,0.322276,-0.008255,0.57854,0.11111,0.31034,200,sp,44,261,0.71151514,-0.00751818,10,1,100,random
4475,RANDOM,5,"2026-07-13 07:19:30",22.8,0.704924,3.72591,7.8485,0.311978,-0.001664,0.57143,0.11583,0.31274,200,sp,44,259,0.70742424,-0.00264242,10,1,100,random
4476,RANDOM,6,"2026-07-13 07:19:34",27.3,0.704773,3.70909,7.8182,0.314141,-0.003625,0.57364,0.10078,0.32558,200,sp,44,258,0.70833334,-0.00483939,10,1,100,random
4477,RANDOM,7,"2026-07-13 07:19:40",33.3,0.706955,3.73791,7.7576,0.295285,0.013104,0.57813,0.08594,0.33594,200,sp,44,256,0.69757576,0.0140303,10,1,100,random
4478,RANDOM,8,"2026-07-13 07:19:47",39.4,0.704121,3.69319,7.697,0.271252,-0.009859,0.58268,0.09449,0.32283,200,sp,44,254,0.71348485,-0.01288485,10,1,100,random
4479,RANDOM,9,"2026-07-13 07:19:53",45.8,0.703845,3.69732,7.6364,0.296506,0.000144,0.57937,0.0873,0.33333,200,sp,44,252,0.70469698,-0.00053636,10,1,100,random
4480,RANDOM,10,"2026-07-13 07:19:59",52.1,0.702321,3.69844,7.5455,0.289886,-0.001756,0.58635,0.08434,0.32932,200,sp,44,249,0.70545455,-0.00518182,10,1,100,random
4481,RANDOM,11,"2026-07-13 07:20:06",59.2,0.703218,3.69789,7.4242,0.305859,0.012271,0.56735,0.10204,0.33061,200,sp,44,245,0.69469697,0.01363333,10,1,100,random
4482,RANDOM,12,"2026-07-13 07:20:13",66.2,0.700558,3.65912,7.3636,0.301887,-0.002176,0.5679,0.09877,0.33333,200,sp,44,243,0.70469697,-0.0058303,10,1,100,random
4483,RANDOM,13,"2026-07-13 07:20:20",72.7,0.698236,3.62128,7.2424,0.299239,-0.002152,0.57322,0.10042,0.32636,200,sp,44,239,0.70181818,-0.00612424,10,1,100,random
4484,RANDOM,14,"2026-07-13 07:20:26",79.1,0.697436,3.60344,7.2121,0.319991,-0.010883,0.57983,0.07983,0.34034,200,sp,44,238,0.70636363,-0.01308182,10,1,100,random
4485,RANDOM,15,"2026-07-13 07:20:33",85.5,0.699758,3.6194,7.1818,0.302093,-0.004949,0.56962,0.09705,0.33333,200,sp,44,237,0.70303031,-0.00420606,10,1,100,random
4486,RANDOM,16,"2026-07-13 07:20:39",91.9,0.700142,3.61363,7.1212,0.315003,-0.002151,0.56596,0.11489,0.31915,200,sp,44,235,0.70227272,-0.00164242,10,1,100,random
4487,RANDOM,17,"2026-07-13 07:20:46",98.4,0.699952,3.60719,7.1212,0.330454,0.001726,0.54894,0.1234,0.32766,200,sp,44,235,0.69969697,0.00102727,10,1,100,random
4488,RANDOM,18,"2026-07-13 07:20:52",104.9,0.700842,3.62269,7.0303,0.31774,0.000695,0.55603,0.12069,0.32328,200,sp,44,232,0.70106061,0.0001,10,1,100,random
4489,RANDOM,19,"2026-07-13 07:20:59",111.4,0.697682,3.58891,6.9394,0.32755,-0.011801,0.56332,0.12227,0.31441,200,sp,44,229,0.70833333,-0.01589394,10,1,100,random
4490,RANDOM,20,"2026-07-13 07:21:05",117.8,0.699206,3.61181,6.8182,0.351341,0.004576,0.54667,0.12889,0.32444,200,sp,44,225,0.69621212,0.00499697,10,1,100,random
4491,OI,1,"2026-07-13 07:27:24",4.9,0.727221,4.10725,8.1212,0.379165,-0.02588,0.54851,0.14179,0.3097,200,sp,45,268,0.73681819,-0.01390303,10,1,100,random
4492,OI,2,"2026-07-13 07:27:29",9.3,0.746285,4.41094,8.0909,0.436082,-0.016397,0.51685,0.17228,0.31086,200,sp,45,267,0.75045455,-0.00668485,10,1,100,random
4493,OI,3,"2026-07-13 07:27:33",13.6,0.765064,4.73365,8.0303,0.490763,-0.013394,0.46792,0.23019,0.30189,200,sp,45,265,0.76742424,-0.00197879,10,1,100,random
4494,OI,4,"2026-07-13 07:27:37",18,0.780849,5.07956,7.9697,0.539618,-0.00447,0.43346,0.25856,0.30798,200,sp,45,263,0.77787879,0.00349091,10,1,100,random
4495,OI,5,"2026-07-13 07:27:42",22.3,0.7947,5.39758,7.9394,0.591713,-0.01215,0.38931,0.28244,0.32824,200,sp,45,262,0.79878788,-0.00474242,10,1,100,random
4496,OI,6,"2026-07-13 07:27:46",26.8,0.806764,5.69282,7.8788,0.593503,-0.011237,0.36538,0.34231,0.29231,200,sp,45,260,0.8109091,-0.00636667,10,1,100,random
4497,OI,7,"2026-07-13 07:27:52",32.8,0.817294,6.01516,7.8485,0.698843,-0.006582,0.31274,0.42085,0.26641,200,sp,45,259,0.81863637,-0.00205152,10,1,100,random
4498,OI,8,"2026-07-13 07:27:58",38.8,0.826345,6.33693,7.8182,0.774182,-0.002327,0.27907,0.46124,0.25969,200,sp,45,258,0.825,0.00145758,10,1,100,random
4499,OI,9,"2026-07-13 07:28:04",44.9,0.833536,6.56784,7.8182,0.846559,-0.008205,0.25969,0.47674,0.26357,200,sp,45,258,0.8380303,-0.00513939,10,1,100,random
4500,OI,10,"2026-07-13 07:28:11",51.2,0.839533,6.79956,7.8182,0.891094,-0.007218,0.21318,0.57364,0.21318,200,sp,45,258,0.84378788,-0.00492424,10,1,100,random
4501,OI,11,"2026-07-13 07:28:17",57.5,0.844591,6.98972,7.8182,1.0148,-0.012269,0.19767,0.59302,0.2093,200,sp,45,258,0.85393939,-0.01165152,10,1,100,random
4502,OI,12,"2026-07-13 07:28:23",63.7,0.848342,7.13896,7.8182,1.05004,0.000938,0.15891,0.64729,0.1938,200,sp,45,258,0.8469697,0.0019697,10,1,100,random
4503,OI,13,"2026-07-13 07:28:29",70.1,0.852424,7.30614,7.8182,1.0661,-0.005599,0.12403,0.74031,0.13566,200,sp,45,258,0.85636363,-0.00491818,10,1,100,random
4504,OI,14,"2026-07-13 07:28:36",76.4,0.85493,7.41385,7.8182,1.34985,-0.00226,0.10078,0.78295,0.11628,200,sp,45,258,0.85666667,-0.00202424,10,1,100,random
4505,OI,15,"2026-07-13 07:28:42",82.7,0.856515,7.49463,7.8182,1.41796,-0.0111,0.09302,0.83333,0.07364,200,sp,45,258,0.86636364,-0.0113,10,1,100,random
4506,OI,16,"2026-07-13 07:28:48",89,0.857921,7.55351,7.8182,1.96861,-0.003535,0.06202,0.86047,0.07752,200,sp,45,258,0.86136363,-0.00370303,10,1,100,random
4507,OI,17,"2026-07-13 07:28:55",95.4,0.85863,7.58705,7.8182,1.62945,0.006495,0.05814,0.8876,0.05426,200,sp,45,258,0.85378788,0.00574545,10,1,100,random
4508,OI,18,"2026-07-13 07:29:01",101.8,0.858897,7.61139,7.8182,2.27406,-0.007289,0.05426,0.89922,0.04651,200,sp,45,258,0.86590909,-0.00764848,10,1,100,random
4509,OI,19,"2026-07-13 07:29:07",108.1,0.858894,7.60655,7.8182,2.36922,-0.005348,0.03488,0.8876,0.07752,200,sp,45,258,0.86454545,-0.00693939,10,1,100,random
4510,OI,20,"2026-07-13 07:29:14",114.5,0.858485,7.59689,7.8182,1.35708,-0.004358,0.06977,0.86822,0.06202,200,sp,45,258,0.86378788,-0.00621818,10,1,100,random
4511,IR,1,"2026-07-13 07:29:22",4.8,0.713306,3.88312,8.0909,0.325716,-0.098997,0.57678,0.11985,0.30337,200,sp,45,267,0.78090909,-0.09650909,10,1,100,random
4512,IR,2,"2026-07-13 07:29:27",9.1,0.71463,3.87721,7.9091,0.338392,-0.101269,0.56322,0.1341,0.30268,200,sp,45,261,0.78712122,-0.10494242,10,1,100,random
4513,IR,3,"2026-07-13 07:29:31",13.5,0.718139,3.91767,7.697,0.349839,-0.102985,0.54724,0.14173,0.31102,200,sp,45,254,0.7909091,-0.10547576,10,1,100,random
4514,IR,4,"2026-07-13 07:29:36",18,0.722245,3.95318,7.5455,0.347586,-0.096256,0.54217,0.13655,0.32129,200,sp,45,249,0.79015151,-0.0963697,10,1,100,random
4515,IR,5,"2026-07-13 07:29:40",22.3,0.726733,4.0051,7.4848,0.349429,-0.103237,0.53441,0.13765,0.32794,200,sp,45,247,0.8,-0.10408182,10,1,100,random
4516,IR,6,"2026-07-13 07:29:44",26.7,0.732573,4.07769,7.4848,0.358792,-0.102797,0.53036,0.13765,0.33198,200,sp,45,247,0.80530303,-0.1012697,10,1,100,random
4517,IR,7,"2026-07-13 07:29:50",32.8,0.735609,4.10714,7.4242,0.355969,-0.100271,0.51837,0.14694,0.33469,200,sp,45,245,0.80833333,-0.10203939,10,1,100,random
4518,IR,8,"2026-07-13 07:29:56",38.9,0.739758,4.1617,7.4242,0.358472,-0.104537,0.50612,0.16327,0.33061,200,sp,45,245,0.81545454,-0.10508182,10,1,100,random
4519,IR,9,"2026-07-13 07:30:03",45.4,0.745485,4.23472,7.3636,0.375187,-0.100288,0.50206,0.14815,0.34979,200,sp,45,243,0.81772727,-0.0993697,10,1,100,random
4520,IR,10,"2026-07-13 07:30:10",52.3,0.7492,4.29297,7.303,0.356819,-0.097933,0.48133,0.15768,0.361,200,sp,45,241,0.82121212,-0.09865758,10,1,100,random
4521,IR,11,"2026-07-13 07:30:16",58.9,0.750961,4.32828,7.2121,0.349124,-0.100939,0.47059,0.16387,0.36555,200,sp,45,238,0.82651515,-0.10219091,10,1,100,random
4522,IR,12,"2026-07-13 07:30:23",65.4,0.751936,4.32935,7.0909,0.339166,-0.093122,0.47436,0.18376,0.34188,200,sp,45,234,0.82212121,-0.09580303,10,1,100,random
4523,IR,13,"2026-07-13 07:30:29",71.9,0.757382,4.41918,7.0303,0.399431,-0.098896,0.47845,0.15086,0.37069,200,sp,45,232,0.82984849,-0.09753636,10,1,100,random
4524,IR,14,"2026-07-13 07:30:36",78.1,0.760712,4.46542,6.9697,0.382451,-0.096491,0.44783,0.1913,0.36087,200,sp,45,230,0.83287879,-0.09675152,10,1,100,random
4525,IR,15,"2026-07-13 07:30:42",84.5,0.763367,4.49796,6.9394,0.405403,-0.09318,0.44541,0.16594,0.38865,200,sp,45,229,0.83363636,-0.09383939,10,1,100,random
4526,IR,16,"2026-07-13 07:30:49",91.1,0.764064,4.4998,6.9394,0.368426,-0.094801,0.43231,0.20524,0.36245,200,sp,45,229,0.83681817,-0.09722727,10,1,100,random
4527,IR,17,"2026-07-13 07:30:55",97.5,0.767027,4.55269,6.9394,0.41279,-0.100913,0.41048,0.21834,0.37118,200,sp,45,229,0.84348485,-0.10073333,10,1,100,random
4528,IR,18,"2026-07-13 07:31:01",104,0.768861,4.58077,6.8485,0.40074,-0.091767,0.42478,0.20354,0.37168,200,sp,45,226,0.8389394,-0.09255758,10,1,100,random
4529,IR,19,"2026-07-13 07:31:08",110.3,0.769564,4.58592,6.8182,0.422249,-0.097905,0.43111,0.2,0.36889,200,sp,45,225,0.84515152,-0.1001,10,1,100,random
4530,IR,20,"2026-07-13 07:31:14",116.7,0.770991,4.61693,6.8182,0.427107,-0.092115,0.42667,0.20444,0.36889,200,sp,45,225,0.84181818,-0.09352121,10,1,100,random
4531,AGR,1,"2026-07-13 07:31:22",7.3,0.723788,4.04922,8.0909,0.349205,0.048983,0.56554,0.1236,0.31086,200,sp,45,267,0.68166667,0.05851212,10,1,100,random
4532,AGR,2,"2026-07-13 07:31:29",14.2,0.739251,4.33598,8.0303,0.383537,0.045442,0.5434,0.13585,0.32075,200,sp,45,265,0.69969697,0.05300303,10,1,100,random
4533,AGR,3,"2026-07-13 07:31:36",21.1,0.754324,4.61867,7.9697,0.417545,0.032684,0.5057,0.15589,0.3384,200,sp,45,263,0.72378788,0.04061212,10,1,100,random
4534,AGR,4,"2026-07-13 07:31:43",28,0.767221,4.89397,7.9697,0.422359,0.040388,0.49049,0.1711,0.3384,200,sp,45,263,0.73136364,0.04811212,10,1,100,random
4535,AGR,5,"2026-07-13 07:31:50",35,0.781736,5.21129,7.9697,0.466582,0.037922,0.46388,0.22433,0.31179,200,sp,45,263,0.74636364,0.04577576,10,1,100,random
4536,AGR,6,"2026-07-13 07:31:57",42.1,0.793848,5.56125,7.9697,0.562754,0.052915,0.41825,0.26996,0.31179,200,sp,45,263,0.74727273,0.05965758,10,1,100,random
4537,AGR,7,"2026-07-13 07:32:06",50.8,0.804991,5.83799,7.9394,0.598413,0.03121,0.37786,0.29389,0.32824,200,sp,45,262,0.77560607,0.03771515,10,1,100,random
4538,AGR,8,"2026-07-13 07:32:14",59.4,0.813842,6.09329,7.9091,0.606459,0.044192,0.37165,0.29119,0.33716,200,sp,45,261,0.77484848,0.0494697,10,1,100,random
4539,AGR,9,"2026-07-13 07:32:23",68.3,0.822461,6.36908,7.9091,0.648138,0.036593,0.3295,0.35249,0.31801,200,sp,45,261,0.78924242,0.04229091,10,1,100,random
4540,AGR,10,"2026-07-13 07:32:32",77.3,0.830245,6.62948,7.9091,0.719948,0.032624,0.29502,0.40613,0.29885,200,sp,45,261,0.80045454,0.03728485,10,1,100,random
4541,AGR,11,"2026-07-13 07:32:41",86.3,0.836279,6.84976,7.9091,0.780171,0.0311,0.25287,0.47126,0.27586,200,sp,45,261,0.80833333,0.03428788,10,1,100,random
4542,AGR,12,"2026-07-13 07:32:50",95.3,0.841345,7.05768,7.9091,0.87493,0.04092,0.21456,0.5364,0.24904,200,sp,45,261,0.80545455,0.04425758,10,1,100,random
4543,AGR,13,"2026-07-13 07:32:59",104.2,0.845994,7.20966,7.8788,0.91907,0.047766,0.16154,0.63462,0.20385,200,sp,45,260,0.80424242,0.04982121,10,1,100,random
4544,AGR,14,"2026-07-13 07:33:08",113.2,0.849779,7.37119,7.8788,1.00531,0.051609,0.13846,0.71923,0.14231,200,sp,45,260,0.805,0.05430606,10,1,100,random
4545,AGR,15,"2026-07-13 07:33:17",122.3,0.852749,7.49266,7.8788,1.22907,0.044696,0.08846,0.81154,0.1,200,sp,45,260,0.81409091,0.04647879,10,1,100,random
4546,AGR,16,"2026-07-13 07:33:26",131.3,0.854873,7.57162,7.8788,1.26351,0.036763,0.06923,0.85385,0.07692,200,sp,45,260,0.82333334,0.03812727,10,1,100,random
4547,AGR,17,"2026-07-13 07:33:35",140.2,0.856852,7.66168,7.8788,1.4349,0.04013,0.05769,0.90769,0.03462,200,sp,45,260,0.82242424,0.04130909,10,1,100,random
4548,AGR,18,"2026-07-13 07:33:44",149.2,0.857676,7.7071,7.8788,2.13177,0.03564,0.04615,0.92692,0.02692,200,sp,45,260,0.82757576,0.03643636,10,1,100,random
4549,AGR,19,"2026-07-13 07:33:53",158.2,0.858552,7.74688,7.8788,2.03785,0.032406,0.01923,0.96154,0.01923,200,sp,45,260,0.83121212,0.03248182,10,1,100,random
4550,AGR,20,"2026-07-13 07:34:02",167.2,0.858909,7.76451,7.8788,1.25845,0.056511,0.02692,0.95385,0.01923,200,sp,45,260,0.81090909,0.05742727,10,1,100,random
4551,RANDOM,1,"2026-07-13 07:34:12",4.9,0.706479,3.77318,8,0.317846,-0.007793,0.57576,0.12879,0.29545,200,sp,45,264,0.71287878,-0.0086303,10,1,100,random
4552,RANDOM,2,"2026-07-13 07:34:16",9.3,0.7052,3.78822,7.9394,0.338009,0.002142,0.56489,0.12595,0.30916,200,sp,45,262,0.70515152,-0.00028485,10,1,100,random
4553,RANDOM,3,"2026-07-13 07:34:20",13.7,0.701003,3.75441,7.7576,0.301825,-0.000954,0.55859,0.14063,0.30078,200,sp,45,256,0.70484848,-0.00276061,10,1,100,random
4554,RANDOM,4,"2026-07-13 07:34:25",18,0.700427,3.75594,7.6364,0.329474,-0.008555,0.55159,0.15873,0.28968,200,sp,45,252,0.70787879,-0.01018788,10,1,100,random
4555,RANDOM,5,"2026-07-13 07:34:29",22.4,0.697261,3.71416,7.6061,0.361736,-0.012057,0.56175,0.13546,0.30279,200,sp,45,251,0.70818182,-0.01734848,10,1,100,random
4556,RANDOM,6,"2026-07-13 07:34:34",27.1,0.695133,3.67814,7.4242,0.330647,0.006077,0.55102,0.13878,0.3102,200,sp,45,245,0.69272727,0.00398788,10,1,100,random
4557,RANDOM,7,"2026-07-13 07:34:40",33.2,0.694891,3.70414,7.3333,0.333644,0.010279,0.54132,0.14463,0.31405,200,sp,45,242,0.68893939,0.00688788,10,1,100,random
4558,RANDOM,8,"2026-07-13 07:34:46",39.5,0.695867,3.70492,7.2727,0.342901,-0.003804,0.54583,0.14583,0.30833,200,sp,45,240,0.69893939,-0.00364849,10,1,100,random
4559,RANDOM,9,"2026-07-13 07:34:53",45.9,0.693312,3.70075,7.1515,0.349477,-0.001073,0.55508,0.13559,0.30932,200,sp,45,236,0.69621213,-0.00340303,10,1,100,random
4560,RANDOM,10,"2026-07-13 07:34:59",52.2,0.692909,3.6883,7.0606,0.362655,-0.02305,0.54506,0.15451,0.30043,200,sp,45,233,0.70969697,-0.02462424,10,1,100,random
4561,RANDOM,11,"2026-07-13 07:35:05",58.6,0.693412,3.71324,7.0606,0.396698,0.002815,0.55365,0.14592,0.30043,200,sp,45,233,0.69227273,0.00071818,10,1,100,random
4562,RANDOM,12,"2026-07-13 07:35:12",65,0.693888,3.7168,7.0303,0.398477,-0.004278,0.53017,0.18103,0.28879,200,sp,45,232,0.69772727,-0.0055,10,1,100,random
4563,RANDOM,13,"2026-07-13 07:35:18",71.4,0.693458,3.74496,7.0303,0.414017,-0.001658,0.53879,0.1681,0.2931,200,sp,45,232,0.69575757,-0.00431212,10,1,100,random
4564,RANDOM,14,"2026-07-13 07:35:25",77.8,0.689758,3.69315,6.9394,0.398872,0.005493,0.53275,0.16157,0.30568,200,sp,45,229,0.68878788,0.00182727,10,1,100,random
4565,RANDOM,15,"2026-07-13 07:35:31",84.2,0.688661,3.68758,6.9394,0.383809,-0.012859,0.55895,0.13974,0.30131,200,sp,45,229,0.69893939,-0.01651818,10,1,100,random
4566,RANDOM,16,"2026-07-13 07:35:38",90.7,0.683336,3.62059,6.9091,0.382588,-0.001433,0.57018,0.13158,0.29825,200,sp,45,228,0.6878788,-0.00607273,10,1,100,random
4567,RANDOM,17,"2026-07-13 07:35:44",97,0.681933,3.5852,6.8788,0.390692,-0.00305,0.56828,0.12775,0.30396,200,sp,45,227,0.68575758,-0.00478182,10,1,100,random
4568,RANDOM,18,"2026-07-13 07:35:50",103.4,0.679782,3.55565,6.8182,0.372914,0.01487,0.56,0.12,0.32,200,sp,45,225,0.67166666,0.01667576,10,1,100,random
4569,RANDOM,19,"2026-07-13 07:35:57",109.8,0.678588,3.54282,6.7576,0.346794,-0.00704,0.55605,0.13453,0.30942,200,sp,45,223,0.68469697,-0.00901818,10,1,100,random
4570,RANDOM,20,"2026-07-13 07:36:04",116.8,0.678097,3.52712,6.7576,0.367204,-0.003147,0.5426,0.15247,0.30493,200,sp,45,223,0.68136363,-0.00543939,10,1,100,random
4571,OI,1,"2026-07-13 07:38:05",5.3,0.728958,4.0756,8.303,0.388838,-0.012926,0.54015,0.17153,0.28832,200,sp,46,274,0.72833334,0.00272424,10,1,100,random
4572,OI,2,"2026-07-13 07:38:10",10.3,0.750552,4.44463,8.2727,0.457449,0.003143,0.50183,0.15751,0.34066,200,sp,46,273,0.73924243,0.01568485,10,1,100,random
4573,OI,3,"2026-07-13 07:38:14",15.3,0.76727,4.74381,8.2121,0.425916,-0.013284,0.46863,0.21402,0.31734,200,sp,46,271,0.77045455,-0.00499697,10,1,100,random
4574,OI,4,"2026-07-13 07:38:19",20.2,0.782294,5.07369,8.2121,0.495882,-0.008597,0.45018,0.22509,0.32472,200,sp,46,271,0.78287879,0.00054242,10,1,100,random
4575,OI,5,"2026-07-13 07:38:24",25.1,0.793976,5.37448,8.1515,0.534201,0.004767,0.4052,0.30483,0.28996,200,sp,46,269,0.78560607,0.00969697,10,1,100,random
4576,OI,6,"2026-07-13 07:38:29",30,0.807258,5.77191,8.1515,0.664899,-0.010034,0.36431,0.35688,0.27881,200,sp,46,269,0.81,-0.00300909,10,1,100,random
4577,OI,7,"2026-07-13 07:38:36",36.8,0.818655,6.13344,8.1515,0.722285,0.000362,0.31599,0.42379,0.26022,200,sp,46,269,0.81409091,0.00533939,10,1,100,random
4578,OI,8,"2026-07-13 07:38:43",43.5,0.8287,6.45455,8.1515,0.785551,-0.010875,0.30483,0.42751,0.26766,200,sp,46,269,0.83393939,-0.00678485,10,1,100,random
4579,OI,9,"2026-07-13 07:38:50",50.4,0.836609,6.75154,8.1515,0.826364,-0.012957,0.26394,0.46468,0.27138,200,sp,46,269,0.84454545,-0.00968182,10,1,100,random
4580,OI,10,"2026-07-13 07:38:57",57.4,0.842297,6.96247,8.1515,0.852576,-0.005446,0.23048,0.5316,0.23792,200,sp,46,269,0.84530304,-0.0035,10,1,100,random
4581,OI,11,"2026-07-13 07:39:04",64.5,0.848497,7.23563,8.1515,0.938905,-0.007944,0.18959,0.6171,0.19331,200,sp,46,269,0.85318182,-0.00611515,10,1,100,random
4582,OI,12,"2026-07-13 07:39:11",71.7,0.852112,7.40425,8.1515,1.10873,-0.006674,0.16357,0.68401,0.15242,200,sp,46,269,0.8571212,-0.00602121,10,1,100,random
4583,OI,13,"2026-07-13 07:39:18",78.8,0.855955,7.59198,8.1515,1.26389,-0.008548,0.11896,0.72491,0.15613,200,sp,46,269,0.86257576,-0.00791212,10,1,100,random
4584,OI,14,"2026-07-13 07:39:25",85.8,0.858285,7.71836,8.1515,1.22066,-0.001289,0.11152,0.76952,0.11896,200,sp,46,269,0.85954546,-0.00172727,10,1,100,random
4585,OI,15,"2026-07-13 07:39:32",92.9,0.859545,7.78239,8.1515,1.54653,-0.000681,0.08922,0.81041,0.10037,200,sp,46,269,0.86060606,-0.00150303,10,1,100,random
4586,OI,16,"2026-07-13 07:39:40",100.5,0.860555,7.84725,8.1515,1.5732,-0.002901,0.06691,0.86245,0.07063,200,sp,46,269,0.86378788,-0.00389091,10,1,100,random
4587,OI,17,"2026-07-13 07:39:46",107.2,0.861448,7.90521,8.1515,1.88601,-0.006129,0.05204,0.88104,0.06691,200,sp,46,269,0.86742424,-0.00629091,10,1,100,random
4588,OI,18,"2026-07-13 07:39:53",113.9,0.86183,7.9133,8.1515,1.66696,-0.005735,0.05576,0.86617,0.07807,200,sp,46,269,0.86757576,-0.0067697,10,1,100,random
4589,OI,19,"2026-07-13 07:40:00",120.8,0.862327,7.95771,8.1515,1.51878,-0.003202,0.04461,0.88848,0.06691,200,sp,46,269,0.86590909,-0.00470909,10,1,100,random
4590,OI,20,"2026-07-13 07:40:07",127.8,0.862561,7.96736,8.1515,1.82633,0.002705,0.03717,0.91822,0.04461,200,sp,46,269,0.86121212,0.00220606,10,1,100,random
4591,IR,1,"2026-07-13 07:40:17",5.3,0.71067,3.83575,8.1818,0.328033,-0.099386,0.57407,0.11111,0.31481,200,sp,46,270,0.77984848,-0.09893333,10,1,100,random
4592,IR,2,"2026-07-13 07:40:22",10.2,0.716015,3.89175,7.9091,0.326595,-0.095008,0.54789,0.13793,0.31418,200,sp,46,261,0.78181818,-0.09357273,10,1,100,random
4593,IR,3,"2026-07-13 07:40:27",15.3,0.721285,3.93343,7.8788,0.34262,-0.099246,0.56154,0.12692,0.31154,200,sp,46,260,0.79075757,-0.09843939,10,1,100,random
4594,IR,4,"2026-07-13 07:40:32",20.2,0.7257,3.99075,7.7879,0.357301,-0.091952,0.55642,0.12451,0.31907,200,sp,46,257,0.7910606,-0.09277576,10,1,100,random
4595,IR,5,"2026-07-13 07:40:37",24.9,0.732476,4.07663,7.7273,0.365355,-0.087059,0.55294,0.12157,0.32549,200,sp,46,255,0.79348484,-0.0844697,10,1,100,random
4596,IR,6,"2026-07-13 07:40:41",29.9,0.732733,4.08915,7.6061,0.36798,-0.092039,0.53785,0.13147,0.33068,200,sp,46,251,0.80075758,-0.09560303,10,1,100,random
4597,IR,7,"2026-07-13 07:40:48",36.3,0.735109,4.09305,7.5758,0.370906,-0.097755,0.52,0.136,0.344,200,sp,46,250,0.80636364,-0.09999697,10,1,100,random
4598,IR,8,"2026-07-13 07:40:55",43,0.736782,4.11784,7.4545,0.335668,-0.10882,0.50813,0.15447,0.3374,200,sp,46,246,0.81666667,-0.11164243,10,1,100,random
4599,IR,9,"2026-07-13 07:41:02",49.9,0.737558,4.11949,7.4545,0.353369,-0.088884,0.52439,0.13415,0.34146,200,sp,46,246,0.80318182,-0.09194848,10,1,100,random
4600,IR,10,"2026-07-13 07:41:09",57,0.737382,4.13713,7.4242,0.353193,-0.086587,0.5102,0.14286,0.34694,200,sp,46,245,0.80212121,-0.08916061,10,1,100,random
4601,IR,11,"2026-07-13 07:41:15",63.6,0.738415,4.13903,7.2727,0.340479,-0.109738,0.51667,0.14167,0.34167,200,sp,46,240,0.81954546,-0.1130303,10,1,100,random
4602,IR,12,"2026-07-13 07:41:22",70.2,0.742612,4.18333,7.2424,0.37948,-0.105931,0.49791,0.159,0.3431,200,sp,46,239,0.81954546,-0.10767273,10,1,100,random
4603,IR,13,"2026-07-13 07:41:28",76.8,0.747379,4.24723,7.2121,0.390836,-0.099884,0.5,0.15126,0.34874,200,sp,46,238,0.82030303,-0.0992697,10,1,100,random
4604,IR,14,"2026-07-13 07:41:35",83.5,0.748939,4.27726,7.1818,0.380784,-0.104227,0.51055,0.14346,0.34599,200,sp,46,237,0.82681818,-0.10726667,10,1,100,random
4605,IR,15,"2026-07-13 07:41:42",90.2,0.751797,4.31292,7.1515,0.39908,-0.093004,0.50847,0.13559,0.35593,200,sp,46,236,0.82090909,-0.09449091,10,1,100,random
4606,IR,16,"2026-07-13 07:41:48",96.8,0.75223,4.31391,7.1212,0.392798,-0.104989,0.50638,0.13617,0.35745,200,sp,46,235,0.83166667,-0.10822727,10,1,100,random
4607,IR,17,"2026-07-13 07:41:55",103.5,0.751739,4.30113,7,0.385905,-0.093211,0.49784,0.15152,0.35065,200,sp,46,231,0.82272727,-0.09720909,10,1,100,random
4608,IR,18,"2026-07-13 07:42:02",110.1,0.755112,4.34852,6.9697,0.415662,-0.098251,0.49565,0.15217,0.35217,200,sp,46,230,0.8280303,-0.09826364,10,1,100,random
4609,IR,19,"2026-07-13 07:42:08",116.8,0.757636,4.39107,6.9697,0.425981,-0.10055,0.48261,0.16957,0.34783,200,sp,46,230,0.83333334,-0.10310606,10,1,100,random
4610,IR,20,"2026-07-13 07:42:15",123.5,0.758173,4.39739,6.9091,0.428503,-0.102129,0.47807,0.17544,0.34649,200,sp,46,228,0.83590909,-0.10552727,10,1,100,random
4611,AGR,1,"2026-07-13 07:42:24",8,0.723394,4.06124,8.3636,0.358832,0.051854,0.57246,0.10145,0.32609,200,sp,46,276,0.67969697,0.06064848,10,1,100,random
4612,AGR,2,"2026-07-13 07:42:32",15.5,0.739979,4.35075,8.2424,0.359603,0.061611,0.54412,0.125,0.33088,200,sp,46,272,0.68818181,0.07184242,10,1,100,random
4613,AGR,3,"2026-07-13 07:42:39",23.3,0.755915,4.65128,8.2424,0.394242,0.052386,0.51103,0.15441,0.33456,200,sp,46,272,0.71015151,0.06080303,10,1,100,random
4614,AGR,4,"2026-07-13 07:42:47",30.9,0.770515,5.02059,8.2121,0.422847,0.033302,0.48339,0.1845,0.3321,200,sp,46,271,0.73924243,0.04127576,10,1,100,random
4615,AGR,5,"2026-07-13 07:42:55",38.4,0.783397,5.35491,8.2121,0.475972,0.049839,0.45018,0.20295,0.34686,200,sp,46,271,0.73954545,0.05838485,10,1,100,random
4616,AGR,6,"2026-07-13 07:43:02",46.1,0.795536,5.68768,8.2121,0.479275,0.042056,0.42066,0.22509,0.35424,200,sp,46,271,0.75742424,0.04953636,10,1,100,random
4617,AGR,7,"2026-07-13 07:43:11",55.3,0.805764,5.95089,8.2121,0.496364,0.040661,0.4059,0.22509,0.369,200,sp,46,271,0.76924242,0.0474,10,1,100,random
4618,AGR,8,"2026-07-13 07:43:21",64.7,0.81643,6.26095,8.2121,0.516673,0.029701,0.37638,0.29151,0.3321,200,sp,46,271,0.78818182,0.03528182,10,1,100,random
4619,AGR,9,"2026-07-13 07:43:30",74.3,0.824685,6.58041,8.2121,0.62093,0.052127,0.3321,0.33948,0.32841,200,sp,46,271,0.7789394,0.05745758,10,1,100,random
4620,AGR,10,"2026-07-13 07:43:40",83.8,0.831764,6.84815,8.2121,0.661805,0.033122,0.29151,0.40221,0.30627,200,sp,46,271,0.80181818,0.03771212,10,1,100,random
4621,AGR,11,"2026-07-13 07:43:50",93.4,0.83777,7.06139,8.2121,0.726052,0.043356,0.25461,0.44649,0.29889,200,sp,46,271,0.79939394,0.04734242,10,1,100,random
4622,AGR,12,"2026-07-13 07:43:59",103.1,0.843318,7.25595,8.2121,0.769178,0.046766,0.22878,0.52399,0.24723,200,sp,46,271,0.80212121,0.05071515,10,1,100,random
4623,AGR,13,"2026-07-13 07:44:09",112.7,0.847942,7.44012,8.1818,0.906122,0.027332,0.17407,0.62222,0.2037,200,sp,46,270,0.82348485,0.02960606,10,1,100,random
4624,AGR,14,"2026-07-13 07:44:19",122.3,0.851585,7.55849,8.1818,0.97091,0.038557,0.16296,0.66296,0.17407,200,sp,46,270,0.81787878,0.04089697,10,1,100,random
4625,AGR,15,"2026-07-13 07:44:28",131.9,0.85533,7.72866,8.1818,1.13481,0.036879,0.12963,0.75926,0.11111,200,sp,46,270,0.82303031,0.0387,10,1,100,random
4626,AGR,16,"2026-07-13 07:44:38",141.4,0.857982,7.83336,8.1818,1.44059,0.038894,0.1,0.81852,0.08148,200,sp,46,270,0.82424243,0.04001515,10,1,100,random
4627,AGR,17,"2026-07-13 07:44:47",151.2,0.85993,7.92161,8.1818,1.52833,0.051125,0.06296,0.88519,0.05185,200,sp,46,270,0.81575758,0.05187879,10,1,100,random
4628,AGR,18,"2026-07-13 07:44:57",160.8,0.861673,7.98588,8.1818,1.86484,0.042854,0.05556,0.9,0.04444,200,sp,46,270,0.82484848,0.04320303,10,1,100,random
4629,AGR,19,"2026-07-13 07:45:07",170.4,0.862348,8.01432,8.1818,1.88857,0.037283,0.03333,0.93333,0.03333,200,sp,46,270,0.83075758,0.03743333,10,1,100,random
4630,AGR,20,"2026-07-13 07:45:16",180.1,0.862749,8.03969,8.1818,1.68971,0.054975,0.03704,0.91852,0.04444,200,sp,46,270,0.81606061,0.05507576,10,1,100,random
4631,RANDOM,1,"2026-07-13 07:45:26",4.9,0.704573,3.79491,8.2121,0.320507,-0.006988,0.57934,0.12546,0.2952,200,sp,46,271,0.71151515,-0.00898182,10,1,100,random
4632,RANDOM,2,"2026-07-13 07:45:30",9.3,0.704527,3.78951,7.9697,0.33604,0.011996,0.57414,0.11407,0.31179,200,sp,46,263,0.69742424,0.00909091,10,1,100,random
4633,RANDOM,3,"2026-07-13 07:45:34",13.8,0.701142,3.75554,7.9394,0.31719,0.00456,0.56489,0.14504,0.29008,200,sp,46,262,0.70060606,0.00091818,10,1,100,random
4634,RANDOM,4,"2026-07-13 07:45:39",18.2,0.699321,3.7205,7.8788,0.339571,-0.006748,0.56923,0.13846,0.29231,200,sp,46,260,0.70590909,-0.00843333,10,1,100,random
4635,RANDOM,5,"2026-07-13 07:45:43",22.5,0.697855,3.6612,7.8485,0.332743,0.0071,0.57529,0.13127,0.29344,200,sp,46,259,0.69454545,0.00498788,10,1,100,random
4636,RANDOM,6,"2026-07-13 07:45:48",27,0.697815,3.6606,7.7273,0.333181,0.005508,0.56078,0.14902,0.2902,200,sp,46,255,0.69484849,0.00434849,10,1,100,random
4637,RANDOM,7,"2026-07-13 07:45:54",33.1,0.701464,3.71518,7.6061,0.350868,-0.001044,0.56574,0.15936,0.2749,200,sp,46,251,0.70151516,0.00074545,10,1,100,random
4638,RANDOM,8,"2026-07-13 07:46:00",39.2,0.703342,3.74627,7.5455,0.401102,0.002742,0.57028,0.14458,0.28514,200,sp,46,249,0.70121212,0.00498182,10,1,100,random
4639,RANDOM,9,"2026-07-13 07:46:06",45.6,0.703642,3.74105,7.4242,0.391951,-0.00239,0.56327,0.14694,0.2898,200,sp,46,245,0.70636364,-0.00332424,10,1,100,random
4640,RANDOM,10,"2026-07-13 07:46:13",51.9,0.701455,3.73747,7.3333,0.37447,0.034945,0.54959,0.16529,0.28512,200,sp,46,242,0.67893939,0.03367576,10,1,100,random
4641,RANDOM,11,"2026-07-13 07:46:19",58.3,0.703318,3.7592,7.2424,0.393416,0.000506,0.54812,0.15481,0.29707,200,sp,46,239,0.70287878,0.00000303,10,1,100,random
4642,RANDOM,12,"2026-07-13 07:46:25",64.7,0.702991,3.7392,7.1515,0.382052,-0.001033,0.53814,0.16525,0.29661,200,sp,46,236,0.70484849,-0.00063636,10,1,100,random
4643,RANDOM,13,"2026-07-13 07:46:32",70.9,0.698458,3.6795,7.1212,0.386764,0.00188,0.54894,0.14468,0.30638,200,sp,46,235,0.70045455,-0.00313333,10,1,100,random
4644,RANDOM,14,"2026-07-13 07:46:38",77.2,0.695248,3.63903,7.1212,0.368065,0.001659,0.55319,0.15319,0.29362,200,sp,46,235,0.69666667,-0.00135455,10,1,100,random
4645,RANDOM,15,"2026-07-13 07:46:44",83.6,0.692815,3.61188,7.0303,0.38348,0.004534,0.55172,0.14224,0.30603,200,sp,46,232,0.6919697,0.00038788,10,1,100,random
4646,RANDOM,16,"2026-07-13 07:46:51",90,0.692003,3.60016,7,0.367879,0.006444,0.54545,0.15584,0.2987,200,sp,46,231,0.68893939,0.00453939,10,1,100,random
4647,RANDOM,17,"2026-07-13 07:46:57",96.1,0.693421,3.63226,6.9091,0.382811,-0.008628,0.56579,0.13158,0.30263,200,sp,46,228,0.69969697,-0.00879394,10,1,100,random
4648,RANDOM,18,"2026-07-13 07:47:03",102.5,0.691024,3.61719,6.8788,0.387552,0.006894,0.55066,0.15419,0.29515,200,sp,46,227,0.6880303,0.00384242,10,1,100,random
4649,RANDOM,19,"2026-07-13 07:47:10",108.9,0.689506,3.60453,6.8485,0.39756,-0.002458,0.54425,0.15929,0.29646,200,sp,46,226,0.69303031,-0.0061,10,1,100,random
4650,RANDOM,20,"2026-07-13 07:47:16",115.2,0.689139,3.62655,6.8182,0.394376,0.00363,0.54222,0.16444,0.29333,200,sp,46,225,0.68757576,0.00213333,10,1,100,random
4651,OI,1,"2026-07-13 07:48:15",5.3,0.726915,4.09136,8.2727,0.344536,-0.005849,0.55678,0.13553,0.30769,200,sp,47,273,0.72378788,0.0055697,10,1,100,random
4652,OI,2,"2026-07-13 07:48:20",10.2,0.745649,4.37662,8.1818,0.414292,-0.015593,0.51481,0.16296,0.32222,200,sp,47,270,0.74939394,-0.0043303,10,1,100,random
4653,OI,3,"2026-07-13 07:48:24",15,0.763848,4.71787,8.0909,0.434171,-0.001611,0.4794,0.19101,0.32959,200,sp,47,267,0.75772727,0.00755455,10,1,100,random
4654,OI,4,"2026-07-13 07:48:29",19.9,0.779142,5.02426,8.0303,0.465768,-0.001934,0.43774,0.24528,0.31698,200,sp,47,265,0.77409091,0.00686061,10,1,100,random
4655,OI,5,"2026-07-13 07:48:34",24.8,0.793885,5.33964,8,0.535619,-0.005858,0.4053,0.26894,0.32576,200,sp,47,264,0.79257575,0.00229697,10,1,100,random
4656,OI,6,"2026-07-13 07:48:39",29.8,0.8056,5.62342,7.9697,0.576018,-0.014256,0.36122,0.34981,0.28897,200,sp,47,263,0.81242424,-0.0090303,10,1,100,random
4657,OI,7,"2026-07-13 07:48:46",36.4,0.817073,5.93193,7.9091,0.670417,-0.005011,0.34866,0.33333,0.31801,200,sp,47,261,0.81696969,-0.00034545,10,1,100,random
4658,OI,8,"2026-07-13 07:48:52",42.9,0.8266,6.23371,7.8485,0.665511,-0.005818,0.28958,0.40154,0.30888,200,sp,47,259,0.8280303,-0.00139697,10,1,100,random
4659,OI,9,"2026-07-13 07:48:59",49.7,0.833291,6.45899,7.8485,0.692347,-0.007015,0.26255,0.46718,0.27027,200,sp,47,259,0.83712121,-0.00430909,10,1,100,random
4660,OI,10,"2026-07-13 07:49:06",56.5,0.840061,6.70381,7.8485,0.795669,-0.00973,0.2278,0.50579,0.26641,200,sp,47,259,0.8460606,-0.00677576,10,1,100,random
4661,OI,11,"2026-07-13 07:49:13",63.2,0.8449,6.90376,7.8485,0.839801,-0.012134,0.19305,0.58301,0.22394,200,sp,47,259,0.8539394,-0.01082424,10,1,100,random
4662,OI,12,"2026-07-13 07:49:19",69.9,0.849309,7.07752,7.8485,0.951853,-0.00304,0.17375,0.63707,0.18919,200,sp,47,259,0.85090909,-0.00210606,10,1,100,random
4663,OI,13,"2026-07-13 07:49:26",76.7,0.853033,7.24515,7.8485,1.11804,0.008104,0.12355,0.71815,0.1583,200,sp,47,259,0.84560606,0.00886364,10,1,100,random
4664,OI,14,"2026-07-13 07:49:33",83.4,0.855461,7.3518,7.8485,1.10602,0.001085,0.10425,0.76448,0.13127,200,sp,47,259,0.85439394,0.00154545,10,1,100,random
4665,OI,15,"2026-07-13 07:49:39",90,0.857706,7.45487,7.8485,1.22451,-0.007453,0.10039,0.78764,0.11197,200,sp,47,259,0.86424243,-0.00747576,10,1,100,random
4666,OI,16,"2026-07-13 07:49:46",96.8,0.859436,7.51896,7.8485,1.36082,0.001074,0.08108,0.83012,0.0888,200,sp,47,259,0.85878788,0.00100606,10,1,100,random
4667,OI,17,"2026-07-13 07:49:53",103.6,0.860764,7.57504,7.8485,1.53105,0.004203,0.0888,0.8417,0.0695,200,sp,47,259,0.85757575,0.00388182,10,1,100,random
4668,OI,18,"2026-07-13 07:50:00",110.4,0.861309,7.60275,7.8485,2.11097,0.002349,0.06178,0.83398,0.10425,200,sp,47,259,0.86015151,0.00104545,10,1,100,random
4669,OI,19,"2026-07-13 07:50:07",117.9,0.86167,7.62869,7.8485,1.37172,-0.013703,0.07336,0.85714,0.0695,200,sp,47,259,0.87439394,-0.01472727,10,1,100,random
4670,OI,20,"2026-07-13 07:50:14",124.8,0.862794,7.68198,7.8485,2.03532,-0.003122,0.04247,0.91506,0.04247,200,sp,47,259,0.86606061,-0.00365758,10,1,100,random
4671,IR,1,"2026-07-13 07:50:23",4.8,0.713094,3.86302,8.3636,0.29214,-0.099288,0.58696,0.09783,0.31522,200,sp,47,276,0.78227273,-0.10031515,10,1,100,random
4672,IR,2,"2026-07-13 07:50:27",9.1,0.717376,3.89167,8.1818,0.294652,-0.109851,0.58148,0.10741,0.31111,200,sp,47,270,0.79469697,-0.11050909,10,1,100,random
4673,IR,3,"2026-07-13 07:50:32",13.5,0.724615,3.97135,8.0606,0.327177,-0.094897,0.56391,0.12782,0.30827,200,sp,47,266,0.79030303,-0.0950303,10,1,100,random
4674,IR,4,"2026-07-13 07:50:36",17.9,0.732142,4.06832,7.9697,0.345025,-0.098194,0.54753,0.13688,0.31559,200,sp,47,263,0.80075758,-0.09686061,10,1,100,random
4675,IR,5,"2026-07-13 07:50:40",22.1,0.735936,4.14323,7.8485,0.339345,-0.092867,0.5444,0.13514,0.32046,200,sp,47,259,0.80287878,-0.09263939,10,1,100,random
4676,IR,6,"2026-07-13 07:50:45",26.4,0.741985,4.24845,7.7576,0.346782,-0.103718,0.53906,0.12891,0.33203,200,sp,47,256,0.81621212,-0.10319394,10,1,100,random
4677,IR,7,"2026-07-13 07:50:50",32.3,0.743861,4.2741,7.6061,0.34192,-0.110823,0.5259,0.12351,0.3506,200,sp,47,251,0.82606061,-0.11342121,10,1,100,random
4678,IR,8,"2026-07-13 07:50:57",38.4,0.746273,4.28786,7.4848,0.325924,-0.097706,0.52632,0.11741,0.35628,200,sp,47,247,0.81863636,-0.10062424,10,1,100,random
4679,IR,9,"2026-07-13 07:51:03",44.6,0.746942,4.32822,7.4545,0.332456,-0.099202,0.52439,0.11789,0.35772,200,sp,47,246,0.82121212,-0.10160606,10,1,100,random
4680,IR,10,"2026-07-13 07:51:09",50.8,0.748697,4.3592,7.3939,0.337621,-0.101884,0.52459,0.12705,0.34836,200,sp,47,244,0.82454546,-0.10430606,10,1,100,random
4681,IR,11,"2026-07-13 07:51:15",57,0.750385,4.36612,7.3636,0.360284,-0.094922,0.50206,0.16049,0.33745,200,sp,47,243,0.82121212,-0.09680606,10,1,100,random
4682,IR,12,"2026-07-13 07:51:21",63.2,0.752509,4.40559,7.3636,0.377303,-0.098515,0.5144,0.13992,0.34568,200,sp,47,243,0.82606061,-0.1011303,10,1,100,random
4683,IR,13,"2026-07-13 07:51:28",69.5,0.752167,4.40341,7.3636,0.369393,-0.100175,0.49794,0.16872,0.33333,200,sp,47,243,0.82833333,-0.10378485,10,1,100,random
4684,IR,14,"2026-07-13 07:51:34",75.7,0.754176,4.43185,7.2424,0.392904,-0.090465,0.49372,0.159,0.34728,200,sp,47,239,0.82181818,-0.09224848,10,1,100,random
4685,IR,15,"2026-07-13 07:51:40",81.9,0.752739,4.4173,7.2424,0.37797,-0.097388,0.48536,0.17155,0.3431,200,sp,47,239,0.82742424,-0.10109394,10,1,100,random
4686,IR,16,"2026-07-13 07:51:46",88.1,0.755918,4.46499,7.2424,0.392167,-0.099061,0.49372,0.17155,0.33473,200,sp,47,239,0.82969697,-0.10038788,10,1,100,random
4687,IR,17,"2026-07-13 07:51:52",94.2,0.757233,4.4649,7.1818,0.405547,-0.093364,0.48945,0.16878,0.34177,200,sp,47,237,0.82787879,-0.09496667,10,1,100,random
4688,IR,18,"2026-07-13 07:51:59",100.5,0.758306,4.46643,7.1818,0.416566,-0.088827,0.48101,0.16878,0.35021,200,sp,47,237,0.82575757,-0.09131515,10,1,100,random
4689,IR,19,"2026-07-13 07:52:05",106.8,0.762076,4.51934,7.1515,0.399712,-0.085161,0.47034,0.1822,0.34746,200,sp,47,236,0.82545454,-0.0844,10,1,100,random
4690,IR,20,"2026-07-13 07:52:11",113,0.761852,4.52135,7.0606,0.401252,-0.089518,0.4721,0.18455,0.34335,200,sp,47,233,0.83075758,-0.09185152,10,1,100,random
4691,AGR,1,"2026-07-13 07:52:19",7.6,0.72577,4.11093,8.2727,0.321333,0.039083,0.5641,0.10989,0.32601,200,sp,47,273,0.69136364,0.04864849,10,1,100,random
4692,AGR,2,"2026-07-13 07:52:27",14.7,0.745597,4.42494,8.2424,0.35108,0.036484,0.54412,0.09926,0.35662,200,sp,47,272,0.71030303,0.04886061,10,1,100,random
4693,AGR,3,"2026-07-13 07:52:34",22,0.760036,4.67408,8.1818,0.337604,0.036751,0.51852,0.14444,0.33704,200,sp,47,270,0.72666667,0.04517273,10,1,100,random
4694,AGR,4,"2026-07-13 07:52:41",29.5,0.775149,4.96479,8.1818,0.399173,0.04214,0.48889,0.16296,0.34815,200,sp,47,270,0.73651515,0.05135151,10,1,100,random
4695,AGR,5,"2026-07-13 07:52:49",37.3,0.788412,5.30222,8.1515,0.421755,0.031928,0.46097,0.18587,0.35316,200,sp,47,269,0.75818182,0.03865758,10,1,100,random
4696,AGR,6,"2026-07-13 07:52:57",44.7,0.800106,5.62812,8.1515,0.462872,0.031547,0.42379,0.20818,0.36803,200,sp,47,269,0.77060606,0.03747879,10,1,100,random
4697,AGR,7,"2026-07-13 07:53:06",53.9,0.810109,5.89223,8.1212,0.473098,0.039415,0.37687,0.27239,0.35075,200,sp,47,268,0.77439394,0.04603333,10,1,100,random
4698,AGR,8,"2026-07-13 07:53:15",63.2,0.818936,6.16727,8.1212,0.53295,0.0417,0.34328,0.30224,0.35448,200,sp,47,268,0.78151515,0.04684242,10,1,100,random
4699,AGR,9,"2026-07-13 07:53:25",72.7,0.826933,6.41116,8.0909,0.5636,0.038392,0.33333,0.31835,0.34831,200,sp,47,267,0.79257575,0.04211212,10,1,100,random
4700,AGR,10,"2026-07-13 07:53:34",82,0.833779,6.64769,8.0909,0.629565,0.034892,0.30337,0.38577,0.31086,200,sp,47,267,0.80227273,0.03826364,10,1,100,random
4701,AGR,11,"2026-07-13 07:53:43",91.2,0.840282,6.85639,8.0909,0.727765,0.051681,0.26966,0.40449,0.32584,200,sp,47,267,0.79469697,0.05476061,10,1,100,random
4702,AGR,12,"2026-07-13 07:53:52",100.5,0.846388,7.07552,8.0909,0.727501,0.036634,0.24719,0.4794,0.27341,200,sp,47,267,0.81348485,0.03986061,10,1,100,random
4703,AGR,13,"2026-07-13 07:54:01",109.7,0.852152,7.30555,8.0909,0.864057,0.03917,0.1985,0.58052,0.22097,200,sp,47,267,0.8169697,0.04250909,10,1,100,random
4704,AGR,14,"2026-07-13 07:54:11",118.9,0.856964,7.51639,8.0909,0.996599,0.032018,0.14981,0.70412,0.14607,200,sp,47,267,0.82818181,0.03383333,10,1,100,random
4705,AGR,15,"2026-07-13 07:54:20",128,0.860006,7.64782,8.0909,1.20364,0.035168,0.11985,0.77154,0.10861,200,sp,47,267,0.82924242,0.03639394,10,1,100,random
4706,AGR,16,"2026-07-13 07:54:29",137.1,0.862645,7.77316,8.0909,1.38408,0.045967,0.08989,0.83895,0.07116,200,sp,47,267,0.82257576,0.04714848,10,1,100,random
4707,AGR,17,"2026-07-13 07:54:38",146.4,0.864821,7.87241,8.0909,1.69204,0.025002,0.04869,0.89888,0.05243,200,sp,47,267,0.8430303,0.02533636,10,1,100,random
4708,AGR,18,"2026-07-13 07:54:47",155.6,0.865994,7.93236,8.0909,1.63443,0.040893,0.03745,0.92884,0.03371,200,sp,47,267,0.83090909,0.04105455,10,1,100,random
4709,AGR,19,"2026-07-13 07:54:57",164.9,0.866497,7.96727,8.0909,1.76563,0.045574,0.02996,0.94757,0.02247,200,sp,47,267,0.82772728,0.04517273,10,1,100,random
4710,AGR,20,"2026-07-13 07:55:06",174.1,0.866985,7.99903,8.0909,1.80443,0.050358,0.01498,0.97753,0.00749,200,sp,47,267,0.8239394,0.05046364,10,1,100,random
4711,RANDOM,1,"2026-07-13 07:55:14",4.9,0.707873,3.81037,8.1212,0.286424,0.001788,0.5709,0.1306,0.29851,200,sp,47,268,0.70818182,-0.00048788,10,1,100,random
4712,RANDOM,2,"2026-07-13 07:55:19",9.4,0.709339,3.82462,8,0.335441,-0.001861,0.57197,0.14015,0.28788,200,sp,47,264,0.71106061,-0.00279091,10,1,100,random
4713,RANDOM,3,"2026-07-13 07:55:23",14,0.708385,3.80492,7.7879,0.350882,-0.007765,0.56031,0.15175,0.28794,200,sp,47,257,0.71530303,-0.01070909,10,1,100,random
4714,RANDOM,4,"2026-07-13 07:55:28",18.6,0.708079,3.7991,7.697,0.364173,0.00706,0.56299,0.15354,0.28346,200,sp,47,254,0.70424242,0.0051,10,1,100,random
4715,RANDOM,5,"2026-07-13 07:55:33",23.2,0.70907,3.8139,7.5758,0.380559,-0.004321,0.56,0.144,0.296,200,sp,47,250,0.71242425,-0.0047,10,1,100,random
4716,RANDOM,6,"2026-07-13 07:55:37",27.7,0.70747,3.79435,7.4242,0.366886,0.011274,0.54694,0.1551,0.29796,200,sp,47,245,0.70090909,0.01104242,10,1,100,random
4717,RANDOM,7,"2026-07-13 07:55:43",33.8,0.70627,3.75959,7.3636,0.363428,-0.005948,0.55144,0.16049,0.28807,200,sp,47,243,0.7119697,-0.00823939,10,1,100,random
4718,RANDOM,8,"2026-07-13 07:55:49",40,0.705476,3.73557,7.3333,0.38403,0.008937,0.54545,0.16116,0.29339,200,sp,47,242,0.70030303,0.00872727,10,1,100,random
4719,RANDOM,9,"2026-07-13 07:55:56",46.4,0.706242,3.74302,7.2727,0.375156,-0.0103,0.55833,0.1375,0.30417,200,sp,47,240,0.71409091,-0.01036667,10,1,100,random
4720,RANDOM,10,"2026-07-13 07:56:02",52.8,0.704958,3.7246,7.2727,0.366034,0.006295,0.55417,0.14583,0.3,200,sp,47,240,0.70212121,0.00305758,10,1,100,random
4721,RANDOM,11,"2026-07-13 07:56:09",59.4,0.704009,3.71703,7.1515,0.37378,0.006762,0.55932,0.13559,0.30508,200,sp,47,236,0.70060606,0.00458485,10,1,100,random
4722,RANDOM,12,"2026-07-13 07:56:15",65.9,0.703467,3.69073,7.1515,0.372587,-0.002707,0.5339,0.16102,0.30508,200,sp,47,236,0.70651515,-0.00331515,10,1,100,random
4723,RANDOM,13,"2026-07-13 07:56:22",72.3,0.702024,3.66267,7.0909,0.363503,0.0003,0.53419,0.1453,0.32051,200,sp,47,234,0.70363636,-0.00333939,10,1,100,random
4724,RANDOM,14,"2026-07-13 07:56:28",78.8,0.7002,3.6486,7,0.337425,-0.004794,0.52814,0.14719,0.32468,200,sp,47,231,0.70545454,-0.00887273,10,1,100,random
4725,RANDOM,15,"2026-07-13 07:56:35",85.2,0.699027,3.63508,6.9697,0.332045,0.005102,0.52174,0.16522,0.31304,200,sp,47,230,0.6969697,0.00513636,10,1,100,random
4726,RANDOM,16,"2026-07-13 07:56:41",91.6,0.699842,3.62547,6.9697,0.352783,0.004393,0.52609,0.15217,0.32174,200,sp,47,230,0.69727272,0.00290606,10,1,100,random
4727,RANDOM,17,"2026-07-13 07:56:48",98.1,0.69837,3.60641,6.9394,0.3327,-0.011289,0.55022,0.13537,0.31441,200,sp,47,229,0.70787878,-0.01364848,10,1,100,random
4728,RANDOM,18,"2026-07-13 07:56:54",104.6,0.698682,3.59413,6.8182,0.351876,0.002908,0.52889,0.17778,0.29333,200,sp,47,225,0.69757575,0.00182424,10,1,100,random
4729,RANDOM,19,"2026-07-13 07:57:00",111.1,0.698382,3.59521,6.697,0.387639,-0.000644,0.53394,0.17647,0.28959,200,sp,47,221,0.69969697,-0.00161212,10,1,100,random
4730,RANDOM,20,"2026-07-13 07:57:07",117.5,0.695724,3.57304,6.697,0.406384,0.001772,0.53394,0.181,0.28507,200,sp,47,221,0.69651515,0.00025152,10,1,100,random
4731,OI,1,"2026-07-13 07:58:57",5.4,0.732652,4.1716,8.3939,0.355259,-0.019402,0.55957,0.11552,0.32491,200,sp,48,277,0.73787879,-0.00861515,10,1,100,random
4732,OI,2,"2026-07-13 07:59:01",10.2,0.754058,4.51321,8.3333,0.401363,-0.009985,0.51636,0.14545,0.33818,200,sp,48,275,0.75212121,0.00271212,10,1,100,random
4733,OI,3,"2026-07-13 07:59:06",15.1,0.770615,4.81949,8.3333,0.430613,-0.024059,0.49455,0.17091,0.33455,200,sp,48,275,0.78196969,-0.01562727,10,1,100,random
4734,OI,4,"2026-07-13 07:59:11",20,0.787285,5.20368,8.303,0.492014,-0.014809,0.45255,0.21168,0.33577,200,sp,48,274,0.79212121,-0.0052303,10,1,100,random
4735,OI,5,"2026-07-13 07:59:16",25,0.801697,5.53582,8.303,0.529041,-0.005388,0.40876,0.25182,0.33942,200,sp,48,274,0.80015152,0.00178485,10,1,100,random
4736,OI,6,"2026-07-13 07:59:21",30,0.813567,5.89376,8.303,0.571478,-0.014245,0.36131,0.33577,0.30292,200,sp,48,274,0.82030302,-0.00823333,10,1,100,random
4737,OI,7,"2026-07-13 07:59:28",36.5,0.824452,6.22628,8.2727,0.671337,-0.004902,0.32234,0.3663,0.31136,200,sp,48,273,0.82439394,0.00020909,10,1,100,random
4738,OI,8,"2026-07-13 07:59:34",43,0.832085,6.50148,8.2727,0.679839,-0.010877,0.2967,0.40659,0.2967,200,sp,48,273,0.83848484,-0.0078303,10,1,100,random
4739,OI,9,"2026-07-13 07:59:41",49.8,0.839755,6.78159,8.2727,0.74439,-0.008809,0.27473,0.43956,0.28571,200,sp,48,273,0.84454546,-0.00575455,10,1,100,random
4740,OI,10,"2026-07-13 07:59:48",56.6,0.845403,7.04254,8.2424,0.836339,-0.008652,0.24265,0.52574,0.23162,200,sp,48,272,0.8510606,-0.0065303,10,1,100,random
4741,OI,11,"2026-07-13 07:59:54",63.3,0.850997,7.2998,8.2424,0.999408,-0.00759,0.20221,0.59926,0.19853,200,sp,48,272,0.85575758,-0.00530909,10,1,100,random
4742,OI,12,"2026-07-13 08:00:01",70.2,0.855073,7.49835,8.2424,1.09017,-0.00326,0.15809,0.68382,0.15809,200,sp,48,272,0.85696969,-0.00221212,10,1,100,random
4743,OI,13,"2026-07-13 08:00:09",77.8,0.857588,7.61614,8.2424,1.1948,-0.006057,0.14338,0.71324,0.14338,200,sp,48,272,0.86272728,-0.00633939,10,1,100,random
4744,OI,14,"2026-07-13 08:00:16",84.8,0.859894,7.75072,8.2424,1.31819,-0.006812,0.09926,0.80882,0.09191,200,sp,48,272,0.86560606,-0.00708788,10,1,100,random
4745,OI,15,"2026-07-13 08:00:23",91.6,0.861327,7.8536,8.2424,1.49414,-0.0201,0.08456,0.81985,0.09559,200,sp,48,272,0.87893939,-0.02110303,10,1,100,random
4746,OI,16,"2026-07-13 08:00:30",98.4,0.862764,7.91124,8.2424,1.52449,-0.006633,0.08456,0.84191,0.07353,200,sp,48,272,0.86878788,-0.00703333,10,1,100,random
4747,OI,17,"2026-07-13 08:00:36",105.2,0.863236,7.96687,8.2424,1.86707,0.002151,0.06618,0.87868,0.05515,200,sp,48,272,0.86212121,0.00150303,10,1,100,random
4748,OI,18,"2026-07-13 08:00:43",112,0.864215,8.00543,8.2424,2.01148,-0.007555,0.04779,0.89706,0.05515,200,sp,48,272,0.87121212,-0.00857576,10,1,100,random
4749,OI,19,"2026-07-13 08:00:50",118.8,0.864261,7.98969,8.2424,1.81792,-0.009321,0.04779,0.87132,0.08088,200,sp,48,272,0.87348485,-0.01052727,10,1,100,random
4750,OI,20,"2026-07-13 08:00:57",125.7,0.8644,8.02996,8.2424,1.57281,0.006816,0.06618,0.87868,0.05515,200,sp,48,272,0.85954545,0.00554242,10,1,100,random
4751,IR,1,"2026-07-13 08:01:07",5.5,0.715833,3.90567,8.3636,0.300451,-0.087172,0.57609,0.11594,0.30797,200,sp,48,276,0.77727273,-0.08776667,10,1,100,random
4752,IR,2,"2026-07-13 08:01:11",10.4,0.72317,3.96597,8.1818,0.326381,-0.103079,0.56667,0.11852,0.31481,200,sp,48,270,0.79469697,-0.10077273,10,1,100,random
4753,IR,3,"2026-07-13 08:01:16",15.3,0.728336,4.01587,8.0909,0.330995,-0.106371,0.55805,0.13109,0.31086,200,sp,48,267,0.80378788,-0.10737576,10,1,100,random
4754,IR,4,"2026-07-13 08:01:21",20.2,0.729091,4.03283,8.0606,0.3383,-0.096832,0.55263,0.13534,0.31203,200,sp,48,266,0.8,-0.10092121,10,1,100,random
4755,IR,5,"2026-07-13 08:01:26",24.9,0.7346,4.08808,7.9697,0.355411,-0.095554,0.53992,0.14449,0.31559,200,sp,48,263,0.80257576,-0.09611212,10,1,100,random
4756,IR,6,"2026-07-13 08:01:31",29.8,0.738358,4.14859,7.9091,0.358247,-0.100065,0.5249,0.14943,0.32567,200,sp,48,261,0.81106061,-0.10139394,10,1,100,random
4757,IR,7,"2026-07-13 08:01:37",36.3,0.743291,4.21048,7.7879,0.337993,-0.096982,0.52529,0.14397,0.33074,200,sp,48,257,0.81348485,-0.09652727,10,1,100,random
4758,IR,8,"2026-07-13 08:01:44",42.8,0.745512,4.2449,7.7576,0.349983,-0.097874,0.52344,0.14063,0.33594,200,sp,48,256,0.81787879,-0.09904242,10,1,100,random
4759,IR,9,"2026-07-13 08:01:50",49.5,0.749618,4.29844,7.6667,0.358424,-0.091923,0.49407,0.18182,0.32411,200,sp,48,253,0.8169697,-0.09189091,10,1,100,random
4760,IR,10,"2026-07-13 08:01:57",56.3,0.751318,4.33524,7.5758,0.37825,-0.098536,0.5,0.152,0.348,200,sp,48,250,0.825,-0.10100303,10,1,100,random
4761,IR,11,"2026-07-13 08:02:04",63,0.750709,4.33925,7.4848,0.35278,-0.086589,0.48988,0.16194,0.34818,200,sp,48,247,0.8169697,-0.09037576,10,1,100,random
4762,IR,12,"2026-07-13 08:02:11",69.8,0.753261,4.37449,7.4545,0.366159,-0.103795,0.47154,0.19512,0.33333,200,sp,48,246,0.83060606,-0.10448485,10,1,100,random
4763,IR,13,"2026-07-13 08:02:18",76.6,0.7556,4.41118,7.3939,0.392719,-0.100958,0.48361,0.17623,0.34016,200,sp,48,244,0.83121212,-0.1019,10,1,100,random
4764,IR,14,"2026-07-13 08:02:24",83.2,0.757558,4.40648,7.2727,0.398395,-0.089692,0.475,0.19583,0.32917,200,sp,48,240,0.82515152,-0.09128788,10,1,100,random
4765,IR,15,"2026-07-13 08:02:31",90,0.760039,4.42746,7.2121,0.428167,-0.087136,0.47899,0.19748,0.32353,200,sp,48,238,0.82560606,-0.08740303,10,1,100,random
4766,IR,16,"2026-07-13 08:02:38",96.6,0.761518,4.45808,7.1515,0.458439,-0.085092,0.44915,0.23729,0.31356,200,sp,48,236,0.8260606,-0.08673333,10,1,100,random
4767,IR,17,"2026-07-13 08:02:44",103.4,0.761849,4.47128,7.0303,0.460252,-0.098693,0.43534,0.22845,0.33621,200,sp,48,232,0.83757576,-0.10091818,10,1,100,random
4768,IR,18,"2026-07-13 08:02:51",110.1,0.763012,4.46315,7.0303,0.436888,-0.092012,0.43966,0.22845,0.3319,200,sp,48,232,0.83333333,-0.09428485,10,1,100,random
4769,IR,19,"2026-07-13 08:02:58",117,0.764194,4.49511,7.0303,0.460321,-0.089432,0.45259,0.22414,0.32328,200,sp,48,232,0.83242423,-0.09087879,10,1,100,random
4770,IR,20,"2026-07-13 08:03:05",123.8,0.766067,4.52248,7,0.48071,-0.092543,0.45022,0.22511,0.32468,200,sp,48,231,0.83636364,-0.09376061,10,1,100,random
4771,AGR,1,"2026-07-13 08:03:13",7.4,0.730118,4.17246,8.4242,0.331382,0.040287,0.57554,0.10791,0.31655,200,sp,48,278,0.69393939,0.05128182,10,1,100,random
4772,AGR,2,"2026-07-13 08:03:20",14.4,0.745245,4.45079,8.2424,0.366251,0.039092,0.54779,0.12868,0.32353,200,sp,48,272,0.71030303,0.04922424,10,1,100,random
4773,AGR,3,"2026-07-13 08:03:27",21.4,0.760139,4.72218,8.1515,0.411964,0.036023,0.51673,0.15613,0.32714,200,sp,48,269,0.7269697,0.04401515,10,1,100,random
4774,AGR,4,"2026-07-13 08:03:34",28.3,0.774306,5.016,8.0606,0.44858,0.050814,0.49248,0.17293,0.33459,200,sp,48,266,0.72969697,0.05816667,10,1,100,random
4775,AGR,5,"2026-07-13 08:03:41",35.3,0.788324,5.33828,8,0.497292,0.040607,0.45833,0.21212,0.32955,200,sp,48,264,0.75090909,0.04831515,10,1,100,random
4776,AGR,6,"2026-07-13 08:03:48",42.3,0.801324,5.68913,7.9394,0.569235,0.03257,0.41221,0.26718,0.32061,200,sp,48,262,0.77015151,0.03988485,10,1,100,random
4777,AGR,7,"2026-07-13 08:03:57",51,0.812461,6.01664,7.9394,0.624313,0.024147,0.35496,0.30916,0.33588,200,sp,48,262,0.78848485,0.02960303,10,1,100,random
4778,AGR,8,"2026-07-13 08:04:05",59.8,0.822573,6.31406,7.9394,0.628447,0.047127,0.32443,0.32061,0.35496,200,sp,48,262,0.78030303,0.05324848,10,1,100,random
4779,AGR,9,"2026-07-13 08:04:14",68.9,0.830679,6.58208,7.9394,0.636035,0.044887,0.29771,0.39313,0.30916,200,sp,48,262,0.79045455,0.04945758,10,1,100,random
4780,AGR,10,"2026-07-13 08:04:24",78,0.837761,6.8176,7.9394,0.755018,0.040717,0.25191,0.46565,0.28244,200,sp,48,262,0.80136363,0.04371212,10,1,100,random
4781,AGR,11,"2026-07-13 08:04:32",86.9,0.843233,7.02992,7.9394,0.842507,0.035722,0.23664,0.50763,0.25573,200,sp,48,262,0.81136363,0.03847273,10,1,100,random
4782,AGR,12,"2026-07-13 08:04:41",95.9,0.848394,7.22888,7.9394,0.969373,0.037683,0.17939,0.61832,0.20229,200,sp,48,262,0.815,0.03970606,10,1,100,random
4783,AGR,13,"2026-07-13 08:04:50",104.9,0.853361,7.44706,7.9394,1.08741,0.041899,0.13359,0.73664,0.12977,200,sp,48,262,0.81636364,0.04431515,10,1,100,random
4784,AGR,14,"2026-07-13 08:05:00",114,0.856155,7.5891,7.9394,1.34118,0.044131,0.11069,0.80916,0.08015,200,sp,48,262,0.81787879,0.04577879,10,1,100,random
4785,AGR,15,"2026-07-13 08:05:09",123,0.857642,7.66816,7.9394,1.84455,0.034286,0.10305,0.83969,0.05725,200,sp,48,262,0.82848484,0.03511818,10,1,100,random
4786,AGR,16,"2026-07-13 08:05:18",132,0.858973,7.73925,7.9394,2.3434,0.037609,0.06489,0.8855,0.04962,200,sp,48,262,0.82681819,0.03793636,10,1,100,random
4787,AGR,17,"2026-07-13 08:05:27",141.3,0.859703,7.78022,7.9394,2.03566,0.050619,0.0458,0.91985,0.03435,200,sp,48,262,0.81651515,0.05084242,10,1,100,random
4788,AGR,18,"2026-07-13 08:05:36",150.4,0.8604,7.81778,7.9394,1.99517,0.040002,0.0229,0.9542,0.0229,200,sp,48,262,0.82651516,0.0401303,10,1,100,random
4789,AGR,19,"2026-07-13 08:05:45",159.5,0.860797,7.85449,7.9394,1.49068,0.045844,0.00763,0.98092,0.01145,200,sp,48,262,0.82181818,0.04653636,10,1,100,random
4790,AGR,20,"2026-07-13 08:05:54",168.6,0.860573,7.84794,7.9394,1.03864,0.047156,0.01527,0.97328,0.01145,200,sp,48,262,0.82090909,0.04696667,10,1,100,random
4791,RANDOM,1,"2026-07-13 08:06:04",4.9,0.709685,3.84539,8.2727,0.287909,-0.011198,0.58608,0.0989,0.31502,200,sp,48,273,0.71954545,-0.01364848,10,1,100,random
4792,RANDOM,2,"2026-07-13 08:06:08",9.3,0.709227,3.84436,8.2121,0.304633,0.011708,0.57934,0.09594,0.32472,200,sp,48,271,0.70212121,0.0115303,10,1,100,random
4793,RANDOM,3,"2026-07-13 08:06:12",13.7,0.708252,3.84007,8.0606,0.281851,-0.005107,0.56767,0.10902,0.32331,200,sp,48,266,0.71363636,-0.0079,10,1,100,random
4794,RANDOM,4,"2026-07-13 08:06:17",18.1,0.709906,3.85372,8,0.298331,0.00382,0.55682,0.11742,0.32576,200,sp,48,264,0.70727273,0.00467879,10,1,100,random
4795,RANDOM,5,"2026-07-13 08:06:21",22.4,0.707312,3.83272,7.8182,0.28689,-0.002411,0.56977,0.10465,0.32558,200,sp,48,258,0.71136364,-0.00415758,10,1,100,random
4796,RANDOM,6,"2026-07-13 08:06:25",26.8,0.70643,3.82541,7.697,0.303127,-0.010998,0.54724,0.12598,0.32677,200,sp,48,254,0.71590909,-0.01257576,10,1,100,random
4797,RANDOM,7,"2026-07-13 08:06:31",32.8,0.702355,3.77408,7.5758,0.297094,0.010343,0.56,0.124,0.316,200,sp,48,250,0.6980303,0.00802424,10,1,100,random
4798,RANDOM,8,"2026-07-13 08:06:38",38.9,0.703439,3.78312,7.5152,0.324271,-0.001068,0.54839,0.125,0.32661,200,sp,48,248,0.70439394,-0.00139091,10,1,100,random
4799,RANDOM,9,"2026-07-13 08:06:44",45.1,0.699406,3.71517,7.4242,0.298374,0.003269,0.55102,0.12653,0.32245,200,sp,48,245,0.70015151,-0.00168788,10,1,100,random
4800,RANDOM,10,"2026-07-13 08:06:50",51.3,0.698158,3.72137,7.3333,0.311767,-0.019164,0.55785,0.11983,0.32231,200,sp,48,242,0.71318182,-0.02280909,10,1,100,random
4801,RANDOM,11,"2026-07-13 08:06:56",57.7,0.695394,3.71039,7.2727,0.319725,0.017992,0.54583,0.13333,0.32083,200,sp,48,240,0.68515151,0.01632727,10,1,100,random
4802,RANDOM,12,"2026-07-13 08:07:03",64,0.698358,3.7575,7.2727,0.334121,0.000324,0.5375,0.14167,0.32083,200,sp,48,240,0.69742424,0.00340303,10,1,100,random
4803,RANDOM,13,"2026-07-13 08:07:09",70.4,0.697949,3.7214,7.2121,0.32216,-0.000795,0.53782,0.13445,0.32773,200,sp,48,238,0.69969697,-0.00120606,10,1,100,random
4804,RANDOM,14,"2026-07-13 08:07:15",76.6,0.697515,3.73786,7.1515,0.313765,-0.004538,0.5339,0.13136,0.33475,200,sp,48,236,0.70166667,-0.00665455,10,1,100,random
4805,RANDOM,15,"2026-07-13 08:07:22",82.9,0.698285,3.73429,7.0909,0.313477,-0.001688,0.53419,0.1453,0.32051,200,sp,48,234,0.7,-0.00341212,10,1,100,random
4806,RANDOM,16,"2026-07-13 08:07:28",89.2,0.69897,3.7459,7.0303,0.339488,-0.015911,0.52155,0.15086,0.32759,200,sp,48,232,0.71060606,-0.01962424,10,1,100,random
4807,RANDOM,17,"2026-07-13 08:07:34",95.5,0.700512,3.7859,6.9697,0.340322,-0.005918,0.52609,0.14348,0.33043,200,sp,48,230,0.70484848,-0.00571515,10,1,100,random
4808,RANDOM,18,"2026-07-13 08:07:41",101.8,0.700333,3.77756,6.9091,0.336093,-0.005983,0.52632,0.14035,0.33333,200,sp,48,228,0.70530303,-0.00880909,10,1,100,random
4809,RANDOM,19,"2026-07-13 08:07:47",108.2,0.701618,3.77532,6.9091,0.34319,0.00946,0.52193,0.14474,0.33333,200,sp,48,228,0.69530304,0.01024848,10,1,100,random
4810,RANDOM,20,"2026-07-13 08:07:53",114.7,0.698961,3.74399,6.7879,0.33804,-0.001416,0.51339,0.16518,0.32143,200,sp,48,224,0.70212121,-0.00348182,10,1,100,random
4811,OI,1,"2026-07-13 08:09:55",5.3,0.724827,4.02889,8.303,0.340457,-0.012397,0.54745,0.13139,0.32117,200,sp,49,274,0.72409091,0.00181818,10,1,100,random
4812,OI,2,"2026-07-13 08:10:00",10.2,0.743397,4.3167,8.1818,0.388659,-0.007807,0.51481,0.17407,0.31111,200,sp,49,270,0.74106061,0.00506364,10,1,100,random
4813,OI,3,"2026-07-13 08:10:05",15.4,0.7608,4.63259,8.1212,0.460322,0.000753,0.48134,0.21269,0.30597,200,sp,49,268,0.75318182,0.0117,10,1,100,random
4814,OI,4,"2026-07-13 08:10:11",20.5,0.778915,5.00294,8.1212,0.531776,-0.009004,0.44403,0.22388,0.33209,200,sp,49,268,0.77833333,0.00123939,10,1,100,random
4815,OI,5,"2026-07-13 08:10:15",25.3,0.790112,5.27943,8.0909,0.526165,-0.015227,0.41948,0.26217,0.31835,200,sp,49,267,0.79787879,-0.01013939,10,1,100,random
4816,OI,6,"2026-07-13 08:10:20",30.2,0.805203,5.66382,8.0909,0.604288,-0.01331,0.40449,0.27341,0.3221,200,sp,49,267,0.80969697,-0.00576061,10,1,100,random
4817,OI,7,"2026-07-13 08:10:27",36.7,0.816415,6.01885,8.0909,0.661508,-0.016848,0.3633,0.35206,0.28464,200,sp,49,267,0.82590909,-0.01218485,10,1,100,random
4818,OI,8,"2026-07-13 08:10:33",43.3,0.825897,6.35105,8.0606,0.778821,-0.006839,0.30827,0.42481,0.26692,200,sp,49,266,0.82787879,-0.00180606,10,1,100,random
4819,OI,9,"2026-07-13 08:10:40",50,0.833164,6.64956,8.0606,0.830839,-0.010289,0.26316,0.47744,0.2594,200,sp,49,266,0.83939394,-0.00743333,10,1,100,random
4820,OI,10,"2026-07-13 08:10:47",56.7,0.83977,6.91383,8.0606,0.882305,-0.003766,0.2218,0.56015,0.21805,200,sp,49,266,0.8409091,-0.00102424,10,1,100,random
4821,OI,11,"2026-07-13 08:10:54",63.5,0.845106,7.16838,8.0303,0.99151,0.004936,0.19623,0.61509,0.18868,200,sp,49,265,0.83939394,0.00662727,10,1,100,random
4822,OI,12,"2026-07-13 08:11:00",70.3,0.849755,7.39264,8.0303,1.10467,-0.009723,0.16604,0.69434,0.13962,200,sp,49,265,0.85681818,-0.00851212,10,1,100,random
4823,OI,13,"2026-07-13 08:11:07",77.1,0.852724,7.54487,8.0303,1.40676,0.002116,0.13585,0.75094,0.11321,200,sp,49,265,0.85060605,0.00220909,10,1,100,random
4824,OI,14,"2026-07-13 08:11:14",83.8,0.855297,7.66198,8.0303,1.55391,-0.007789,0.10566,0.79623,0.09811,200,sp,49,265,0.8619697,-0.00789394,10,1,100,random
4825,OI,15,"2026-07-13 08:11:21",90.6,0.856867,7.73482,8.0303,1.56646,-0.009902,0.07925,0.83774,0.08302,200,sp,49,265,0.86560606,-0.01013636,10,1,100,random
4826,OI,16,"2026-07-13 08:11:28",97.5,0.857579,7.75824,8.0303,1.77683,-0.004384,0.09434,0.8,0.10566,200,sp,49,265,0.86212121,-0.00529697,10,1,100,random
4827,OI,17,"2026-07-13 08:11:34",104.3,0.858776,7.83396,8.0303,1.61863,-0.008954,0.04528,0.90943,0.04528,200,sp,49,265,0.86681818,-0.0090697,10,1,100,random
4828,OI,18,"2026-07-13 08:11:41",110.9,0.858673,7.83246,8.0303,2.22622,-0.004857,0.04151,0.90189,0.0566,200,sp,49,265,0.86378788,-0.00623636,10,1,100,random
4829,OI,19,"2026-07-13 08:11:48",117.7,0.858879,7.85027,8.0303,1.84284,0.004235,0.04906,0.90566,0.04528,200,sp,49,265,0.85621212,0.00319394,10,1,100,random
4830,OI,20,"2026-07-13 08:11:55",124.5,0.858803,7.85615,8.0303,2.26116,-0.000458,0.03019,0.91321,0.0566,200,sp,49,265,0.86030303,-0.00183636,10,1,100,random
4831,IR,1,"2026-07-13 08:12:04",5,0.704215,3.76094,8.3636,0.279587,-0.098816,0.58696,0.11232,0.30072,200,sp,49,276,0.77378788,-0.10174848,10,1,100,random
4832,IR,2,"2026-07-13 08:12:08",9.5,0.708615,3.80029,8.2424,0.30063,-0.107565,0.57721,0.11765,0.30515,200,sp,49,272,0.78333333,-0.10909697,10,1,100,random
4833,IR,3,"2026-07-13 08:12:13",14.1,0.714236,3.88084,8.0909,0.31156,-0.10121,0.57303,0.1161,0.31086,200,sp,49,267,0.78409091,-0.10088182,10,1,100,random
4834,IR,4,"2026-07-13 08:12:17",18.7,0.719088,3.93756,7.9394,0.3309,-0.097737,0.56107,0.1374,0.30153,200,sp,49,262,0.78757576,-0.09763333,10,1,100,random
4835,IR,5,"2026-07-13 08:12:22",23.3,0.724806,3.9976,7.9394,0.358674,-0.099906,0.56489,0.12977,0.30534,200,sp,49,262,0.79484848,-0.09861212,10,1,100,random
4836,IR,6,"2026-07-13 08:12:27",27.9,0.732564,4.09597,7.8485,0.366194,-0.096391,0.55212,0.13514,0.31274,200,sp,49,259,0.79969697,-0.0957,10,1,100,random
4837,IR,7,"2026-07-13 08:12:33",34,0.733939,4.12849,7.8182,0.363793,-0.111866,0.54264,0.15116,0.3062,200,sp,49,258,0.81590909,-0.11522727,10,1,100,random
4838,IR,8,"2026-07-13 08:12:39",40.1,0.739027,4.21938,7.697,0.391301,-0.108922,0.53937,0.1378,0.32283,200,sp,49,254,0.81757576,-0.10942424,10,1,100,random
4839,IR,9,"2026-07-13 08:12:45",46.4,0.742624,4.25607,7.6667,0.377675,-0.096984,0.51779,0.16601,0.31621,200,sp,49,253,0.81333333,-0.0962303,10,1,100,random
4840,IR,10,"2026-07-13 08:12:52",52.9,0.746612,4.3103,7.5455,0.388586,-0.092249,0.52209,0.16064,0.31727,200,sp,49,249,0.81393939,-0.09158485,10,1,100,random
4841,IR,11,"2026-07-13 08:12:58",59.2,0.748606,4.33256,7.3333,0.407292,-0.087179,0.5124,0.16942,0.31818,200,sp,49,242,0.81348485,-0.08769394,10,1,100,random
4842,IR,12,"2026-07-13 08:13:04",65.7,0.752864,4.42172,7.303,0.43441,-0.096804,0.51037,0.16183,0.3278,200,sp,49,241,0.82409091,-0.0979,10,1,100,random
4843,IR,13,"2026-07-13 08:13:11",72.2,0.756652,4.50594,7.2121,0.433865,-0.103025,0.5,0.16807,0.33193,200,sp,49,238,0.8330303,-0.10382121,10,1,100,random
4844,IR,14,"2026-07-13 08:13:17",78.7,0.759185,4.5645,7.1515,0.445484,-0.0953,0.46186,0.19915,0.33898,200,sp,49,236,0.83090909,-0.09737879,10,1,100,random
4845,IR,15,"2026-07-13 08:13:24",85.2,0.76127,4.57458,7.1212,0.426846,-0.092336,0.48511,0.17872,0.33617,200,sp,49,235,0.83106061,-0.09459394,10,1,100,random
4846,IR,16,"2026-07-13 08:13:30",91.5,0.763391,4.62968,7.1212,0.456957,-0.09492,0.48085,0.19149,0.32766,200,sp,49,235,0.83530303,-0.09617273,10,1,100,random
4847,IR,17,"2026-07-13 08:13:37",97.9,0.767679,4.68737,7.0909,0.487312,-0.089852,0.46154,0.19658,0.34188,200,sp,49,234,0.835,-0.09076667,10,1,100,random
4848,IR,18,"2026-07-13 08:13:43",104.4,0.767097,4.67548,7.0303,0.453946,-0.097249,0.4569,0.21121,0.3319,200,sp,49,232,0.84257577,-0.10024546,10,1,100,random
4849,IR,19,"2026-07-13 08:13:50",110.8,0.769239,4.69201,6.9394,0.480148,-0.09955,0.43668,0.22271,0.34061,200,sp,49,229,0.84530303,-0.10184242,10,1,100,random
4850,IR,20,"2026-07-13 08:13:56",117.4,0.770085,4.70286,6.8788,0.466068,-0.091771,0.43172,0.21145,0.35683,200,sp,49,227,0.84090909,-0.09474849,10,1,100,random
4851,AGR,1,"2026-07-13 08:14:05",7.8,0.717973,4.01749,8.2424,0.317705,0.045124,0.55882,0.11765,0.32353,200,sp,49,272,0.68030303,0.05081818,10,1,100,random
4852,AGR,2,"2026-07-13 08:14:12",15.1,0.734764,4.29962,8.1515,0.349112,0.038468,0.55019,0.10781,0.34201,200,sp,49,269,0.70030303,0.04836667,10,1,100,random
4853,AGR,3,"2026-07-13 08:14:19",22.6,0.751321,4.60373,8.0909,0.371088,0.042392,0.52809,0.13109,0.34082,200,sp,49,267,0.7130303,0.05107576,10,1,100,random
4854,AGR,4,"2026-07-13 08:14:27",29.9,0.765245,4.89585,8.0909,0.410082,0.048633,0.50936,0.13858,0.35206,200,sp,49,267,0.72272727,0.05858485,10,1,100,random
4855,AGR,5,"2026-07-13 08:14:34",37.2,0.778382,5.17575,8.0606,0.418198,0.037858,0.47368,0.16917,0.35714,200,sp,49,266,0.74409091,0.04416667,10,1,100,random
4856,AGR,6,"2026-07-13 08:14:42",44.7,0.78997,5.46832,8.0303,0.436685,0.050123,0.4566,0.18491,0.35849,200,sp,49,265,0.7460606,0.05773333,10,1,100,random
4857,AGR,7,"2026-07-13 08:14:51",53.7,0.799906,5.71,8.0303,0.48653,0.047798,0.40755,0.24151,0.35094,200,sp,49,265,0.75803031,0.05405152,10,1,100,random
4858,AGR,8,"2026-07-13 08:15:00",62.9,0.810212,5.9831,8,0.530424,0.04241,0.36364,0.27273,0.36364,200,sp,49,264,0.77212122,0.0489,10,1,100,random
4859,AGR,9,"2026-07-13 08:15:09",72.2,0.819273,6.26885,8,0.543515,0.054287,0.35606,0.31439,0.32955,200,sp,49,264,0.77151515,0.05951212,10,1,100,random
4860,AGR,10,"2026-07-13 08:15:19",81.7,0.827121,6.51647,7.9697,0.664417,0.041283,0.30418,0.40304,0.29278,200,sp,49,263,0.79015151,0.04444849,10,1,100,random
4861,AGR,11,"2026-07-13 08:15:28",91.1,0.833573,6.74025,7.9697,0.750203,0.023526,0.28517,0.41825,0.29658,200,sp,49,263,0.81181818,0.02726667,10,1,100,random
4862,AGR,12,"2026-07-13 08:15:37",100.5,0.840182,6.9703,7.9697,0.781756,0.032688,0.25475,0.48669,0.25856,200,sp,49,263,0.81060606,0.03610909,10,1,100,random
4863,AGR,13,"2026-07-13 08:15:47",109.8,0.846215,7.22323,7.9697,0.916241,0.029351,0.18631,0.58935,0.22433,200,sp,49,263,0.81954545,0.0331697,10,1,100,random
4864,AGR,14,"2026-07-13 08:15:56",119.3,0.850685,7.41616,7.9697,0.956566,0.040551,0.1597,0.68821,0.15209,200,sp,49,263,0.815,0.0424303,10,1,100,random
4865,AGR,15,"2026-07-13 08:16:05",128.6,0.854209,7.55963,7.9697,1.24447,0.040287,0.14449,0.74905,0.10646,200,sp,49,263,0.81893939,0.04297273,10,1,100,random
4866,AGR,16,"2026-07-13 08:16:15",138,0.856806,7.65407,7.9697,1.59827,0.041182,0.09506,0.8365,0.06844,200,sp,49,263,0.82121212,0.04206061,10,1,100,random
4867,AGR,17,"2026-07-13 08:16:24",147.4,0.8582,7.71884,7.9697,1.88854,0.047906,0.07224,0.85171,0.07605,200,sp,49,263,0.81727273,0.04839091,10,1,100,random
4868,AGR,18,"2026-07-13 08:16:34",156.9,0.859294,7.78697,7.9697,1.47198,0.043452,0.05323,0.91635,0.03042,200,sp,49,263,0.82227272,0.04334849,10,1,100,random
4869,AGR,19,"2026-07-13 08:16:43",166.2,0.860185,7.82046,7.9697,2.11151,0.039486,0.02662,0.93156,0.04183,200,sp,49,263,0.82666666,0.03951515,10,1,100,random
4870,AGR,20,"2026-07-13 08:16:53",175.6,0.86033,7.84216,7.9697,1.4009,0.039274,0.01521,0.95437,0.03042,200,sp,49,263,0.82727273,0.03938182,10,1,100,random
4871,RANDOM,1,"2026-07-13 08:17:02",5.2,0.70087,3.73821,8.1818,0.281638,0.009946,0.58148,0.11852,0.3,200,sp,49,270,0.69606061,0.00704242,10,1,100,random
4872,RANDOM,2,"2026-07-13 08:17:07",10,0.700297,3.71803,8.0909,0.311783,-0.00017,0.57678,0.1236,0.29963,200,sp,49,267,0.7019697,-0.00359091,10,1,100,random
4873,RANDOM,3,"2026-07-13 08:17:12",14.8,0.697773,3.6623,7.9091,0.316682,-0.005398,0.57088,0.12261,0.30651,200,sp,49,261,0.70378788,-0.01023333,10,1,100,random
4874,RANDOM,4,"2026-07-13 08:17:17",19.7,0.696921,3.66657,7.7273,0.305478,0.005027,0.56471,0.12549,0.3098,200,sp,49,255,0.69469697,0.00176667,10,1,100,random
4875,RANDOM,5,"2026-07-13 08:17:21",24.5,0.696891,3.65784,7.5758,0.309534,-0.000022,0.564,0.132,0.304,200,sp,49,250,0.6980303,-0.00046667,10,1,100,random
4876,RANDOM,6,"2026-07-13 08:17:26",29.4,0.69627,3.67734,7.4848,0.329789,-0.024557,0.54251,0.17409,0.2834,200,sp,49,247,0.71469697,-0.02652727,10,1,100,random
4877,RANDOM,7,"2026-07-13 08:17:33",35.8,0.695242,3.65546,7.4242,0.37623,0.000137,0.54694,0.17143,0.28163,200,sp,49,245,0.69636363,-0.00134545,10,1,100,random
4878,RANDOM,8,"2026-07-13 08:17:39",42.3,0.695473,3.658,7.3636,0.391365,-0.007406,0.55556,0.14815,0.2963,200,sp,49,243,0.70136364,-0.00906061,10,1,100,random
4879,RANDOM,9,"2026-07-13 08:17:46",49,0.694476,3.63814,7.3333,0.368134,0.009394,0.53719,0.17355,0.28926,200,sp,49,242,0.68924243,0.00776061,10,1,100,random
4880,RANDOM,10,"2026-07-13 08:17:53",55.7,0.691958,3.59266,7.3333,0.371208,-0.000959,0.55785,0.16529,0.27686,200,sp,49,242,0.69454545,-0.00236061,10,1,100,random
4881,RANDOM,11,"2026-07-13 08:17:59",62.3,0.691061,3.58274,7.1818,0.398064,0.007767,0.5443,0.16878,0.28692,200,sp,49,237,0.6869697,0.00610303,10,1,100,random
4882,RANDOM,12,"2026-07-13 08:18:06",69,0.689985,3.57688,7.0909,0.382559,0.00037,0.54701,0.17094,0.28205,200,sp,49,234,0.69151515,-0.00480909,10,1,100,random
4883,RANDOM,13,"2026-07-13 08:18:13",75.7,0.688848,3.56647,7.0303,0.386416,-0.00032,0.56897,0.15517,0.27586,200,sp,49,232,0.69075758,-0.00240606,10,1,100,random
4884,RANDOM,14,"2026-07-13 08:18:19",82.4,0.686133,3.5564,6.9697,0.416035,0.00798,0.56087,0.16087,0.27826,200,sp,49,230,0.68272728,0.00439697,10,1,100,random
4885,RANDOM,15,"2026-07-13 08:18:26",89.1,0.68243,3.52652,6.7879,0.406856,0.020394,0.55804,0.16071,0.28125,200,sp,49,224,0.67166667,0.01436667,10,1,100,random
4886,RANDOM,16,"2026-07-13 08:18:33",95.6,0.682888,3.5326,6.7273,0.416549,0.009921,0.54505,0.16667,0.28829,200,sp,49,222,0.67681818,0.00719091,10,1,100,random
4887,RANDOM,17,"2026-07-13 08:18:39",102.3,0.685964,3.55578,6.6061,0.411847,-0.001624,0.54128,0.16514,0.29358,200,sp,49,218,0.68651515,-0.00030303,10,1,100,random
4888,RANDOM,18,"2026-07-13 08:18:46",108.9,0.687794,3.55912,6.4848,0.420176,0.002722,0.52336,0.17757,0.29907,200,sp,49,214,0.68621212,0.00267879,10,1,100,random
4889,RANDOM,19,"2026-07-13 08:18:53",115.7,0.68653,3.55562,6.4242,0.4128,0.005403,0.53774,0.17925,0.28302,200,sp,49,212,0.68454545,0.0013697,10,1,100,random
4890,RANDOM,20,"2026-07-13 08:18:59",122.4,0.68473,3.54239,6.3939,0.444849,0.005829,0.52133,0.19431,0.28436,200,sp,49,211,0.68242425,0.00246364,10,1,100,random
4891,OI,1,"2026-07-13 08:20:29",5.8,0.725815,4.10186,8.2727,0.374146,-0.021861,0.55311,0.10623,0.34066,200,sp,50,273,0.73424242,-0.01084545,10,1,100,random
4892,OI,2,"2026-07-13 08:20:35",10.9,0.745958,4.40387,8.2121,0.365317,-0.035508,0.50923,0.17343,0.31734,200,sp,50,271,0.76378789,-0.02525758,10,1,100,random
4893,OI,3,"2026-07-13 08:20:40",16.1,0.76547,4.76878,8.1515,0.455483,-0.020791,0.46468,0.20818,0.32714,200,sp,50,269,0.7730303,-0.0087303,10,1,100,random
4894,OI,4,"2026-07-13 08:20:45",21.3,0.780439,5.12873,8.0909,0.486897,-0.012661,0.43071,0.26217,0.30712,200,sp,50,267,0.78424243,-0.00376364,10,1,100,random
4895,OI,5,"2026-07-13 08:20:50",26.5,0.793715,5.48147,8.0909,0.564099,-0.015246,0.40075,0.30337,0.29588,200,sp,50,267,0.80045455,-0.00784545,10,1,100,random
4896,OI,6,"2026-07-13 08:20:55",31.7,0.805158,5.78965,8.0606,0.643107,-0.010368,0.3609,0.33835,0.30075,200,sp,50,266,0.80909091,-0.0054697,10,1,100,random
4897,OI,7,"2026-07-13 08:21:02",38.4,0.814633,6.07569,8.0606,0.680522,-0.011975,0.31955,0.3797,0.30075,200,sp,50,266,0.82075758,-0.00660909,10,1,100,random
4898,OI,8,"2026-07-13 08:21:09",45.3,0.82297,6.35714,8.0303,0.69622,-0.008126,0.29057,0.43396,0.27547,200,sp,50,265,0.82666666,-0.00512424,10,1,100,random
4899,OI,9,"2026-07-13 08:21:16",52.6,0.830149,6.6076,8.0303,0.799448,-0.001181,0.24151,0.49811,0.26038,200,sp,50,265,0.82863636,0.00196061,10,1,100,random
4900,OI,10,"2026-07-13 08:21:23",59.7,0.836812,6.85261,8.0303,0.820083,0.011908,0.23019,0.5283,0.24151,200,sp,50,265,0.82454545,0.01521515,10,1,100,random
4901,OI,11,"2026-07-13 08:21:31",66.8,0.842109,7.05546,8.0303,0.934819,-0.006928,0.18868,0.60377,0.20755,200,sp,50,265,0.84651515,-0.00552424,10,1,100,random
4902,OI,12,"2026-07-13 08:21:37",73.7,0.846227,7.2153,8,0.985707,-0.004695,0.16667,0.65909,0.17424,200,sp,50,264,0.84939394,-0.00341818,10,1,100,random
4903,OI,13,"2026-07-13 08:21:44",80.7,0.850182,7.39411,8,1.14307,-0.008358,0.14394,0.70076,0.1553,200,sp,50,264,0.85636364,-0.0076697,10,1,100,random
4904,OI,14,"2026-07-13 08:21:52",87.8,0.85327,7.52572,8,1.22777,0.0117,0.0947,0.77273,0.13258,200,sp,50,264,0.84287879,0.01239697,10,1,100,random
4905,OI,15,"2026-07-13 08:21:59",94.9,0.855082,7.61675,8,1.17263,-0.007821,0.11364,0.76136,0.125,200,sp,50,264,0.8619697,-0.00797879,10,1,100,random
4906,OI,16,"2026-07-13 08:22:06",102,0.8568,7.69553,8,1.31119,-0.008849,0.07955,0.83712,0.08333,200,sp,50,264,0.86454545,-0.00883636,10,1,100,random
4907,OI,17,"2026-07-13 08:22:13",109,0.857518,7.7389,8,1.56203,0.000305,0.06818,0.85606,0.07576,200,sp,50,264,0.85803031,-0.00003333,10,1,100,random
4908,OI,18,"2026-07-13 08:22:20",116.2,0.858439,7.77232,8,1.63682,-0.001831,0.06439,0.875,0.06061,200,sp,50,264,0.86060606,-0.00315455,10,1,100,random
4909,OI,19,"2026-07-13 08:22:27",123.3,0.859342,7.82618,8,1.94553,-0.01386,0.0303,0.91667,0.05303,200,sp,50,264,0.87181818,-0.0145697,10,1,100,random
4910,OI,20,"2026-07-13 08:22:34",130.4,0.860188,7.84781,8,1.70628,-0.008039,0.0303,0.92803,0.04167,200,sp,50,264,0.86787879,-0.00956061,10,1,100,random
4911,IR,1,"2026-07-13 08:22:44",5.1,0.71053,3.83876,8.1212,0.310237,-0.105334,0.57463,0.10821,0.31716,200,sp,50,268,0.785,-0.10732727,10,1,100,random
4912,IR,2,"2026-07-13 08:22:49",9.8,0.711397,3.83793,7.9697,0.298973,-0.108484,0.58175,0.10266,0.31559,200,sp,50,263,0.7889394,-0.11339394,10,1,100,random
4913,IR,3,"2026-07-13 08:22:53",14.4,0.715045,3.8618,7.7879,0.30965,-0.109315,0.5642,0.11673,0.31907,200,sp,50,257,0.7919697,-0.11146667,10,1,100,random
4914,IR,4,"2026-07-13 08:22:58",18.9,0.719627,3.92145,7.7273,0.314316,-0.106329,0.55294,0.11765,0.32941,200,sp,50,255,0.79439394,-0.10699394,10,1,100,random
4915,IR,5,"2026-07-13 08:23:03",23.6,0.723109,3.96305,7.6061,0.302841,-0.103166,0.54582,0.13147,0.32271,200,sp,50,251,0.79651515,-0.10397576,10,1,100,random
4916,IR,6,"2026-07-13 08:23:07",28.2,0.726321,3.99479,7.5455,0.329448,-0.103247,0.5502,0.10442,0.34538,200,sp,50,249,0.80015151,-0.10488182,10,1,100,random
4917,IR,7,"2026-07-13 08:23:14",34.6,0.727221,3.99868,7.4848,0.299539,-0.09784,0.54656,0.12955,0.32389,200,sp,50,247,0.79878788,-0.10091212,10,1,100,random
4918,IR,8,"2026-07-13 08:23:20",40.9,0.728912,4.0029,7.4545,0.340333,-0.096276,0.54065,0.13008,0.32927,200,sp,50,246,0.79893939,-0.10005455,10,1,100,random
4919,IR,9,"2026-07-13 08:23:26",47.3,0.732361,4.03933,7.3636,0.328211,-0.11706,0.53086,0.12757,0.34156,200,sp,50,243,0.81681818,-0.11901818,10,1,100,random
4920,IR,10,"2026-07-13 08:23:33",53.8,0.736867,4.11135,7.3333,0.323876,-0.094536,0.52479,0.1281,0.34711,200,sp,50,242,0.80469697,-0.0958303,10,1,100,random
4921,IR,11,"2026-07-13 08:23:39",60.3,0.739318,4.1581,7.303,0.328257,-0.104363,0.52697,0.12863,0.3444,200,sp,50,241,0.81560606,-0.10561212,10,1,100,random
4922,IR,12,"2026-07-13 08:23:46",66.9,0.742415,4.19272,7.2727,0.341909,-0.091989,0.52083,0.12917,0.35,200,sp,50,240,0.80969697,-0.09338485,10,1,100,random
4923,IR,13,"2026-07-13 08:23:52",73.5,0.743945,4.20555,7.2121,0.342731,-0.098431,0.51681,0.13445,0.34874,200,sp,50,238,0.81712121,-0.09964545,10,1,100,random
4924,IR,14,"2026-07-13 08:23:59",80.1,0.745015,4.23007,7.1818,0.359057,-0.1035,0.52321,0.11814,0.35865,200,sp,50,237,0.82212121,-0.10601515,10,1,100,random
4925,IR,15,"2026-07-13 08:24:06",86.7,0.746567,4.24641,7.1212,0.349414,-0.098135,0.50213,0.14468,0.35319,200,sp,50,235,0.81954546,-0.10119697,10,1,100,random
4926,IR,16,"2026-07-13 08:24:12",93.2,0.747752,4.26106,7.1212,0.37216,-0.093309,0.48511,0.17447,0.34043,200,sp,50,235,0.81742424,-0.09643939,10,1,100,random
4927,IR,17,"2026-07-13 08:24:19",99.7,0.749955,4.28637,7.0606,0.387691,-0.102952,0.48927,0.1588,0.35193,200,sp,50,233,0.82666667,-0.10462121,10,1,100,random
4928,IR,18,"2026-07-13 08:24:25",106.3,0.750645,4.30652,7.0606,0.375402,-0.096293,0.49356,0.16738,0.33906,200,sp,50,233,0.82318182,-0.09946061,10,1,100,random
4929,IR,19,"2026-07-13 08:24:32",112.8,0.753042,4.35804,7,0.415198,-0.087464,0.47619,0.17316,0.35065,200,sp,50,231,0.81818182,-0.08888485,10,1,100,random
4930,IR,20,"2026-07-13 08:24:38",119.4,0.755218,4.38957,7,0.406928,-0.101559,0.48052,0.16017,0.35931,200,sp,50,231,0.83121212,-0.10232121,10,1,100,random
4931,AGR,1,"2026-07-13 08:24:47",8.2,0.724333,4.0714,8.2727,0.345465,0.046109,0.57875,0.09524,0.32601,200,sp,50,273,0.68484849,0.05354545,10,1,100,random
4932,AGR,2,"2026-07-13 08:24:55",15.9,0.740948,4.38121,8.2121,0.356139,0.04179,0.54982,0.1107,0.33948,200,sp,50,271,0.70378787,0.05010606,10,1,100,random
4933,AGR,3,"2026-07-13 08:25:03",23.8,0.755536,4.66145,8.1818,0.366848,0.0511,0.52963,0.11481,0.35556,200,sp,50,270,0.71136364,0.06144849,10,1,100,random
4934,AGR,4,"2026-07-13 08:25:11",31.6,0.770955,4.98106,8.1515,0.379763,0.043969,0.50186,0.1487,0.34944,200,sp,50,269,0.73121212,0.0521303,10,1,100,random
4935,AGR,5,"2026-07-13 08:25:19",39.5,0.782336,5.26416,8.0909,0.431784,0.057872,0.47191,0.17603,0.35206,200,sp,50,267,0.73287879,0.06352424,10,1,100,random
4936,AGR,6,"2026-07-13 08:25:27",47.4,0.792018,5.51937,8.0909,0.461366,0.04322,0.4382,0.20974,0.35206,200,sp,50,267,0.75424242,0.04884242,10,1,100,random
4937,AGR,7,"2026-07-13 08:25:36",56.9,0.80227,5.81401,8.0606,0.495195,0.043406,0.39474,0.2594,0.34586,200,sp,50,266,0.76363636,0.04799091,10,1,100,random
4938,AGR,8,"2026-07-13 08:25:46",66.4,0.811694,6.09483,8.0606,0.550127,0.046211,0.38722,0.27444,0.33835,200,sp,50,266,0.77075758,0.05256667,10,1,100,random
4939,AGR,9,"2026-07-13 08:25:55",76.1,0.8204,6.31366,8.0606,0.606298,0.028064,0.35338,0.30075,0.34586,200,sp,50,266,0.79409091,0.03300303,10,1,100,random
4940,AGR,10,"2026-07-13 08:26:05",85.8,0.829079,6.57845,8.0606,0.637332,0.042039,0.30451,0.38346,0.31203,200,sp,50,266,0.79121212,0.04614848,10,1,100,random
4941,AGR,11,"2026-07-13 08:26:15",95.7,0.837079,6.84763,8.0606,0.724278,0.034977,0.24436,0.47368,0.28195,200,sp,50,266,0.805,0.03877576,10,1,100,random
4942,AGR,12,"2026-07-13 08:26:25",105.6,0.843839,7.08706,8.0606,0.776224,0.034028,0.20677,0.55263,0.2406,200,sp,50,266,0.81287879,0.03793939,10,1,100,random
4943,AGR,13,"2026-07-13 08:26:35",115.5,0.848958,7.30352,8.0606,0.870257,0.036746,0.19173,0.6015,0.20677,200,sp,50,266,0.81621212,0.03974545,10,1,100,random
4944,AGR,14,"2026-07-13 08:26:44",125.3,0.852855,7.4713,8.0606,1.03135,0.024638,0.15789,0.71053,0.13158,200,sp,50,266,0.83090909,0.02646667,10,1,100,random
4945,AGR,15,"2026-07-13 08:26:54",135,0.855985,7.6109,8.0606,1.27562,0.043722,0.12406,0.76316,0.11278,200,sp,50,266,0.8180303,0.04611515,10,1,100,random
4946,AGR,16,"2026-07-13 08:27:04",144.9,0.858539,7.74165,8.0606,1.40238,0.037665,0.1015,0.81203,0.08647,200,sp,50,266,0.82590909,0.039,10,1,100,random
4947,AGR,17,"2026-07-13 08:27:14",154.8,0.860676,7.84853,8.0606,1.59157,0.019652,0.06391,0.89098,0.04511,200,sp,50,266,0.84363637,0.02077879,10,1,100,random
4948,AGR,18,"2026-07-13 08:27:24",164.6,0.861415,7.90173,8.0606,2.07331,0.042518,0.04511,0.92857,0.02632,200,sp,50,266,0.82530303,0.04261212,10,1,100,random
4949,AGR,19,"2026-07-13 08:27:34",174.7,0.862103,7.91869,8.0606,2.09259,0.060227,0.03008,0.92857,0.04135,200,sp,50,266,0.81075757,0.06077576,10,1,100,random
4950,AGR,20,"2026-07-13 08:27:44",184.5,0.862527,7.94836,8.0606,1.63764,0.046761,0.03759,0.94361,0.0188,200,sp,50,266,0.82272727,0.04716364,10,1,100,random
4951,RANDOM,1,"2026-07-13 08:27:53",5.1,0.706339,3.76973,8.303,0.310592,-0.008086,0.58759,0.09489,0.31752,200,sp,50,274,0.71424242,-0.01122727,10,1,100,random
4952,RANDOM,2,"2026-07-13 08:27:58",9.7,0.706106,3.77871,8,0.279252,0.005611,0.57576,0.11364,0.31061,200,sp,50,264,0.70348485,0.0040697,10,1,100,random
4953,RANDOM,3,"2026-07-13 08:28:03",14.2,0.70883,3.82062,7.8788,0.320886,-0.010045,0.57308,0.10769,0.31923,200,sp,50,260,0.71545454,-0.01011818,10,1,100,random
4954,RANDOM,4,"2026-07-13 08:28:07",18.9,0.710458,3.82876,7.7273,0.316548,-0.001792,0.58431,0.09412,0.32157,200,sp,50,255,0.71166667,-0.00160606,10,1,100,random
4955,RANDOM,5,"2026-07-13 08:28:12",23.6,0.714197,3.88529,7.6061,0.337076,0.008185,0.55777,0.11554,0.32669,200,sp,50,251,0.70727272,0.0096,10,1,100,random
4956,RANDOM,6,"2026-07-13 08:28:17",28.4,0.712585,3.86387,7.4848,0.328687,-0.004408,0.53846,0.15385,0.30769,200,sp,50,247,0.71757576,-0.00735455,10,1,100,random
4957,RANDOM,7,"2026-07-13 08:28:23",34.7,0.713509,3.87529,7.3939,0.354933,0.000583,0.54098,0.15164,0.30738,200,sp,50,244,0.71363636,0.00016061,10,1,100,random
4958,RANDOM,8,"2026-07-13 08:28:29",41.1,0.713918,3.87512,7.3939,0.363084,-0.005496,0.55328,0.13115,0.31557,200,sp,50,244,0.71833333,-0.00721212,10,1,100,random
4959,RANDOM,9,"2026-07-13 08:28:36",47.6,0.714173,3.9079,7.3939,0.354555,-0.004734,0.54098,0.13934,0.31967,200,sp,50,244,0.71833333,-0.0053303,10,1,100,random
4960,RANDOM,10,"2026-07-13 08:28:43",54.2,0.711227,3.88648,7.3333,0.340075,0.005899,0.54545,0.11983,0.33471,200,sp,50,242,0.70939394,0.00284242,10,1,100,random
4961,RANDOM,11,"2026-07-13 08:28:49",60.7,0.713248,3.89925,7.3333,0.324855,-0.010296,0.54545,0.11983,0.33471,200,sp,50,242,0.72045454,-0.00999394,10,1,100,random
4962,RANDOM,12,"2026-07-13 08:28:56",67.4,0.711864,3.8975,7.2121,0.325526,-0.001727,0.54202,0.12185,0.33613,200,sp,50,238,0.71454545,-0.00372727,10,1,100,random
4963,RANDOM,13,"2026-07-13 08:29:02",74,0.712509,3.93025,7.2121,0.331975,-0.00877,0.52101,0.14706,0.33193,200,sp,50,238,0.71924242,-0.01017576,10,1,100,random
4964,RANDOM,14,"2026-07-13 08:29:09",80.5,0.712561,3.91594,7.2121,0.332408,-0.008649,0.53782,0.12185,0.34034,200,sp,50,238,0.71969697,-0.00734545,10,1,100,random
4965,RANDOM,15,"2026-07-13 08:29:15",87,0.713518,3.94248,7.1818,0.33255,0.014359,0.53586,0.12658,0.33755,200,sp,50,237,0.70363637,0.01280606,10,1,100,random
4966,RANDOM,16,"2026-07-13 08:29:22",93.5,0.71153,3.92658,7.0606,0.337914,-0.009894,0.5279,0.13305,0.33906,200,sp,50,233,0.72030303,-0.01219091,10,1,100,random
4967,RANDOM,17,"2026-07-13 08:29:28",100.2,0.709779,3.90085,7,0.333047,-0.011931,0.52381,0.12987,0.34632,200,sp,50,231,0.72,-0.01618788,10,1,100,random
4968,RANDOM,18,"2026-07-13 08:29:35",106.9,0.708948,3.87285,6.9394,0.319619,-0.001361,0.52838,0.13974,0.33188,200,sp,50,229,0.71121212,-0.00414545,10,1,100,random
4969,RANDOM,19,"2026-07-13 08:29:42",113.3,0.707461,3.86042,6.9394,0.344595,-0.00666,0.53712,0.12664,0.33624,200,sp,50,229,0.71378787,-0.00839394,10,1,100,random
4970,RANDOM,20,"2026-07-13 08:29:48",119.9,0.706794,3.86834,6.8485,0.338289,0.017624,0.53097,0.13274,0.33628,200,sp,50,226,0.69560606,0.01614242,10,1,100,random
