id,strategy,gen,completed_at,elapsed_seconds,avg_he,avg_ne,avg_na,avg_ho,avg_fis,avg_oi,avg_ir,band_infr,band_norm,band_hfreq,num_breeders,num_breeding_sires,breed_suffix,replicate_num,total_alleles,litter_size,sires_per_dam,sire_mode
1,OI,1,"2026-07-15 06:58:13",5.4,0.586209,2.78735,5.0909,0.59151515,-0.01346364,0.47676,-0.033365,0.50595,0.19048,0.30357,200,100,fcr,1,168,10,1,random
2,OI,2,"2026-07-15 06:58:17",9.8,0.612227,2.98676,5.0303,0.59984848,0.01910606,0.462726,0.002475,0.4759,0.19277,0.33133,200,100,fcr,1,166,10,1,random
3,OI,3,"2026-07-15 06:58:22",14.2,0.637524,3.2045,5.0303,0.63893939,-0.00440909,0.496225,-0.018965,0.41566,0.25904,0.3253,200,100,fcr,1,166,10,1,random
4,OI,4,"2026-07-15 06:58:26",18.6,0.656224,3.39147,4.9697,0.64484848,0.01828485,0.555786,0.005283,0.35366,0.38415,0.2622,200,100,fcr,1,164,10,1,random
5,OI,5,"2026-07-15 06:58:32",24.7,0.675203,3.56736,4.9394,0.68151515,-0.00990303,0.690254,-0.021015,0.33742,0.3681,0.29448,200,100,fcr,1,163,10,1,random
6,OI,6,"2026-07-15 06:58:37",29.1,0.693276,3.78578,4.9091,0.69772727,-0.00390303,0.706793,-0.017105,0.29012,0.40741,0.30247,200,100,fcr,1,162,10,1,random
7,OI,7,"2026-07-15 06:58:43",35.3,0.705355,3.95122,4.8788,0.70787879,-0.00565455,0.709948,-0.009853,0.25466,0.50932,0.23602,200,100,fcr,1,161,10,1,random
8,OI,8,"2026-07-15 06:58:49",41.4,0.717652,4.07915,4.8788,0.72454546,-0.01000303,0.903116,-0.015804,0.21118,0.55901,0.22981,200,100,fcr,1,161,10,1,random
9,OI,9,"2026-07-15 06:58:55",47.8,0.728873,4.23309,4.8788,0.74257576,-0.01892121,0.919489,-0.02441,0.18634,0.6087,0.20497,200,100,fcr,1,161,10,1,random
10,OI,10,"2026-07-15 06:59:01",54,0.73763,4.36592,4.8788,0.745,-0.01110909,0.960679,-0.013947,0.1677,0.62733,0.20497,200,100,fcr,1,161,10,1,random
11,OI,11,"2026-07-15 06:59:08",60.3,0.7445,4.47081,4.8788,0.74212121,0.00462424,0.971533,0.000454,0.14286,0.70186,0.15528,200,100,fcr,1,161,10,1,random
12,OI,12,"2026-07-15 06:59:14",66.6,0.748955,4.56667,4.8788,0.7580303,-0.0127303,1.17836,-0.013299,0.1118,0.7764,0.1118,200,100,fcr,1,161,10,1,random
13,OI,13,"2026-07-15 06:59:20",72.8,0.752182,4.63228,4.8788,0.75666666,-0.00441515,1.31649,-0.006042,0.10559,0.79503,0.09938,200,100,fcr,1,161,10,1,random
14,OI,14,"2026-07-15 06:59:27",79.1,0.754909,4.69751,4.8788,0.74439394,0.01571515,1.5687,0.014016,0.09317,0.83851,0.06832,200,100,fcr,1,161,10,1,random
15,OI,15,"2026-07-15 06:59:33",85.5,0.75607,4.72526,4.8788,0.75257576,0.00465758,1.90341,0.006079,0.04348,0.91304,0.04348,200,100,fcr,1,161,10,1,random
16,OI,16,"2026-07-15 06:59:39",91.7,0.75683,4.74606,4.8788,0.76,-0.00496364,1.90548,-0.003005,0.07453,0.88199,0.04348,200,100,fcr,1,161,10,1,random
17,OI,17,"2026-07-15 06:59:45",98,0.757009,4.75602,4.8788,0.76015152,-0.00312727,2.863,-0.002638,0.03106,0.93789,0.03106,200,100,fcr,1,161,10,1,random
18,OI,18,"2026-07-15 06:59:52",104.3,0.758242,4.76776,4.8788,0.75636364,0.00224545,1.98164,0.00314,0.0559,0.8882,0.0559,200,100,fcr,1,161,10,1,random
19,OI,19,"2026-07-15 06:59:58",110.7,0.759073,4.77998,4.8788,0.76166667,-0.00359697,1.9466,-0.002008,0.06211,0.91304,0.02484,200,100,fcr,1,161,10,1,random
20,OI,20,"2026-07-15 07:00:05",117.6,0.759488,4.78882,4.8788,0.75954545,-0.00031212,3.09792,0.000455,0.03106,0.9441,0.02484,200,100,fcr,1,161,10,1,random
21,IR,1,"2026-07-15 07:00:15",6.1,0.566352,2.62421,4.9394,0.62893939,-0.10855152,0.425463,-0.120937,0.53374,0.18405,0.28221,200,100,fcr,1,163,10,1,random
22,IR,2,"2026-07-15 07:00:20",11,0.577509,2.6917,4.9394,0.64606061,-0.11680909,0.427962,-0.127674,0.52761,0.18405,0.28834,200,100,fcr,1,163,10,1,random
23,IR,3,"2026-07-15 07:00:25",16,0.588258,2.74381,4.9091,0.66363636,-0.12532727,0.434208,-0.137048,0.51235,0.19753,0.29012,200,100,fcr,1,162,10,1,random
24,IR,4,"2026-07-15 07:00:30",20.9,0.594403,2.78081,4.8182,0.66606061,-0.11984849,0.440852,-0.124952,0.51572,0.18239,0.30189,200,100,fcr,1,159,10,1,random
25,IR,5,"2026-07-15 07:00:37",27.5,0.600545,2.81447,4.7576,0.67227273,-0.12160303,0.441734,-0.123593,0.52229,0.17834,0.29936,200,100,fcr,1,157,10,1,random
26,IR,6,"2026-07-15 07:00:42",32.6,0.608085,2.85363,4.697,0.68333333,-0.12324243,0.473502,-0.129314,0.49032,0.1871,0.32258,200,100,fcr,1,155,10,1,random
27,IR,7,"2026-07-15 07:00:49",39.5,0.612482,2.87751,4.6667,0.69363637,-0.13455758,0.428637,-0.135645,0.47403,0.2013,0.32468,200,100,fcr,1,154,10,1,random
28,IR,8,"2026-07-15 07:00:55",46.2,0.617633,2.91124,4.6667,0.68969697,-0.11893939,0.433686,-0.119858,0.46753,0.21429,0.31818,200,100,fcr,1,154,10,1,random
29,IR,9,"2026-07-15 07:01:02",53,0.620803,2.9308,4.6364,0.69742424,-0.12795455,0.452459,-0.124815,0.46405,0.22222,0.31373,200,100,fcr,1,153,10,1,random
30,IR,10,"2026-07-15 07:01:09",60,0.624548,2.95408,4.6364,0.6969697,-0.11828485,0.478598,-0.117958,0.45098,0.23529,0.31373,200,100,fcr,1,153,10,1,random
31,IR,11,"2026-07-15 07:01:16",66.8,0.630642,2.98477,4.6364,0.7019697,-0.11851212,0.489232,-0.116801,0.4183,0.27451,0.30719,200,100,fcr,1,153,10,1,random
32,IR,12,"2026-07-15 07:01:23",73.6,0.635915,3.01336,4.6061,0.71136363,-0.12240303,0.49027,-0.122156,0.42105,0.28289,0.29605,200,100,fcr,1,152,10,1,random
33,IR,13,"2026-07-15 07:01:29",80.4,0.640564,3.03669,4.6061,0.71378788,-0.11749697,0.535574,-0.11725,0.40789,0.29605,0.29605,200,100,fcr,1,152,10,1,random
34,IR,14,"2026-07-15 07:01:36",87.3,0.644276,3.05542,4.5758,0.7269697,-0.13347576,0.540006,-0.130501,0.39073,0.31126,0.29801,200,100,fcr,1,151,10,1,random
35,IR,15,"2026-07-15 07:01:43",94,0.649933,3.09047,4.5758,0.7169697,-0.10659394,0.550291,-0.106694,0.40397,0.30464,0.29139,200,100,fcr,1,151,10,1,random
36,IR,16,"2026-07-15 07:01:50",101,0.655024,3.1166,4.5455,0.7310606,-0.11824545,0.582383,-0.119217,0.4,0.28667,0.31333,200,100,fcr,1,150,10,1,random
37,IR,17,"2026-07-15 07:01:57",107.9,0.658349,3.14732,4.5455,0.73075758,-0.11135152,0.559347,-0.111896,0.39333,0.28667,0.32,200,100,fcr,1,150,10,1,random
38,IR,18,"2026-07-15 07:02:04",114.8,0.662185,3.18072,4.5455,0.73969697,-0.11984545,0.550081,-0.119439,0.39333,0.26667,0.34,200,100,fcr,1,150,10,1,random
39,IR,19,"2026-07-15 07:02:11",121.8,0.665676,3.22825,4.5455,0.745,-0.12315455,0.5284,-0.121089,0.38667,0.27333,0.34,200,100,fcr,1,150,10,1,random
40,IR,20,"2026-07-15 07:02:18",128.7,0.668094,3.24529,4.5152,0.74575757,-0.12114545,0.533058,-0.117521,0.38255,0.28859,0.32886,200,100,fcr,1,149,10,1,random
41,AGR,1,"2026-07-15 07:02:30",7.6,0.576194,2.74275,5.0303,0.53787879,0.0618303,0.44806,0.051868,0.51205,0.19277,0.29518,200,100,fcr,1,166,10,1,random
42,AGR,2,"2026-07-15 07:02:37",14.2,0.593185,2.91182,5.0303,0.54818182,0.07628788,0.443336,0.064973,0.48795,0.21084,0.3012,200,100,fcr,1,166,10,1,random
43,AGR,3,"2026-07-15 07:02:43",20.8,0.610776,3.08174,5,0.56560606,0.06124848,0.464216,0.063308,0.47273,0.19394,0.33333,200,100,fcr,1,165,10,1,random
44,AGR,4,"2026-07-15 07:02:50",27.4,0.626985,3.22942,4.9394,0.5730303,0.08320606,0.460881,0.076959,0.44785,0.22086,0.33129,200,100,fcr,1,163,10,1,random
45,AGR,5,"2026-07-15 07:02:58",35.7,0.642439,3.37604,4.9394,0.59424242,0.07471515,0.498675,0.066367,0.43558,0.19632,0.3681,200,100,fcr,1,163,10,1,random
46,AGR,6,"2026-07-15 07:03:05",42.6,0.656064,3.53438,4.9394,0.6,0.08560909,0.487922,0.078095,0.40491,0.23926,0.35583,200,100,fcr,1,163,10,1,random
47,AGR,7,"2026-07-15 07:03:13",51,0.671182,3.70057,4.9394,0.62772727,0.06542121,0.556955,0.056344,0.36196,0.31288,0.32515,200,100,fcr,1,163,10,1,random
48,AGR,8,"2026-07-15 07:03:22",59.5,0.681364,3.81285,4.8788,0.62909091,0.07824545,0.614435,0.071549,0.34161,0.34783,0.31056,200,100,fcr,1,161,10,1,random
49,AGR,9,"2026-07-15 07:03:31",68.2,0.691442,3.93857,4.8788,0.63924242,0.0786697,0.685021,0.070576,0.30435,0.39752,0.29814,200,100,fcr,1,161,10,1,random
50,AGR,10,"2026-07-15 07:03:39",77,0.699321,4.05042,4.8485,0.65515152,0.06230606,0.715518,0.059157,0.26875,0.46875,0.2625,200,100,fcr,1,160,10,1,random
51,AGR,11,"2026-07-15 07:03:48",85.8,0.710158,4.18754,4.8485,0.66878788,0.05994545,0.81851,0.052485,0.25625,0.4875,0.25625,200,100,fcr,1,160,10,1,random
52,AGR,12,"2026-07-15 07:03:57",94.6,0.717836,4.30829,4.8485,0.67136363,0.06585455,0.894651,0.061045,0.2,0.5875,0.2125,200,100,fcr,1,160,10,1,random
53,AGR,13,"2026-07-15 07:04:06",103.3,0.722952,4.40897,4.8485,0.65227273,0.09814242,0.940326,0.096156,0.175,0.65625,0.16875,200,100,fcr,1,160,10,1,random
54,AGR,14,"2026-07-15 07:04:14",112,0.726885,4.46558,4.8485,0.67090909,0.07989394,1.04002,0.075715,0.1625,0.675,0.1625,200,100,fcr,1,160,10,1,random
55,AGR,15,"2026-07-15 07:04:23",120.8,0.730806,4.52907,4.8485,0.67378788,0.08582424,1.08042,0.076808,0.15625,0.7125,0.13125,200,100,fcr,1,160,10,1,random
56,AGR,16,"2026-07-15 07:04:32",129.8,0.734642,4.58547,4.8485,0.66469697,0.10237273,1.22889,0.094179,0.11875,0.76875,0.1125,200,100,fcr,1,160,10,1,random
57,AGR,17,"2026-07-15 07:04:41",138.5,0.73797,4.60988,4.8485,0.67363637,0.08808182,1.25743,0.086026,0.1125,0.7875,0.1,200,100,fcr,1,160,10,1,random
58,AGR,18,"2026-07-15 07:04:50",147.2,0.741364,4.64475,4.8485,0.68378788,0.0833697,1.279,0.076496,0.0875,0.85,0.0625,200,100,fcr,1,160,10,1,random
59,AGR,19,"2026-07-15 07:04:59",156.1,0.743461,4.66543,4.8485,0.68272727,0.08752424,1.49681,0.081144,0.075,0.86875,0.05625,200,100,fcr,1,160,10,1,random
60,AGR,20,"2026-07-15 07:05:07",164.9,0.745794,4.70326,4.8485,0.69151515,0.07372121,1.52332,0.07252,0.03125,0.9375,0.03125,200,100,fcr,1,160,10,1,random
61,RANDOM,1,"2026-07-15 07:05:16",5.2,0.552606,2.55888,5.0909,0.5630303,-0.02049091,0.405061,-0.015598,0.54762,0.17857,0.27381,200,100,fcr,1,168,10,1,random
62,RANDOM,2,"2026-07-15 07:05:20",9.3,0.554415,2.57512,5.0606,0.55106061,0.00633636,0.389785,0.006382,0.54491,0.17365,0.28144,200,100,fcr,1,167,10,1,random
63,RANDOM,3,"2026-07-15 07:05:25",13.6,0.554927,2.58408,5.0606,0.5530303,0.00878485,0.379847,0.005054,0.53892,0.17964,0.28144,200,100,fcr,1,167,10,1,random
64,RANDOM,4,"2026-07-15 07:05:29",17.7,0.55513,2.57688,5,0.56484849,-0.01783636,0.377932,-0.015939,0.54545,0.17576,0.27879,200,100,fcr,1,165,10,1,random
65,RANDOM,5,"2026-07-15 07:05:34",23.5,0.557718,2.58452,4.9091,0.55848485,-0.00098788,0.398598,-0.001811,0.53086,0.19753,0.2716,200,100,fcr,1,162,10,1,random
66,RANDOM,6,"2026-07-15 07:05:39",27.7,0.553624,2.56962,4.8485,0.55303031,-0.00052727,0.410609,0.006528,0.53125,0.1875,0.28125,200,100,fcr,1,160,10,1,random
67,RANDOM,7,"2026-07-15 07:05:44",33.5,0.557479,2.5872,4.7576,0.56560606,-0.01677576,0.411417,-0.016445,0.53503,0.19745,0.26752,200,100,fcr,1,157,10,1,random
68,RANDOM,8,"2026-07-15 07:05:50",39.4,0.556282,2.58126,4.7273,0.55666667,-0.0049697,0.439455,0.002253,0.53205,0.19231,0.27564,200,100,fcr,1,156,10,1,random
69,RANDOM,9,"2026-07-15 07:05:56",45.5,0.555842,2.5723,4.7273,0.55833333,-0.0062697,0.429077,-0.001927,0.51923,0.19231,0.28846,200,100,fcr,1,156,10,1,random
70,RANDOM,10,"2026-07-15 07:06:03",51.6,0.556558,2.58046,4.7273,0.55863636,-0.0056697,0.402828,-0.002253,0.52564,0.17949,0.29487,200,100,fcr,1,156,10,1,random
71,RANDOM,11,"2026-07-15 07:06:09",57.6,0.555142,2.57008,4.697,0.55545455,0.00235152,0.385673,0.003126,0.53548,0.17419,0.29032,200,100,fcr,1,155,10,1,random
72,RANDOM,12,"2026-07-15 07:06:15",63.8,0.554894,2.57668,4.6667,0.54606061,0.01090303,0.411249,0.018042,0.51948,0.18182,0.2987,200,100,fcr,1,154,10,1,random
73,RANDOM,13,"2026-07-15 07:06:21",69.8,0.553236,2.56065,4.5455,0.54454546,0.01333636,0.39845,0.019001,0.52667,0.18667,0.28667,200,100,fcr,1,150,10,1,random
74,RANDOM,14,"2026-07-15 07:06:27",76,0.551461,2.54238,4.5152,0.54363636,0.01141818,0.429071,0.018185,0.5302,0.1745,0.2953,200,100,fcr,1,149,10,1,random
75,RANDOM,15,"2026-07-15 07:06:33",82.2,0.549809,2.53701,4.5152,0.55575758,-0.00725455,0.413112,-0.007317,0.5302,0.1745,0.2953,200,100,fcr,1,149,10,1,random
76,RANDOM,16,"2026-07-15 07:06:39",88.3,0.5449,2.51057,4.4848,0.55378788,-0.01941515,0.407959,-0.008821,0.57432,0.13514,0.29054,200,100,fcr,1,148,10,1,random
77,RANDOM,17,"2026-07-15 07:06:45",94.4,0.543467,2.49954,4.4545,0.53818182,0.00906061,0.438128,0.013301,0.54422,0.15646,0.29932,200,100,fcr,1,147,10,1,random
78,RANDOM,18,"2026-07-15 07:06:52",100.6,0.539094,2.47921,4.3939,0.53666667,0.00018182,0.401998,0.011365,0.57931,0.09655,0.32414,200,100,fcr,1,145,10,1,random
79,RANDOM,19,"2026-07-15 07:06:58",106.7,0.53957,2.47529,4.3636,0.5519697,-0.0126697,0.366517,-0.021101,0.54861,0.13889,0.3125,200,100,fcr,1,144,10,1,random
80,RANDOM,20,"2026-07-15 07:07:04",112.9,0.536785,2.46707,4.3636,0.52954546,0.01060606,0.388313,0.01769,0.53472,0.15278,0.3125,200,100,fcr,1,144,10,1,random
81,OI,1,"2026-07-15 07:08:44",4.7,0.583361,2.75239,4.9697,0.58878788,-0.00561818,0.457383,-0.031917,0.5061,0.18902,0.30488,200,100,fcr,2,164,10,1,random
82,OI,2,"2026-07-15 07:08:48",8.9,0.60857,2.94765,4.9394,0.61681818,-0.01341818,0.476729,-0.031419,0.45399,0.23926,0.30675,200,100,fcr,2,163,10,1,random
83,OI,3,"2026-07-15 07:08:52",13.2,0.633761,3.15907,4.9394,0.63318182,-0.00022424,0.53037,-0.015828,0.41104,0.27607,0.31288,200,100,fcr,2,163,10,1,random
84,OI,4,"2026-07-15 07:08:56",17.4,0.652636,3.33256,4.8788,0.64227273,0.01664242,0.56264,0.004089,0.37267,0.34161,0.28571,200,100,fcr,2,161,10,1,random
85,OI,5,"2026-07-15 07:09:02",23.3,0.668864,3.50669,4.8485,0.66318181,0.00964242,0.660513,-0.001099,0.35625,0.375,0.26875,200,100,fcr,2,160,10,1,random
86,OI,6,"2026-07-15 07:09:07",27.7,0.685239,3.68491,4.8485,0.69666667,-0.01697576,0.762785,-0.026405,0.325,0.41875,0.25625,200,100,fcr,2,160,10,1,random
87,OI,7,"2026-07-15 07:09:13",33.7,0.700282,3.89611,4.8485,0.70318182,-0.00659697,0.854903,-0.012353,0.28125,0.46875,0.25,200,100,fcr,2,160,10,1,random
88,OI,8,"2026-07-15 07:09:19",39.6,0.712997,4.07175,4.8485,0.72106061,-0.00933333,0.87757,-0.017966,0.2375,0.51875,0.24375,200,100,fcr,2,160,10,1,random
89,OI,9,"2026-07-15 07:09:25",45.8,0.722606,4.22295,4.8485,0.72878788,-0.0070697,0.916859,-0.013187,0.21875,0.6125,0.16875,200,100,fcr,2,160,10,1,random
90,OI,10,"2026-07-15 07:09:31",52,0.730864,4.36969,4.8485,0.73606061,-0.00917576,1.19801,-0.010998,0.19375,0.61875,0.1875,200,100,fcr,2,160,10,1,random
91,OI,11,"2026-07-15 07:09:37",58.1,0.737833,4.48467,4.8182,0.74212121,-0.00555152,1.16796,-0.008701,0.13836,0.74843,0.11321,200,100,fcr,2,159,10,1,random
92,OI,12,"2026-07-15 07:09:43",64.3,0.743433,4.56607,4.8182,0.73227273,0.01492121,1.4462,0.013085,0.10692,0.79874,0.09434,200,100,fcr,2,159,10,1,random
93,OI,13,"2026-07-15 07:09:49",70.4,0.747306,4.62626,4.8182,0.75106061,-0.00530303,1.46982,-0.005799,0.08176,0.83648,0.08176,200,100,fcr,2,159,10,1,random
94,OI,14,"2026-07-15 07:09:56",76.6,0.750615,4.66762,4.8182,0.76121212,-0.0163697,1.58566,-0.014342,0.04403,0.89308,0.06289,200,100,fcr,2,159,10,1,random
95,OI,15,"2026-07-15 07:10:02",82.9,0.752918,4.70118,4.8182,0.76015152,-0.00912727,1.68537,-0.0091,0.04403,0.90566,0.05031,200,100,fcr,2,159,10,1,random
96,OI,16,"2026-07-15 07:10:09",90.1,0.754421,4.70469,4.8182,0.75651515,-0.00450303,1.87672,-0.001805,0.03774,0.89308,0.06918,200,100,fcr,2,159,10,1,random
97,OI,17,"2026-07-15 07:10:15",96.5,0.754985,4.73225,4.8182,0.7469697,0.01164848,1.63479,0.01183,0.01258,0.94969,0.03774,200,100,fcr,2,159,10,1,random
98,OI,18,"2026-07-15 07:10:22",102.7,0.754894,4.72347,4.8182,0.76227273,-0.00892424,1.38612,-0.008173,0.03145,0.91824,0.05031,200,100,fcr,2,159,10,1,random
99,OI,19,"2026-07-15 07:10:28",109,0.755076,4.7363,4.8182,0.76409091,-0.01099091,2.00534,-0.010369,0.02516,0.93711,0.03774,200,100,fcr,2,159,10,1,random
100,OI,20,"2026-07-15 07:10:34",115.4,0.755536,4.74536,4.8182,0.76909091,-0.0159697,1.99045,-0.016619,0.00629,0.95597,0.03774,200,100,fcr,2,159,10,1,random
101,IR,1,"2026-07-15 07:10:44",4.9,0.561015,2.59782,4.9697,0.6280303,-0.11635152,0.402346,-0.12391,0.54268,0.15244,0.30488,200,100,fcr,2,164,10,1,random
102,IR,2,"2026-07-15 07:10:48",9.3,0.57017,2.65207,4.9394,0.63560606,-0.11012121,0.380488,-0.121868,0.52761,0.17178,0.30061,200,100,fcr,2,163,10,1,random
103,IR,3,"2026-07-15 07:10:53",13.8,0.579333,2.69529,4.8182,0.64621212,-0.11336667,0.399751,-0.122837,0.50943,0.19497,0.2956,200,100,fcr,2,159,10,1,random
104,IR,4,"2026-07-15 07:10:57",18.3,0.589624,2.7662,4.7879,0.66136364,-0.1201,0.431779,-0.12994,0.48734,0.1962,0.31646,200,100,fcr,2,158,10,1,random
105,IR,5,"2026-07-15 07:11:03",24.5,0.594191,2.79195,4.7576,0.66196969,-0.11302121,0.403342,-0.117309,0.50955,0.17834,0.3121,200,100,fcr,2,157,10,1,random
106,IR,6,"2026-07-15 07:11:08",29.1,0.599682,2.828,4.7273,0.675,-0.12357879,0.44518,-0.129259,0.47436,0.20513,0.32051,200,100,fcr,2,156,10,1,random
107,IR,7,"2026-07-15 07:11:14",35.3,0.605621,2.86752,4.697,0.67090909,-0.10792424,0.435464,-0.111343,0.45806,0.22581,0.31613,200,100,fcr,2,155,10,1,random
108,IR,8,"2026-07-15 07:11:21",41.6,0.612761,2.91472,4.697,0.68409091,-0.11515151,0.455233,-0.121327,0.45806,0.23226,0.30968,200,100,fcr,2,155,10,1,random
109,IR,9,"2026-07-15 07:11:27",48,0.61793,2.93145,4.697,0.70681818,-0.14112727,0.473734,-0.147658,0.45806,0.23226,0.30968,200,100,fcr,2,155,10,1,random
110,IR,10,"2026-07-15 07:11:33",54.5,0.625082,2.98919,4.6667,0.69621212,-0.11836061,0.487407,-0.119049,0.46104,0.21429,0.32468,200,100,fcr,2,154,10,1,random
111,IR,11,"2026-07-15 07:11:40",61,0.627709,3.0184,4.6667,0.69984849,-0.11715758,0.4773,-0.115847,0.43506,0.24675,0.31818,200,100,fcr,2,154,10,1,random
112,IR,12,"2026-07-15 07:11:46",67.4,0.631594,3.04266,4.6667,0.71060606,-0.12597273,0.481669,-0.127348,0.43506,0.24026,0.32468,200,100,fcr,2,154,10,1,random
113,IR,13,"2026-07-15 07:11:53",73.7,0.636942,3.0779,4.6667,0.71106061,-0.1173303,0.480407,-0.119872,0.41558,0.25325,0.33117,200,100,fcr,2,154,10,1,random
114,IR,14,"2026-07-15 07:11:59",80.2,0.642767,3.12673,4.6061,0.71712121,-0.11862727,0.475919,-0.119267,0.40132,0.27632,0.32237,200,100,fcr,2,152,10,1,random
115,IR,15,"2026-07-15 07:12:06",86.7,0.647312,3.15045,4.5758,0.72439394,-0.12385455,0.499318,-0.121511,0.41722,0.27152,0.31126,200,100,fcr,2,151,10,1,random
116,IR,16,"2026-07-15 07:12:12",93.2,0.652197,3.1984,4.5758,0.73106061,-0.12419091,0.558454,-0.123823,0.41722,0.25166,0.33113,200,100,fcr,2,151,10,1,random
117,IR,17,"2026-07-15 07:12:19",99.6,0.655755,3.19866,4.5758,0.72575758,-0.11139394,0.524372,-0.108581,0.4106,0.24503,0.34437,200,100,fcr,2,151,10,1,random
118,IR,18,"2026-07-15 07:12:25",106.1,0.658182,3.21268,4.5758,0.7440909,-0.13440909,0.50164,-0.131166,0.41722,0.23179,0.35099,200,100,fcr,2,151,10,1,random
119,IR,19,"2026-07-15 07:12:32",112.6,0.664694,3.28228,4.5758,0.74151515,-0.11728485,0.519433,-0.120124,0.40397,0.24503,0.35099,200,100,fcr,2,151,10,1,random
120,IR,20,"2026-07-15 07:12:38",119,0.666,3.27436,4.5758,0.73924242,-0.11515758,0.515152,-0.110084,0.39073,0.2649,0.34437,200,100,fcr,2,151,10,1,random
121,AGR,1,"2026-07-15 07:12:46",6.9,0.575579,2.72469,5,0.52545455,0.0802303,0.434579,0.074337,0.52121,0.18182,0.29697,200,100,fcr,2,165,10,1,random
122,AGR,2,"2026-07-15 07:12:53",13.5,0.590564,2.86819,5,0.54560606,0.07902424,0.444542,0.067171,0.50909,0.18788,0.30303,200,100,fcr,2,165,10,1,random
123,AGR,3,"2026-07-15 07:12:59",20,0.607733,3.02436,4.9697,0.56681818,0.06055758,0.485056,0.057222,0.44512,0.2561,0.29878,200,100,fcr,2,164,10,1,random
124,AGR,4,"2026-07-15 07:13:06",26.6,0.62433,3.19361,4.9394,0.58515151,0.05766667,0.506797,0.052744,0.42331,0.25767,0.31902,200,100,fcr,2,163,10,1,random
125,AGR,5,"2026-07-15 07:13:14",35,0.639373,3.3527,4.8485,0.59075757,0.07707879,0.52496,0.067602,0.3875,0.29375,0.31875,200,100,fcr,2,160,10,1,random
126,AGR,6,"2026-07-15 07:13:21",41.8,0.653364,3.50377,4.8485,0.60924243,0.06324545,0.563369,0.059596,0.3625,0.3375,0.3,200,100,fcr,2,160,10,1,random
127,AGR,7,"2026-07-15 07:13:30",50.2,0.667709,3.64748,4.8182,0.62045454,0.06959091,0.647728,0.062565,0.34591,0.34591,0.30818,200,100,fcr,2,159,10,1,random
128,AGR,8,"2026-07-15 07:13:38",58.7,0.678345,3.78064,4.8182,0.61954545,0.08827576,0.665693,0.080847,0.34591,0.34591,0.30818,200,100,fcr,2,159,10,1,random
129,AGR,9,"2026-07-15 07:13:47",67.3,0.690361,3.93119,4.8182,0.63651515,0.07802727,0.748816,0.071946,0.32075,0.40881,0.27044,200,100,fcr,2,159,10,1,random
130,AGR,10,"2026-07-15 07:13:56",76.1,0.701409,4.04878,4.7879,0.64272728,0.08770606,0.860762,0.078395,0.27848,0.5,0.22152,200,100,fcr,2,158,10,1,random
131,AGR,11,"2026-07-15 07:14:04",84.8,0.708542,4.15184,4.7879,0.65348485,0.0760303,0.988506,0.074375,0.24051,0.55696,0.20253,200,100,fcr,2,158,10,1,random
132,AGR,12,"2026-07-15 07:14:13",93.5,0.715761,4.26753,4.7879,0.65363637,0.08889394,1.04141,0.083387,0.20253,0.60127,0.1962,200,100,fcr,2,158,10,1,random
133,AGR,13,"2026-07-15 07:14:22",102.2,0.721703,4.37732,4.7879,0.67742424,0.06296364,1.04108,0.058908,0.18354,0.6519,0.16456,200,100,fcr,2,158,10,1,random
134,AGR,14,"2026-07-15 07:14:30",110.8,0.727206,4.45782,4.7879,0.68075758,0.06438485,1.21008,0.06158,0.13924,0.75316,0.10759,200,100,fcr,2,158,10,1,random
135,AGR,15,"2026-07-15 07:14:39",119.5,0.730118,4.51753,4.7879,0.66166667,0.09851212,1.39612,0.09329,0.11392,0.8038,0.08228,200,100,fcr,2,158,10,1,random
136,AGR,16,"2026-07-15 07:14:48",128.2,0.733621,4.55456,4.7879,0.66590909,0.09595758,1.46392,0.091177,0.10759,0.79114,0.10127,200,100,fcr,2,158,10,1,random
137,AGR,17,"2026-07-15 07:14:56",137,0.736773,4.58342,4.7879,0.66969697,0.09615455,1.41943,0.090193,0.10127,0.82278,0.07595,200,100,fcr,2,158,10,1,random
138,AGR,18,"2026-07-15 07:15:05",145.7,0.739148,4.61295,4.7879,0.67166667,0.09759394,1.49892,0.090726,0.05696,0.88608,0.05696,200,100,fcr,2,158,10,1,random
139,AGR,19,"2026-07-15 07:15:14",154.5,0.741327,4.62671,4.7879,0.67454546,0.09592424,1.39355,0.089638,0.06329,0.89873,0.03797,200,100,fcr,2,158,10,1,random
140,AGR,20,"2026-07-15 07:15:23",163.3,0.744073,4.65928,4.7879,0.68257576,0.08618182,1.6406,0.08196,0.03165,0.93038,0.03797,200,100,fcr,2,158,10,1,random
141,RANDOM,1,"2026-07-15 07:15:32",4.8,0.549924,2.54303,4.9394,0.55166667,-0.00306667,0.384863,0.00336,0.55215,0.15337,0.29448,200,100,fcr,2,163,10,1,random
142,RANDOM,2,"2026-07-15 07:15:36",9.1,0.548382,2.53335,4.8182,0.55469697,0.00088485,0.373838,-0.008028,0.54088,0.1761,0.28302,200,100,fcr,2,159,10,1,random
143,RANDOM,3,"2026-07-15 07:15:40",13.4,0.547291,2.53548,4.7273,0.55545455,-0.02019091,0.39766,-0.011684,0.53205,0.19872,0.26923,200,100,fcr,2,156,10,1,random
144,RANDOM,4,"2026-07-15 07:15:44",17.7,0.547791,2.53095,4.697,0.54560606,0.00417273,0.427177,0.006689,0.52258,0.2129,0.26452,200,100,fcr,2,155,10,1,random
145,RANDOM,5,"2026-07-15 07:15:50",23.5,0.548748,2.53438,4.6667,0.54303031,0.00710606,0.435969,0.012112,0.53896,0.18831,0.27273,200,100,fcr,2,154,10,1,random
146,RANDOM,6,"2026-07-15 07:15:55",27.9,0.548055,2.53738,4.6667,0.55636364,-0.01604242,0.4279,-0.012152,0.53247,0.18831,0.27922,200,100,fcr,2,154,10,1,random
147,RANDOM,7,"2026-07-15 07:16:00",33.7,0.548064,2.53193,4.5758,0.55984849,-0.02264848,0.414429,-0.018868,0.51656,0.19868,0.28477,200,100,fcr,2,151,10,1,random
148,RANDOM,8,"2026-07-15 07:16:06",39.6,0.552248,2.55161,4.5758,0.53939393,0.02467576,0.423965,0.0223,0.52318,0.21192,0.2649,200,100,fcr,2,151,10,1,random
149,RANDOM,9,"2026-07-15 07:16:12",45.7,0.552888,2.55482,4.5455,0.5510606,-0.00009091,0.463414,0.005405,0.51333,0.22,0.26667,200,100,fcr,2,150,10,1,random
150,RANDOM,10,"2026-07-15 07:16:19",51.9,0.556327,2.56153,4.5455,0.56348485,-0.00768788,0.463555,-0.013964,0.51333,0.22,0.26667,200,100,fcr,2,150,10,1,random
151,RANDOM,11,"2026-07-15 07:16:25",58.2,0.555282,2.57256,4.5152,0.56151515,-0.01256061,0.466026,-0.007945,0.50336,0.22148,0.27517,200,100,fcr,2,149,10,1,random
152,RANDOM,12,"2026-07-15 07:16:31",64.4,0.552397,2.55735,4.4848,0.56287878,-0.01341818,0.450384,-0.013315,0.50676,0.21622,0.27703,200,100,fcr,2,148,10,1,random
153,RANDOM,13,"2026-07-15 07:16:37",70.5,0.548388,2.54805,4.4848,0.55727273,-0.01878485,0.440552,-0.009568,0.51351,0.22297,0.26351,200,100,fcr,2,148,10,1,random
154,RANDOM,14,"2026-07-15 07:16:43",76.6,0.549397,2.53762,4.4545,0.54863637,0.00274848,0.472419,0.002356,0.51701,0.21769,0.26531,200,100,fcr,2,147,10,1,random
155,RANDOM,15,"2026-07-15 07:16:50",82.8,0.549303,2.53908,4.4545,0.55212121,-0.01135455,0.472707,-0.002295,0.5034,0.23129,0.26531,200,100,fcr,2,147,10,1,random
156,RANDOM,16,"2026-07-15 07:16:56",88.9,0.547206,2.52706,4.4242,0.5430303,0.00488485,0.459564,0.011185,0.52055,0.21233,0.26712,200,100,fcr,2,146,10,1,random
157,RANDOM,17,"2026-07-15 07:17:02",95.2,0.550412,2.55182,4.3636,0.54621212,0.00912727,0.475728,0.007549,0.50694,0.22222,0.27083,200,100,fcr,2,144,10,1,random
158,RANDOM,18,"2026-07-15 07:17:08",101.5,0.548788,2.5291,4.3333,0.54318182,0.01042424,0.468113,0.014412,0.51049,0.21678,0.27273,200,100,fcr,2,143,10,1,random
159,RANDOM,19,"2026-07-15 07:17:15",107.8,0.546236,2.52335,4.3333,0.53575758,0.0189303,0.477184,0.023391,0.51748,0.21678,0.26573,200,100,fcr,2,143,10,1,random
160,RANDOM,20,"2026-07-15 07:17:21",114,0.542921,2.52286,4.303,0.53909091,0.0105,0.49716,0.012316,0.51408,0.20423,0.28169,200,100,fcr,2,142,10,1,random
161,OI,1,"2026-07-15 07:17:36",4.6,0.584958,2.7777,4.8182,0.59272728,-0.01302121,0.449047,-0.037863,0.50314,0.18868,0.30818,200,100,fcr,3,159,10,1,random
162,OI,2,"2026-07-15 07:17:40",8.8,0.61313,3.00041,4.8182,0.61045455,0.00295455,0.493631,-0.015701,0.45912,0.25157,0.28931,200,100,fcr,3,159,10,1,random
163,OI,3,"2026-07-15 07:17:44",13.1,0.63593,3.19993,4.8182,0.63439394,0.0032303,0.596602,-0.012455,0.41509,0.27673,0.30818,200,100,fcr,3,159,10,1,random
164,OI,4,"2026-07-15 07:17:49",17.2,0.657391,3.41198,4.8182,0.67909092,-0.02987273,0.596977,-0.047112,0.35849,0.34591,0.2956,200,100,fcr,3,159,10,1,random
165,OI,5,"2026-07-15 07:17:54",23.2,0.676442,3.61953,4.8182,0.66787879,0.01863333,0.672373,0.001091,0.2956,0.44654,0.25786,200,100,fcr,3,159,10,1,random
166,OI,6,"2026-07-15 07:17:59",27.5,0.692355,3.80246,4.8182,0.70484849,-0.01641515,0.746143,-0.027204,0.2956,0.44025,0.26415,200,100,fcr,3,159,10,1,random
167,OI,7,"2026-07-15 07:18:05",33.5,0.705318,3.94328,4.8182,0.70636363,0.00159697,0.826583,-0.008368,0.27673,0.50314,0.22013,200,100,fcr,3,159,10,1,random
168,OI,8,"2026-07-15 07:18:11",39.4,0.717339,4.10286,4.8182,0.71636364,0.00008485,0.977994,-0.004941,0.22642,0.54088,0.2327,200,100,fcr,3,159,10,1,random
169,OI,9,"2026-07-15 07:18:17",45.6,0.727239,4.22581,4.8182,0.72515152,0.00187576,0.942005,-0.001695,0.1761,0.60377,0.22013,200,100,fcr,3,159,10,1,random
170,OI,10,"2026-07-15 07:18:23",51.8,0.736197,4.34198,4.8182,0.73924243,-0.00340909,0.921533,-0.008484,0.16981,0.64151,0.18868,200,100,fcr,3,159,10,1,random
171,OI,11,"2026-07-15 07:18:29",57.9,0.743867,4.45429,4.8182,0.74409091,0.00214848,1.15035,-0.003486,0.13836,0.71069,0.15094,200,100,fcr,3,159,10,1,random
172,OI,12,"2026-07-15 07:18:35",64.1,0.74817,4.52787,4.8182,0.76939394,-0.03092424,1.30864,-0.029412,0.1195,0.74214,0.13836,200,100,fcr,3,159,10,1,random
173,OI,13,"2026-07-15 07:18:42",70.4,0.752085,4.61579,4.8182,0.75969697,-0.01066061,1.35778,-0.010606,0.07547,0.84277,0.08176,200,100,fcr,3,159,10,1,random
174,OI,14,"2026-07-15 07:18:48",76.6,0.754024,4.66163,4.8182,0.75727273,-0.00263939,1.55657,-0.003769,0.06918,0.88679,0.04403,200,100,fcr,3,159,10,1,random
175,OI,15,"2026-07-15 07:18:54",82.9,0.755421,4.69744,4.8182,0.75318182,0.00253939,2.24512,0.003764,0.04403,0.92453,0.03145,200,100,fcr,3,159,10,1,random
176,OI,16,"2026-07-15 07:19:00",89.1,0.755733,4.71341,4.8182,0.75348485,0.00024242,2.27861,0.003795,0.03145,0.92453,0.04403,200,100,fcr,3,159,10,1,random
177,OI,17,"2026-07-15 07:19:07",95.3,0.755676,4.70933,4.8182,0.74060606,0.01959697,1.91648,0.021847,0.03774,0.89308,0.06918,200,100,fcr,3,159,10,1,random
178,OI,18,"2026-07-15 07:19:13",101.6,0.755742,4.71929,4.8182,0.76636364,-0.01499091,1.60951,-0.012247,0.02516,0.93711,0.03774,200,100,fcr,3,159,10,1,random
179,OI,19,"2026-07-15 07:19:19",107.9,0.756158,4.72937,4.8182,0.76045454,-0.00589091,1.74233,-0.004318,0.02516,0.94969,0.02516,200,100,fcr,3,159,10,1,random
180,OI,20,"2026-07-15 07:19:26",114.3,0.7554,4.71541,4.8182,0.76212121,-0.00666667,1.77619,-0.007068,0.0566,0.90566,0.03774,200,100,fcr,3,159,10,1,random
181,IR,1,"2026-07-15 07:19:35",5.3,0.563055,2.62622,4.8182,0.62590909,-0.10820909,0.398286,-0.119933,0.51572,0.1761,0.30818,200,100,fcr,3,159,10,1,random
182,IR,2,"2026-07-15 07:19:40",10,0.572485,2.69459,4.7879,0.65,-0.13279091,0.39307,-0.143161,0.50633,0.18354,0.31013,200,100,fcr,3,158,10,1,random
183,IR,3,"2026-07-15 07:19:44",14.6,0.578285,2.72537,4.7273,0.64954545,-0.11960606,0.405146,-0.127631,0.5,0.19231,0.30769,200,100,fcr,3,156,10,1,random
184,IR,4,"2026-07-15 07:19:49",19.3,0.587152,2.77113,4.6667,0.66,-0.12441212,0.419178,-0.130374,0.5,0.18182,0.31818,200,100,fcr,3,154,10,1,random
185,IR,5,"2026-07-15 07:19:55",25.8,0.592955,2.80494,4.6364,0.6630303,-0.11744242,0.4265,-0.121845,0.48366,0.20915,0.30719,200,100,fcr,3,153,10,1,random
186,IR,6,"2026-07-15 07:20:00",30.6,0.599518,2.83234,4.6061,0.66969697,-0.11797576,0.479925,-0.121211,0.48026,0.20395,0.31579,200,100,fcr,3,152,10,1,random
187,IR,7,"2026-07-15 07:20:08",37.9,0.603006,2.85025,4.6061,0.6740909,-0.11878485,0.473282,-0.119498,0.48684,0.19079,0.32237,200,100,fcr,3,152,10,1,random
188,IR,8,"2026-07-15 07:20:15",44.9,0.608621,2.89894,4.5758,0.68318182,-0.12415455,0.479145,-0.125747,0.4702,0.18543,0.34437,200,100,fcr,3,151,10,1,random
189,IR,9,"2026-07-15 07:20:21",51.5,0.616058,2.94353,4.5455,0.68636364,-0.11376061,0.46629,-0.119509,0.44667,0.20667,0.34667,200,100,fcr,3,150,10,1,random
190,IR,10,"2026-07-15 07:20:28",58.2,0.622212,2.9832,4.5152,0.70348485,-0.13158182,0.476104,-0.13436,0.44966,0.20805,0.34228,200,100,fcr,3,149,10,1,random
191,IR,11,"2026-07-15 07:20:35",65,0.628991,3.02096,4.5152,0.70666667,-0.12776364,0.492141,-0.128187,0.43624,0.22819,0.33557,200,100,fcr,3,149,10,1,random
192,IR,12,"2026-07-15 07:20:41",71.7,0.633524,3.05878,4.4545,0.70454545,-0.11642424,0.530587,-0.11458,0.43537,0.21088,0.35374,200,100,fcr,3,147,10,1,random
193,IR,13,"2026-07-15 07:20:48",78.3,0.638027,3.08182,4.4242,0.71333334,-0.1209,0.521613,-0.120733,0.43836,0.21918,0.34247,200,100,fcr,3,146,10,1,random
194,IR,14,"2026-07-15 07:20:55",84.9,0.639979,3.09358,4.3939,0.71515151,-0.11690909,0.552342,-0.118038,0.42069,0.23448,0.34483,200,100,fcr,3,145,10,1,random
195,IR,15,"2026-07-15 07:21:01",91.7,0.641161,3.10216,4.3636,0.71696969,-0.1192,0.542637,-0.11824,0.4375,0.21528,0.34722,200,100,fcr,3,144,10,1,random
196,IR,16,"2026-07-15 07:21:08",98.3,0.643003,3.13049,4.3636,0.72,-0.12256061,0.570028,-0.120461,0.42361,0.25,0.32639,200,100,fcr,3,144,10,1,random
197,IR,17,"2026-07-15 07:21:15",104.9,0.648315,3.15452,4.3636,0.72878788,-0.12978182,0.614188,-0.12771,0.38889,0.26389,0.34722,200,100,fcr,3,144,10,1,random
198,IR,18,"2026-07-15 07:21:21",111.6,0.651921,3.18272,4.3636,0.72545455,-0.11214849,0.56393,-0.114954,0.375,0.27083,0.35417,200,100,fcr,3,144,10,1,random
199,IR,19,"2026-07-15 07:21:28",118.3,0.653236,3.18412,4.3333,0.74363636,-0.13864242,0.547652,-0.138296,0.34965,0.30769,0.34266,200,100,fcr,3,143,10,1,random
200,IR,20,"2026-07-15 07:21:35",125.1,0.651618,3.16722,4.303,0.73348485,-0.12936061,0.547273,-0.123181,0.38732,0.26761,0.34507,200,100,fcr,3,142,10,1,random
201,AGR,1,"2026-07-15 07:21:42",6.8,0.571991,2.70435,4.9394,0.52530303,0.07733636,0.414679,0.069751,0.5092,0.20245,0.28834,200,100,fcr,3,163,10,1,random
202,AGR,2,"2026-07-15 07:21:49",13.4,0.589445,2.85814,4.8788,0.54636364,0.06967576,0.44452,0.062298,0.46584,0.23602,0.29814,200,100,fcr,3,161,10,1,random
203,AGR,3,"2026-07-15 07:21:55",19.9,0.607439,3.04064,4.8788,0.57348485,0.05568788,0.471261,0.044302,0.45963,0.23602,0.30435,200,100,fcr,3,161,10,1,random
204,AGR,4,"2026-07-15 07:22:02",26.6,0.623927,3.19015,4.8485,0.5739394,0.08082727,0.499573,0.070145,0.44375,0.24375,0.3125,200,100,fcr,3,160,10,1,random
205,AGR,5,"2026-07-15 07:22:11",35.1,0.638927,3.3667,4.8182,0.58954545,0.0742697,0.524907,0.068658,0.40252,0.2956,0.30189,200,100,fcr,3,159,10,1,random
206,AGR,6,"2026-07-15 07:22:17",41.8,0.653473,3.51206,4.7879,0.6080303,0.07109091,0.573785,0.061309,0.38608,0.31646,0.29747,200,100,fcr,3,158,10,1,random
207,AGR,7,"2026-07-15 07:22:26",50.3,0.664897,3.63302,4.7879,0.61363637,0.07631515,0.634556,0.071169,0.36076,0.29114,0.3481,200,100,fcr,3,158,10,1,random
208,AGR,8,"2026-07-15 07:22:34",58.6,0.675991,3.77961,4.7879,0.63439394,0.06669091,0.570365,0.055679,0.31646,0.37342,0.31013,200,100,fcr,3,158,10,1,random
209,AGR,9,"2026-07-15 07:22:43",67.2,0.68707,3.89532,4.7879,0.62878788,0.08951818,0.660204,0.078942,0.28481,0.43038,0.28481,200,100,fcr,3,158,10,1,random
210,AGR,10,"2026-07-15 07:22:51",75.9,0.695982,4.00323,4.7879,0.65045454,0.06461515,0.7052,0.061078,0.26582,0.48101,0.25316,200,100,fcr,3,158,10,1,random
211,AGR,11,"2026-07-15 07:23:00",84.6,0.704182,4.0891,4.7879,0.64712122,0.08384242,0.827449,0.077431,0.24051,0.53165,0.22785,200,100,fcr,3,158,10,1,random
212,AGR,12,"2026-07-15 07:23:09",93.3,0.712312,4.19354,4.7879,0.65227273,0.08566667,0.883486,0.080356,0.20886,0.56329,0.22785,200,100,fcr,3,158,10,1,random
213,AGR,13,"2026-07-15 07:23:17",102,0.718185,4.26969,4.7879,0.65530302,0.09386667,0.886395,0.085179,0.18354,0.60759,0.20886,200,100,fcr,3,158,10,1,random
214,AGR,14,"2026-07-15 07:23:26",110.8,0.724294,4.34256,4.7879,0.67469697,0.07638788,0.937592,0.065795,0.1962,0.63924,0.16456,200,100,fcr,3,158,10,1,random
215,AGR,15,"2026-07-15 07:23:35",119.6,0.731048,4.41012,4.7879,0.67060606,0.08775758,1.14611,0.079919,0.1519,0.70886,0.13924,200,100,fcr,3,158,10,1,random
216,AGR,16,"2026-07-15 07:23:44",128.3,0.734361,4.46423,4.7879,0.67439394,0.09004545,1.13672,0.080544,0.13924,0.74051,0.12025,200,100,fcr,3,158,10,1,random
217,AGR,17,"2026-07-15 07:23:53",137.2,0.738518,4.51786,4.7879,0.6839394,0.07574848,1.20545,0.072449,0.12025,0.76582,0.11392,200,100,fcr,3,158,10,1,random
218,AGR,18,"2026-07-15 07:24:02",146.1,0.742212,4.56951,4.7879,0.6889394,0.07242121,1.25932,0.070497,0.10759,0.81013,0.08228,200,100,fcr,3,158,10,1,random
219,AGR,19,"2026-07-15 07:24:10",155,0.745,4.61632,4.7879,0.67621212,0.09641212,1.47615,0.091521,0.07595,0.87342,0.05063,200,100,fcr,3,158,10,1,random
220,AGR,20,"2026-07-15 07:24:19",163.7,0.747652,4.64766,4.7879,0.68772728,0.08422727,1.57975,0.079365,0.07595,0.86709,0.05696,200,100,fcr,3,158,10,1,random
221,RANDOM,1,"2026-07-15 07:24:27",4.9,0.552794,2.57235,4.7576,0.55545454,-0.00133939,0.378555,-0.002116,0.51592,0.17834,0.30573,200,100,fcr,3,157,10,1,random
222,RANDOM,2,"2026-07-15 07:24:32",9.3,0.553988,2.57582,4.7273,0.55257575,0.00941212,0.376181,0.003314,0.52564,0.17949,0.29487,200,100,fcr,3,156,10,1,random
223,RANDOM,3,"2026-07-15 07:24:36",13.7,0.554264,2.58916,4.7273,0.55166667,0.00111818,0.41973,0.007356,0.53846,0.17949,0.28205,200,100,fcr,3,156,10,1,random
224,RANDOM,4,"2026-07-15 07:24:41",18.1,0.556197,2.60992,4.7273,0.56984848,-0.02563636,0.451802,-0.02431,0.52564,0.19872,0.27564,200,100,fcr,3,156,10,1,random
225,RANDOM,5,"2026-07-15 07:24:47",24.2,0.550348,2.57886,4.6364,0.54606061,0.00266667,0.447873,0.016061,0.52941,0.18954,0.28105,200,100,fcr,3,153,10,1,random
226,RANDOM,6,"2026-07-15 07:24:51",28.7,0.549009,2.56551,4.6364,0.54803031,0.00282424,0.444454,0.004716,0.53595,0.17647,0.28758,200,100,fcr,3,153,10,1,random
227,RANDOM,7,"2026-07-15 07:24:57",34.9,0.546664,2.55575,4.6061,0.55318182,-0.01057879,0.431545,-0.007226,0.53947,0.17763,0.28289,200,100,fcr,3,152,10,1,random
228,RANDOM,8,"2026-07-15 07:25:04",41,0.539794,2.53525,4.6061,0.54454545,-0.0080303,0.437822,0.000316,0.51974,0.17763,0.30263,200,100,fcr,3,152,10,1,random
229,RANDOM,9,"2026-07-15 07:25:10",47.4,0.540291,2.53979,4.6061,0.54515151,-0.01063939,0.399388,-0.00687,0.52632,0.18421,0.28947,200,100,fcr,3,152,10,1,random
230,RANDOM,10,"2026-07-15 07:25:17",53.9,0.538633,2.52302,4.5455,0.54151515,-0.00344849,0.415409,-0.001004,0.54667,0.15333,0.3,200,100,fcr,3,150,10,1,random
231,RANDOM,11,"2026-07-15 07:25:23",60.4,0.536221,2.50859,4.4848,0.53045455,0.00673939,0.404446,0.015498,0.5473,0.14189,0.31081,200,100,fcr,3,148,10,1,random
232,RANDOM,12,"2026-07-15 07:25:29",66.8,0.53607,2.50689,4.3939,0.5310606,0.01135758,0.395141,0.01221,0.54483,0.14483,0.31034,200,100,fcr,3,145,10,1,random
233,RANDOM,13,"2026-07-15 07:25:36",73.2,0.534724,2.49171,4.3939,0.53696969,-0.00286061,0.410868,-0.001397,0.54483,0.14483,0.31034,200,100,fcr,3,145,10,1,random
234,RANDOM,14,"2026-07-15 07:25:42",79.7,0.533309,2.4829,4.3636,0.53242424,0.00293636,0.414462,0.005196,0.53472,0.14583,0.31944,200,100,fcr,3,144,10,1,random
235,RANDOM,15,"2026-07-15 07:25:49",86.2,0.534885,2.49437,4.3333,0.5430303,-0.01449394,0.392673,-0.014304,0.53846,0.15385,0.30769,200,100,fcr,3,143,10,1,random
236,RANDOM,16,"2026-07-15 07:25:55",92.6,0.535179,2.4832,4.3333,0.53621212,-0.00555455,0.416473,0.000002,0.54545,0.13986,0.31469,200,100,fcr,3,143,10,1,random
237,RANDOM,17,"2026-07-15 07:26:02",99.1,0.534691,2.47371,4.303,0.53590909,-0.00644242,0.402252,0.001333,0.5493,0.14789,0.30282,200,100,fcr,3,142,10,1,random
238,RANDOM,18,"2026-07-15 07:26:08",105.5,0.534385,2.48052,4.303,0.53318182,0.00904545,0.435935,0.004418,0.54225,0.14789,0.30986,200,100,fcr,3,142,10,1,random
239,RANDOM,19,"2026-07-15 07:26:15",112,0.531876,2.46845,4.303,0.53833334,-0.00918788,0.420433,-0.007233,0.53521,0.16901,0.29577,200,100,fcr,3,142,10,1,random
240,RANDOM,20,"2026-07-15 07:26:21",118.5,0.532576,2.4875,4.2727,0.54636363,-0.02231818,0.436475,-0.024221,0.53191,0.16312,0.30496,200,100,fcr,3,141,10,1,random
241,OI,1,"2026-07-15 07:27:02",5.1,0.581606,2.75158,5,0.58045454,0.00576061,0.458019,-0.020181,0.50303,0.21818,0.27879,200,100,fcr,4,165,10,1,random
242,OI,2,"2026-07-15 07:27:06",9.8,0.608324,2.95519,5,0.61121212,-0.00607879,0.502088,-0.023737,0.45455,0.24242,0.30303,200,100,fcr,4,165,10,1,random
243,OI,3,"2026-07-15 07:27:11",14.4,0.631464,3.14769,4.9697,0.63136363,-0.00024848,0.52069,-0.015371,0.42073,0.28049,0.29878,200,100,fcr,4,164,10,1,random
244,OI,4,"2026-07-15 07:27:16",19,0.652779,3.33853,4.9697,0.65166666,0.00190909,0.585546,-0.012197,0.38415,0.32927,0.28659,200,100,fcr,4,164,10,1,random
245,OI,5,"2026-07-15 07:27:22",25.3,0.671003,3.51795,4.9697,0.67090909,-0.00114242,0.65318,-0.010928,0.32927,0.39024,0.28049,200,100,fcr,4,164,10,1,random
246,OI,6,"2026-07-15 07:27:27",30,0.688839,3.70593,4.9697,0.68818182,0.00332121,0.684577,-0.009449,0.30488,0.41463,0.28049,200,100,fcr,4,164,10,1,random
247,OI,7,"2026-07-15 07:27:33",36.4,0.701933,3.85886,4.9697,0.70969697,-0.01089697,0.731141,-0.01819,0.28049,0.46341,0.2561,200,100,fcr,4,164,10,1,random
248,OI,8,"2026-07-15 07:27:39",42.7,0.714615,4.01359,4.9394,0.7259091,-0.01635455,0.810804,-0.022062,0.26994,0.47853,0.25153,200,100,fcr,4,163,10,1,random
249,OI,9,"2026-07-15 07:27:46",49.3,0.726403,4.18726,4.9394,0.72863637,-0.0034697,0.913745,-0.008842,0.22086,0.55828,0.22086,200,100,fcr,4,163,10,1,random
250,OI,10,"2026-07-15 07:27:52",55.9,0.735936,4.34537,4.9394,0.74257575,-0.00914849,0.967649,-0.013754,0.20245,0.60123,0.19632,200,100,fcr,4,163,10,1,random
251,OI,11,"2026-07-15 07:27:59",62.4,0.742406,4.47798,4.9394,0.74242425,0.00103636,1.07895,-0.002568,0.16564,0.65031,0.18405,200,100,fcr,4,163,10,1,random
252,OI,12,"2026-07-15 07:28:05",69,0.747809,4.58548,4.9394,0.75030303,-0.00214242,1.11061,-0.005128,0.1227,0.74233,0.13497,200,100,fcr,4,163,10,1,random
253,OI,13,"2026-07-15 07:28:12",75.5,0.752285,4.68364,4.9394,0.76666667,-0.01929697,1.24593,-0.020528,0.09202,0.79141,0.11656,200,100,fcr,4,163,10,1,random
254,OI,14,"2026-07-15 07:28:19",82.1,0.755051,4.75722,4.9394,0.76454545,-0.01282727,1.29229,-0.012767,0.09816,0.84049,0.06135,200,100,fcr,4,163,10,1,random
255,OI,15,"2026-07-15 07:28:25",88.6,0.757691,4.81204,4.9394,0.76090909,-0.00423333,2.26375,-0.003925,0.06135,0.88344,0.05521,200,100,fcr,4,163,10,1,random
256,OI,16,"2026-07-15 07:28:32",95.2,0.759091,4.82743,4.9394,0.76378788,-0.00558788,2.28171,-0.005389,0.04908,0.91411,0.03681,200,100,fcr,4,163,10,1,random
257,OI,17,"2026-07-15 07:28:38",101.9,0.759758,4.82229,4.9394,0.76484849,-0.00427879,3.21479,-0.005861,0.02454,0.92025,0.05521,200,100,fcr,4,163,10,1,random
258,OI,18,"2026-07-15 07:28:45",108.5,0.759185,4.8385,4.9394,0.76075757,-0.00142121,1.62986,-0.000428,0.02454,0.93252,0.04294,200,100,fcr,4,163,10,1,random
259,OI,19,"2026-07-15 07:28:52",115.2,0.759264,4.84495,4.9394,0.77166667,-0.01978182,1.71435,-0.014823,0.04294,0.90798,0.04908,200,100,fcr,4,163,10,1,random
260,OI,20,"2026-07-15 07:28:59",122,0.760624,4.85721,4.9394,0.76590909,-0.00838788,1.98553,-0.005578,0.03067,0.95706,0.01227,200,100,fcr,4,163,10,1,random
261,IR,1,"2026-07-15 07:29:08",5.4,0.556176,2.56487,4.9091,0.6269697,-0.1232,0.396518,-0.129281,0.54321,0.16667,0.29012,200,100,fcr,4,162,10,1,random
262,IR,2,"2026-07-15 07:29:13",10.5,0.564291,2.60348,4.8485,0.63060606,-0.1149,0.400169,-0.123682,0.5375,0.1875,0.275,200,100,fcr,4,160,10,1,random
263,IR,3,"2026-07-15 07:29:18",15.4,0.572909,2.6656,4.7576,0.645,-0.12259697,0.443103,-0.132501,0.50955,0.19108,0.29936,200,100,fcr,4,157,10,1,random
264,IR,4,"2026-07-15 07:29:23",20.3,0.579994,2.71435,4.7273,0.64969697,-0.11728788,0.421575,-0.125106,0.50641,0.17949,0.3141,200,100,fcr,4,156,10,1,random
265,IR,5,"2026-07-15 07:29:29",27.1,0.589136,2.77326,4.6667,0.65878788,-0.11663333,0.422887,-0.125302,0.48701,0.19481,0.31818,200,100,fcr,4,154,10,1,random
266,IR,6,"2026-07-15 07:29:35",32.2,0.596488,2.8039,4.6364,0.66954546,-0.12300303,0.419585,-0.127756,0.48366,0.20261,0.31373,200,100,fcr,4,153,10,1,random
267,IR,7,"2026-07-15 07:29:41",38.9,0.602076,2.846,4.6061,0.67378788,-0.11885758,0.457118,-0.12286,0.46711,0.21053,0.32237,200,100,fcr,4,152,10,1,random
268,IR,8,"2026-07-15 07:29:48",45.5,0.605324,2.86906,4.5455,0.67681818,-0.11867879,0.447139,-0.119892,0.46,0.22,0.32,200,100,fcr,4,150,10,1,random
269,IR,9,"2026-07-15 07:29:55",52.5,0.608424,2.89051,4.5455,0.68136364,-0.12115758,0.459727,-0.121309,0.46,0.21333,0.32667,200,100,fcr,4,150,10,1,random
270,IR,10,"2026-07-15 07:30:02",59.6,0.610897,2.88843,4.5455,0.68378788,-0.11931515,0.453212,-0.120228,0.46667,0.2,0.33333,200,100,fcr,4,150,10,1,random
271,IR,11,"2026-07-15 07:30:10",67.2,0.616724,2.93002,4.5455,0.69545455,-0.12702727,0.460038,-0.131575,0.46667,0.19333,0.34,200,100,fcr,4,150,10,1,random
272,IR,12,"2026-07-15 07:30:17",74.3,0.619949,2.96894,4.5455,0.70575758,-0.14051818,0.454335,-0.140261,0.46,0.20667,0.33333,200,100,fcr,4,150,10,1,random
273,IR,13,"2026-07-15 07:30:24",81.1,0.625252,3.00483,4.4848,0.705,-0.13114242,0.469241,-0.131017,0.4527,0.21622,0.33108,200,100,fcr,4,148,10,1,random
274,IR,14,"2026-07-15 07:30:31",88.1,0.628521,3.0203,4.4545,0.70969698,-0.13343333,0.504327,-0.131057,0.44218,0.21769,0.34014,200,100,fcr,4,147,10,1,random
275,IR,15,"2026-07-15 07:30:38",95.1,0.634636,3.06975,4.4545,0.70590909,-0.11521212,0.51664,-0.116348,0.42177,0.21769,0.36054,200,100,fcr,4,147,10,1,random
276,IR,16,"2026-07-15 07:30:44",102.1,0.641515,3.10948,4.4242,0.71833334,-0.12091515,0.465086,-0.124548,0.41781,0.21918,0.36301,200,100,fcr,4,146,10,1,random
277,IR,17,"2026-07-15 07:30:52",109.1,0.645879,3.12675,4.4242,0.72348485,-0.11927273,0.468657,-0.122855,0.41096,0.23288,0.35616,200,100,fcr,4,146,10,1,random
278,IR,18,"2026-07-15 07:30:59",116.2,0.650861,3.15459,4.4242,0.73015152,-0.1266,0.489508,-0.124942,0.41096,0.23973,0.34932,200,100,fcr,4,146,10,1,random
279,IR,19,"2026-07-15 07:31:05",123,0.652821,3.16795,4.4242,0.73212121,-0.12666061,0.516006,-0.122326,0.39726,0.26712,0.33562,200,100,fcr,4,146,10,1,random
280,IR,20,"2026-07-15 07:31:12",130,0.655652,3.1894,4.4242,0.73181818,-0.11848485,0.541076,-0.117625,0.39041,0.26712,0.34247,200,100,fcr,4,146,10,1,random
281,AGR,1,"2026-07-15 07:31:22",7.8,0.573573,2.72085,4.9091,0.52469697,0.08794848,0.439726,0.072115,0.49383,0.22222,0.28395,200,100,fcr,4,162,10,1,random
282,AGR,2,"2026-07-15 07:31:29",15,0.593706,2.89261,4.9091,0.54909091,0.07087273,0.470189,0.062105,0.47531,0.25309,0.2716,200,100,fcr,4,162,10,1,random
283,AGR,3,"2026-07-15 07:31:36",22.2,0.609564,3.03265,4.8182,0.56575758,0.06718788,0.521926,0.062541,0.44654,0.25786,0.2956,200,100,fcr,4,159,10,1,random
284,AGR,4,"2026-07-15 07:31:43",29.3,0.6271,3.20595,4.7879,0.57484849,0.08476667,0.540612,0.072752,0.41772,0.27848,0.3038,200,100,fcr,4,158,10,1,random
285,AGR,5,"2026-07-15 07:31:52",38.3,0.641667,3.36456,4.7879,0.59621212,0.07282121,0.556521,0.062306,0.39873,0.29114,0.31013,200,100,fcr,4,158,10,1,random
286,AGR,6,"2026-07-15 07:31:59",45.7,0.655209,3.53565,4.7879,0.60954545,0.07092121,0.601405,0.061897,0.36709,0.32911,0.3038,200,100,fcr,4,158,10,1,random
287,AGR,7,"2026-07-15 07:32:09",54.8,0.66757,3.67335,4.7576,0.6169697,0.07960303,0.638364,0.069156,0.33758,0.34395,0.31847,200,100,fcr,4,157,10,1,random
288,AGR,8,"2026-07-15 07:32:18",63.9,0.679788,3.80458,4.697,0.62484848,0.08217273,0.658396,0.074152,0.28387,0.43871,0.27742,200,100,fcr,4,155,10,1,random
289,AGR,9,"2026-07-15 07:32:27",73.1,0.687806,3.89673,4.697,0.63515151,0.07947273,0.716074,0.072511,0.27097,0.46452,0.26452,200,100,fcr,4,155,10,1,random
290,AGR,10,"2026-07-15 07:32:36",82.4,0.697782,4.00351,4.697,0.64590909,0.07459697,0.795736,0.069533,0.25806,0.50323,0.23871,200,100,fcr,4,155,10,1,random
291,AGR,11,"2026-07-15 07:32:45",91.6,0.709609,4.13111,4.697,0.66378788,0.06841212,0.892938,0.058404,0.22581,0.59355,0.18065,200,100,fcr,4,155,10,1,random
292,AGR,12,"2026-07-15 07:32:55",101,0.717912,4.2312,4.697,0.66757576,0.07254242,1.05663,0.066203,0.1871,0.63871,0.17419,200,100,fcr,4,155,10,1,random
293,AGR,13,"2026-07-15 07:33:04",110.2,0.724809,4.31897,4.6667,0.67909091,0.06661212,1.05683,0.059825,0.14935,0.72727,0.12338,200,100,fcr,4,154,10,1,random
294,AGR,14,"2026-07-15 07:33:13",119.5,0.729842,4.37765,4.6667,0.66742424,0.08985454,1.26641,0.083822,0.12987,0.75325,0.11688,200,100,fcr,4,154,10,1,random
295,AGR,15,"2026-07-15 07:33:23",129,0.734055,4.42447,4.6667,0.67787879,0.08198182,1.28534,0.075084,0.12338,0.77922,0.0974,200,100,fcr,4,154,10,1,random
296,AGR,16,"2026-07-15 07:33:32",138.5,0.738755,4.48549,4.6667,0.6830303,0.07865758,1.43506,0.073571,0.08442,0.87013,0.04545,200,100,fcr,4,154,10,1,random
297,AGR,17,"2026-07-15 07:33:42",148,0.741779,4.51835,4.6667,0.66924242,0.10348788,1.82557,0.096811,0.05844,0.8961,0.04545,200,100,fcr,4,154,10,1,random
298,AGR,18,"2026-07-15 07:33:51",157.6,0.743718,4.53717,4.6667,0.6780303,0.09425758,1.60835,0.087927,0.06494,0.87662,0.05844,200,100,fcr,4,154,10,1,random
299,AGR,19,"2026-07-15 07:34:01",167.3,0.745152,4.56519,4.6667,0.68060606,0.09071818,1.58015,0.086388,0.05195,0.91558,0.03247,200,100,fcr,4,154,10,1,random
300,AGR,20,"2026-07-15 07:34:10",176.7,0.746797,4.58413,4.6667,0.6860606,0.08593333,1.91991,0.081354,0.01948,0.96104,0.01948,200,100,fcr,4,154,10,1,random
301,RANDOM,1,"2026-07-15 07:34:19",4.6,0.550721,2.53997,4.9697,0.54409091,0.01040303,0.391696,0.01606,0.54268,0.18293,0.27439,200,100,fcr,4,164,10,1,random
302,RANDOM,2,"2026-07-15 07:34:23",8.8,0.547776,2.51673,4.9091,0.54075757,0.01215758,0.393588,0.018299,0.56173,0.14815,0.29012,200,100,fcr,4,162,10,1,random
303,RANDOM,3,"2026-07-15 07:34:27",13,0.55053,2.53658,4.7879,0.55166667,0.00217576,0.38241,-0.001486,0.56329,0.13924,0.29747,200,100,fcr,4,158,10,1,random
304,RANDOM,4,"2026-07-15 07:34:31",17.1,0.551045,2.5481,4.697,0.55742424,-0.01181818,0.387985,-0.00959,0.54194,0.14839,0.30968,200,100,fcr,4,155,10,1,random
305,RANDOM,5,"2026-07-15 07:34:37",23,0.551679,2.55621,4.6364,0.56196969,-0.0181,0.371323,-0.016672,0.51634,0.17647,0.30719,200,100,fcr,4,153,10,1,random
306,RANDOM,6,"2026-07-15 07:34:41",27.2,0.548973,2.54705,4.5455,0.54590909,0.01121212,0.371712,0.011844,0.54,0.14667,0.31333,200,100,fcr,4,150,10,1,random
307,RANDOM,7,"2026-07-15 07:34:47",33.1,0.548903,2.5549,4.5455,0.55212121,-0.00052727,0.386749,-0.003217,0.54,0.14667,0.31333,200,100,fcr,4,150,10,1,random
308,RANDOM,8,"2026-07-15 07:34:53",39,0.547758,2.55441,4.5152,0.54848485,-0.00103333,0.386994,0.00221,0.53691,0.16107,0.30201,200,100,fcr,4,149,10,1,random
309,RANDOM,9,"2026-07-15 07:34:59",45,0.548009,2.5603,4.4545,0.55893939,-0.01783939,0.406586,-0.017802,0.51701,0.19048,0.29252,200,100,fcr,4,147,10,1,random
310,RANDOM,10,"2026-07-15 07:35:05",51.2,0.545706,2.53535,4.4545,0.54106061,0.00932424,0.439398,0.013522,0.51701,0.18367,0.29932,200,100,fcr,4,147,10,1,random
311,RANDOM,11,"2026-07-15 07:35:12",57.5,0.5476,2.54729,4.3939,0.54757576,0.00136667,0.429345,0.000489,0.51724,0.18621,0.29655,200,100,fcr,4,145,10,1,random
312,RANDOM,12,"2026-07-15 07:35:18",63.8,0.546609,2.54067,4.3636,0.54621212,0.00125758,0.442204,0.004099,0.50694,0.18056,0.3125,200,100,fcr,4,144,10,1,random
313,RANDOM,13,"2026-07-15 07:35:24",70,0.542355,2.51083,4.3333,0.53787879,0.00529091,0.408876,0.014712,0.51049,0.17483,0.31469,200,100,fcr,4,143,10,1,random
314,RANDOM,14,"2026-07-15 07:35:30",76.1,0.544915,2.5119,4.303,0.53909091,0.01412424,0.414128,0.010641,0.51408,0.16901,0.3169,200,100,fcr,4,142,10,1,random
315,RANDOM,15,"2026-07-15 07:35:36",82.3,0.544218,2.51402,4.2424,0.54469697,-0.00278182,0.407913,0.001801,0.51429,0.17143,0.31429,200,100,fcr,4,140,10,1,random
316,RANDOM,16,"2026-07-15 07:35:43",88.4,0.543418,2.51618,4.2424,0.55393939,-0.01983333,0.423225,-0.016157,0.51429,0.17143,0.31429,200,100,fcr,4,140,10,1,random
317,RANDOM,17,"2026-07-15 07:35:49",94.6,0.545227,2.50859,4.1818,0.54909091,-0.0054697,0.431759,-0.007115,0.5,0.18116,0.31884,200,100,fcr,4,138,10,1,random
318,RANDOM,18,"2026-07-15 07:35:55",100.8,0.539094,2.49005,4.1818,0.53833333,-0.00189091,0.418472,0.009935,0.51449,0.17391,0.31159,200,100,fcr,4,138,10,1,random
319,RANDOM,19,"2026-07-15 07:36:01",107,0.538415,2.47352,4.1515,0.54227272,-0.00811212,0.434863,-0.004672,0.51095,0.18248,0.30657,200,100,fcr,4,137,10,1,random
320,RANDOM,20,"2026-07-15 07:36:07",113.3,0.536036,2.46468,4.1515,0.53242424,0.00484242,0.447532,0.011273,0.52555,0.17518,0.29927,200,100,fcr,4,137,10,1,random
321,OI,1,"2026-07-15 07:36:23",5,0.579015,2.72655,5.0606,0.5830303,-0.00735455,0.426805,-0.030589,0.50898,0.1976,0.29341,200,100,fcr,5,167,10,1,random
322,OI,2,"2026-07-15 07:36:28",9.5,0.606885,2.91582,5.0303,0.60818182,-0.0019697,0.475835,-0.022291,0.4759,0.25301,0.27108,200,100,fcr,5,166,10,1,random
323,OI,3,"2026-07-15 07:36:32",14,0.629991,3.113,5,0.63409091,-0.00852424,0.5757,-0.022654,0.4303,0.28485,0.28485,200,100,fcr,5,165,10,1,random
324,OI,4,"2026-07-15 07:36:37",18.5,0.648891,3.31078,4.9697,0.65060606,-0.00395152,0.598157,-0.014219,0.38415,0.30488,0.31098,200,100,fcr,5,164,10,1,random
325,OI,5,"2026-07-15 07:36:43",24.8,0.665827,3.47936,4.9697,0.66954545,-0.00626667,0.598432,-0.015961,0.34146,0.36585,0.29268,200,100,fcr,5,164,10,1,random
326,OI,6,"2026-07-15 07:36:48",29.5,0.681252,3.66055,4.9697,0.69227272,-0.0174697,0.648709,-0.025461,0.31707,0.35976,0.32317,200,100,fcr,5,164,10,1,random
327,OI,7,"2026-07-15 07:36:54",35.8,0.694203,3.82122,4.9697,0.70045455,-0.00392424,0.640738,-0.016474,0.28659,0.42683,0.28659,200,100,fcr,5,164,10,1,random
328,OI,8,"2026-07-15 07:37:01",42.2,0.704742,3.97978,4.9091,0.70742425,-0.00152727,0.738091,-0.009067,0.26543,0.46914,0.26543,200,100,fcr,5,162,10,1,random
329,OI,9,"2026-07-15 07:37:07",48.7,0.716236,4.12501,4.9091,0.71954546,-0.00488485,0.828924,-0.010515,0.21605,0.53704,0.24691,200,100,fcr,5,162,10,1,random
330,OI,10,"2026-07-15 07:37:14",55.3,0.724048,4.23118,4.9091,0.7380303,-0.02081515,0.839498,-0.022786,0.23457,0.52469,0.24074,200,100,fcr,5,162,10,1,random
331,OI,11,"2026-07-15 07:37:20",61.9,0.733052,4.36584,4.8788,0.74348485,-0.01583939,0.998385,-0.018412,0.1677,0.64596,0.18634,200,100,fcr,5,161,10,1,random
332,OI,12,"2026-07-15 07:37:27",68.5,0.740073,4.47311,4.8788,0.74136364,-0.00348182,1.02532,-0.004406,0.14907,0.68944,0.16149,200,100,fcr,5,161,10,1,random
333,OI,13,"2026-07-15 07:37:33",75,0.745827,4.57776,4.8788,0.74060606,0.00537576,1.17431,0.00487,0.10559,0.7764,0.11801,200,100,fcr,5,161,10,1,random
334,OI,14,"2026-07-15 07:37:40",81.6,0.749776,4.63281,4.8788,0.74666667,0.00397273,1.28454,0.003344,0.1118,0.78261,0.10559,200,100,fcr,5,161,10,1,random
335,OI,15,"2026-07-15 07:37:47",88.2,0.75223,4.69561,4.8788,0.75424242,-0.00342424,1.41364,-0.002506,0.06832,0.88199,0.04969,200,100,fcr,5,161,10,1,random
336,OI,16,"2026-07-15 07:37:53",94.8,0.753549,4.71764,4.8788,0.75757576,-0.00617576,2.28385,-0.004645,0.07453,0.85093,0.07453,200,100,fcr,5,161,10,1,random
337,OI,17,"2026-07-15 07:38:00",101.5,0.754718,4.73947,4.8788,0.75984848,-0.00566061,1.81436,-0.005543,0.0559,0.90062,0.04348,200,100,fcr,5,161,10,1,random
338,OI,18,"2026-07-15 07:38:07",108.3,0.756306,4.77277,4.8788,0.76939394,-0.01942121,2.43494,-0.016665,0.03727,0.90683,0.0559,200,100,fcr,5,161,10,1,random
339,OI,19,"2026-07-15 07:38:13",115,0.757152,4.79656,4.8788,0.75030303,0.01001818,1.78462,0.009973,0.01242,0.96273,0.02484,200,100,fcr,5,161,10,1,random
340,OI,20,"2026-07-15 07:38:20",121.6,0.756806,4.78511,4.8788,0.74575758,0.01636061,1.43614,0.016341,0.04348,0.91925,0.03727,200,100,fcr,5,161,10,1,random
341,IR,1,"2026-07-15 07:38:29",4.7,0.558688,2.59905,5.0303,0.62681818,-0.11702121,0.383681,-0.130554,0.54819,0.15663,0.29518,200,100,fcr,5,166,10,1,random
342,IR,2,"2026-07-15 07:38:33",9,0.564842,2.62527,4.9394,0.63787878,-0.12551515,0.388638,-0.133351,0.53374,0.16564,0.30061,200,100,fcr,5,163,10,1,random
343,IR,3,"2026-07-15 07:38:37",13.4,0.572467,2.66538,4.8182,0.6480303,-0.13109091,0.390326,-0.137351,0.5283,0.16352,0.30818,200,100,fcr,5,159,10,1,random
344,IR,4,"2026-07-15 07:38:42",17.9,0.579782,2.71053,4.697,0.65742424,-0.13244848,0.406796,-0.139137,0.50968,0.17419,0.31613,200,100,fcr,5,155,10,1,random
345,IR,5,"2026-07-15 07:38:48",24,0.586282,2.74402,4.6667,0.66303031,-0.13077273,0.452535,-0.135491,0.51299,0.17532,0.31169,200,100,fcr,5,154,10,1,random
346,IR,6,"2026-07-15 07:38:52",28.6,0.592167,2.77879,4.6364,0.6619697,-0.11647879,0.476689,-0.122149,0.50327,0.18954,0.30719,200,100,fcr,5,153,10,1,random
347,IR,7,"2026-07-15 07:38:59",34.8,0.599149,2.81216,4.6364,0.67515151,-0.1257,0.491817,-0.131435,0.49673,0.20261,0.30065,200,100,fcr,5,153,10,1,random
348,IR,8,"2026-07-15 07:39:05",41.2,0.608061,2.88018,4.6364,0.67833333,-0.11463636,0.520131,-0.122557,0.48366,0.20261,0.31373,200,100,fcr,5,153,10,1,random
349,IR,9,"2026-07-15 07:39:11",47.6,0.614591,2.92861,4.5758,0.6840909,-0.11318182,0.505821,-0.117577,0.4702,0.23179,0.29801,200,100,fcr,5,151,10,1,random
350,IR,10,"2026-07-15 07:39:18",53.9,0.615821,2.93882,4.5758,0.68712121,-0.11613636,0.545897,-0.11557,0.45695,0.25166,0.29139,200,100,fcr,5,151,10,1,random
351,IR,11,"2026-07-15 07:39:24",60.3,0.620945,2.98127,4.5455,0.68439394,-0.10222424,0.567691,-0.105204,0.44,0.26667,0.29333,200,100,fcr,5,150,10,1,random
352,IR,12,"2026-07-15 07:39:31",66.7,0.625076,3.01764,4.5152,0.70560606,-0.12962121,0.585893,-0.131332,0.42282,0.28188,0.2953,200,100,fcr,5,149,10,1,random
353,IR,13,"2026-07-15 07:39:37",73.1,0.628576,3.05444,4.5152,0.70712121,-0.12784242,0.584413,-0.126935,0.41611,0.2953,0.28859,200,100,fcr,5,149,10,1,random
354,IR,14,"2026-07-15 07:39:43",79.5,0.632352,3.0844,4.4242,0.70454545,-0.11654545,0.603236,-0.116535,0.41096,0.28767,0.30137,200,100,fcr,5,146,10,1,random
355,IR,15,"2026-07-15 07:39:50",85.8,0.634952,3.10225,4.3939,0.70272727,-0.10832727,0.60529,-0.107991,0.4069,0.28276,0.31034,200,100,fcr,5,145,10,1,random
356,IR,16,"2026-07-15 07:39:56",92.2,0.636179,3.1119,4.3333,0.71560606,-0.12846667,0.58585,-0.124725,0.40559,0.28671,0.30769,200,100,fcr,5,143,10,1,random
357,IR,17,"2026-07-15 07:40:03",98.7,0.640212,3.15455,4.3333,0.71545454,-0.11910909,0.624277,-0.119737,0.39161,0.29371,0.31469,200,100,fcr,5,143,10,1,random
358,IR,18,"2026-07-15 07:40:10",106.5,0.641233,3.15269,4.3333,0.72469697,-0.13321515,0.60095,-0.130008,0.40559,0.26573,0.32867,200,100,fcr,5,143,10,1,random
359,IR,19,"2026-07-15 07:40:17",113.1,0.644179,3.17749,4.303,0.71242424,-0.10861515,0.581236,-0.107155,0.38732,0.32394,0.28873,200,100,fcr,5,142,10,1,random
360,IR,20,"2026-07-15 07:40:23",119.6,0.645303,3.18898,4.303,0.72,-0.11953636,0.656686,-0.115896,0.35915,0.35211,0.28873,200,100,fcr,5,142,10,1,random
361,AGR,1,"2026-07-15 07:40:32",7.6,0.568791,2.68577,5.0909,0.53469697,0.0518697,0.402627,0.045993,0.52381,0.17262,0.30357,200,100,fcr,5,168,10,1,random
362,AGR,2,"2026-07-15 07:40:40",14.9,0.587776,2.8337,5,0.54181818,0.07740606,0.410221,0.066305,0.49697,0.20606,0.29697,200,100,fcr,5,165,10,1,random
363,AGR,3,"2026-07-15 07:40:47",22.2,0.606273,2.99541,5,0.56772727,0.05912121,0.462282,0.052094,0.46667,0.21818,0.31515,200,100,fcr,5,165,10,1,random
364,AGR,4,"2026-07-15 07:40:54",29.5,0.620955,3.15082,5,0.57560606,0.06875758,0.470497,0.064423,0.44848,0.23636,0.31515,200,100,fcr,5,165,10,1,random
365,AGR,5,"2026-07-15 07:41:03",38.5,0.634364,3.30106,5,0.58515151,0.07577273,0.494681,0.070315,0.4303,0.24848,0.32121,200,100,fcr,5,165,10,1,random
366,AGR,6,"2026-07-15 07:41:10",45.9,0.648521,3.46302,5,0.61045454,0.05286364,0.520114,0.050423,0.40606,0.26061,0.33333,200,100,fcr,5,165,10,1,random
367,AGR,7,"2026-07-15 07:41:19",54.9,0.660742,3.60249,4.9697,0.60878788,0.0834303,0.544223,0.071925,0.39024,0.28049,0.32927,200,100,fcr,5,164,10,1,random
368,AGR,8,"2026-07-15 07:41:29",63.9,0.672367,3.72188,4.9091,0.62530303,0.06451818,0.586212,0.063825,0.33333,0.37654,0.29012,200,100,fcr,5,162,10,1,random
369,AGR,9,"2026-07-15 07:41:38",73.2,0.681206,3.84502,4.9091,0.62060606,0.08878788,0.672434,0.085097,0.32099,0.3642,0.31481,200,100,fcr,5,162,10,1,random
370,AGR,10,"2026-07-15 07:41:47",82.5,0.692361,3.99025,4.9091,0.645,0.06606667,0.66919,0.062707,0.2963,0.41358,0.29012,200,100,fcr,5,162,10,1,random
371,AGR,11,"2026-07-15 07:41:57",91.9,0.700485,4.09093,4.9091,0.63969697,0.09048485,0.728642,0.082931,0.2716,0.44444,0.28395,200,100,fcr,5,162,10,1,random
372,AGR,12,"2026-07-15 07:42:06",101.3,0.707788,4.18545,4.8788,0.63757576,0.10118182,0.750238,0.096146,0.25466,0.50932,0.23602,200,100,fcr,5,161,10,1,random
373,AGR,13,"2026-07-15 07:42:15",110.5,0.715606,4.29127,4.8788,0.6519697,0.08954242,0.868157,0.085286,0.19876,0.59006,0.21118,200,100,fcr,5,161,10,1,random
374,AGR,14,"2026-07-15 07:42:24",119.7,0.722645,4.3883,4.8788,0.66151515,0.08870909,0.90987,0.081362,0.18634,0.62733,0.18634,200,100,fcr,5,161,10,1,random
375,AGR,15,"2026-07-15 07:42:34",129.1,0.727336,4.45978,4.8788,0.68484849,0.06543636,1.01827,0.056733,0.14907,0.68944,0.16149,200,100,fcr,5,161,10,1,random
376,AGR,16,"2026-07-15 07:42:43",138.5,0.732503,4.52272,4.8788,0.66939394,0.09380606,1.05783,0.084099,0.13043,0.71429,0.15528,200,100,fcr,5,161,10,1,random
377,AGR,17,"2026-07-15 07:42:52",147.9,0.735785,4.56665,4.8788,0.67787879,0.08302424,1.03961,0.077737,0.11801,0.73913,0.14286,200,100,fcr,5,161,10,1,random
378,AGR,18,"2026-07-15 07:43:02",157.4,0.738106,4.61631,4.8788,0.68257576,0.07855151,1.05739,0.074887,0.09317,0.80745,0.09938,200,100,fcr,5,161,10,1,random
379,AGR,19,"2026-07-15 07:43:11",166.8,0.741079,4.65918,4.8788,0.67939393,0.08630303,1.15852,0.0825,0.07453,0.85093,0.07453,200,100,fcr,5,161,10,1,random
380,AGR,20,"2026-07-15 07:43:21",176.4,0.743924,4.6896,4.8788,0.68272727,0.08561818,1.27576,0.081386,0.04348,0.87578,0.08075,200,100,fcr,5,161,10,1,random
381,RANDOM,1,"2026-07-15 07:43:30",4.6,0.548115,2.52674,4.9697,0.55515152,-0.00871212,0.359726,-0.010824,0.54878,0.15244,0.29878,200,100,fcr,5,164,10,1,random
382,RANDOM,2,"2026-07-15 07:43:34",8.7,0.546345,2.51483,4.9394,0.54651515,-0.00045152,0.352207,0.003783,0.55215,0.1411,0.30675,200,100,fcr,5,163,10,1,random
383,RANDOM,3,"2026-07-15 07:43:38",12.8,0.545188,2.51812,4.9091,0.54681818,-0.00617879,0.343203,0.000135,0.54938,0.16049,0.29012,200,100,fcr,5,162,10,1,random
384,RANDOM,4,"2026-07-15 07:43:42",17.1,0.544782,2.50555,4.8182,0.55136364,-0.01254849,0.367327,-0.009828,0.54088,0.15723,0.30189,200,100,fcr,5,159,10,1,random
385,RANDOM,5,"2026-07-15 07:43:48",23,0.543112,2.50037,4.7879,0.54651515,-0.00798182,0.351913,-0.003334,0.53797,0.16456,0.29747,200,100,fcr,5,158,10,1,random
386,RANDOM,6,"2026-07-15 07:43:52",27.2,0.539136,2.49903,4.7273,0.53606061,0.00419697,0.359415,0.011873,0.53205,0.17308,0.29487,200,100,fcr,5,156,10,1,random
387,RANDOM,7,"2026-07-15 07:43:58",33.1,0.541649,2.51187,4.6667,0.54939394,-0.01744242,0.374395,-0.014944,0.51948,0.17532,0.30519,200,100,fcr,5,154,10,1,random
388,RANDOM,8,"2026-07-15 07:44:04",38.9,0.540458,2.50898,4.5758,0.53727273,0.00332727,0.363641,0.009024,0.51656,0.18543,0.29801,200,100,fcr,5,151,10,1,random
389,RANDOM,9,"2026-07-15 07:44:10",45.1,0.539394,2.51278,4.4848,0.55136364,-0.02304848,0.382353,-0.018856,0.53378,0.16216,0.30405,200,100,fcr,5,148,10,1,random
390,RANDOM,10,"2026-07-15 07:44:16",51.2,0.539985,2.52114,4.4242,0.54151515,-0.00273939,0.38962,-0.001135,0.5137,0.17123,0.31507,200,100,fcr,5,146,10,1,random
391,RANDOM,11,"2026-07-15 07:44:22",57.4,0.539803,2.51308,4.3939,0.53984849,0.00009091,0.374691,0.002083,0.51724,0.17931,0.30345,200,100,fcr,5,145,10,1,random
392,RANDOM,12,"2026-07-15 07:44:29",63.6,0.537885,2.50276,4.3939,0.53636364,0.01729697,0.393626,0.006914,0.51724,0.17931,0.30345,200,100,fcr,5,145,10,1,random
393,RANDOM,13,"2026-07-15 07:44:35",69.7,0.536494,2.49554,4.3636,0.54848485,-0.02394242,0.393479,-0.018603,0.53472,0.15278,0.3125,200,100,fcr,5,144,10,1,random
394,RANDOM,14,"2026-07-15 07:44:41",75.7,0.531121,2.46095,4.303,0.5289394,0.00564545,0.384616,0.012049,0.51408,0.19718,0.28873,200,100,fcr,5,142,10,1,random
395,RANDOM,15,"2026-07-15 07:44:47",81.8,0.528806,2.44428,4.303,0.52181818,0.01501212,0.40872,0.017941,0.50704,0.20423,0.28873,200,100,fcr,5,142,10,1,random
396,RANDOM,16,"2026-07-15 07:44:53",87.9,0.529188,2.45269,4.303,0.52878788,0.00220909,0.391855,0.003424,0.51408,0.19718,0.28873,200,100,fcr,5,142,10,1,random
397,RANDOM,17,"2026-07-15 07:44:59",94.1,0.528691,2.45711,4.303,0.52257576,0.00974545,0.39515,0.014627,0.49296,0.21831,0.28873,200,100,fcr,5,142,10,1,random
398,RANDOM,18,"2026-07-15 07:45:05",100.3,0.527761,2.45302,4.2727,0.53848485,-0.02047576,0.390724,-0.015877,0.51064,0.20567,0.28369,200,100,fcr,5,141,10,1,random
399,RANDOM,19,"2026-07-15 07:45:12",106.6,0.529033,2.45824,4.2424,0.53090909,-0.00140606,0.434615,-0.002404,0.50714,0.18571,0.30714,200,100,fcr,5,140,10,1,random
400,RANDOM,20,"2026-07-15 07:45:18",112.9,0.526342,2.44539,4.1212,0.52469697,0.00779394,0.394555,0.008609,0.48529,0.22059,0.29412,200,100,fcr,5,136,10,1,random
401,OI,1,"2026-07-16 00:00:29",5.5,0.583321,2.75143,4.9394,0.57439394,0.00948788,0.457505,-0.008119,0.50307,0.21472,0.28221,200,100,fcr,6,163,10,1,random
402,OI,2,"2026-07-16 00:00:34",10.5,0.610048,2.95288,4.8485,0.60590909,0.00545152,0.510139,-0.012078,0.45625,0.25,0.29375,200,100,fcr,6,160,10,1,random
403,OI,3,"2026-07-16 00:00:39",15.6,0.635785,3.18068,4.8485,0.63909091,-0.00615455,0.565653,-0.023267,0.40625,0.28125,0.3125,200,100,fcr,6,160,10,1,random
404,OI,4,"2026-07-16 00:00:44",20.4,0.654673,3.37318,4.8485,0.64727273,0.01012424,0.569419,0.000152,0.3625,0.4,0.2375,200,100,fcr,6,160,10,1,random
405,OI,5,"2026-07-16 00:00:51",27.2,0.674251,3.57726,4.8485,0.68515151,-0.01637576,0.774861,-0.028429,0.325,0.38125,0.29375,200,100,fcr,6,160,10,1,random
406,OI,6,"2026-07-16 00:00:56",32.2,0.691388,3.76465,4.8485,0.68772728,0.00351212,0.702038,-0.004353,0.3,0.4375,0.2625,200,100,fcr,6,160,10,1,random
407,OI,7,"2026-07-16 00:01:03",39,0.705242,3.90947,4.8485,0.70651515,-0.00332121,0.815217,-0.009519,0.25625,0.51875,0.225,200,100,fcr,6,160,10,1,random
408,OI,8,"2026-07-16 00:01:09",45.9,0.71723,4.05383,4.8485,0.72045455,-0.00449697,0.932828,-0.010752,0.2375,0.56875,0.19375,200,100,fcr,6,160,10,1,random
409,OI,9,"2026-07-16 00:01:16",52.8,0.728227,4.20531,4.8485,0.73409091,-0.00807879,1.02932,-0.013539,0.18125,0.6375,0.18125,200,100,fcr,6,160,10,1,random
410,OI,10,"2026-07-16 00:01:23",59.6,0.73797,4.34645,4.8485,0.75106061,-0.01583939,1.06045,-0.022567,0.1875,0.66875,0.14375,200,100,fcr,6,160,10,1,random
411,OI,11,"2026-07-16 00:01:30",66.5,0.746085,4.48727,4.8485,0.74954545,-0.00499394,1.31459,-0.00832,0.125,0.75,0.125,200,100,fcr,6,160,10,1,random
412,OI,12,"2026-07-16 00:01:37",73.5,0.751242,4.58648,4.8485,0.75727273,-0.00848788,1.26828,-0.009804,0.09375,0.79375,0.1125,200,100,fcr,6,160,10,1,random
413,OI,13,"2026-07-16 00:01:44",80.4,0.755161,4.66209,4.8485,0.76530303,-0.01292121,1.26102,-0.014257,0.0625,0.875,0.0625,200,100,fcr,6,160,10,1,random
414,OI,14,"2026-07-16 00:01:51",87.3,0.757139,4.70223,4.8485,0.75939394,-0.00317576,1.69729,-0.002453,0.0375,0.9,0.0625,200,100,fcr,6,160,10,1,random
415,OI,15,"2026-07-16 00:01:58",94.2,0.758179,4.72433,4.8485,0.75939394,-0.00297273,1.57794,-0.000759,0.04375,0.9,0.05625,200,100,fcr,6,160,10,1,random
416,OI,16,"2026-07-16 00:02:05",101.1,0.759218,4.7414,4.8485,0.76015151,-0.00015152,1.88224,0.000097,0.03125,0.925,0.04375,200,100,fcr,6,160,10,1,random
417,OI,17,"2026-07-16 00:02:12",108.1,0.759361,4.74973,4.8485,0.76772727,-0.00949697,1.68113,-0.009524,0.025,0.925,0.05,200,100,fcr,6,160,10,1,random
418,OI,18,"2026-07-16 00:02:19",115.1,0.759255,4.75378,4.8485,0.76439394,-0.0080697,1.4791,-0.005357,0.0125,0.9625,0.025,200,100,fcr,6,160,10,1,random
419,OI,19,"2026-07-16 00:02:26",122.1,0.758973,4.75105,4.8485,0.77363636,-0.0218697,1.3829,-0.017429,0.0375,0.925,0.0375,200,100,fcr,6,160,10,1,random
420,OI,20,"2026-07-16 00:02:32",128.9,0.759394,4.75365,4.8485,0.76409091,-0.00645758,2.10217,-0.004854,0.025,0.9375,0.0375,200,100,fcr,6,160,10,1,random
421,IR,1,"2026-07-16 00:02:41",5,0.559439,2.58108,4.9394,0.62181818,-0.10326364,0.397637,-0.117029,0.55828,0.15951,0.28221,200,100,fcr,6,163,10,1,random
422,IR,2,"2026-07-16 00:02:46",9.6,0.564976,2.61074,4.8485,0.63742424,-0.12395758,0.412243,-0.131713,0.55,0.15625,0.29375,200,100,fcr,6,160,10,1,random
423,IR,3,"2026-07-16 00:02:51",14.1,0.575761,2.6733,4.8182,0.64772727,-0.12521818,0.423111,-0.133824,0.54717,0.15094,0.30189,200,100,fcr,6,159,10,1,random
424,IR,4,"2026-07-16 00:02:55",18.7,0.584252,2.71633,4.7273,0.65227272,-0.11482424,0.428372,-0.12323,0.51923,0.17949,0.30128,200,100,fcr,6,156,10,1,random
425,IR,5,"2026-07-16 00:03:02",25.1,0.588973,2.75635,4.7273,0.65848485,-0.11614545,0.441868,-0.120585,0.50641,0.17949,0.3141,200,100,fcr,6,156,10,1,random
426,IR,6,"2026-07-16 00:03:06",29.9,0.598027,2.80765,4.7273,0.66924242,-0.11832424,0.439417,-0.125388,0.48718,0.19872,0.3141,200,100,fcr,6,156,10,1,random
427,IR,7,"2026-07-16 00:03:13",36.2,0.603294,2.84973,4.697,0.67454545,-0.11720909,0.440574,-0.121119,0.49032,0.1871,0.32258,200,100,fcr,6,155,10,1,random
428,IR,8,"2026-07-16 00:03:19",42.8,0.609658,2.91219,4.6667,0.68621212,-0.12384242,0.455987,-0.129982,0.45455,0.20779,0.33766,200,100,fcr,6,154,10,1,random
429,IR,9,"2026-07-16 00:03:26",50.1,0.615082,2.943,4.6061,0.69287879,-0.12588788,0.42382,-0.130213,0.46711,0.18421,0.34868,200,100,fcr,6,152,10,1,random
430,IR,10,"2026-07-16 00:03:33",56.6,0.618867,2.96575,4.6061,0.69530303,-0.12535152,0.441894,-0.125656,0.48684,0.16447,0.34868,200,100,fcr,6,152,10,1,random
431,IR,11,"2026-07-16 00:03:40",63.2,0.624639,2.99868,4.5758,0.7,-0.12417273,0.457852,-0.124419,0.46358,0.17881,0.35762,200,100,fcr,6,151,10,1,random
432,IR,12,"2026-07-16 00:03:46",69.8,0.627315,3.00619,4.5455,0.70030303,-0.1192303,0.443221,-0.117627,0.46,0.2,0.34,200,100,fcr,6,150,10,1,random
433,IR,13,"2026-07-16 00:03:53",76.4,0.629891,3.01924,4.4848,0.70893939,-0.12104242,0.489124,-0.126736,0.4527,0.18919,0.35811,200,100,fcr,6,148,10,1,random
434,IR,14,"2026-07-16 00:03:59",82.9,0.631879,3.0378,4.4545,0.7189394,-0.14161212,0.458211,-0.138319,0.44898,0.19728,0.35374,200,100,fcr,6,147,10,1,random
435,IR,15,"2026-07-16 00:04:06",89.5,0.636936,3.07198,4.4545,0.70833333,-0.1120697,0.48067,-0.115366,0.43537,0.21088,0.35374,200,100,fcr,6,147,10,1,random
436,IR,16,"2026-07-16 00:04:13",96.1,0.641694,3.10313,4.3939,0.71848485,-0.12394242,0.492924,-0.122411,0.3931,0.25517,0.35172,200,100,fcr,6,145,10,1,random
437,IR,17,"2026-07-16 00:04:19",102.9,0.644985,3.13296,4.3636,0.72363636,-0.12351515,0.494381,-0.124093,0.38194,0.25694,0.36111,200,100,fcr,6,144,10,1,random
438,IR,18,"2026-07-16 00:04:26",109.6,0.646758,3.15831,4.3636,0.73318182,-0.13823333,0.492025,-0.133997,0.375,0.27778,0.34722,200,100,fcr,6,144,10,1,random
439,IR,19,"2026-07-16 00:04:33",116.2,0.650991,3.19098,4.303,0.72166667,-0.11481515,0.531091,-0.1111,0.35211,0.30986,0.33803,200,100,fcr,6,142,10,1,random
440,IR,20,"2026-07-16 00:04:39",123.1,0.655003,3.21127,4.303,0.72878788,-0.11687879,0.554103,-0.114942,0.35211,0.30986,0.33803,200,100,fcr,6,142,10,1,random
441,AGR,1,"2026-07-16 00:04:48",7.8,0.574221,2.71142,4.9394,0.51666667,0.09676364,0.433392,0.086445,0.52761,0.19018,0.28221,200,100,fcr,6,163,10,1,random
442,AGR,2,"2026-07-16 00:04:56",15.2,0.594003,2.86421,4.9091,0.55212121,0.06741515,0.467554,0.058201,0.49383,0.19753,0.30864,200,100,fcr,6,162,10,1,random
443,AGR,3,"2026-07-16 00:05:03",22.7,0.611921,3.03877,4.8788,0.56787879,0.08004545,0.464999,0.060926,0.45342,0.24224,0.30435,200,100,fcr,6,161,10,1,random
444,AGR,4,"2026-07-16 00:05:11",30.1,0.628955,3.21252,4.8788,0.58348485,0.06917576,0.501119,0.062678,0.42857,0.24224,0.32919,200,100,fcr,6,161,10,1,random
445,AGR,5,"2026-07-16 00:05:20",39.4,0.64717,3.38695,4.8485,0.61530303,0.05378485,0.509159,0.03812,0.3875,0.275,0.3375,200,100,fcr,6,160,10,1,random
446,AGR,6,"2026-07-16 00:05:28",47.2,0.660191,3.5264,4.8485,0.60727273,0.07903333,0.517057,0.07295,0.36875,0.3125,0.31875,200,100,fcr,6,160,10,1,random
447,AGR,7,"2026-07-16 00:05:37",56.7,0.672412,3.66361,4.8485,0.61818182,0.08046061,0.579223,0.074329,0.35,0.33125,0.31875,200,100,fcr,6,160,10,1,random
448,AGR,8,"2026-07-16 00:05:46",66.1,0.685142,3.79689,4.8485,0.63015151,0.07892121,0.632329,0.073606,0.34375,0.3125,0.34375,200,100,fcr,6,160,10,1,random
449,AGR,9,"2026-07-16 00:05:56",75.7,0.696876,3.89873,4.8485,0.64181818,0.08245152,0.620403,0.072804,0.3,0.40625,0.29375,200,100,fcr,6,160,10,1,random
450,AGR,10,"2026-07-16 00:06:06",85.4,0.704658,4.00137,4.8485,0.64651515,0.08522121,0.747267,0.078757,0.26875,0.425,0.30625,200,100,fcr,6,160,10,1,random
451,AGR,11,"2026-07-16 00:06:15",95.1,0.713406,4.12779,4.8485,0.66212122,0.07775758,0.719838,0.067909,0.25,0.48125,0.26875,200,100,fcr,6,160,10,1,random
452,AGR,12,"2026-07-16 00:06:25",105,0.720327,4.21797,4.8485,0.65984848,0.08888788,0.807937,0.081032,0.2125,0.58125,0.20625,200,100,fcr,6,160,10,1,random
453,AGR,13,"2026-07-16 00:06:35",114.7,0.727648,4.3143,4.8485,0.66909091,0.08224242,0.949218,0.077123,0.18125,0.625,0.19375,200,100,fcr,6,160,10,1,random
454,AGR,14,"2026-07-16 00:06:45",124.4,0.733421,4.39706,4.8485,0.68151516,0.07428485,0.97958,0.068001,0.175,0.64375,0.18125,200,100,fcr,6,160,10,1,random
455,AGR,15,"2026-07-16 00:06:55",134.2,0.739685,4.47937,4.8485,0.69030302,0.07098485,1.06905,0.063993,0.15625,0.675,0.16875,200,100,fcr,6,160,10,1,random
456,AGR,16,"2026-07-16 00:07:04",143.9,0.74437,4.54359,4.8485,0.675,0.09685455,1.04698,0.091263,0.14375,0.7125,0.14375,200,100,fcr,6,160,10,1,random
457,AGR,17,"2026-07-16 00:07:14",153.7,0.748909,4.60609,4.8485,0.68742424,0.08689394,1.15504,0.080226,0.1,0.8,0.1,200,100,fcr,6,160,10,1,random
458,AGR,18,"2026-07-16 00:07:24",163.8,0.752479,4.6661,4.8485,0.6969697,0.07784545,1.24707,0.072718,0.1,0.83125,0.06875,200,100,fcr,6,160,10,1,random
459,AGR,19,"2026-07-16 00:07:34",173.6,0.755639,4.70652,4.8485,0.68984849,0.09155151,1.60307,0.086201,0.0625,0.875,0.0625,200,100,fcr,6,160,10,1,random
460,AGR,20,"2026-07-16 00:07:44",183.4,0.757694,4.75105,4.8485,0.69878788,0.07988788,1.40063,0.07748,0.05625,0.9125,0.03125,200,100,fcr,6,160,10,1,random
461,RANDOM,1,"2026-07-16 00:07:53",5,0.551579,2.53601,4.9697,0.56030302,-0.01437273,0.386426,-0.013744,0.55488,0.17683,0.26829,200,100,fcr,6,164,10,1,random
462,RANDOM,2,"2026-07-16 00:07:57",9.1,0.549779,2.54344,4.8788,0.5589394,-0.00760303,0.407306,-0.012258,0.54037,0.18634,0.27329,200,100,fcr,6,161,10,1,random
463,RANDOM,3,"2026-07-16 00:08:01",13.2,0.552976,2.54715,4.8182,0.54636364,0.01061515,0.40999,0.012488,0.55346,0.15094,0.2956,200,100,fcr,6,159,10,1,random
464,RANDOM,4,"2026-07-16 00:08:05",17.5,0.553579,2.5519,4.7576,0.55,0.00654545,0.389963,0.008166,0.54777,0.1465,0.30573,200,100,fcr,6,157,10,1,random
465,RANDOM,5,"2026-07-16 00:08:11",23.7,0.553391,2.54569,4.7576,0.55621212,-0.00888182,0.376871,-0.002984,0.55414,0.15287,0.29299,200,100,fcr,6,157,10,1,random
466,RANDOM,6,"2026-07-16 00:08:16",28,0.551767,2.54225,4.7576,0.56348485,-0.01763636,0.392185,-0.017279,0.54777,0.1465,0.30573,200,100,fcr,6,157,10,1,random
467,RANDOM,7,"2026-07-16 00:08:22",33.9,0.548476,2.53694,4.6667,0.54530303,0.00714848,0.368104,0.010913,0.53896,0.16883,0.29221,200,100,fcr,6,154,10,1,random
468,RANDOM,8,"2026-07-16 00:08:27",39.8,0.543394,2.51915,4.6364,0.55575757,-0.02840303,0.39201,-0.015328,0.52288,0.1634,0.31373,200,100,fcr,6,153,10,1,random
469,RANDOM,9,"2026-07-16 00:08:34",46,0.539333,2.50248,4.6061,0.53833333,0.00358182,0.355533,0.008845,0.52632,0.17763,0.29605,200,100,fcr,6,152,10,1,random
470,RANDOM,10,"2026-07-16 00:08:40",52.2,0.538152,2.50111,4.5455,0.53666667,0.00172121,0.37577,0.006628,0.53333,0.16,0.30667,200,100,fcr,6,150,10,1,random
471,RANDOM,11,"2026-07-16 00:08:46",58.5,0.540264,2.50444,4.5455,0.54530303,-0.00969394,0.374477,-0.008242,0.54,0.16667,0.29333,200,100,fcr,6,150,10,1,random
472,RANDOM,12,"2026-07-16 00:08:52",64.7,0.536873,2.49665,4.4848,0.53787878,-0.00242424,0.396006,0.00389,0.52027,0.19595,0.28378,200,100,fcr,6,148,10,1,random
473,RANDOM,13,"2026-07-16 00:08:59",71,0.537682,2.49256,4.4242,0.53787879,-0.00095152,0.407636,0.000876,0.53425,0.18493,0.28082,200,100,fcr,6,146,10,1,random
474,RANDOM,14,"2026-07-16 00:09:05",77.3,0.538952,2.50233,4.4242,0.53666666,0.00525758,0.424451,0.005797,0.5274,0.19178,0.28082,200,100,fcr,6,146,10,1,random
475,RANDOM,15,"2026-07-16 00:09:11",83.6,0.535821,2.48078,4.3939,0.53530302,0.0000697,0.424676,0.006833,0.52414,0.1931,0.28276,200,100,fcr,6,145,10,1,random
476,RANDOM,16,"2026-07-16 00:09:18",90.1,0.538709,2.49298,4.3939,0.52818182,0.01480909,0.429006,0.019259,0.52414,0.1931,0.28276,200,100,fcr,6,145,10,1,random
477,RANDOM,17,"2026-07-16 00:09:24",96.5,0.536918,2.4866,4.3939,0.53848485,-0.00348485,0.427251,0.000194,0.53793,0.15172,0.31034,200,100,fcr,6,145,10,1,random
478,RANDOM,18,"2026-07-16 00:09:30",102.8,0.541358,2.50974,4.3636,0.54590909,-0.0115,0.388281,-0.00984,0.53472,0.14583,0.31944,200,100,fcr,6,144,10,1,random
479,RANDOM,19,"2026-07-16 00:09:37",109.2,0.541458,2.50522,4.3333,0.53621212,0.00712727,0.382469,0.011911,0.54545,0.15385,0.3007,200,100,fcr,6,143,10,1,random
480,RANDOM,20,"2026-07-16 00:09:43",115.6,0.541315,2.506,4.303,0.5430303,-0.00460606,0.412576,-0.00032,0.54225,0.14789,0.30986,200,100,fcr,6,142,10,1,random
481,OI,1,"2026-07-16 00:10:04",5.7,0.576897,2.73574,4.9697,0.58439394,-0.00953333,0.427643,-0.03286,0.53049,0.20122,0.26829,200,100,fcr,7,164,10,1,random
482,OI,2,"2026-07-16 00:10:09",11.4,0.602109,2.93771,4.9394,0.61015151,-0.01340909,0.536881,-0.031901,0.47853,0.23926,0.28221,200,100,fcr,7,163,10,1,random
483,OI,3,"2026-07-16 00:10:15",16.9,0.625594,3.14322,4.9091,0.62424243,-0.00095152,0.566222,-0.014384,0.41358,0.26543,0.32099,200,100,fcr,7,162,10,1,random
484,OI,4,"2026-07-16 00:10:20",21.8,0.645939,3.30442,4.9091,0.64712121,0.00316061,0.521751,-0.015455,0.37654,0.33951,0.28395,200,100,fcr,7,162,10,1,random
485,OI,5,"2026-07-16 00:10:26",28.5,0.664952,3.5045,4.9091,0.66045454,0.01114849,0.654139,-0.004578,0.34568,0.40123,0.25309,200,100,fcr,7,162,10,1,random
486,OI,6,"2026-07-16 00:10:31",33.5,0.680827,3.67558,4.9091,0.67757575,0.00542121,0.744029,-0.004138,0.32099,0.41975,0.25926,200,100,fcr,7,162,10,1,random
487,OI,7,"2026-07-16 00:10:38",40.4,0.695161,3.83966,4.9091,0.70681818,-0.01685455,0.784155,-0.024892,0.28395,0.45679,0.25926,200,100,fcr,7,162,10,1,random
488,OI,8,"2026-07-16 00:10:45",47.2,0.708145,3.996,4.9091,0.71227273,-0.00680909,0.816271,-0.012803,0.25926,0.46914,0.2716,200,100,fcr,7,162,10,1,random
489,OI,9,"2026-07-16 00:10:52",54.2,0.720033,4.15362,4.9091,0.72212121,-0.00228788,0.819469,-0.009577,0.24691,0.53704,0.21605,200,100,fcr,7,162,10,1,random
490,OI,10,"2026-07-16 00:10:59",61.1,0.729436,4.29032,4.9091,0.72030303,0.01268788,1.00856,0.008145,0.19753,0.61728,0.18519,200,100,fcr,7,162,10,1,random
491,OI,11,"2026-07-16 00:11:06",68.1,0.736812,4.38818,4.9091,0.73681818,-0.00143939,1.07926,-0.003145,0.17901,0.65432,0.16667,200,100,fcr,7,162,10,1,random
492,OI,12,"2026-07-16 00:11:13",75.2,0.7444,4.5111,4.9091,0.74727273,-0.00327273,1.17931,-0.007091,0.12963,0.71605,0.15432,200,100,fcr,7,162,10,1,random
493,OI,13,"2026-07-16 00:11:20",82.4,0.750494,4.62617,4.9091,0.74318182,0.00889394,1.15012,0.007574,0.11111,0.79012,0.09877,200,100,fcr,7,162,10,1,random
494,OI,14,"2026-07-16 00:11:27",89.4,0.755321,4.72001,4.9091,0.77287879,-0.02279091,1.46571,-0.024664,0.07407,0.85185,0.07407,200,100,fcr,7,162,10,1,random
495,OI,15,"2026-07-16 00:11:34",96.4,0.75813,4.77821,4.9091,0.7469697,0.01529091,1.76793,0.01448,0.05556,0.89506,0.04938,200,100,fcr,7,162,10,1,random
496,OI,16,"2026-07-16 00:11:41",103.4,0.759497,4.81291,4.9091,0.76151515,-0.00195758,2.15248,-0.00212,0.02469,0.94444,0.03086,200,100,fcr,7,162,10,1,random
497,OI,17,"2026-07-16 00:11:48",110.3,0.759788,4.82225,4.9091,0.76045454,-0.00256061,2.00096,0.000204,0.01235,0.96914,0.01852,200,100,fcr,7,162,10,1,random
498,OI,18,"2026-07-16 00:11:55",117.3,0.759312,4.81192,4.9091,0.7619697,-0.00495455,1.75576,-0.002204,0.03086,0.9321,0.03704,200,100,fcr,7,162,10,1,random
499,OI,19,"2026-07-16 00:12:02",124.3,0.759088,4.81529,4.9091,0.77151515,-0.01685455,2.06267,-0.014338,0.02469,0.94444,0.03086,200,100,fcr,7,162,10,1,random
500,OI,20,"2026-07-16 00:12:09",131.5,0.759694,4.82274,4.9091,0.75636364,0.00568182,1.96941,0.0054,0.03086,0.9321,0.03704,200,100,fcr,7,162,10,1,random
501,IR,1,"2026-07-16 00:12:20",5.2,0.559742,2.59794,5.0606,0.63272727,-0.12866364,0.376127,-0.1371,0.55689,0.15569,0.28743,200,100,fcr,7,167,10,1,random
502,IR,2,"2026-07-16 00:12:25",9.8,0.563648,2.61489,5,0.63696969,-0.12570606,0.392109,-0.132527,0.54545,0.16364,0.29091,200,100,fcr,7,165,10,1,random
503,IR,3,"2026-07-16 00:12:29",14.5,0.577658,2.69337,5,0.64712122,-0.11436061,0.418483,-0.132147,0.54545,0.1697,0.28485,200,100,fcr,7,165,10,1,random
504,IR,4,"2026-07-16 00:12:34",19.1,0.583848,2.72509,4.9394,0.65863636,-0.12695455,0.437936,-0.132328,0.53374,0.15951,0.30675,200,100,fcr,7,163,10,1,random
505,IR,5,"2026-07-16 00:12:41",25.7,0.593679,2.78061,4.9091,0.67363636,-0.13316061,0.423029,-0.142067,0.51852,0.15432,0.32716,200,100,fcr,7,162,10,1,random
506,IR,6,"2026-07-16 00:12:45",30.5,0.599809,2.80678,4.8485,0.68121213,-0.13769394,0.396704,-0.140151,0.50625,0.175,0.31875,200,100,fcr,7,160,10,1,random
507,IR,7,"2026-07-16 00:12:52",37.1,0.607145,2.84511,4.7576,0.68060606,-0.12418485,0.433147,-0.126479,0.50318,0.18471,0.3121,200,100,fcr,7,157,10,1,random
508,IR,8,"2026-07-16 00:12:58",43.6,0.614118,2.89515,4.697,0.69257575,-0.12753333,0.478592,-0.133127,0.47097,0.21935,0.30968,200,100,fcr,7,155,10,1,random
509,IR,9,"2026-07-16 00:13:05",50.2,0.618518,2.92298,4.6667,0.69621212,-0.12447879,0.493162,-0.128229,0.47403,0.22078,0.30519,200,100,fcr,7,154,10,1,random
510,IR,10,"2026-07-16 00:13:12",56.8,0.624882,2.95562,4.6364,0.70242424,-0.12477879,0.51705,-0.128605,0.44444,0.24183,0.31373,200,100,fcr,7,153,10,1,random
511,IR,11,"2026-07-16 00:13:18",63.5,0.626933,2.96273,4.6364,0.7021212,-0.12294242,0.496159,-0.12047,0.43791,0.2549,0.30719,200,100,fcr,7,153,10,1,random
512,IR,12,"2026-07-16 00:13:25",70.2,0.630597,2.98377,4.6061,0.7069697,-0.12117879,0.519087,-0.123135,0.43421,0.25,0.31579,200,100,fcr,7,152,10,1,random
513,IR,13,"2026-07-16 00:13:32",76.9,0.635985,3.01599,4.6061,0.71257576,-0.12564849,0.514167,-0.124121,0.44737,0.24342,0.30921,200,100,fcr,7,152,10,1,random
514,IR,14,"2026-07-16 00:13:38",83.6,0.639797,3.03993,4.6061,0.72015152,-0.13145758,0.539355,-0.127705,0.43421,0.27632,0.28947,200,100,fcr,7,152,10,1,random
515,IR,15,"2026-07-16 00:13:45",90.3,0.644051,3.08231,4.6061,0.7180303,-0.11737273,0.582332,-0.117579,0.42763,0.28289,0.28947,200,100,fcr,7,152,10,1,random
516,IR,16,"2026-07-16 00:13:52",97,0.644824,3.08797,4.5758,0.72212121,-0.12515454,0.589881,-0.119055,0.42384,0.29139,0.28477,200,100,fcr,7,151,10,1,random
517,IR,17,"2026-07-16 00:13:59",103.7,0.644824,3.07647,4.5455,0.72484849,-0.12767576,0.600006,-0.122782,0.41333,0.3,0.28667,200,100,fcr,7,150,10,1,random
518,IR,18,"2026-07-16 00:14:05",110.4,0.648576,3.09977,4.5152,0.72712121,-0.12647273,0.608362,-0.122985,0.39597,0.32886,0.27517,200,100,fcr,7,149,10,1,random
519,IR,19,"2026-07-16 00:14:12",117.2,0.652942,3.13694,4.4848,0.73227273,-0.12526364,0.641237,-0.124399,0.37838,0.32432,0.2973,200,100,fcr,7,148,10,1,random
520,IR,20,"2026-07-16 00:14:19",124,0.655688,3.16346,4.4848,0.73318182,-0.12241515,0.605257,-0.119519,0.39189,0.32432,0.28378,200,100,fcr,7,148,10,1,random
521,AGR,1,"2026-07-16 00:14:28",7.6,0.573321,2.72528,5,0.52212121,0.08188182,0.409967,0.074976,0.52727,0.17576,0.29697,200,100,fcr,7,165,10,1,random
522,AGR,2,"2026-07-16 00:14:35",14.7,0.589548,2.8645,5,0.54075757,0.07475151,0.440994,0.072987,0.50303,0.20606,0.29091,200,100,fcr,7,165,10,1,random
523,AGR,3,"2026-07-16 00:14:42",21.9,0.609627,3.03982,5,0.57363636,0.05539091,0.485725,0.04653,0.46667,0.24848,0.28485,200,100,fcr,7,165,10,1,random
524,AGR,4,"2026-07-16 00:14:50",29,0.625927,3.21422,5,0.57484849,0.07455758,0.536313,0.072623,0.4303,0.26061,0.30909,200,100,fcr,7,165,10,1,random
525,AGR,5,"2026-07-16 00:14:58",37.9,0.638682,3.36832,4.9697,0.59590909,0.06673333,0.540281,0.059887,0.39634,0.29878,0.30488,200,100,fcr,7,164,10,1,random
526,AGR,6,"2026-07-16 00:15:06",45.4,0.652361,3.49597,4.9697,0.59348485,0.09419091,0.576727,0.082464,0.39024,0.29878,0.31098,200,100,fcr,7,164,10,1,random
527,AGR,7,"2026-07-16 00:15:15",54.7,0.666333,3.65727,4.9697,0.61924243,0.07172424,0.608611,0.063023,0.37195,0.32317,0.30488,200,100,fcr,7,164,10,1,random
528,AGR,8,"2026-07-16 00:15:24",63.8,0.679703,3.79252,4.9697,0.63727273,0.06823333,0.662051,0.055216,0.34146,0.36585,0.29268,200,100,fcr,7,164,10,1,random
529,AGR,9,"2026-07-16 00:15:34",73,0.690324,3.93664,4.9697,0.63621212,0.08339091,0.707825,0.0728,0.31098,0.40854,0.28049,200,100,fcr,7,164,10,1,random
530,AGR,10,"2026-07-16 00:15:43",82.4,0.699879,4.07263,4.9394,0.64439394,0.0812,0.756964,0.074638,0.29448,0.43558,0.26994,200,100,fcr,7,163,10,1,random
531,AGR,11,"2026-07-16 00:15:52",91.7,0.706776,4.16697,4.9394,0.64833333,0.07920606,0.819951,0.07979,0.28221,0.47853,0.23926,200,100,fcr,7,163,10,1,random
532,AGR,12,"2026-07-16 00:16:01",100.9,0.715688,4.27461,4.9394,0.65863636,0.07818485,0.908792,0.075354,0.2638,0.52761,0.20859,200,100,fcr,7,163,10,1,random
533,AGR,13,"2026-07-16 00:16:11",110.4,0.724879,4.37702,4.9394,0.67075757,0.08190909,1.0492,0.070268,0.23313,0.56442,0.20245,200,100,fcr,7,163,10,1,random
534,AGR,14,"2026-07-16 00:16:20",119.7,0.733458,4.49525,4.9394,0.68015151,0.07816364,1.08203,0.068671,0.18405,0.64417,0.17178,200,100,fcr,7,163,10,1,random
535,AGR,15,"2026-07-16 00:16:30",129,0.73913,4.56739,4.9394,0.68348485,0.07609394,1.11847,0.073067,0.16564,0.66258,0.17178,200,100,fcr,7,163,10,1,random
536,AGR,16,"2026-07-16 00:16:39",138.7,0.744833,4.64694,4.9394,0.69424243,0.07241212,1.16286,0.065532,0.1411,0.74847,0.11043,200,100,fcr,7,163,10,1,random
537,AGR,17,"2026-07-16 00:16:49",148.1,0.747715,4.6987,4.9394,0.69227272,0.07805758,1.33111,0.073503,0.1411,0.74233,0.11656,200,100,fcr,7,163,10,1,random
538,AGR,18,"2026-07-16 00:16:58",157.6,0.750421,4.75384,4.9394,0.68909091,0.08716364,1.40471,0.081128,0.09202,0.80982,0.09816,200,100,fcr,7,163,10,1,random
539,AGR,19,"2026-07-16 00:17:08",167.2,0.752133,4.78812,4.9394,0.68787879,0.09342121,1.33139,0.085462,0.07362,0.8589,0.06748,200,100,fcr,7,163,10,1,random
540,AGR,20,"2026-07-16 00:17:17",176.6,0.754427,4.81665,4.9394,0.70833333,0.06538182,1.42579,0.060692,0.06135,0.86503,0.07362,200,100,fcr,7,163,10,1,random
541,RANDOM,1,"2026-07-16 00:17:28",4.7,0.551233,2.55541,5,0.56106061,-0.01976364,0.366226,-0.015184,0.55758,0.16364,0.27879,200,100,fcr,7,165,10,1,random
542,RANDOM,2,"2026-07-16 00:17:32",9,0.548833,2.54986,4.9394,0.54666666,0.00960303,0.384781,0.009309,0.54601,0.17178,0.28221,200,100,fcr,7,163,10,1,random
543,RANDOM,3,"2026-07-16 00:17:36",13.4,0.547982,2.55419,4.8788,0.55560606,-0.01608788,0.393523,-0.010714,0.52795,0.18634,0.28571,200,100,fcr,7,161,10,1,random
544,RANDOM,4,"2026-07-16 00:17:41",17.8,0.54647,2.55195,4.8485,0.5530303,-0.01522424,0.383821,-0.008725,0.51875,0.2,0.28125,200,100,fcr,7,160,10,1,random
545,RANDOM,5,"2026-07-16 00:17:47",24,0.544206,2.53503,4.7576,0.54621212,-0.00939394,0.394929,0.000831,0.52866,0.18471,0.28662,200,100,fcr,7,157,10,1,random
546,RANDOM,6,"2026-07-16 00:17:51",28.5,0.540064,2.52919,4.697,0.54454545,-0.01053939,0.392566,-0.001853,0.53548,0.19355,0.27097,200,100,fcr,7,155,10,1,random
547,RANDOM,7,"2026-07-16 00:17:57",34.7,0.539936,2.53128,4.697,0.54530303,-0.01078788,0.427549,-0.006484,0.52903,0.19355,0.27742,200,100,fcr,7,155,10,1,random
548,RANDOM,8,"2026-07-16 00:18:04",40.8,0.540858,2.53523,4.6667,0.54045454,0.00081212,0.415624,0.001876,0.53247,0.18182,0.28571,200,100,fcr,7,154,10,1,random
549,RANDOM,9,"2026-07-16 00:18:10",47.2,0.543588,2.55805,4.6667,0.54181818,0.00462121,0.412342,0.002796,0.52597,0.18182,0.29221,200,100,fcr,7,154,10,1,random
550,RANDOM,10,"2026-07-16 00:18:17",53.7,0.545348,2.56766,4.6061,0.55227273,-0.00937273,0.407207,-0.012404,0.51316,0.19737,0.28947,200,100,fcr,7,152,10,1,random
551,RANDOM,11,"2026-07-16 00:18:23",60.2,0.547294,2.56272,4.4848,0.55060606,-0.00842424,0.413334,-0.005286,0.50676,0.19595,0.2973,200,100,fcr,7,148,10,1,random
552,RANDOM,12,"2026-07-16 00:18:29",66.7,0.544658,2.54692,4.4545,0.54121212,0.00545152,0.413114,0.011096,0.51701,0.18367,0.29932,200,100,fcr,7,147,10,1,random
553,RANDOM,13,"2026-07-16 00:18:36",72.9,0.545691,2.57214,4.4545,0.53772727,0.01608182,0.420333,0.016717,0.51701,0.18367,0.29932,200,100,fcr,7,147,10,1,random
554,RANDOM,14,"2026-07-16 00:18:42",79.3,0.547103,2.5803,4.4242,0.54106061,0.00900303,0.421867,0.012583,0.50685,0.19178,0.30137,200,100,fcr,7,146,10,1,random
555,RANDOM,15,"2026-07-16 00:18:48",85.7,0.546818,2.58058,4.4242,0.55560606,-0.01482727,0.423557,-0.012409,0.5,0.21233,0.28767,200,100,fcr,7,146,10,1,random
556,RANDOM,16,"2026-07-16 00:18:55",92.1,0.545645,2.58248,4.3333,0.55015151,-0.01254545,0.43476,-0.003967,0.48951,0.1958,0.31469,200,100,fcr,7,143,10,1,random
557,RANDOM,17,"2026-07-16 00:19:01",98.4,0.548661,2.58203,4.2727,0.54575758,0.00520606,0.414688,0.004864,0.48936,0.21277,0.29787,200,100,fcr,7,141,10,1,random
558,RANDOM,18,"2026-07-16 00:19:07",104.7,0.545915,2.56704,4.2727,0.54318182,0.00327879,0.435504,0.009405,0.51773,0.1773,0.30496,200,100,fcr,7,141,10,1,random
559,RANDOM,19,"2026-07-16 00:19:14",111.1,0.547221,2.57946,4.2727,0.54651515,-0.00298485,0.441482,0.002205,0.50355,0.1844,0.31206,200,100,fcr,7,141,10,1,random
560,RANDOM,20,"2026-07-16 00:19:20",117.4,0.548306,2.57466,4.2727,0.55030303,-0.00750909,0.417157,-0.003186,0.48936,0.20567,0.30496,200,100,fcr,7,141,10,1,random
561,OI,1,"2026-07-16 00:19:44",5.5,0.583464,2.78848,5.0909,0.58424243,0.00169394,0.442169,-0.024004,0.4881,0.22024,0.29167,200,100,fcr,8,168,10,1,random
562,OI,2,"2026-07-16 00:19:49",10.5,0.608067,2.99177,5.0606,0.60893939,-0.00060909,0.486467,-0.01879,0.46707,0.22156,0.31138,200,100,fcr,8,167,10,1,random
563,OI,3,"2026-07-16 00:19:54",15.5,0.632906,3.20501,5.0606,0.63863637,-0.00742424,0.507231,-0.025888,0.42515,0.25749,0.31737,200,100,fcr,8,167,10,1,random
564,OI,4,"2026-07-16 00:19:59",20.5,0.654506,3.40021,5.0606,0.65651515,-0.00337273,0.549648,-0.017189,0.37126,0.2994,0.32934,200,100,fcr,8,167,10,1,random
565,OI,5,"2026-07-16 00:20:05",26.6,0.672255,3.5795,5.0303,0.67424242,-0.00289697,0.582054,-0.013776,0.3494,0.3494,0.3012,200,100,fcr,8,166,10,1,random
566,OI,6,"2026-07-16 00:20:11",32.5,0.690542,3.75363,5.0303,0.69848485,-0.00934242,0.689814,-0.02286,0.30723,0.42771,0.26506,200,100,fcr,8,166,10,1,random
567,OI,7,"2026-07-16 00:20:18",39.6,0.70713,3.96629,5.0303,0.71151515,-0.00394849,0.7712,-0.015691,0.28916,0.46988,0.24096,200,100,fcr,8,166,10,1,random
568,OI,8,"2026-07-16 00:20:25",46.5,0.721021,4.12997,5.0303,0.72090909,-0.00064848,0.883305,-0.007404,0.25904,0.51807,0.22289,200,100,fcr,8,166,10,1,random
569,OI,9,"2026-07-16 00:20:32",53.6,0.733409,4.30878,5.0303,0.73924243,-0.00799697,0.952164,-0.014298,0.21687,0.57229,0.21084,200,100,fcr,8,166,10,1,random
570,OI,10,"2026-07-16 00:20:39",60.9,0.742685,4.4594,5.0303,0.76060605,-0.02522727,1.01018,-0.028527,0.18675,0.64458,0.16867,200,100,fcr,8,166,10,1,random
571,OI,11,"2026-07-16 00:20:47",68.1,0.749733,4.59297,5.0303,0.75484848,-0.00719394,1.14329,-0.009597,0.15663,0.69277,0.1506,200,100,fcr,8,166,10,1,random
572,OI,12,"2026-07-16 00:20:54",75.1,0.754691,4.6897,5.0303,0.7589394,-0.00604242,1.21705,-0.0071,0.12651,0.73494,0.13855,200,100,fcr,8,166,10,1,random
573,OI,13,"2026-07-16 00:21:01",82.2,0.758867,4.79166,5.0303,0.75454545,0.00454545,1.28591,0.004468,0.09036,0.83133,0.07831,200,100,fcr,8,166,10,1,random
574,OI,14,"2026-07-16 00:21:08",89.5,0.761158,4.84326,5.0303,0.75757575,0.00490909,1.64453,0.004792,0.06627,0.85542,0.07831,200,100,fcr,8,166,10,1,random
575,OI,15,"2026-07-16 00:21:15",96.6,0.763418,4.8936,5.0303,0.76181819,0.00317273,1.43407,0.002119,0.07229,0.89759,0.03012,200,100,fcr,8,166,10,1,random
576,OI,16,"2026-07-16 00:21:22",103.6,0.764336,4.91142,5.0303,0.76378788,0.00085758,3.18055,0.001544,0.05422,0.89759,0.04819,200,100,fcr,8,166,10,1,random
577,OI,17,"2026-07-16 00:21:30",111.1,0.765773,4.94202,5.0303,0.76651515,-0.00160303,2.27692,-0.000429,0.01205,0.96386,0.0241,200,100,fcr,8,166,10,1,random
578,OI,18,"2026-07-16 00:21:37",118.2,0.764952,4.91243,5.0303,0.77393939,-0.01257273,1.71719,-0.009728,0.04819,0.90361,0.04819,200,100,fcr,8,166,10,1,random
579,OI,19,"2026-07-16 00:21:44",125.3,0.765533,4.93735,5.0303,0.76924242,-0.00325758,2.36726,-0.003715,0.03614,0.92771,0.03614,200,100,fcr,8,166,10,1,random
580,OI,20,"2026-07-16 00:21:51",132.5,0.765642,4.94501,5.0303,0.77227273,-0.00760303,2.47996,-0.007229,0.0241,0.95181,0.0241,200,100,fcr,8,166,10,1,random
581,IR,1,"2026-07-16 00:22:02",4.9,0.564058,2.62407,5.0909,0.63136364,-0.11441212,0.394972,-0.127613,0.52381,0.18452,0.29167,200,100,fcr,8,168,10,1,random
582,IR,2,"2026-07-16 00:22:07",9.5,0.573733,2.67721,4.9697,0.64378788,-0.12067273,0.386928,-0.130011,0.52439,0.15854,0.31707,200,100,fcr,8,164,10,1,random
583,IR,3,"2026-07-16 00:22:11",14,0.584112,2.7463,4.9091,0.65409091,-0.11799091,0.380796,-0.128123,0.51235,0.18519,0.30247,200,100,fcr,8,162,10,1,random
584,IR,4,"2026-07-16 00:22:16",18.5,0.592858,2.81377,4.8788,0.65818182,-0.10741515,0.422938,-0.116641,0.49689,0.19876,0.30435,200,100,fcr,8,161,10,1,random
585,IR,5,"2026-07-16 00:22:22",24.8,0.599906,2.85895,4.8485,0.66772727,-0.11087576,0.436725,-0.117975,0.48125,0.2125,0.30625,200,100,fcr,8,160,10,1,random
586,IR,6,"2026-07-16 00:22:27",29.5,0.605542,2.89788,4.7576,0.67969697,-0.12210909,0.449739,-0.126294,0.48408,0.19108,0.32484,200,100,fcr,8,157,10,1,random
587,IR,7,"2026-07-16 00:22:33",35.8,0.608297,2.92485,4.7273,0.68727272,-0.12598485,0.429043,-0.131038,0.48077,0.20513,0.3141,200,100,fcr,8,156,10,1,random
588,IR,8,"2026-07-16 00:22:39",42.2,0.611739,2.95684,4.7273,0.69136364,-0.13274545,0.464687,-0.131982,0.45513,0.23077,0.3141,200,100,fcr,8,156,10,1,random
589,IR,9,"2026-07-16 00:22:46",48.9,0.617124,2.96694,4.697,0.6880303,-0.11868788,0.456016,-0.1186,0.46452,0.20645,0.32903,200,100,fcr,8,155,10,1,random
590,IR,10,"2026-07-16 00:22:53",55.8,0.622276,2.98465,4.6667,0.69742424,-0.12382727,0.449218,-0.124373,0.46753,0.21429,0.31818,200,100,fcr,8,154,10,1,random
591,IR,11,"2026-07-16 00:23:00",62.5,0.628809,3.01972,4.6061,0.70060607,-0.11397273,0.493974,-0.118852,0.44079,0.23026,0.32895,200,100,fcr,8,152,10,1,random
592,IR,12,"2026-07-16 00:23:06",69.2,0.635906,3.08148,4.5758,0.71151515,-0.12008788,0.481213,-0.124135,0.43046,0.22517,0.34437,200,100,fcr,8,151,10,1,random
593,IR,13,"2026-07-16 00:23:13",75.8,0.639127,3.10016,4.5758,0.71166667,-0.11673333,0.473012,-0.115326,0.44371,0.19205,0.36424,200,100,fcr,8,151,10,1,random
594,IR,14,"2026-07-16 00:23:20",82.5,0.6431,3.10868,4.5455,0.72136364,-0.12455152,0.456322,-0.123678,0.44,0.20667,0.35333,200,100,fcr,8,150,10,1,random
595,IR,15,"2026-07-16 00:23:26",89.2,0.646273,3.12752,4.5455,0.71818182,-0.1150697,0.497569,-0.11284,0.42667,0.21333,0.36,200,100,fcr,8,150,10,1,random
596,IR,16,"2026-07-16 00:23:33",95.9,0.6493,3.14766,4.5455,0.72818182,-0.12306061,0.474632,-0.122926,0.43333,0.2,0.36667,200,100,fcr,8,150,10,1,random
597,IR,17,"2026-07-16 00:23:40",102.6,0.6526,3.17967,4.5455,0.73393939,-0.12719697,0.482509,-0.126645,0.44,0.19333,0.36667,200,100,fcr,8,150,10,1,random
598,IR,18,"2026-07-16 00:23:47",109.3,0.653927,3.18819,4.5455,0.74015152,-0.13603939,0.483021,-0.131603,0.41333,0.23333,0.35333,200,100,fcr,8,150,10,1,random
599,IR,19,"2026-07-16 00:23:53",116,0.657433,3.20727,4.5455,0.74227273,-0.13292424,0.505363,-0.131036,0.41333,0.24,0.34667,200,100,fcr,8,150,10,1,random
600,IR,20,"2026-07-16 00:24:00",122.7,0.660127,3.21232,4.5455,0.7480303,-0.13858788,0.52006,-0.134157,0.40667,0.25333,0.34,200,100,fcr,8,150,10,1,random
601,AGR,1,"2026-07-16 00:24:15",7.7,0.572033,2.72801,5.0303,0.5280303,0.06526667,0.412461,0.066072,0.53012,0.1747,0.29518,200,100,fcr,8,166,10,1,random
602,AGR,2,"2026-07-16 00:24:22",14.9,0.590682,2.91119,5,0.55590909,0.05399697,0.446238,0.047047,0.47273,0.23636,0.29091,200,100,fcr,8,165,10,1,random
603,AGR,3,"2026-07-16 00:24:29",22.1,0.6087,3.08504,4.9394,0.56727273,0.06170909,0.480689,0.056947,0.44785,0.23926,0.31288,200,100,fcr,8,163,10,1,random
604,AGR,4,"2026-07-16 00:24:36",29.3,0.621085,3.20841,4.8788,0.57318182,0.07904545,0.47188,0.069766,0.42236,0.22981,0.34783,200,100,fcr,8,161,10,1,random
605,AGR,5,"2026-07-16 00:24:45",38.3,0.635588,3.34773,4.8788,0.59287879,0.06584849,0.460174,0.058734,0.39752,0.28571,0.31677,200,100,fcr,8,161,10,1,random
606,AGR,6,"2026-07-16 00:24:53",45.8,0.650827,3.50469,4.8788,0.59742424,0.07974242,0.527928,0.073135,0.37267,0.28571,0.34161,200,100,fcr,8,161,10,1,random
607,AGR,7,"2026-07-16 00:25:02",55,0.664,3.61372,4.8485,0.6190909,0.06569091,0.530528,0.060277,0.35625,0.325,0.31875,200,100,fcr,8,160,10,1,random
608,AGR,8,"2026-07-16 00:25:12",64.5,0.675306,3.72271,4.8485,0.63893939,0.05036667,0.597861,0.047778,0.34375,0.3375,0.31875,200,100,fcr,8,160,10,1,random
609,AGR,9,"2026-07-16 00:25:21",74.1,0.686158,3.86455,4.8485,0.63863636,0.06957879,0.643936,0.06313,0.29375,0.41875,0.2875,200,100,fcr,8,160,10,1,random
610,AGR,10,"2026-07-16 00:25:31",83.7,0.697976,3.98529,4.8485,0.64363636,0.08055151,0.718363,0.071731,0.275,0.4375,0.2875,200,100,fcr,8,160,10,1,random
611,AGR,11,"2026-07-16 00:25:40",93.3,0.705261,4.09959,4.8485,0.65515151,0.07458485,0.767229,0.067571,0.2625,0.475,0.2625,200,100,fcr,8,160,10,1,random
612,AGR,12,"2026-07-16 00:25:50",102.7,0.712718,4.19229,4.8485,0.65484848,0.08761515,0.824802,0.07753,0.25,0.5125,0.2375,200,100,fcr,8,160,10,1,random
613,AGR,13,"2026-07-16 00:25:59",112.3,0.719555,4.30152,4.8485,0.67136364,0.06982424,0.912613,0.064306,0.21875,0.575,0.20625,200,100,fcr,8,160,10,1,random
614,AGR,14,"2026-07-16 00:26:09",121.9,0.727279,4.38969,4.8485,0.68878788,0.0582,0.987915,0.049185,0.20625,0.6125,0.18125,200,100,fcr,8,160,10,1,random
615,AGR,15,"2026-07-16 00:26:19",131.9,0.733142,4.46491,4.8485,0.68060606,0.07643939,1.06459,0.069536,0.1875,0.65,0.1625,200,100,fcr,8,160,10,1,random
616,AGR,16,"2026-07-16 00:26:29",141.6,0.738015,4.54147,4.8485,0.68363637,0.07694848,1.16628,0.071844,0.1375,0.75,0.1125,200,100,fcr,8,160,10,1,random
617,AGR,17,"2026-07-16 00:26:38",150.9,0.741679,4.58097,4.8485,0.68378788,0.0762697,1.21426,0.076743,0.13125,0.78125,0.0875,200,100,fcr,8,160,10,1,random
618,AGR,18,"2026-07-16 00:26:47",160.4,0.746751,4.63167,4.8485,0.68166667,0.09168182,1.40594,0.085288,0.0875,0.81875,0.09375,200,100,fcr,8,160,10,1,random
619,AGR,19,"2026-07-16 00:26:57",169.8,0.748973,4.67038,4.8485,0.6889394,0.08194848,1.23461,0.079681,0.08125,0.84375,0.075,200,100,fcr,8,160,10,1,random
620,AGR,20,"2026-07-16 00:27:06",179.4,0.751385,4.70693,4.8485,0.69166667,0.08365152,1.44877,0.078798,0.0625,0.875,0.0625,200,100,fcr,8,160,10,1,random
621,RANDOM,1,"2026-07-16 00:27:18",5,0.551627,2.5626,4.9394,0.55757576,-0.01094545,0.371914,-0.007036,0.52761,0.18405,0.28834,200,100,fcr,8,163,10,1,random
622,RANDOM,2,"2026-07-16 00:27:23",9.5,0.556124,2.58252,4.8485,0.55969697,-0.00965152,0.385609,-0.008683,0.525,0.175,0.3,200,100,fcr,8,160,10,1,random
623,RANDOM,3,"2026-07-16 00:27:27",14.1,0.55097,2.55749,4.7576,0.56075758,-0.01853636,0.3741,-0.010516,0.5414,0.15287,0.30573,200,100,fcr,8,157,10,1,random
624,RANDOM,4,"2026-07-16 00:27:32",18.6,0.548682,2.53733,4.5455,0.55393939,-0.00852121,0.378403,-0.005512,0.5,0.23333,0.26667,200,100,fcr,8,150,10,1,random
625,RANDOM,5,"2026-07-16 00:27:38",25,0.550861,2.5441,4.4848,0.5519697,-0.00172424,0.468899,-0.001468,0.5,0.22297,0.27703,200,100,fcr,8,148,10,1,random
626,RANDOM,6,"2026-07-16 00:27:43",29.7,0.553285,2.55231,4.4242,0.55242424,0.00480909,0.469264,0.001917,0.4863,0.24658,0.26712,200,100,fcr,8,146,10,1,random
627,RANDOM,7,"2026-07-16 00:27:49",36,0.550567,2.55314,4.4242,0.5530303,-0.00544848,0.480901,0.000468,0.49315,0.24658,0.26027,200,100,fcr,8,146,10,1,random
628,RANDOM,8,"2026-07-16 00:27:56",42.3,0.547627,2.54931,4.4242,0.5539394,-0.01058485,0.496433,-0.006784,0.5,0.21918,0.28082,200,100,fcr,8,146,10,1,random
629,RANDOM,9,"2026-07-16 00:28:02",48.6,0.547858,2.55184,4.3636,0.55287879,-0.00428182,0.469018,-0.006385,0.49306,0.22222,0.28472,200,100,fcr,8,144,10,1,random
630,RANDOM,10,"2026-07-16 00:28:08",55.2,0.546876,2.54565,4.3636,0.54318181,0.00417879,0.458627,0.010067,0.51389,0.20833,0.27778,200,100,fcr,8,144,10,1,random
631,RANDOM,11,"2026-07-16 00:28:15",61.8,0.543352,2.5161,4.303,0.5430303,0.00471818,0.464666,0.00597,0.5,0.23239,0.26761,200,100,fcr,8,142,10,1,random
632,RANDOM,12,"2026-07-16 00:28:22",68.3,0.540239,2.4874,4.303,0.54333333,-0.00332424,0.482823,-0.000347,0.5,0.22535,0.27465,200,100,fcr,8,142,10,1,random
633,RANDOM,13,"2026-07-16 00:28:28",74.8,0.540482,2.49567,4.303,0.53757576,0.00269697,0.472114,0.007598,0.49296,0.22535,0.28169,200,100,fcr,8,142,10,1,random
634,RANDOM,14,"2026-07-16 00:28:35",81.2,0.539597,2.49256,4.2727,0.53787879,0.00021515,0.463057,0.006222,0.51064,0.19149,0.29787,200,100,fcr,8,141,10,1,random
635,RANDOM,15,"2026-07-16 00:28:41",87.8,0.540773,2.48426,4.2121,0.54030303,0.00735455,0.449038,0.001242,0.52518,0.17266,0.30216,200,100,fcr,8,139,10,1,random
636,RANDOM,16,"2026-07-16 00:28:48",94.4,0.537164,2.45548,4.2121,0.54469697,-0.01428485,0.44282,-0.007735,0.53237,0.16547,0.30216,200,100,fcr,8,139,10,1,random
637,RANDOM,17,"2026-07-16 00:28:54",101,0.533848,2.44487,4.1818,0.53439394,0.00699091,0.448946,0.004392,0.51449,0.18841,0.2971,200,100,fcr,8,138,10,1,random
638,RANDOM,18,"2026-07-16 00:29:01",107.6,0.531985,2.44128,4.1818,0.52984848,-0.00088788,0.450836,0.009055,0.50725,0.19565,0.2971,200,100,fcr,8,138,10,1,random
639,RANDOM,19,"2026-07-16 00:29:08",114.3,0.528252,2.42504,4.1818,0.52909091,0.00302727,0.440645,0.004153,0.51449,0.19565,0.28986,200,100,fcr,8,138,10,1,random
640,RANDOM,20,"2026-07-16 00:29:14",121,0.524803,2.40139,4.1818,0.53272727,-0.00986667,0.448459,-0.008984,0.52174,0.17391,0.30435,200,100,fcr,8,138,10,1,random
641,OI,1,"2026-07-16 00:29:34",5.4,0.58583,2.77405,5.0303,0.58393939,0.00059091,0.460253,-0.020513,0.50602,0.20482,0.28916,200,100,fcr,9,166,10,1,random
642,OI,2,"2026-07-16 00:29:39",10.5,0.611648,2.97473,4.9697,0.61606061,-0.00473333,0.493529,-0.0258,0.45732,0.2561,0.28659,200,100,fcr,9,164,10,1,random
643,OI,3,"2026-07-16 00:29:44",15.5,0.635403,3.17961,4.9394,0.64681818,-0.01876667,0.545671,-0.034146,0.42331,0.28221,0.29448,200,100,fcr,9,163,10,1,random
644,OI,4,"2026-07-16 00:29:49",20.5,0.653294,3.35404,4.9394,0.65681818,-0.00261212,0.594106,-0.01663,0.39877,0.31288,0.28834,200,100,fcr,9,163,10,1,random
645,OI,5,"2026-07-16 00:29:56",27.3,0.673045,3.5679,4.9394,0.66636364,0.01304242,0.680036,-0.001844,0.36196,0.3681,0.26994,200,100,fcr,9,163,10,1,random
646,OI,6,"2026-07-16 00:30:01",32.5,0.689376,3.75575,4.9394,0.70242424,-0.01808788,0.788044,-0.028288,0.33742,0.33129,0.33129,200,100,fcr,9,163,10,1,random
647,OI,7,"2026-07-16 00:30:10",40.7,0.701279,3.89612,4.9394,0.70818181,-0.00932424,0.697024,-0.016336,0.28221,0.45399,0.2638,200,100,fcr,9,163,10,1,random
648,OI,8,"2026-07-16 00:30:17",48.1,0.713903,4.06156,4.9394,0.71787879,-0.00475758,0.846101,-0.012266,0.23926,0.53374,0.22699,200,100,fcr,9,163,10,1,random
649,OI,9,"2026-07-16 00:30:24",55.2,0.723973,4.20775,4.9394,0.72757576,-0.00483636,0.912639,-0.009718,0.19632,0.57669,0.22699,200,100,fcr,9,163,10,1,random
650,OI,10,"2026-07-16 00:30:31",62.4,0.732194,4.35349,4.9394,0.73060606,0.00515152,0.887253,-0.001298,0.15337,0.66871,0.17791,200,100,fcr,9,163,10,1,random
651,OI,11,"2026-07-16 00:30:38",69.5,0.738418,4.45645,4.9394,0.74287879,-0.0058303,0.989547,-0.008795,0.12883,0.71166,0.15951,200,100,fcr,9,163,10,1,random
652,OI,12,"2026-07-16 00:30:46",76.7,0.743364,4.57292,4.9394,0.74833333,-0.0095697,1.04071,-0.008261,0.13497,0.74233,0.1227,200,100,fcr,9,163,10,1,random
653,OI,13,"2026-07-16 00:30:53",83.8,0.747088,4.65238,4.9394,0.7439394,0.00536364,1.36215,0.003488,0.09202,0.78528,0.1227,200,100,fcr,9,163,10,1,random
654,OI,14,"2026-07-16 00:31:00",91,0.750597,4.7151,4.9394,0.75893939,-0.01314545,1.17287,-0.011818,0.07362,0.85276,0.07362,200,100,fcr,9,163,10,1,random
655,OI,15,"2026-07-16 00:31:07",98.1,0.752882,4.75229,4.9394,0.76121212,-0.01443939,1.61922,-0.010903,0.08589,0.85276,0.06135,200,100,fcr,9,163,10,1,random
656,OI,16,"2026-07-16 00:31:14",105.2,0.754452,4.78313,4.9394,0.76136363,-0.01059697,2.11204,-0.008526,0.05521,0.90184,0.04294,200,100,fcr,9,163,10,1,random
657,OI,17,"2026-07-16 00:31:21",112.4,0.754912,4.80658,4.9394,0.76121212,-0.01047273,2.25943,-0.007295,0.04294,0.92638,0.03067,200,100,fcr,9,163,10,1,random
658,OI,18,"2026-07-16 00:31:28",119.6,0.755224,4.81406,4.9394,0.76272727,-0.00915152,2.63921,-0.008858,0.04294,0.90184,0.05521,200,100,fcr,9,163,10,1,random
659,OI,19,"2026-07-16 00:31:36",127.2,0.756303,4.83303,4.9394,0.76030303,-0.00607576,1.60058,-0.004435,0.04294,0.92025,0.03681,200,100,fcr,9,163,10,1,random
660,OI,20,"2026-07-16 00:31:43",134.5,0.756239,4.84192,4.9394,0.75181818,0.00673636,2.27872,0.007054,0.04294,0.93252,0.02454,200,100,fcr,9,163,10,1,random
661,IR,1,"2026-07-16 00:31:52",5,0.562849,2.60081,5.0303,0.62924242,-0.11192121,0.407182,-0.124946,0.51807,0.1988,0.28313,200,100,fcr,9,166,10,1,random
662,IR,2,"2026-07-16 00:31:57",9.5,0.573836,2.66713,5,0.65,-0.12597576,0.406688,-0.141927,0.51515,0.18182,0.30303,200,100,fcr,9,165,10,1,random
663,IR,3,"2026-07-16 00:32:02",14,0.580067,2.69405,4.9091,0.65484848,-0.12672424,0.393108,-0.133079,0.5,0.19753,0.30247,200,100,fcr,9,162,10,1,random
664,IR,4,"2026-07-16 00:32:06",18.4,0.589467,2.74078,4.8788,0.65984849,-0.11922424,0.404652,-0.126839,0.47826,0.21739,0.30435,200,100,fcr,9,161,10,1,random
665,IR,5,"2026-07-16 00:32:12",24.7,0.594655,2.77032,4.8182,0.66621212,-0.12018182,0.413779,-0.123214,0.50314,0.18868,0.30818,200,100,fcr,9,159,10,1,random
666,IR,6,"2026-07-16 00:32:17",29.3,0.601021,2.82005,4.7879,0.675,-0.11963333,0.440956,-0.127365,0.47468,0.20253,0.32278,200,100,fcr,9,158,10,1,random
667,IR,7,"2026-07-16 00:32:23",35.8,0.606315,2.8407,4.7273,0.68121212,-0.12441212,0.414208,-0.127063,0.48718,0.19872,0.3141,200,100,fcr,9,156,10,1,random
668,IR,8,"2026-07-16 00:32:30",42.1,0.611367,2.86027,4.6667,0.68848485,-0.12717879,0.446783,-0.129311,0.46104,0.22727,0.31169,200,100,fcr,9,154,10,1,random
669,IR,9,"2026-07-16 00:32:36",48.7,0.617145,2.88838,4.6061,0.69530304,-0.12860909,0.473885,-0.130445,0.46711,0.23026,0.30263,200,100,fcr,9,152,10,1,random
670,IR,10,"2026-07-16 00:32:43",55.1,0.620636,2.92282,4.6061,0.70424242,-0.13828788,0.5117,-0.136406,0.45395,0.24342,0.30263,200,100,fcr,9,152,10,1,random
671,IR,11,"2026-07-16 00:32:49",61.8,0.62607,2.96208,4.6061,0.70757576,-0.13154545,0.531841,-0.133341,0.43421,0.26974,0.29605,200,100,fcr,9,152,10,1,random
672,IR,12,"2026-07-16 00:32:56",68.4,0.632736,3.03035,4.6061,0.71106061,-0.12512727,0.547075,-0.128584,0.44079,0.26316,0.29605,200,100,fcr,9,152,10,1,random
673,IR,13,"2026-07-16 00:33:02",74.9,0.636827,3.05622,4.6061,0.71681818,-0.12735152,0.55234,-0.1281,0.42105,0.25658,0.32237,200,100,fcr,9,152,10,1,random
674,IR,14,"2026-07-16 00:33:09",81.4,0.640136,3.07294,4.6061,0.71757576,-0.12512424,0.51069,-0.122815,0.42105,0.28289,0.29605,200,100,fcr,9,152,10,1,random
675,IR,15,"2026-07-16 00:33:15",88,0.644809,3.10139,4.6061,0.72227273,-0.12288182,0.573208,-0.122749,0.42763,0.25658,0.31579,200,100,fcr,9,152,10,1,random
676,IR,16,"2026-07-16 00:33:22",94.6,0.649806,3.13841,4.5758,0.73060606,-0.12991515,0.538001,-0.127831,0.44371,0.24503,0.31126,200,100,fcr,9,151,10,1,random
677,IR,17,"2026-07-16 00:33:29",101.2,0.653776,3.15726,4.5758,0.72242424,-0.10769091,0.577107,-0.107329,0.44371,0.24503,0.31126,200,100,fcr,9,151,10,1,random
678,IR,18,"2026-07-16 00:33:35",107.8,0.655912,3.16963,4.5758,0.72621212,-0.11181515,0.581233,-0.107626,0.44371,0.23841,0.31788,200,100,fcr,9,151,10,1,random
679,IR,19,"2026-07-16 00:33:42",114.4,0.657645,3.18046,4.5455,0.73515151,-0.12367576,0.583485,-0.118173,0.43333,0.24667,0.32,200,100,fcr,9,150,10,1,random
680,IR,20,"2026-07-16 00:33:49",121.1,0.66037,3.19733,4.5455,0.74272727,-0.12759394,0.571685,-0.125551,0.42,0.26667,0.31333,200,100,fcr,9,150,10,1,random
681,AGR,1,"2026-07-16 00:33:57",7.7,0.57243,2.69325,5.0303,0.51651515,0.0907303,0.427549,0.086389,0.51205,0.20482,0.28313,200,100,fcr,9,166,10,1,random
682,AGR,2,"2026-07-16 00:34:05",15,0.591103,2.82695,4.9394,0.55666667,0.05932121,0.444759,0.04703,0.49693,0.22086,0.28221,200,100,fcr,9,163,10,1,random
683,AGR,3,"2026-07-16 00:34:12",22.4,0.607548,2.97101,4.9394,0.55818182,0.07971212,0.499377,0.071454,0.47853,0.22699,0.29448,200,100,fcr,9,163,10,1,random
684,AGR,4,"2026-07-16 00:34:19",29.8,0.626224,3.13046,4.9091,0.57742424,0.07299394,0.5348,0.066319,0.45062,0.24691,0.30247,200,100,fcr,9,162,10,1,random
685,AGR,5,"2026-07-16 00:34:29",39.1,0.643955,3.30897,4.8788,0.60181818,0.06885758,0.564186,0.05516,0.40994,0.26708,0.32298,200,100,fcr,9,161,10,1,random
686,AGR,6,"2026-07-16 00:34:36",46.6,0.656603,3.47022,4.8485,0.59666667,0.09619394,0.55073,0.084493,0.36875,0.3,0.33125,200,100,fcr,9,160,10,1,random
687,AGR,7,"2026-07-16 00:34:45",55.8,0.670021,3.61892,4.8485,0.61863636,0.07685455,0.564066,0.069172,0.35,0.33125,0.31875,200,100,fcr,9,160,10,1,random
688,AGR,8,"2026-07-16 00:34:55",65.2,0.680324,3.76415,4.8485,0.63545455,0.06986667,0.612476,0.060812,0.325,0.35,0.325,200,100,fcr,9,160,10,1,random
689,AGR,9,"2026-07-16 00:35:04",74.6,0.689649,3.88792,4.8485,0.64575757,0.06429394,0.637338,0.058944,0.30625,0.4,0.29375,200,100,fcr,9,160,10,1,random
690,AGR,10,"2026-07-16 00:35:14",84.4,0.697942,3.98743,4.8485,0.62893939,0.10229697,0.718226,0.094794,0.275,0.4625,0.2625,200,100,fcr,9,160,10,1,random
691,AGR,11,"2026-07-16 00:35:24",94,0.706433,4.08583,4.8485,0.66212121,0.06139091,0.792165,0.058261,0.2625,0.48125,0.25625,200,100,fcr,9,160,10,1,random
692,AGR,12,"2026-07-16 00:35:33",103.7,0.714082,4.19303,4.8485,0.65969697,0.08008182,0.838878,0.072576,0.2375,0.5375,0.225,200,100,fcr,9,160,10,1,random
693,AGR,13,"2026-07-16 00:35:43",113.4,0.721082,4.28479,4.8485,0.67727273,0.06330303,0.910367,0.057349,0.21875,0.56875,0.2125,200,100,fcr,9,160,10,1,random
694,AGR,14,"2026-07-16 00:35:53",123.1,0.727552,4.36541,4.8485,0.67590909,0.07700606,0.962273,0.068112,0.175,0.63125,0.19375,200,100,fcr,9,160,10,1,random
695,AGR,15,"2026-07-16 00:36:02",132.5,0.732891,4.45043,4.8485,0.67348484,0.08772121,0.981197,0.078827,0.16875,0.66875,0.1625,200,100,fcr,9,160,10,1,random
696,AGR,16,"2026-07-16 00:36:12",142.1,0.737127,4.507,4.8485,0.67651515,0.08675455,1.13167,0.080846,0.11875,0.7375,0.14375,200,100,fcr,9,160,10,1,random
697,AGR,17,"2026-07-16 00:36:22",152.4,0.741342,4.56964,4.8485,0.68833334,0.07370606,1.06334,0.069711,0.11875,0.775,0.10625,200,100,fcr,9,160,10,1,random
698,AGR,18,"2026-07-16 00:36:32",162.2,0.744949,4.62828,4.8485,0.68757576,0.08056364,1.32072,0.076051,0.0875,0.8375,0.075,200,100,fcr,9,160,10,1,random
699,AGR,19,"2026-07-16 00:36:41",171.8,0.749094,4.67869,4.8485,0.69621212,0.07424545,1.44188,0.069157,0.08125,0.86875,0.05,200,100,fcr,9,160,10,1,random
700,AGR,20,"2026-07-16 00:36:51",181.6,0.751173,4.71633,4.8485,0.68954545,0.08546667,1.75364,0.081641,0.08125,0.88125,0.0375,200,100,fcr,9,160,10,1,random
701,RANDOM,1,"2026-07-16 00:37:02",4.9,0.553918,2.54811,4.9697,0.55287879,0.00114848,0.390422,0.003797,0.54878,0.18293,0.26829,200,100,fcr,9,164,10,1,random
702,RANDOM,2,"2026-07-16 00:37:06",9.5,0.555027,2.56102,4.8788,0.55030303,0.00460909,0.413305,0.010131,0.54658,0.1677,0.28571,200,100,fcr,9,161,10,1,random
703,RANDOM,3,"2026-07-16 00:37:11",14.1,0.552594,2.55517,4.8182,0.54409091,0.01730303,0.397808,0.020064,0.54717,0.16352,0.28931,200,100,fcr,9,159,10,1,random
704,RANDOM,4,"2026-07-16 00:37:15",18.6,0.549509,2.54998,4.7576,0.55621212,-0.00942727,0.401415,-0.006703,0.53503,0.16561,0.29936,200,100,fcr,9,157,10,1,random
705,RANDOM,5,"2026-07-16 00:37:22",24.9,0.547733,2.54831,4.7273,0.5539394,-0.00954242,0.37914,-0.007308,0.53205,0.16667,0.30128,200,100,fcr,9,156,10,1,random
706,RANDOM,6,"2026-07-16 00:37:26",29.5,0.545203,2.53394,4.7273,0.54954545,-0.00431515,0.376539,-0.003145,0.53846,0.15385,0.30769,200,100,fcr,9,156,10,1,random
707,RANDOM,7,"2026-07-16 00:37:33",36,0.544021,2.53968,4.6364,0.54893939,-0.00342727,0.361682,-0.004962,0.54902,0.15686,0.29412,200,100,fcr,9,153,10,1,random
708,RANDOM,8,"2026-07-16 00:37:39",42.5,0.544227,2.52329,4.5758,0.55424243,-0.02080606,0.38305,-0.015535,0.5298,0.17881,0.29139,200,100,fcr,9,151,10,1,random
709,RANDOM,9,"2026-07-16 00:37:46",49.1,0.543558,2.51468,4.5455,0.53863636,0.00922727,0.417642,0.011647,0.52,0.18667,0.29333,200,100,fcr,9,150,10,1,random
710,RANDOM,10,"2026-07-16 00:37:52",55.6,0.545345,2.51949,4.4848,0.55,-0.00460909,0.418143,-0.008055,0.52027,0.18919,0.29054,200,100,fcr,9,148,10,1,random
711,RANDOM,11,"2026-07-16 00:37:59",62.2,0.544715,2.52245,4.4242,0.54045454,0.00891818,0.428482,0.010146,0.5137,0.18493,0.30137,200,100,fcr,9,146,10,1,random
712,RANDOM,12,"2026-07-16 00:38:06",68.7,0.54273,2.51821,4.3939,0.54090909,0.00270909,0.422484,0.007285,0.51034,0.18621,0.30345,200,100,fcr,9,145,10,1,random
713,RANDOM,13,"2026-07-16 00:38:12",75.3,0.545103,2.51325,4.3636,0.54287878,0.01063636,0.422988,0.003421,0.5,0.21528,0.28472,200,100,fcr,9,144,10,1,random
714,RANDOM,14,"2026-07-16 00:38:19",82,0.543994,2.50693,4.3333,0.5469697,-0.00943939,0.442514,-0.002887,0.51049,0.1958,0.29371,200,100,fcr,9,143,10,1,random
715,RANDOM,15,"2026-07-16 00:38:26",88.7,0.544439,2.49443,4.303,0.54712121,-0.00552424,0.433416,-0.002582,0.51408,0.19718,0.28873,200,100,fcr,9,142,10,1,random
716,RANDOM,16,"2026-07-16 00:38:32",95.4,0.545982,2.50235,4.303,0.55121213,-0.00735758,0.447898,-0.008417,0.50704,0.19718,0.29577,200,100,fcr,9,142,10,1,random
717,RANDOM,17,"2026-07-16 00:38:39",102.1,0.543824,2.48497,4.2727,0.53848485,0.00706667,0.431256,0.0149,0.50355,0.19858,0.29787,200,100,fcr,9,141,10,1,random
718,RANDOM,18,"2026-07-16 00:38:46",108.7,0.544467,2.48527,4.2727,0.54818181,-0.00593939,0.425608,-0.004543,0.51064,0.19149,0.29787,200,100,fcr,9,141,10,1,random
719,RANDOM,19,"2026-07-16 00:38:52",115.5,0.546712,2.49996,4.2727,0.53590909,0.02118182,0.433157,0.019853,0.51064,0.19858,0.29078,200,100,fcr,9,141,10,1,random
720,RANDOM,20,"2026-07-16 00:38:59",122.2,0.545936,2.48671,4.2424,0.55651515,-0.01966667,0.443664,-0.016896,0.51429,0.18571,0.3,200,100,fcr,9,140,10,1,random
721,OI,1,"2026-07-16 00:39:19",5.4,0.5841,2.78211,5.0606,0.59257576,-0.01501515,0.471021,-0.038314,0.49701,0.21557,0.28743,200,100,fcr,10,167,10,1,random
722,OI,2,"2026-07-16 00:39:24",10.3,0.609664,2.9777,5,0.60363636,0.00935152,0.483891,-0.008137,0.47273,0.2303,0.29697,200,100,fcr,10,165,10,1,random
723,OI,3,"2026-07-16 00:39:29",15.4,0.6342,3.19125,4.9697,0.63287879,-0.00004242,0.544932,-0.014595,0.41463,0.28659,0.29878,200,100,fcr,10,164,10,1,random
724,OI,4,"2026-07-16 00:39:34",20.3,0.655594,3.39422,4.9091,0.65757576,-0.00162424,0.585759,-0.016679,0.37037,0.33333,0.2963,200,100,fcr,10,162,10,1,random
725,OI,5,"2026-07-16 00:39:41",27,0.675839,3.59115,4.9091,0.67681818,-0.00119697,0.65185,-0.013701,0.33951,0.3642,0.2963,200,100,fcr,10,162,10,1,random
726,OI,6,"2026-07-16 00:39:46",32.1,0.691382,3.76011,4.8788,0.69530303,-0.00692727,0.672664,-0.014869,0.31056,0.3913,0.29814,200,100,fcr,10,161,10,1,random
727,OI,7,"2026-07-16 00:39:52",38.8,0.705709,3.92035,4.8788,0.70136363,0.00428182,0.736449,-0.001813,0.27329,0.46584,0.26087,200,100,fcr,10,161,10,1,random
728,OI,8,"2026-07-16 00:39:59",45.6,0.7187,4.06256,4.8788,0.71242424,0.0100697,0.827764,0.001754,0.24224,0.50311,0.25466,200,100,fcr,10,161,10,1,random
729,OI,9,"2026-07-16 00:40:08",54.2,0.730524,4.21188,4.8788,0.72833334,0.00477576,0.86344,-0.00323,0.2236,0.56522,0.21118,200,100,fcr,10,161,10,1,random
730,OI,10,"2026-07-16 00:40:15",62,0.739564,4.3604,4.8788,0.73696969,0.00548485,1.06375,-0.000368,0.1677,0.62112,0.21118,200,100,fcr,10,161,10,1,random
731,OI,11,"2026-07-16 00:40:22",69,0.746224,4.48954,4.8788,0.74015151,0.01012727,1.01026,0.005325,0.14907,0.72671,0.12422,200,100,fcr,10,161,10,1,random
732,OI,12,"2026-07-16 00:40:30",76.1,0.750418,4.57861,4.8788,0.75575757,-0.00464242,1.47189,-0.008208,0.13043,0.75155,0.11801,200,100,fcr,10,161,10,1,random
733,OI,13,"2026-07-16 00:40:37",83.3,0.75387,4.65322,4.8788,0.7530303,0.00166061,1.44583,0.000504,0.10559,0.81366,0.08075,200,100,fcr,10,161,10,1,random
734,OI,14,"2026-07-16 00:40:44",90.2,0.75613,4.70809,4.8788,0.7589394,-0.00378182,1.80887,-0.00347,0.06211,0.87578,0.06211,200,100,fcr,10,161,10,1,random
735,OI,15,"2026-07-16 00:40:51",97.1,0.758036,4.73726,4.8788,0.76848485,-0.01412121,1.71918,-0.013255,0.04348,0.90062,0.0559,200,100,fcr,10,161,10,1,random
736,OI,16,"2026-07-16 00:40:58",104.3,0.757945,4.7514,4.8788,0.76212121,-0.00482424,1.57097,-0.004091,0.03106,0.93789,0.03106,200,100,fcr,10,161,10,1,random
737,OI,17,"2026-07-16 00:41:05",111.3,0.758515,4.75976,4.8788,0.75439394,0.00605455,1.94587,0.006365,0.02484,0.93168,0.04348,200,100,fcr,10,161,10,1,random
738,OI,18,"2026-07-16 00:41:12",118.3,0.7589,4.76255,4.8788,0.76287879,-0.00563333,1.59441,-0.003878,0.03106,0.91925,0.04969,200,100,fcr,10,161,10,1,random
739,OI,19,"2026-07-16 00:41:19",125.4,0.759651,4.78342,4.8788,0.75969697,0.00253636,1.63338,0.000914,0.03106,0.93789,0.03106,200,100,fcr,10,161,10,1,random
740,OI,20,"2026-07-16 00:41:26",132.5,0.759773,4.78128,4.8788,0.7569697,0.00203333,2.16879,0.004766,0.03106,0.93789,0.03106,200,100,fcr,10,161,10,1,random
741,IR,1,"2026-07-16 00:41:36",5.4,0.561755,2.61088,5,0.63515151,-0.12591818,0.417714,-0.137379,0.53939,0.15758,0.30303,200,100,fcr,10,165,10,1,random
742,IR,2,"2026-07-16 00:41:41",10,0.5713,2.6631,4.9394,0.64606061,-0.12637879,0.383562,-0.138227,0.5092,0.17791,0.31288,200,100,fcr,10,163,10,1,random
743,IR,3,"2026-07-16 00:41:45",14.6,0.583658,2.7402,4.8788,0.6610606,-0.1241697,0.388194,-0.143136,0.49068,0.19876,0.31056,200,100,fcr,10,161,10,1,random
744,IR,4,"2026-07-16 00:41:50",19.1,0.589042,2.77898,4.8182,0.65439394,-0.10951515,0.396784,-0.114746,0.49057,0.18239,0.32704,200,100,fcr,10,159,10,1,random
745,IR,5,"2026-07-16 00:41:56",25.5,0.595939,2.82745,4.7879,0.67045454,-0.12217879,0.392033,-0.129917,0.48101,0.20886,0.31013,200,100,fcr,10,158,10,1,random
746,IR,6,"2026-07-16 00:42:01",30.2,0.604558,2.8919,4.7273,0.67757577,-0.12101212,0.44396,-0.126716,0.47436,0.19872,0.32692,200,100,fcr,10,156,10,1,random
747,IR,7,"2026-07-16 00:42:07",36.5,0.61223,2.93731,4.7273,0.68424242,-0.11822727,0.454725,-0.122952,0.46795,0.20513,0.32692,200,100,fcr,10,156,10,1,random
748,IR,8,"2026-07-16 00:42:13",42.8,0.621,2.99297,4.697,0.68969697,-0.11356364,0.470737,-0.117368,0.46452,0.21935,0.31613,200,100,fcr,10,155,10,1,random
749,IR,9,"2026-07-16 00:42:20",49.5,0.624906,3.00656,4.697,0.70151516,-0.12463636,0.500904,-0.125091,0.43871,0.24516,0.31613,200,100,fcr,10,155,10,1,random
750,IR,10,"2026-07-16 00:42:27",56,0.630927,3.02233,4.6667,0.715,-0.13380606,0.4894,-0.137337,0.47403,0.20779,0.31818,200,100,fcr,10,154,10,1,random
751,IR,11,"2026-07-16 00:42:33",62.8,0.636479,3.05185,4.6667,0.72151515,-0.13686364,0.52142,-0.137133,0.45455,0.22078,0.32468,200,100,fcr,10,154,10,1,random
752,IR,12,"2026-07-16 00:42:40",69.6,0.641055,3.06998,4.6364,0.71212121,-0.11189697,0.507926,-0.113683,0.45098,0.22876,0.32026,200,100,fcr,10,153,10,1,random
753,IR,13,"2026-07-16 00:42:47",76.3,0.64463,3.08947,4.6061,0.71651515,-0.11271515,0.527351,-0.113141,0.42763,0.25658,0.31579,200,100,fcr,10,152,10,1,random
754,IR,14,"2026-07-16 00:42:53",82.9,0.649336,3.11096,4.5455,0.73075758,-0.12949091,0.549048,-0.128236,0.42667,0.26,0.31333,200,100,fcr,10,150,10,1,random
755,IR,15,"2026-07-16 00:43:00",89.5,0.650976,3.12535,4.5152,0.72833333,-0.12381515,0.561943,-0.119359,0.40268,0.27517,0.32215,200,100,fcr,10,149,10,1,random
756,IR,16,"2026-07-16 00:43:07",96.2,0.653294,3.14741,4.5152,0.74348485,-0.14190606,0.549469,-0.139015,0.4094,0.25503,0.33557,200,100,fcr,10,149,10,1,random
757,IR,17,"2026-07-16 00:43:13",102.8,0.655194,3.15441,4.5152,0.73212122,-0.12221212,0.536886,-0.118071,0.42282,0.26174,0.31544,200,100,fcr,10,149,10,1,random
758,IR,18,"2026-07-16 00:43:20",109.6,0.656903,3.15856,4.4545,0.7280303,-0.11145758,0.582462,-0.108529,0.41497,0.2585,0.32653,200,100,fcr,10,147,10,1,random
759,IR,19,"2026-07-16 00:43:27",116.1,0.6577,3.16335,4.4242,0.73424242,-0.11958788,0.578651,-0.116111,0.41096,0.27397,0.31507,200,100,fcr,10,146,10,1,random
760,IR,20,"2026-07-16 00:43:33",122.7,0.661527,3.18566,4.4242,0.73242424,-0.10937273,0.608083,-0.109478,0.39726,0.26712,0.33562,200,100,fcr,10,146,10,1,random
761,AGR,1,"2026-07-16 00:43:42",7.7,0.573015,2.71926,4.9697,0.52287878,0.08146667,0.443591,0.075103,0.5,0.22561,0.27439,200,100,fcr,10,164,10,1,random
762,AGR,2,"2026-07-16 00:43:49",15.1,0.592794,2.88794,4.9697,0.55030303,0.06872727,0.467747,0.058925,0.5,0.20732,0.29268,200,100,fcr,10,164,10,1,random
763,AGR,3,"2026-07-16 00:43:57",22.4,0.606836,3.04003,4.9091,0.5519697,0.08591515,0.478403,0.082609,0.43827,0.25309,0.30864,200,100,fcr,10,162,10,1,random
764,AGR,4,"2026-07-16 00:44:04",29.6,0.622142,3.20585,4.8788,0.56954545,0.08522121,0.484857,0.075625,0.42236,0.2795,0.29814,200,100,fcr,10,161,10,1,random
765,AGR,5,"2026-07-16 00:44:13",38.8,0.636527,3.34864,4.8788,0.58242424,0.08018788,0.537108,0.077863,0.3913,0.29814,0.31056,200,100,fcr,10,161,10,1,random
766,AGR,6,"2026-07-16 00:44:21",46.3,0.652367,3.5049,4.8485,0.60590909,0.07641515,0.551876,0.06208,0.36875,0.30625,0.325,200,100,fcr,10,160,10,1,random
767,AGR,7,"2026-07-16 00:44:30",55.6,0.664485,3.63846,4.8485,0.61151515,0.08234242,0.567866,0.073402,0.35,0.325,0.325,200,100,fcr,10,160,10,1,random
768,AGR,8,"2026-07-16 00:44:39",64.8,0.674373,3.72949,4.8485,0.61545455,0.09274545,0.580916,0.082226,0.3375,0.325,0.3375,200,100,fcr,10,160,10,1,random
769,AGR,9,"2026-07-16 00:44:48",74.2,0.684661,3.85412,4.8485,0.63121212,0.08306061,0.591409,0.072572,0.3125,0.3875,0.3,200,100,fcr,10,160,10,1,random
770,AGR,10,"2026-07-16 00:44:58",83.8,0.692849,3.9708,4.8182,0.6369697,0.08222424,0.697603,0.076575,0.28931,0.4717,0.23899,200,100,fcr,10,159,10,1,random
771,AGR,11,"2026-07-16 00:45:08",93.4,0.700824,4.07914,4.8182,0.64954545,0.07544848,0.849756,0.069907,0.25157,0.50943,0.23899,200,100,fcr,10,159,10,1,random
772,AGR,12,"2026-07-16 00:45:18",103.3,0.708921,4.17037,4.8182,0.66575757,0.06726667,0.835105,0.05709,0.22013,0.55346,0.22642,200,100,fcr,10,159,10,1,random
773,AGR,13,"2026-07-16 00:45:27",113.1,0.715191,4.24212,4.8182,0.66030303,0.08006364,0.870467,0.074243,0.20126,0.56604,0.2327,200,100,fcr,10,159,10,1,random
774,AGR,14,"2026-07-16 00:45:37",122.6,0.720091,4.32198,4.8182,0.66515152,0.07973636,0.875137,0.074488,0.16981,0.6478,0.18239,200,100,fcr,10,159,10,1,random
775,AGR,15,"2026-07-16 00:45:47",132.3,0.725912,4.39982,4.8182,0.66863636,0.08179091,0.991386,0.076433,0.16352,0.67296,0.16352,200,100,fcr,10,159,10,1,random
776,AGR,16,"2026-07-16 00:45:56",142,0.733179,4.49274,4.8182,0.66833334,0.09042424,1.11733,0.085049,0.14465,0.74214,0.11321,200,100,fcr,10,159,10,1,random
777,AGR,17,"2026-07-16 00:46:06",151.6,0.73723,4.54493,4.8182,0.67318182,0.08839091,1.33393,0.085517,0.12579,0.7673,0.10692,200,100,fcr,10,159,10,1,random
778,AGR,18,"2026-07-16 00:46:16",161.6,0.740606,4.58759,4.8182,0.67666666,0.09216364,1.36096,0.085227,0.08805,0.81761,0.09434,200,100,fcr,10,159,10,1,random
779,AGR,19,"2026-07-16 00:46:26",171.5,0.744876,4.642,4.8182,0.68560606,0.08381515,1.40146,0.07819,0.07547,0.83648,0.08805,200,100,fcr,10,159,10,1,random
780,AGR,20,"2026-07-16 00:46:35",181,0.747815,4.67951,4.8182,0.68954545,0.08261212,1.39205,0.076978,0.06918,0.8805,0.05031,200,100,fcr,10,159,10,1,random
781,RANDOM,1,"2026-07-16 00:46:45",5.2,0.554894,2.56216,4.9697,0.56439394,-0.0140303,0.405824,-0.016065,0.54268,0.18293,0.27439,200,100,fcr,10,164,10,1,random
782,RANDOM,2,"2026-07-16 00:46:50",9.9,0.555745,2.57655,4.9091,0.55757576,-0.00769091,0.408584,-0.001343,0.53086,0.18519,0.28395,200,100,fcr,10,162,10,1,random
783,RANDOM,3,"2026-07-16 00:46:55",14.6,0.554503,2.56787,4.8788,0.55606061,-0.00017576,0.393156,0.000812,0.52174,0.20497,0.27329,200,100,fcr,10,161,10,1,random
784,RANDOM,4,"2026-07-16 00:46:59",19.3,0.5541,2.57036,4.8485,0.55272727,-0.00109091,0.414262,0.005062,0.5,0.21875,0.28125,200,100,fcr,10,160,10,1,random
785,RANDOM,5,"2026-07-16 00:47:06",25.9,0.553655,2.56451,4.8182,0.54939394,0.00480606,0.397244,0.010376,0.51572,0.21384,0.27044,200,100,fcr,10,159,10,1,random
786,RANDOM,6,"2026-07-16 00:47:11",30.8,0.553994,2.55618,4.7879,0.56530303,-0.02178485,0.431139,-0.017935,0.53797,0.18354,0.27848,200,100,fcr,10,158,10,1,random
787,RANDOM,7,"2026-07-16 00:47:17",37.3,0.552958,2.5475,4.7576,0.55545455,0.00033636,0.424581,-0.001916,0.53503,0.17834,0.28662,200,100,fcr,10,157,10,1,random
788,RANDOM,8,"2026-07-16 00:47:24",43.7,0.547718,2.51444,4.7576,0.56060606,-0.02222121,0.398032,-0.016005,0.54777,0.17834,0.27389,200,100,fcr,10,157,10,1,random
789,RANDOM,9,"2026-07-16 00:47:30",50.4,0.547176,2.50432,4.7576,0.54757576,-0.00541212,0.422689,0.001661,0.54777,0.15924,0.29299,200,100,fcr,10,157,10,1,random
790,RANDOM,10,"2026-07-16 00:47:37",57.2,0.548373,2.50652,4.697,0.55681818,-0.01478788,0.392365,-0.014623,0.52903,0.1871,0.28387,200,100,fcr,10,155,10,1,random
791,RANDOM,11,"2026-07-16 00:47:44",64,0.546818,2.51391,4.6667,0.54318182,0.00269697,0.404561,0.009876,0.52597,0.20779,0.26623,200,100,fcr,10,154,10,1,random
792,RANDOM,12,"2026-07-16 00:47:51",70.9,0.545333,2.50703,4.6364,0.54878788,-0.00946667,0.431592,-0.002353,0.5098,0.20915,0.28105,200,100,fcr,10,153,10,1,random
793,RANDOM,13,"2026-07-16 00:47:58",77.8,0.548712,2.52658,4.6364,0.55424242,-0.0084697,0.410264,-0.011211,0.5098,0.20915,0.28105,200,100,fcr,10,153,10,1,random
794,RANDOM,14,"2026-07-16 00:48:04",84.4,0.54767,2.51654,4.6061,0.54060606,0.01079394,0.410922,0.01656,0.50658,0.21053,0.28289,200,100,fcr,10,152,10,1,random
795,RANDOM,15,"2026-07-16 00:48:11",91.1,0.545433,2.50945,4.5758,0.55181818,-0.01248485,0.419143,-0.007136,0.5298,0.18543,0.28477,200,100,fcr,10,151,10,1,random
796,RANDOM,16,"2026-07-16 00:48:18",97.8,0.545867,2.52032,4.5152,0.55363636,-0.0190303,0.411553,-0.012249,0.51678,0.19463,0.28859,200,100,fcr,10,149,10,1,random
797,RANDOM,17,"2026-07-16 00:48:25",104.6,0.544524,2.50622,4.4545,0.54863636,-0.00425758,0.410218,-0.003897,0.51701,0.18367,0.29932,200,100,fcr,10,147,10,1,random
798,RANDOM,18,"2026-07-16 00:48:31",111.3,0.541867,2.48168,4.4545,0.53969697,0.00025455,0.404622,0.00887,0.5034,0.21769,0.27891,200,100,fcr,10,147,10,1,random
799,RANDOM,19,"2026-07-16 00:48:38",118.1,0.542203,2.48805,4.4545,0.54393939,-0.00719697,0.44502,-0.000667,0.5102,0.21769,0.27211,200,100,fcr,10,147,10,1,random
800,RANDOM,20,"2026-07-16 00:48:45",124.8,0.542088,2.49766,4.3939,0.53712121,0.01188485,0.456734,0.01202,0.50345,0.2,0.29655,200,100,fcr,10,145,10,1,random
801,OI,1,"2026-07-16 00:52:58",5.5,0.587627,2.78417,5.0303,0.59166666,-0.00794242,0.463809,-0.032725,0.48795,0.22289,0.28916,200,100,fcr,11,166,10,1,random
802,OI,2,"2026-07-16 00:53:03",10.5,0.614012,3.00557,4.9697,0.60984848,0.00514848,0.489169,-0.012344,0.45122,0.2622,0.28659,200,100,fcr,11,164,10,1,random
803,OI,3,"2026-07-16 00:53:08",15.5,0.639515,3.21215,4.8485,0.64,0.00112121,0.574256,-0.017428,0.425,0.275,0.3,200,100,fcr,11,160,10,1,random
804,OI,4,"2026-07-16 00:53:13",20.5,0.660264,3.41102,4.8182,0.66606061,-0.01146667,0.649798,-0.021774,0.3522,0.39623,0.25157,200,100,fcr,11,159,10,1,random
805,OI,5,"2026-07-16 00:53:20",27.4,0.678015,3.60394,4.8182,0.67560606,0.00370303,0.739548,-0.007308,0.32704,0.41509,0.25786,200,100,fcr,11,159,10,1,random
806,OI,6,"2026-07-16 00:53:25",32.5,0.692933,3.77521,4.8182,0.7069697,-0.02350303,0.796971,-0.028736,0.28931,0.45912,0.25157,200,100,fcr,11,159,10,1,random
807,OI,7,"2026-07-16 00:53:32",39.3,0.705397,3.92159,4.8182,0.70939394,-0.00769394,0.836451,-0.012366,0.27044,0.4717,0.25786,200,100,fcr,11,159,10,1,random
808,OI,8,"2026-07-16 00:53:39",46.1,0.717779,4.08359,4.8182,0.72045454,-0.00551515,0.884162,-0.010341,0.20755,0.56604,0.22642,200,100,fcr,11,159,10,1,random
809,OI,9,"2026-07-16 00:53:46",53.3,0.728509,4.22607,4.8182,0.7219697,0.00883636,0.936852,0.003537,0.20126,0.59748,0.20126,200,100,fcr,11,159,10,1,random
810,OI,10,"2026-07-16 00:53:53",60.5,0.736991,4.34861,4.8182,0.73848485,-0.00170909,1.09184,-0.006074,0.16352,0.6478,0.18868,200,100,fcr,11,159,10,1,random
811,OI,11,"2026-07-16 00:54:01",67.7,0.743282,4.45868,4.8182,0.74666667,-0.00454848,1.08979,-0.006873,0.14465,0.71698,0.13836,200,100,fcr,11,159,10,1,random
812,OI,12,"2026-07-16 00:54:08",74.9,0.748664,4.54185,4.8182,0.74893939,0.00028788,1.36742,-0.001949,0.10692,0.7673,0.12579,200,100,fcr,11,159,10,1,random
813,OI,13,"2026-07-16 00:54:15",82,0.754064,4.63589,4.8182,0.7630303,-0.00943636,1.35703,-0.013524,0.07547,0.85535,0.06918,200,100,fcr,11,159,10,1,random
814,OI,14,"2026-07-16 00:54:22",89,0.755306,4.66839,4.8182,0.76045455,-0.00671212,1.70984,-0.006153,0.08176,0.86164,0.0566,200,100,fcr,11,159,10,1,random
815,OI,15,"2026-07-16 00:54:29",96.1,0.756452,4.69261,4.8182,0.76136364,-0.0066697,2.54993,-0.005428,0.0566,0.88679,0.0566,200,100,fcr,11,159,10,1,random
816,OI,16,"2026-07-16 00:54:36",103.2,0.756709,4.70453,4.8182,0.77227273,-0.02045758,1.79851,-0.018989,0.03774,0.92453,0.03774,200,100,fcr,11,159,10,1,random
817,OI,17,"2026-07-16 00:54:43",110.4,0.758485,4.73129,4.8182,0.76136364,-0.00381818,2.05,-0.003287,0.02516,0.93082,0.04403,200,100,fcr,11,159,10,1,random
818,OI,18,"2026-07-16 00:54:50",117.5,0.758173,4.73445,4.8182,0.76560606,-0.00908485,1.79421,-0.008102,0.01887,0.95597,0.02516,200,100,fcr,11,159,10,1,random
819,OI,19,"2026-07-16 00:54:57",124.6,0.758236,4.73112,4.8182,0.76363636,-0.00537273,1.81072,-0.005564,0.01887,0.93711,0.04403,200,100,fcr,11,159,10,1,random
820,OI,20,"2026-07-16 00:55:05",131.8,0.757939,4.72633,4.8182,0.75909091,0.00014848,1.59936,0.000568,0.01258,0.93082,0.0566,200,100,fcr,11,159,10,1,random
821,IR,1,"2026-07-16 00:55:14",5.4,0.562991,2.60695,4.9697,0.62939394,-0.11568182,0.403947,-0.125936,0.53049,0.18902,0.28049,200,100,fcr,11,164,10,1,random
822,IR,2,"2026-07-16 00:55:19",10.3,0.572251,2.65902,4.8788,0.63787878,-0.11149091,0.424603,-0.121704,0.52795,0.18634,0.28571,200,100,fcr,11,161,10,1,random
823,IR,3,"2026-07-16 00:55:24",15.3,0.58117,2.71095,4.8788,0.64939394,-0.11429394,0.452826,-0.124198,0.50932,0.21739,0.27329,200,100,fcr,11,161,10,1,random
824,IR,4,"2026-07-16 00:55:29",20.3,0.587239,2.73188,4.8182,0.66393939,-0.12912424,0.467289,-0.134865,0.49686,0.22642,0.27673,200,100,fcr,11,159,10,1,random
825,IR,5,"2026-07-16 00:55:36",27,0.593603,2.74793,4.8182,0.66151515,-0.11662727,0.485011,-0.118849,0.50943,0.22013,0.27044,200,100,fcr,11,159,10,1,random
826,IR,6,"2026-07-16 00:55:41",32.1,0.599185,2.78465,4.8182,0.67606061,-0.13077879,0.5123,-0.131827,0.50314,0.21384,0.28302,200,100,fcr,11,159,10,1,random
827,IR,7,"2026-07-16 00:55:47",38.8,0.606288,2.8218,4.8182,0.67893939,-0.12125758,0.51022,-0.124687,0.49057,0.2327,0.27673,200,100,fcr,11,159,10,1,random
828,IR,8,"2026-07-16 00:55:54",45.5,0.613394,2.87334,4.8182,0.68015151,-0.11097273,0.520789,-0.113952,0.47799,0.22642,0.2956,200,100,fcr,11,159,10,1,random
829,IR,9,"2026-07-16 00:56:01",52.4,0.620409,2.91611,4.7879,0.68666667,-0.10785152,0.498541,-0.111343,0.47468,0.22785,0.29747,200,100,fcr,11,158,10,1,random
830,IR,10,"2026-07-16 00:56:08",59.3,0.629418,2.98793,4.7273,0.70030303,-0.11355758,0.523961,-0.119009,0.44231,0.26282,0.29487,200,100,fcr,11,156,10,1,random
831,IR,11,"2026-07-16 00:56:15",66.2,0.636288,3.03786,4.6667,0.71090909,-0.119,0.549988,-0.121797,0.44156,0.25325,0.30519,200,100,fcr,11,154,10,1,random
832,IR,12,"2026-07-16 00:56:22",73.2,0.642573,3.08449,4.6364,0.71469697,-0.1154303,0.562544,-0.116504,0.42484,0.27451,0.30065,200,100,fcr,11,153,10,1,random
833,IR,13,"2026-07-16 00:56:29",80,0.646979,3.13383,4.6364,0.72742424,-0.1282303,0.563484,-0.126783,0.4183,0.28105,0.30065,200,100,fcr,11,153,10,1,random
834,IR,14,"2026-07-16 00:56:36",86.9,0.649609,3.1491,4.6364,0.725,-0.11830606,0.566283,-0.117163,0.40523,0.30065,0.29412,200,100,fcr,11,153,10,1,random
835,IR,15,"2026-07-16 00:56:43",93.9,0.653679,3.17929,4.6364,0.73651515,-0.12990909,0.592811,-0.129108,0.39869,0.31373,0.28758,200,100,fcr,11,153,10,1,random
836,IR,16,"2026-07-16 00:56:50",101.1,0.656452,3.18496,4.5758,0.73227273,-0.11798182,0.601157,-0.11672,0.40397,0.28477,0.31126,200,100,fcr,11,151,10,1,random
837,IR,17,"2026-07-16 00:56:57",108.1,0.658236,3.20659,4.5758,0.7430303,-0.12992121,0.568806,-0.129119,0.4106,0.27815,0.31126,200,100,fcr,11,151,10,1,random
838,IR,18,"2026-07-16 00:57:04",115.2,0.661521,3.2517,4.5758,0.73712122,-0.11806667,0.592953,-0.115836,0.39735,0.28477,0.31788,200,100,fcr,11,151,10,1,random
839,IR,19,"2026-07-16 00:57:11",122.3,0.665255,3.29425,4.5758,0.73878789,-0.11519091,0.579117,-0.112683,0.37748,0.29801,0.3245,200,100,fcr,11,151,10,1,random
840,IR,20,"2026-07-16 00:57:18",129.4,0.668703,3.3147,4.5455,0.74878788,-0.12140303,0.57678,-0.121604,0.38667,0.29333,0.32,200,100,fcr,11,150,10,1,random
841,AGR,1,"2026-07-16 00:57:27",7.9,0.576355,2.73611,4.9394,0.52969697,0.0751,0.434157,0.066551,0.5092,0.19018,0.30061,200,100,fcr,11,163,10,1,random
842,AGR,2,"2026-07-16 00:57:35",15.4,0.595121,2.8821,4.8788,0.55439393,0.06003333,0.444498,0.057112,0.46584,0.22981,0.30435,200,100,fcr,11,161,10,1,random
843,AGR,3,"2026-07-16 00:57:42",23,0.615561,3.07078,4.8485,0.57333333,0.06535758,0.484548,0.056259,0.4625,0.20625,0.33125,200,100,fcr,11,160,10,1,random
844,AGR,4,"2026-07-16 00:57:51",31.1,0.63113,3.23277,4.8485,0.58636363,0.06802424,0.48563,0.061612,0.4375,0.25,0.3125,200,100,fcr,11,160,10,1,random
845,AGR,5,"2026-07-16 00:58:00",41,0.643833,3.36189,4.8485,0.59227272,0.08314545,0.556126,0.07257,0.40625,0.28125,0.3125,200,100,fcr,11,160,10,1,random
846,AGR,6,"2026-07-16 00:58:08",48.9,0.657688,3.50648,4.8485,0.59787878,0.08535758,0.582901,0.08353,0.38125,0.2875,0.33125,200,100,fcr,11,160,10,1,random
847,AGR,7,"2026-07-16 00:58:18",58.3,0.669164,3.63578,4.8485,0.61484848,0.08212424,0.596129,0.075281,0.38125,0.31875,0.3,200,100,fcr,11,160,10,1,random
848,AGR,8,"2026-07-16 00:58:27",67.8,0.679209,3.75348,4.7879,0.62363637,0.08862727,0.687157,0.07663,0.3038,0.39241,0.3038,200,100,fcr,11,158,10,1,random
849,AGR,9,"2026-07-16 00:58:37",77.9,0.689418,3.85887,4.7576,0.62727273,0.09526061,0.687468,0.084954,0.28662,0.42675,0.28662,200,100,fcr,11,157,10,1,random
850,AGR,10,"2026-07-16 00:58:47",87.8,0.698294,3.9664,4.7576,0.62984848,0.09780303,0.764503,0.093675,0.26752,0.47134,0.26115,200,100,fcr,11,157,10,1,random
851,AGR,11,"2026-07-16 00:58:57",97.4,0.707052,4.0828,4.7273,0.65318182,0.07741212,0.843825,0.072138,0.22436,0.55128,0.22436,200,100,fcr,11,156,10,1,random
852,AGR,12,"2026-07-16 00:59:07",107.1,0.715033,4.19655,4.7273,0.66090909,0.07924545,0.910536,0.071938,0.19872,0.64103,0.16026,200,100,fcr,11,156,10,1,random
853,AGR,13,"2026-07-16 00:59:16",116.8,0.722673,4.2809,4.7273,0.67121212,0.07309091,1.0985,0.06787,0.19231,0.61538,0.19231,200,100,fcr,11,156,10,1,random
854,AGR,14,"2026-07-16 00:59:26",126.6,0.728609,4.36279,4.7273,0.66969697,0.08560606,1.07511,0.07841,0.13462,0.73077,0.13462,200,100,fcr,11,156,10,1,random
855,AGR,15,"2026-07-16 00:59:36",136.5,0.733576,4.42818,4.7273,0.67287879,0.08674242,1.11781,0.080662,0.15385,0.73077,0.11538,200,100,fcr,11,156,10,1,random
856,AGR,16,"2026-07-16 00:59:46",146.6,0.737164,4.4808,4.7273,0.66863636,0.09950303,1.32,0.091806,0.12821,0.78205,0.08974,200,100,fcr,11,156,10,1,random
857,AGR,17,"2026-07-16 00:59:56",156.5,0.740909,4.52814,4.7273,0.68742424,0.07718182,1.39145,0.070814,0.08974,0.80769,0.10256,200,100,fcr,11,156,10,1,random
858,AGR,18,"2026-07-16 01:00:07",168.1,0.743203,4.55609,4.7273,0.68515151,0.08414848,1.23178,0.077676,0.07692,0.84615,0.07692,200,100,fcr,11,156,10,1,random
859,AGR,19,"2026-07-16 01:00:18",178.7,0.745842,4.58534,4.7273,0.68939394,0.07978182,1.43636,0.075024,0.05128,0.90385,0.04487,200,100,fcr,11,156,10,1,random
860,AGR,20,"2026-07-16 01:00:28",188.7,0.74813,4.61287,4.7273,0.68363636,0.08819697,1.66632,0.085837,0.05769,0.90385,0.03846,200,100,fcr,11,156,10,1,random
861,RANDOM,1,"2026-07-16 01:00:37",4.8,0.552182,2.56572,4.9091,0.55166667,0.00152424,0.390439,0.004566,0.53086,0.19136,0.27778,200,100,fcr,11,162,10,1,random
862,RANDOM,2,"2026-07-16 01:00:42",9.1,0.554655,2.58041,4.8788,0.55363636,0.00153333,0.406641,0.002048,0.51553,0.19876,0.28571,200,100,fcr,11,161,10,1,random
863,RANDOM,3,"2026-07-16 01:00:46",13.6,0.555324,2.57757,4.7879,0.55333333,0.00943939,0.392225,0.005763,0.51266,0.20253,0.28481,200,100,fcr,11,158,10,1,random
864,RANDOM,4,"2026-07-16 01:00:51",18,0.552776,2.55903,4.7273,0.54969697,0.00506667,0.39994,0.010589,0.53846,0.17308,0.28846,200,100,fcr,11,156,10,1,random
865,RANDOM,5,"2026-07-16 01:00:57",24.1,0.551721,2.55499,4.7273,0.55121212,0.0023697,0.408001,0.00443,0.51923,0.19231,0.28846,200,100,fcr,11,156,10,1,random
866,RANDOM,6,"2026-07-16 01:01:01",28.7,0.550258,2.55313,4.697,0.55363636,-0.00870606,0.395689,-0.003149,0.52903,0.17419,0.29677,200,100,fcr,11,155,10,1,random
867,RANDOM,7,"2026-07-16 01:01:08",34.9,0.552864,2.55897,4.697,0.55454545,-0.00677273,0.393722,-0.00337,0.54194,0.16129,0.29677,200,100,fcr,11,155,10,1,random
868,RANDOM,8,"2026-07-16 01:01:14",41.2,0.552003,2.55152,4.6667,0.555,-0.00274545,0.395862,-0.002224,0.53896,0.15584,0.30519,200,100,fcr,11,154,10,1,random
869,RANDOM,9,"2026-07-16 01:01:20",47.6,0.552039,2.5562,4.6364,0.55636363,-0.00154545,0.382879,-0.005498,0.54902,0.15686,0.29412,200,100,fcr,11,153,10,1,random
870,RANDOM,10,"2026-07-16 01:01:27",54.1,0.553124,2.56306,4.6061,0.56272727,-0.01748485,0.408733,-0.016303,0.53289,0.17763,0.28947,200,100,fcr,11,152,10,1,random
871,RANDOM,11,"2026-07-16 01:01:33",60.5,0.553248,2.55646,4.6061,0.55712121,-0.01037576,0.409145,-0.004108,0.52632,0.17105,0.30263,200,100,fcr,11,152,10,1,random
872,RANDOM,12,"2026-07-16 01:01:40",67,0.550894,2.54919,4.6061,0.55227273,-0.00293636,0.384115,0.001864,0.52632,0.17105,0.30263,200,100,fcr,11,152,10,1,random
873,RANDOM,13,"2026-07-16 01:01:46",73.8,0.55117,2.55088,4.5758,0.54378788,0.01053939,0.388733,0.015546,0.50331,0.19868,0.29801,200,100,fcr,11,151,10,1,random
874,RANDOM,14,"2026-07-16 01:01:53",80.3,0.553961,2.55058,4.5152,0.55045455,0.00280909,0.399182,0.004917,0.50336,0.20805,0.28859,200,100,fcr,11,149,10,1,random
875,RANDOM,15,"2026-07-16 01:02:00",86.9,0.552821,2.5422,4.4848,0.54909091,0.00225152,0.416853,0.0098,0.5,0.21622,0.28378,200,100,fcr,11,148,10,1,random
876,RANDOM,16,"2026-07-16 01:02:06",93.3,0.550345,2.51306,4.4545,0.54515152,0.01655455,0.422053,0.013084,0.53061,0.18367,0.28571,200,100,fcr,11,147,10,1,random
877,RANDOM,17,"2026-07-16 01:02:12",99.7,0.548509,2.51004,4.4545,0.54469697,0.00527879,0.430572,0.011597,0.52381,0.18367,0.29252,200,100,fcr,11,147,10,1,random
878,RANDOM,18,"2026-07-16 01:02:19",106.3,0.549921,2.49553,4.3939,0.55666667,-0.01129697,0.407292,-0.011376,0.51724,0.1931,0.28966,200,100,fcr,11,145,10,1,random
879,RANDOM,19,"2026-07-16 01:02:26",113,0.548894,2.48886,4.3939,0.54636364,0.00368182,0.426765,0.007318,0.51034,0.1931,0.29655,200,100,fcr,11,145,10,1,random
880,RANDOM,20,"2026-07-16 01:02:32",119.5,0.548964,2.48444,4.3939,0.54227273,0.01468485,0.402091,0.014194,0.50345,0.2,0.29655,200,100,fcr,11,145,10,1,random
881,OI,1,"2026-07-16 01:02:50",5.7,0.584648,2.7716,4.9697,0.58015151,0.00383333,0.46685,-0.015407,0.4878,0.23171,0.28049,200,100,fcr,12,164,10,1,random
882,OI,2,"2026-07-16 01:02:55",10.8,0.61223,2.98316,4.9394,0.60106061,0.02313333,0.523609,-0.001091,0.44172,0.28834,0.26994,200,100,fcr,12,163,10,1,random
883,OI,3,"2026-07-16 01:03:00",16,0.635888,3.16731,4.9091,0.64272727,-0.00944545,0.605876,-0.027092,0.40741,0.28395,0.30864,200,100,fcr,12,162,10,1,random
884,OI,4,"2026-07-16 01:03:06",21.1,0.657048,3.36661,4.8788,0.66590909,-0.01377879,0.583746,-0.026814,0.35404,0.35404,0.29193,200,100,fcr,12,161,10,1,random
885,OI,5,"2026-07-16 01:03:12",28,0.675809,3.56005,4.8788,0.67484849,0.00251212,0.645949,-0.010092,0.31677,0.4472,0.23602,200,100,fcr,12,161,10,1,random
886,OI,6,"2026-07-16 01:03:18",33.1,0.692476,3.75053,4.8485,0.70045455,-0.01279697,0.780288,-0.021444,0.2875,0.45,0.2625,200,100,fcr,12,160,10,1,random
887,OI,7,"2026-07-16 01:03:24",40,0.710042,3.94459,4.8485,0.71090909,-0.00353636,0.800799,-0.011001,0.25625,0.50625,0.2375,200,100,fcr,12,160,10,1,random
888,OI,8,"2026-07-16 01:03:31",46.9,0.723912,4.12656,4.8485,0.72242424,0.00338788,0.901032,-0.005387,0.225,0.5875,0.1875,200,100,fcr,12,160,10,1,random
889,OI,9,"2026-07-16 01:03:39",54.1,0.735085,4.30853,4.8485,0.74909091,-0.01735758,1.10094,-0.024406,0.2,0.6,0.2,200,100,fcr,12,160,10,1,random
890,OI,10,"2026-07-16 01:03:46",61.2,0.743233,4.4516,4.8485,0.74545454,-0.00162727,1.11949,-0.006623,0.1625,0.70625,0.13125,200,100,fcr,12,160,10,1,random
891,OI,11,"2026-07-16 01:03:53",68.3,0.748994,4.57097,4.8485,0.74651515,0.00383939,1.39676,0.001121,0.1375,0.74375,0.11875,200,100,fcr,12,160,10,1,random
892,OI,12,"2026-07-16 01:04:00",75.5,0.753097,4.65363,4.8485,0.75015152,0.0054697,1.47478,0.002979,0.08125,0.84375,0.075,200,100,fcr,12,160,10,1,random
893,OI,13,"2026-07-16 01:04:07",82.8,0.755576,4.69642,4.8485,0.7609091,-0.00668485,1.83038,-0.006207,0.04375,0.9,0.05625,200,100,fcr,12,160,10,1,random
894,OI,14,"2026-07-16 01:04:14",89.9,0.757821,4.74436,4.8485,0.75333333,0.00536667,1.57001,0.005975,0.0375,0.93125,0.03125,200,100,fcr,12,160,10,1,random
895,OI,15,"2026-07-16 01:04:22",97.2,0.757827,4.74774,4.8485,0.75242424,0.00718788,2.02667,0.008453,0.03125,0.93125,0.0375,200,100,fcr,12,160,10,1,random
896,OI,16,"2026-07-16 01:04:29",104.4,0.757921,4.7374,4.8485,0.7559091,0.00276364,2.09674,0.004381,0.0375,0.89375,0.06875,200,100,fcr,12,160,10,1,random
897,OI,17,"2026-07-16 01:04:36",111.5,0.758758,4.7661,4.8485,0.76666667,-0.00973333,1.56845,-0.009418,0.025,0.94375,0.03125,200,100,fcr,12,160,10,1,random
898,OI,18,"2026-07-16 01:04:43",118.8,0.758152,4.75129,4.8485,0.75378788,0.00643333,1.75489,0.007381,0.01875,0.93125,0.05,200,100,fcr,12,160,10,1,random
899,OI,19,"2026-07-16 01:04:50",126,0.758479,4.77534,4.8485,0.77075757,-0.01814242,1.3545,-0.014856,0.03125,0.9375,0.03125,200,100,fcr,12,160,10,1,random
900,OI,20,"2026-07-16 01:04:58",133.3,0.758388,4.7717,4.8485,0.76303031,-0.00453333,2.25026,-0.004633,0.04375,0.93125,0.025,200,100,fcr,12,160,10,1,random
901,IR,1,"2026-07-16 01:05:04",5.1,0.5643,2.62123,4.9697,0.63954545,-0.13109394,0.410306,-0.141728,0.54268,0.16463,0.29268,200,100,fcr,12,164,10,1,random
902,IR,2,"2026-07-16 01:05:09",9.8,0.573112,2.65918,4.9394,0.63363636,-0.10241818,0.404375,-0.112119,0.52147,0.19632,0.28221,200,100,fcr,12,163,10,1,random
903,IR,3,"2026-07-16 01:05:14",14.4,0.580685,2.71069,4.9091,0.65848485,-0.13112727,0.437261,-0.139599,0.5,0.2284,0.2716,200,100,fcr,12,162,10,1,random
904,IR,4,"2026-07-16 01:05:18",19.1,0.589485,2.76605,4.8788,0.66469697,-0.12529394,0.462,-0.133858,0.50311,0.20497,0.29193,200,100,fcr,12,161,10,1,random
905,IR,5,"2026-07-16 01:05:25",25.7,0.596176,2.81644,4.8182,0.67242424,-0.1264,0.450985,-0.132486,0.48428,0.22642,0.28931,200,100,fcr,12,159,10,1,random
906,IR,6,"2026-07-16 01:05:30",30.7,0.603645,2.85943,4.7879,0.67424243,-0.11305454,0.471835,-0.122835,0.48101,0.21519,0.3038,200,100,fcr,12,158,10,1,random
907,IR,7,"2026-07-16 01:05:37",38,0.610812,2.89901,4.7576,0.68363636,-0.12039697,0.460037,-0.124067,0.47771,0.21019,0.3121,200,100,fcr,12,157,10,1,random
908,IR,8,"2026-07-16 01:05:44",45,0.615136,2.93782,4.7576,0.67848485,-0.1061303,0.462335,-0.105163,0.47134,0.21019,0.31847,200,100,fcr,12,157,10,1,random
909,IR,9,"2026-07-16 01:05:52",52.9,0.621215,2.98404,4.7576,0.69242425,-0.11801818,0.465854,-0.118674,0.46497,0.21656,0.31847,200,100,fcr,12,157,10,1,random
910,IR,10,"2026-07-16 01:05:59",60.3,0.62777,3.02722,4.7273,0.7060606,-0.12984545,0.476588,-0.129404,0.44231,0.25,0.30769,200,100,fcr,12,156,10,1,random
911,IR,11,"2026-07-16 01:06:06",67.1,0.632724,3.0488,4.697,0.71227273,-0.12896061,0.49261,-0.128892,0.43871,0.25161,0.30968,200,100,fcr,12,155,10,1,random
912,IR,12,"2026-07-16 01:06:13",73.8,0.637964,3.08181,4.697,0.71590909,-0.12618788,0.503074,-0.12541,0.43871,0.25161,0.30968,200,100,fcr,12,155,10,1,random
913,IR,13,"2026-07-16 01:06:20",80.6,0.639155,3.08534,4.6667,0.70939394,-0.11198182,0.506606,-0.109715,0.43506,0.25974,0.30519,200,100,fcr,12,154,10,1,random
914,IR,14,"2026-07-16 01:06:27",87.3,0.645397,3.12931,4.6667,0.72484849,-0.12513636,0.536007,-0.127016,0.44156,0.23377,0.32468,200,100,fcr,12,154,10,1,random
915,IR,15,"2026-07-16 01:06:33",94.1,0.648915,3.15189,4.6061,0.72757576,-0.12529091,0.513658,-0.123198,0.44079,0.23684,0.32237,200,100,fcr,12,152,10,1,random
916,IR,16,"2026-07-16 01:06:40",101,0.652064,3.1866,4.5758,0.72712122,-0.11952727,0.544989,-0.116626,0.42384,0.25828,0.31788,200,100,fcr,12,151,10,1,random
917,IR,17,"2026-07-16 01:06:47",107.8,0.6559,3.21452,4.5758,0.74015152,-0.13362727,0.554686,-0.130705,0.4106,0.2649,0.3245,200,100,fcr,12,151,10,1,random
918,IR,18,"2026-07-16 01:06:54",114.9,0.657512,3.23586,4.5455,0.74015152,-0.12955152,0.541111,-0.126125,0.38667,0.28667,0.32667,200,100,fcr,12,150,10,1,random
919,IR,19,"2026-07-16 01:07:01",121.7,0.660785,3.27228,4.5455,0.73848485,-0.12101818,0.537576,-0.119263,0.39333,0.28,0.32667,200,100,fcr,12,150,10,1,random
920,IR,20,"2026-07-16 01:07:08",128.7,0.663212,3.27983,4.5152,0.73636364,-0.11571212,0.550347,-0.111247,0.38926,0.30872,0.30201,200,100,fcr,12,149,10,1,random
921,AGR,1,"2026-07-16 01:07:18",8.2,0.573512,2.7162,4.9697,0.53439394,0.06166061,0.43791,0.05551,0.53049,0.17683,0.29268,200,100,fcr,12,164,10,1,random
922,AGR,2,"2026-07-16 01:07:26",16,0.593185,2.88419,4.9697,0.54454545,0.07809091,0.456565,0.069872,0.5122,0.17073,0.31707,200,100,fcr,12,164,10,1,random
923,AGR,3,"2026-07-16 01:07:34",24.1,0.612933,3.06195,4.9697,0.55984848,0.08662727,0.473925,0.074526,0.46951,0.20732,0.32317,200,100,fcr,12,164,10,1,random
924,AGR,4,"2026-07-16 01:07:42",32,0.626679,3.19807,4.9697,0.57818182,0.07579697,0.487039,0.069571,0.44512,0.21951,0.33537,200,100,fcr,12,164,10,1,random
925,AGR,5,"2026-07-16 01:07:51",41.8,0.641279,3.33573,4.9697,0.58939394,0.0821697,0.502955,0.07169,0.43293,0.2378,0.32927,200,100,fcr,12,164,10,1,random
926,AGR,6,"2026-07-16 01:08:00",50.2,0.651633,3.47083,4.9697,0.60075757,0.07550909,0.534151,0.072894,0.40244,0.27439,0.32317,200,100,fcr,12,164,10,1,random
927,AGR,7,"2026-07-16 01:08:10",60,0.662648,3.61369,4.9394,0.61893939,0.06642727,0.57036,0.060086,0.36196,0.31902,0.31902,200,100,fcr,12,163,10,1,random
928,AGR,8,"2026-07-16 01:08:19",69.9,0.672524,3.72984,4.9394,0.62075757,0.07889091,0.590596,0.072016,0.34356,0.35583,0.30061,200,100,fcr,12,163,10,1,random
929,AGR,9,"2026-07-16 01:08:30",80,0.684009,3.86389,4.9091,0.63287879,0.07319091,0.669358,0.068704,0.31481,0.40741,0.27778,200,100,fcr,12,162,10,1,random
930,AGR,10,"2026-07-16 01:08:40",89.9,0.693645,3.98442,4.8788,0.64393939,0.07272121,0.739591,0.067239,0.28571,0.47205,0.24224,200,100,fcr,12,161,10,1,random
931,AGR,11,"2026-07-16 01:08:50",100.1,0.703288,4.09868,4.8788,0.64606061,0.0843,0.868272,0.076625,0.24845,0.52795,0.2236,200,100,fcr,12,161,10,1,random
932,AGR,12,"2026-07-16 01:08:58",108.2,0.713248,4.23148,4.8788,0.66742424,0.06575455,0.895678,0.059426,0.24845,0.54658,0.20497,200,100,fcr,12,161,10,1,random
933,AGR,13,"2026-07-16 01:09:07",117.9,0.721561,4.35537,4.8788,0.65136363,0.10337273,0.974425,0.093687,0.20497,0.60248,0.19255,200,100,fcr,12,161,10,1,random
934,AGR,14,"2026-07-16 01:09:16",126.7,0.728664,4.43964,4.8788,0.69,0.05648182,0.9738,0.049793,0.18634,0.63354,0.18012,200,100,fcr,12,161,10,1,random
935,AGR,15,"2026-07-16 01:09:25",135.2,0.73287,4.51071,4.8788,0.66772728,0.09429091,1.04268,0.087451,0.14907,0.68323,0.1677,200,100,fcr,12,161,10,1,random
936,AGR,16,"2026-07-16 01:09:33",143.1,0.73723,4.57152,4.8788,0.67454545,0.08930606,1.0335,0.083557,0.13665,0.7205,0.14286,200,100,fcr,12,161,10,1,random
937,AGR,17,"2026-07-16 01:09:41",151.3,0.742158,4.62908,4.8788,0.68015151,0.08779697,1.16492,0.081557,0.10559,0.7764,0.11801,200,100,fcr,12,161,10,1,random
938,AGR,18,"2026-07-16 01:09:49",159.6,0.747494,4.70011,4.8788,0.69757575,0.06718485,1.25614,0.064852,0.07453,0.84472,0.08075,200,100,fcr,12,161,10,1,random
939,AGR,19,"2026-07-16 01:09:57",167.7,0.750267,4.73408,4.8788,0.68636363,0.08810606,1.36313,0.084545,0.06832,0.86335,0.06832,200,100,fcr,12,161,10,1,random
940,AGR,20,"2026-07-16 01:10:06",176.6,0.751961,4.75295,4.8788,0.68772727,0.08940909,1.50148,0.085515,0.0559,0.90062,0.04348,200,100,fcr,12,161,10,1,random
941,RANDOM,1,"2026-07-16 01:10:15",4.9,0.553576,2.55532,4.9394,0.54984849,0.00447273,0.391984,0.009105,0.54601,0.16564,0.28834,200,100,fcr,12,163,10,1,random
942,RANDOM,2,"2026-07-16 01:10:19",9.1,0.556309,2.55528,4.7879,0.55696969,0.00092121,0.378544,-0.00156,0.52532,0.18354,0.29114,200,100,fcr,12,158,10,1,random
943,RANDOM,3,"2026-07-16 01:10:23",13.5,0.554791,2.54604,4.7576,0.55333333,-0.00239091,0.387208,0.006334,0.52866,0.18471,0.28662,200,100,fcr,12,157,10,1,random
944,RANDOM,4,"2026-07-16 01:10:28",17.9,0.553291,2.54336,4.7273,0.55651515,-0.00594545,0.402816,-0.002123,0.53205,0.17949,0.28846,200,100,fcr,12,156,10,1,random
945,RANDOM,5,"2026-07-16 01:10:34",24,0.552715,2.54924,4.697,0.54575758,0.00707576,0.407577,0.015296,0.52258,0.19355,0.28387,200,100,fcr,12,155,10,1,random
946,RANDOM,6,"2026-07-16 01:10:38",28.5,0.554976,2.55863,4.6667,0.56212121,-0.01448485,0.42091,-0.012429,0.53896,0.17532,0.28571,200,100,fcr,12,154,10,1,random
947,RANDOM,7,"2026-07-16 01:10:45",34.7,0.555794,2.55263,4.6667,0.55439394,0.00194242,0.426793,0.004507,0.53247,0.16883,0.2987,200,100,fcr,12,154,10,1,random
948,RANDOM,8,"2026-07-16 01:10:51",40.9,0.555845,2.54156,4.6061,0.56060606,-0.00910606,0.406914,-0.005847,0.51316,0.19737,0.28947,200,100,fcr,12,152,10,1,random
949,RANDOM,9,"2026-07-16 01:10:57",47.3,0.555952,2.5547,4.5455,0.54121212,0.02725455,0.422658,0.028105,0.52,0.17333,0.30667,200,100,fcr,12,150,10,1,random
950,RANDOM,10,"2026-07-16 01:11:03",53.6,0.556612,2.5573,4.5152,0.55757576,0.00331818,0.411358,0.000005,0.52349,0.18121,0.2953,200,100,fcr,12,149,10,1,random
951,RANDOM,11,"2026-07-16 01:11:10",59.9,0.556412,2.54772,4.5152,0.55833334,0.00027879,0.443738,-0.001417,0.51678,0.18792,0.2953,200,100,fcr,12,149,10,1,random
952,RANDOM,12,"2026-07-16 01:11:16",66.3,0.555127,2.53056,4.4545,0.56,-0.00788182,0.426037,-0.005141,0.5102,0.19728,0.29252,200,100,fcr,12,147,10,1,random
953,RANDOM,13,"2026-07-16 01:11:22",72.6,0.558009,2.54935,4.4545,0.55560606,0.00702121,0.44991,0.003851,0.51701,0.19048,0.29252,200,100,fcr,12,147,10,1,random
954,RANDOM,14,"2026-07-16 01:11:29",79,0.554442,2.52903,4.4545,0.56272728,-0.01268485,0.456149,-0.010063,0.53061,0.17687,0.29252,200,100,fcr,12,147,10,1,random
955,RANDOM,15,"2026-07-16 01:11:35",85.3,0.549709,2.50044,4.4242,0.55863636,-0.01637879,0.44839,-0.009282,0.5411,0.15753,0.30137,200,100,fcr,12,146,10,1,random
956,RANDOM,16,"2026-07-16 01:11:41",91.6,0.547633,2.488,4.4242,0.54545455,0.00308788,0.43176,0.007659,0.53425,0.17123,0.29452,200,100,fcr,12,146,10,1,random
957,RANDOM,17,"2026-07-16 01:11:48",98,0.545188,2.481,4.4242,0.55060606,-0.00987879,0.433937,-0.004956,0.54795,0.15753,0.29452,200,100,fcr,12,146,10,1,random
958,RANDOM,18,"2026-07-16 01:11:55",104.7,0.545155,2.48871,4.4242,0.54166666,0.00445758,0.442873,0.008682,0.55479,0.16438,0.28082,200,100,fcr,12,146,10,1,random
959,RANDOM,19,"2026-07-16 01:12:01",111.1,0.545524,2.49765,4.3333,0.54454546,-0.00434545,0.472257,0.003733,0.55245,0.16783,0.27972,200,100,fcr,12,143,10,1,random
960,RANDOM,20,"2026-07-16 01:12:07",117.5,0.543542,2.49493,4.3333,0.54378788,-0.00359091,0.48848,0.003824,0.53147,0.18881,0.27972,200,100,fcr,12,143,10,1,random
961,OI,1,"2026-07-16 01:12:27",5.5,0.581061,2.76029,4.8182,0.57924242,0.00172424,0.449028,-0.020329,0.49686,0.22642,0.27673,200,100,fcr,13,159,10,1,random
962,OI,2,"2026-07-16 01:12:32",10.6,0.606448,2.9659,4.8182,0.6130303,-0.01366364,0.53959,-0.029223,0.45912,0.25157,0.28931,200,100,fcr,13,159,10,1,random
963,OI,3,"2026-07-16 01:12:37",15.6,0.631582,3.18129,4.8182,0.64151515,-0.01470303,0.587696,-0.033015,0.42138,0.28302,0.2956,200,100,fcr,13,159,10,1,random
964,OI,4,"2026-07-16 01:12:42",20.8,0.655652,3.41653,4.7879,0.66151516,-0.0080303,0.622465,-0.02486,0.35443,0.36076,0.28481,200,100,fcr,13,158,10,1,random
965,OI,5,"2026-07-16 01:12:49",27.6,0.675485,3.61316,4.7576,0.67181818,0.0036697,0.694805,-0.006605,0.30573,0.42038,0.27389,200,100,fcr,13,157,10,1,random
966,OI,6,"2026-07-16 01:12:54",32.8,0.690879,3.78388,4.7576,0.69651515,-0.01108788,0.765089,-0.016977,0.27389,0.49682,0.2293,200,100,fcr,13,157,10,1,random
967,OI,7,"2026-07-16 01:13:01",39.7,0.705064,3.96588,4.7576,0.71787879,-0.01639697,0.85063,-0.02622,0.24841,0.51592,0.23567,200,100,fcr,13,157,10,1,random
968,OI,8,"2026-07-16 01:13:08",46.4,0.716106,4.11584,4.7576,0.72560606,-0.01424545,0.931423,-0.018783,0.21019,0.61146,0.17834,200,100,fcr,13,157,10,1,random
969,OI,9,"2026-07-16 01:13:15",53.4,0.726691,4.26916,4.7576,0.72621212,0.00412424,1.07486,-0.00472,0.16561,0.6879,0.1465,200,100,fcr,13,157,10,1,random
970,OI,10,"2026-07-16 01:13:22",60.4,0.735755,4.3807,4.7576,0.73393939,0.00006667,1.21153,-0.001462,0.14013,0.75796,0.10191,200,100,fcr,13,157,10,1,random
971,OI,11,"2026-07-16 01:13:29",67.6,0.74043,4.45127,4.7576,0.74878788,-0.01029091,1.51452,-0.012128,0.12102,0.73248,0.1465,200,100,fcr,13,157,10,1,random
972,OI,12,"2026-07-16 01:13:36",74.8,0.745567,4.53012,4.7576,0.75393939,-0.01290909,1.25313,-0.0123,0.09554,0.78981,0.11465,200,100,fcr,13,157,10,1,random
973,OI,13,"2026-07-16 01:13:43",82,0.748679,4.60565,4.7576,0.75181819,-0.00351515,1.46847,-0.004166,0.05096,0.9172,0.03185,200,100,fcr,13,157,10,1,random
974,OI,14,"2026-07-16 01:13:50",89.1,0.749676,4.62927,4.7576,0.75106061,0.00027576,2.08914,-0.000968,0.01911,0.92994,0.05096,200,100,fcr,13,157,10,1,random
975,OI,15,"2026-07-16 01:13:57",96.1,0.748924,4.61457,4.7576,0.74954546,-0.00056061,1.26958,0.001273,0.03822,0.91083,0.05096,200,100,fcr,13,157,10,1,random
976,OI,16,"2026-07-16 01:14:04",103.2,0.750067,4.64289,4.7576,0.75545454,-0.00727576,1.86479,-0.005959,0.03185,0.9172,0.05096,200,100,fcr,13,157,10,1,random
977,OI,17,"2026-07-16 01:14:12",110.4,0.750712,4.65103,4.7576,0.75742425,-0.00815455,1.60004,-0.007534,0.03185,0.92357,0.04459,200,100,fcr,13,157,10,1,random
978,OI,18,"2026-07-16 01:14:19",117.5,0.750891,4.64434,4.7576,0.76015151,-0.01219091,1.87319,-0.010816,0.04459,0.88535,0.07006,200,100,fcr,13,157,10,1,random
979,OI,19,"2026-07-16 01:14:26",124.6,0.751967,4.67318,4.7576,0.75075758,0.00120606,1.61991,0.002936,0.01911,0.95541,0.02548,200,100,fcr,13,157,10,1,random
980,OI,20,"2026-07-16 01:14:33",131.8,0.751794,4.6708,4.7576,0.75075758,-0.00069091,2.06307,0.002634,0.03822,0.92357,0.03822,200,100,fcr,13,157,10,1,random
981,IR,1,"2026-07-16 01:14:42",5.3,0.55853,2.58612,4.8182,0.62787878,-0.12022121,0.390886,-0.130831,0.55346,0.16352,0.28302,200,100,fcr,13,159,10,1,random
982,IR,2,"2026-07-16 01:14:47",10.3,0.566858,2.63078,4.7879,0.63651515,-0.12298182,0.428137,-0.129342,0.5443,0.16456,0.29114,200,100,fcr,13,158,10,1,random
983,IR,3,"2026-07-16 01:14:52",15.1,0.57603,2.68866,4.7576,0.6469697,-0.1249,0.434513,-0.13077,0.52866,0.17197,0.29936,200,100,fcr,13,157,10,1,random
984,IR,4,"2026-07-16 01:14:57",20,0.583361,2.73735,4.7273,0.65348485,-0.1206303,0.435978,-0.125809,0.50641,0.1859,0.30769,200,100,fcr,13,156,10,1,random
985,IR,5,"2026-07-16 01:15:04",26.8,0.587467,2.76868,4.697,0.65757576,-0.11415455,0.427021,-0.121646,0.50323,0.19355,0.30323,200,100,fcr,13,155,10,1,random
986,IR,6,"2026-07-16 01:15:09",31.9,0.597258,2.82903,4.6667,0.66348485,-0.11351515,0.453498,-0.118583,0.5,0.2013,0.2987,200,100,fcr,13,154,10,1,random
987,IR,7,"2026-07-16 01:15:16",38.5,0.606285,2.88546,4.6061,0.67772727,-0.11263636,0.489823,-0.124756,0.47368,0.21053,0.31579,200,100,fcr,13,152,10,1,random
988,IR,8,"2026-07-16 01:15:22",45.3,0.613497,2.94244,4.5455,0.68075758,-0.10999091,0.483933,-0.11492,0.44,0.24667,0.31333,200,100,fcr,13,150,10,1,random
989,IR,9,"2026-07-16 01:15:30",52.4,0.616252,2.95464,4.5152,0.68893939,-0.11836667,0.479503,-0.118828,0.44295,0.24832,0.30872,200,100,fcr,13,149,10,1,random
990,IR,10,"2026-07-16 01:15:37",59.6,0.624324,3.01072,4.5152,0.69848485,-0.12058485,0.51551,-0.124897,0.44966,0.24832,0.30201,200,100,fcr,13,149,10,1,random
991,IR,11,"2026-07-16 01:15:44",66.8,0.630936,3.05944,4.4848,0.70424242,-0.11865455,0.549782,-0.120801,0.41892,0.26351,0.31757,200,100,fcr,13,148,10,1,random
992,IR,12,"2026-07-16 01:15:51",73.8,0.638897,3.12395,4.4848,0.70121212,-0.0995303,0.542236,-0.103017,0.38514,0.27703,0.33784,200,100,fcr,13,148,10,1,random
993,IR,13,"2026-07-16 01:15:58",80.7,0.643203,3.15469,4.4848,0.71545454,-0.11824545,0.507149,-0.115346,0.38514,0.27703,0.33784,200,100,fcr,13,148,10,1,random
994,IR,14,"2026-07-16 01:16:05",87.8,0.649791,3.19605,4.4848,0.72348485,-0.11722121,0.514975,-0.117372,0.38514,0.31081,0.30405,200,100,fcr,13,148,10,1,random
995,IR,15,"2026-07-16 01:16:12",94.8,0.651742,3.20036,4.4545,0.72803031,-0.12044848,0.585456,-0.117874,0.37415,0.30612,0.31973,200,100,fcr,13,147,10,1,random
996,IR,16,"2026-07-16 01:16:19",101.8,0.653697,3.2151,4.4242,0.73530303,-0.13005455,0.562494,-0.125618,0.36986,0.31507,0.31507,200,100,fcr,13,146,10,1,random
997,IR,17,"2026-07-16 01:16:26",109,0.656558,3.20362,4.4242,0.73590909,-0.1266303,0.571948,-0.121832,0.37671,0.30137,0.32192,200,100,fcr,13,146,10,1,random
998,IR,18,"2026-07-16 01:16:33",116,0.660209,3.22684,4.3939,0.73348485,-0.11427576,0.572673,-0.113033,0.37931,0.31724,0.30345,200,100,fcr,13,145,10,1,random
999,IR,19,"2026-07-16 01:16:40",123.1,0.66497,3.29178,4.3636,0.74257576,-0.12275455,0.633635,-0.120285,0.35417,0.35417,0.29167,200,100,fcr,13,144,10,1,random
1000,IR,20,"2026-07-16 01:16:47",130.3,0.66717,3.31878,4.3636,0.74393939,-0.11896061,0.656387,-0.115992,0.375,0.33333,0.29167,200,100,fcr,13,144,10,1,random
1001,AGR,1,"2026-07-16 01:16:57",8.3,0.57327,2.71672,4.8485,0.53227273,0.06190909,0.423108,0.056139,0.5375,0.1625,0.3,200,100,fcr,13,160,10,1,random
1002,AGR,2,"2026-07-16 01:17:04",16.1,0.594679,2.88344,4.8182,0.55045455,0.07495151,0.457836,0.060357,0.50314,0.19497,0.30189,200,100,fcr,13,159,10,1,random
1003,AGR,3,"2026-07-16 01:17:12",23.7,0.61273,3.05431,4.8182,0.565,0.07774545,0.496343,0.0667,0.46541,0.22642,0.30818,200,100,fcr,13,159,10,1,random
1004,AGR,4,"2026-07-16 01:17:20",31.4,0.628742,3.22211,4.8182,0.58,0.0718303,0.522005,0.068243,0.44654,0.22013,0.33333,200,100,fcr,13,159,10,1,random
1005,AGR,5,"2026-07-16 01:17:30",41.4,0.644567,3.35288,4.8182,0.5919697,0.08217879,0.527855,0.072491,0.40252,0.26415,0.33333,200,100,fcr,13,159,10,1,random
1006,AGR,6,"2026-07-16 01:17:38",49.7,0.655652,3.49536,4.8182,0.6130303,0.06540606,0.544084,0.058894,0.38365,0.28302,0.33333,200,100,fcr,13,159,10,1,random
1007,AGR,7,"2026-07-16 01:17:48",59.5,0.671506,3.65151,4.7879,0.62303031,0.07393636,0.598454,0.063184,0.35443,0.32911,0.31646,200,100,fcr,13,158,10,1,random
1008,AGR,8,"2026-07-16 01:17:58",69.2,0.684903,3.7971,4.7879,0.63090909,0.07967576,0.660439,0.071852,0.3481,0.36076,0.29114,200,100,fcr,13,158,10,1,random
1009,AGR,9,"2026-07-16 01:18:07",79.1,0.692264,3.89628,4.7879,0.63984849,0.07991818,0.7497,0.072414,0.32911,0.39873,0.27215,200,100,fcr,13,158,10,1,random
1010,AGR,10,"2026-07-16 01:18:17",88.9,0.70363,4.02899,4.7879,0.6460606,0.08580909,0.850749,0.076259,0.27215,0.50633,0.22152,200,100,fcr,13,158,10,1,random
1011,AGR,11,"2026-07-16 01:18:27",99,0.713539,4.15684,4.7879,0.66212121,0.07231212,0.953155,0.067136,0.22785,0.53797,0.23418,200,100,fcr,13,158,10,1,random
1012,AGR,12,"2026-07-16 01:18:37",108.7,0.721682,4.27164,4.7879,0.66772727,0.07861515,0.917619,0.070755,0.22152,0.58228,0.1962,200,100,fcr,13,158,10,1,random
1013,AGR,13,"2026-07-16 01:18:47",118.7,0.727864,4.35893,4.7879,0.66227273,0.09456364,1.07634,0.087537,0.18987,0.67089,0.13924,200,100,fcr,13,158,10,1,random
1014,AGR,14,"2026-07-16 01:18:57",128.8,0.732867,4.42658,4.7879,0.68,0.07520909,1.2533,0.070058,0.15823,0.6962,0.14557,200,100,fcr,13,158,10,1,random
1015,AGR,15,"2026-07-16 01:19:07",138.9,0.737636,4.48392,4.7879,0.69333333,0.0639303,1.16537,0.058331,0.12658,0.71519,0.15823,200,100,fcr,13,158,10,1,random
1016,AGR,16,"2026-07-16 01:19:17",148.8,0.742264,4.54859,4.7879,0.68621212,0.07760606,1.13196,0.073836,0.10759,0.79114,0.10127,200,100,fcr,13,158,10,1,random
1017,AGR,17,"2026-07-16 01:19:27",158.9,0.744494,4.58813,4.7879,0.67666667,0.09777879,1.32834,0.090708,0.07595,0.83544,0.08861,200,100,fcr,13,158,10,1,random
1018,AGR,18,"2026-07-16 01:19:37",169,0.747061,4.62133,4.7879,0.68621213,0.08612121,1.3017,0.080938,0.05696,0.85443,0.08861,200,100,fcr,13,158,10,1,random
1019,AGR,19,"2026-07-16 01:19:47",179,0.748888,4.64712,4.7879,0.69136363,0.08190303,1.29634,0.076667,0.05696,0.88608,0.05696,200,100,fcr,13,158,10,1,random
1020,AGR,20,"2026-07-16 01:19:58",189.2,0.750994,4.67935,4.7879,0.70136364,0.07044545,1.4843,0.065613,0.03165,0.89873,0.06962,200,100,fcr,13,158,10,1,random
1021,RANDOM,1,"2026-07-16 01:20:07",5.3,0.547776,2.54092,4.8485,0.54712121,0.00111515,0.377045,0.005464,0.53125,0.19375,0.275,200,100,fcr,13,160,10,1,random
1022,RANDOM,2,"2026-07-16 01:20:11",10,0.546539,2.54765,4.7273,0.53318181,0.03136061,0.401034,0.027998,0.53205,0.1859,0.28205,200,100,fcr,13,156,10,1,random
1023,RANDOM,3,"2026-07-16 01:20:16",14.4,0.544042,2.53637,4.697,0.54954545,-0.00702424,0.406708,-0.005056,0.54194,0.18065,0.27742,200,100,fcr,13,155,10,1,random
1024,RANDOM,4,"2026-07-16 01:20:20",18.7,0.539282,2.48759,4.6364,0.54212122,-0.00700909,0.410298,0.001952,0.55556,0.14379,0.30065,200,100,fcr,13,153,10,1,random
1025,RANDOM,5,"2026-07-16 01:20:26",24.7,0.537318,2.47512,4.5758,0.54075758,-0.00810606,0.387195,-0.001903,0.54305,0.15894,0.29801,200,100,fcr,13,151,10,1,random
1026,RANDOM,6,"2026-07-16 01:20:31",29.3,0.537127,2.46382,4.5758,0.52681818,0.01966061,0.387191,0.021891,0.54305,0.16556,0.29139,200,100,fcr,13,151,10,1,random
1027,RANDOM,7,"2026-07-16 01:20:37",35.4,0.540321,2.48337,4.5758,0.53651515,0.00915758,0.404126,0.006233,0.54967,0.15894,0.29139,200,100,fcr,13,151,10,1,random
1028,RANDOM,8,"2026-07-16 01:20:43",41.5,0.53923,2.47539,4.5455,0.5369697,0.00265151,0.409485,0.007688,0.55333,0.15333,0.29333,200,100,fcr,13,150,10,1,random
1029,RANDOM,9,"2026-07-16 01:20:49",47.7,0.536085,2.46186,4.4545,0.5389394,-0.00552424,0.402075,0.000407,0.55102,0.15646,0.29252,200,100,fcr,13,147,10,1,random
1030,RANDOM,10,"2026-07-16 01:20:55",54,0.531836,2.43856,4.3939,0.53333333,-0.00679091,0.413491,0.003698,0.54483,0.15172,0.30345,200,100,fcr,13,145,10,1,random
1031,RANDOM,11,"2026-07-16 01:21:02",60.3,0.531603,2.43808,4.3636,0.53106061,-0.00146364,0.401363,0.0037,0.53472,0.17361,0.29167,200,100,fcr,13,144,10,1,random
1032,RANDOM,12,"2026-07-16 01:21:08",66.6,0.530403,2.44112,4.3636,0.53666667,-0.01268788,0.418551,-0.008484,0.54861,0.17361,0.27778,200,100,fcr,13,144,10,1,random
1033,RANDOM,13,"2026-07-16 01:21:14",72.8,0.531267,2.45285,4.3636,0.53863637,-0.0126303,0.44931,-0.011713,0.55556,0.15972,0.28472,200,100,fcr,13,144,10,1,random
1034,RANDOM,14,"2026-07-16 01:21:21",79.2,0.528903,2.44598,4.3636,0.52212121,0.01018182,0.436463,0.017633,0.5625,0.14583,0.29167,200,100,fcr,13,144,10,1,random
1035,RANDOM,15,"2026-07-16 01:21:27",85.5,0.530836,2.45222,4.3333,0.53454546,0.00080303,0.432067,-0.005497,0.56643,0.14685,0.28671,200,100,fcr,13,143,10,1,random
1036,RANDOM,16,"2026-07-16 01:21:33",91.8,0.528509,2.45227,4.303,0.52030303,0.01509394,0.433869,0.020015,0.55634,0.14085,0.30282,200,100,fcr,13,142,10,1,random
1037,RANDOM,17,"2026-07-16 01:21:40",98.6,0.529403,2.45078,4.2121,0.52575757,0.00572424,0.411178,0.00937,0.54676,0.15108,0.30216,200,100,fcr,13,139,10,1,random
1038,RANDOM,18,"2026-07-16 01:21:47",105.5,0.525449,2.41435,4.1818,0.52409091,0.00991818,0.417135,0.010052,0.54348,0.15217,0.30435,200,100,fcr,13,138,10,1,random
1039,RANDOM,19,"2026-07-16 01:21:53",111.9,0.524491,2.42352,4.1818,0.52727273,-0.00335455,0.41271,-0.000939,0.54348,0.15217,0.30435,200,100,fcr,13,138,10,1,random
1040,RANDOM,20,"2026-07-16 01:22:00",118.6,0.52127,2.40414,4.1515,0.52318182,-0.00378182,0.405824,0.002113,0.55474,0.14599,0.29927,200,100,fcr,13,137,10,1,random
1041,OI,1,"2026-07-16 01:22:18",5.4,0.58027,2.73331,5.1212,0.58681818,-0.0099697,0.458092,-0.032694,0.50296,0.21302,0.28402,200,100,fcr,14,169,10,1,random
1042,OI,2,"2026-07-16 01:22:23",10.4,0.603961,2.92497,5.1212,0.61939394,-0.02066061,0.463604,-0.042644,0.46746,0.2426,0.28994,200,100,fcr,14,169,10,1,random
1043,OI,3,"2026-07-16 01:22:28",15.4,0.627394,3.10996,5.1212,0.6260606,0.00604849,0.522823,-0.013244,0.43195,0.26627,0.30178,200,100,fcr,14,169,10,1,random
1044,OI,4,"2026-07-16 01:22:33",20.3,0.647106,3.29878,5.0909,0.64787878,0.00002121,0.540072,-0.013536,0.38095,0.35714,0.2619,200,100,fcr,14,168,10,1,random
1045,OI,5,"2026-07-16 01:22:38",25.4,0.666094,3.50115,5.0606,0.65833333,0.01062424,0.657578,-0.000214,0.36527,0.37725,0.25749,200,100,fcr,14,167,10,1,random
1046,OI,6,"2026-07-16 01:22:44",30.5,0.684579,3.67716,5.0606,0.68833334,-0.00589697,0.721059,-0.016738,0.34132,0.38323,0.27545,200,100,fcr,14,167,10,1,random
1047,OI,7,"2026-07-16 01:22:50",37.3,0.699458,3.84808,5.0606,0.69651516,0.00155455,0.761412,-0.00423,0.31737,0.40719,0.27545,200,100,fcr,14,167,10,1,random
1048,OI,8,"2026-07-16 01:22:57",44,0.710736,4.01223,5.0606,0.70757576,0.00441515,0.789644,-0.001444,0.29341,0.4491,0.25749,200,100,fcr,14,167,10,1,random
1049,OI,9,"2026-07-16 01:23:04",51.1,0.721636,4.18423,5.0303,0.72121212,-0.00050909,0.858562,-0.005039,0.22289,0.56627,0.21084,200,100,fcr,14,166,10,1,random
1050,OI,10,"2026-07-16 01:23:11",58.1,0.731027,4.35093,5.0303,0.72848485,-0.00005151,0.927069,-0.000819,0.1988,0.59639,0.20482,200,100,fcr,14,166,10,1,random
1051,OI,11,"2026-07-16 01:23:18",65.1,0.739233,4.50095,5.0303,0.73969697,0.00058485,1.00392,-0.004362,0.21084,0.61446,0.1747,200,100,fcr,14,166,10,1,random
1052,OI,12,"2026-07-16 01:23:25",72.2,0.744618,4.61301,5.0303,0.7430303,0.00127273,1.21439,0.000084,0.11446,0.71084,0.1747,200,100,fcr,14,166,10,1,random
1053,OI,13,"2026-07-16 01:23:32",79.2,0.749642,4.71018,5.0303,0.76560606,-0.02179697,0.9879,-0.023063,0.12651,0.73494,0.13855,200,100,fcr,14,166,10,1,random
1054,OI,14,"2026-07-16 01:23:39",86.4,0.754218,4.77915,5.0303,0.76075758,-0.00874849,1.26832,-0.01006,0.10843,0.77108,0.12048,200,100,fcr,14,166,10,1,random
1055,OI,15,"2026-07-16 01:23:47",93.5,0.757739,4.86546,5.0303,0.76742424,-0.01371515,1.50285,-0.012964,0.06627,0.87952,0.05422,200,100,fcr,14,166,10,1,random
1056,OI,16,"2026-07-16 01:23:54",100.6,0.759294,4.902,5.0303,0.76969697,-0.01350909,2.37828,-0.013014,0.03614,0.90964,0.05422,200,100,fcr,14,166,10,1,random
1057,OI,17,"2026-07-16 01:24:01",107.6,0.760021,4.92472,5.0303,0.75863636,0.00440909,1.7937,0.002891,0.0241,0.92169,0.05422,200,100,fcr,14,166,10,1,random
1058,OI,18,"2026-07-16 01:24:08",114.7,0.759976,4.92482,5.0303,0.76651515,-0.00728788,1.66752,-0.006691,0.03614,0.90361,0.06024,200,100,fcr,14,166,10,1,random
1059,OI,19,"2026-07-16 01:24:15",121.8,0.760882,4.9463,5.0303,0.76060607,0.00071515,1.75211,0.001545,0.0241,0.93976,0.03614,200,100,fcr,14,166,10,1,random
1060,OI,20,"2026-07-16 01:24:22",129,0.760273,4.91918,5.0303,0.77257576,-0.01658182,1.51946,-0.014354,0.04217,0.89157,0.06627,200,100,fcr,14,166,10,1,random
1061,IR,1,"2026-07-16 01:24:31",5.5,0.562315,2.61007,5.0606,0.62424242,-0.1053303,0.40764,-0.11792,0.52695,0.18563,0.28743,200,100,fcr,14,167,10,1,random
1062,IR,2,"2026-07-16 01:24:37",10.5,0.568455,2.6377,5.0303,0.63666667,-0.11896667,0.387692,-0.124461,0.53614,0.18072,0.28313,200,100,fcr,14,166,10,1,random
1063,IR,3,"2026-07-16 01:24:42",15.5,0.578082,2.68842,4.9394,0.64363636,-0.11184545,0.423587,-0.120561,0.50307,0.19632,0.30061,200,100,fcr,14,163,10,1,random
1064,IR,4,"2026-07-16 01:24:47",20.5,0.583282,2.70411,4.8788,0.65030302,-0.11312121,0.402785,-0.118211,0.50932,0.18634,0.30435,200,100,fcr,14,161,10,1,random
1065,IR,5,"2026-07-16 01:24:53",27.2,0.591282,2.74248,4.8788,0.6619697,-0.11939091,0.443978,-0.125628,0.50932,0.19255,0.29814,200,100,fcr,14,161,10,1,random
1066,IR,6,"2026-07-16 01:24:58",32.2,0.598812,2.79732,4.8485,0.66969696,-0.11888182,0.46711,-0.123814,0.5,0.1875,0.3125,200,100,fcr,14,160,10,1,random
1067,IR,7,"2026-07-16 01:25:05",39,0.606082,2.84753,4.8485,0.67863636,-0.12029697,0.451261,-0.125543,0.4875,0.19375,0.31875,200,100,fcr,14,160,10,1,random
1068,IR,8,"2026-07-16 01:25:12",45.8,0.612718,2.89506,4.8182,0.68590909,-0.12200606,0.456838,-0.124085,0.4717,0.21384,0.31447,200,100,fcr,14,159,10,1,random
1069,IR,9,"2026-07-16 01:25:19",52.8,0.618682,2.92314,4.7879,0.69454545,-0.12684546,0.470147,-0.126644,0.4557,0.22152,0.32278,200,100,fcr,14,158,10,1,random
1070,IR,10,"2026-07-16 01:25:26",59.9,0.621427,2.93685,4.7576,0.69545455,-0.12145758,0.461507,-0.120574,0.45223,0.21656,0.33121,200,100,fcr,14,157,10,1,random
1071,IR,11,"2026-07-16 01:25:33",67.1,0.626749,2.95862,4.7273,0.69909091,-0.11968182,0.469592,-0.118685,0.44231,0.25,0.30769,200,100,fcr,14,156,10,1,random
1072,IR,12,"2026-07-16 01:25:40",74.1,0.634309,3.00939,4.7273,0.70848485,-0.12353333,0.518835,-0.122064,0.4359,0.25,0.3141,200,100,fcr,14,156,10,1,random
1073,IR,13,"2026-07-16 01:25:47",81.2,0.635749,3.02047,4.7273,0.70984848,-0.11899394,0.519463,-0.116654,0.44231,0.25,0.30769,200,100,fcr,14,156,10,1,random
1074,IR,14,"2026-07-16 01:25:54",88.2,0.638903,3.04649,4.7273,0.71121213,-0.11657879,0.556828,-0.114929,0.46795,0.22436,0.30769,200,100,fcr,14,156,10,1,random
1075,IR,15,"2026-07-16 01:26:01",95.2,0.642048,3.06493,4.7273,0.715,-0.12024849,0.56416,-0.115204,0.45513,0.23077,0.3141,200,100,fcr,14,156,10,1,random
1076,IR,16,"2026-07-16 01:26:08",102.3,0.647276,3.08974,4.697,0.72924242,-0.13105758,0.560769,-0.12998,0.43871,0.25161,0.30968,200,100,fcr,14,155,10,1,random
1077,IR,17,"2026-07-16 01:26:15",109.3,0.648864,3.09937,4.697,0.72969697,-0.12630909,0.563097,-0.124972,0.44516,0.23226,0.32258,200,100,fcr,14,155,10,1,random
1078,IR,18,"2026-07-16 01:26:22",116.4,0.652336,3.13052,4.6667,0.73060606,-0.1264303,0.559274,-0.121634,0.42857,0.22727,0.34416,200,100,fcr,14,154,10,1,random
1079,IR,19,"2026-07-16 01:26:30",123.5,0.655348,3.14818,4.6667,0.73575758,-0.12874242,0.510121,-0.124049,0.41558,0.25325,0.33117,200,100,fcr,14,154,10,1,random
1080,IR,20,"2026-07-16 01:26:37",130.7,0.659221,3.17804,4.6667,0.74560606,-0.13499394,0.552369,-0.133294,0.41558,0.25325,0.33117,200,100,fcr,14,154,10,1,random
1081,AGR,1,"2026-07-16 01:26:46",8.2,0.569773,2.67492,5.1212,0.52515151,0.07278485,0.4264,0.067326,0.51479,0.20118,0.28402,200,100,fcr,14,169,10,1,random
1082,AGR,2,"2026-07-16 01:26:54",15.8,0.591848,2.83556,5.0909,0.56090909,0.04760606,0.428211,0.037746,0.48214,0.21429,0.30357,200,100,fcr,14,168,10,1,random
1083,AGR,3,"2026-07-16 01:27:02",23.8,0.612933,3.03225,5.0909,0.57030303,0.06698788,0.448548,0.055668,0.47024,0.22619,0.30357,200,100,fcr,14,168,10,1,random
1084,AGR,4,"2026-07-16 01:27:10",31.6,0.628609,3.18797,5.0606,0.57287879,0.09078485,0.490179,0.079358,0.44311,0.23353,0.32335,200,100,fcr,14,167,10,1,random
1085,AGR,5,"2026-07-16 01:27:17",39.3,0.642285,3.35545,5.0606,0.58621212,0.0801697,0.497199,0.080019,0.42515,0.23952,0.33533,200,100,fcr,14,167,10,1,random
1086,AGR,6,"2026-07-16 01:27:25",47.2,0.658785,3.51953,5.0606,0.61969697,0.05959697,0.514402,0.049183,0.4012,0.2515,0.34731,200,100,fcr,14,167,10,1,random
1087,AGR,7,"2026-07-16 01:27:35",57,0.669009,3.64768,5.0303,0.61454545,0.08174242,0.508021,0.076677,0.37349,0.29518,0.33133,200,100,fcr,14,166,10,1,random
1088,AGR,8,"2026-07-16 01:27:45",66.7,0.681503,3.79738,5.0303,0.64045455,0.06335151,0.618929,0.053632,0.33735,0.36747,0.29518,200,100,fcr,14,166,10,1,random
1089,AGR,9,"2026-07-16 01:27:55",76.5,0.691364,3.93252,5,0.64651516,0.06531818,0.7042,0.059855,0.32727,0.3697,0.30303,200,100,fcr,14,165,10,1,random
1090,AGR,10,"2026-07-16 01:28:05",86.3,0.701676,4.07711,5,0.65818182,0.06144849,0.740448,0.056902,0.30909,0.4,0.29091,200,100,fcr,14,165,10,1,random
1091,AGR,11,"2026-07-16 01:28:14",96.2,0.710476,4.20721,5,0.66212121,0.06928788,0.811044,0.063521,0.26667,0.47879,0.25455,200,100,fcr,14,165,10,1,random
1092,AGR,12,"2026-07-16 01:28:24",106.1,0.718042,4.33052,5,0.66454546,0.07630303,0.884469,0.071449,0.20606,0.54545,0.24848,200,100,fcr,14,165,10,1,random
1093,AGR,13,"2026-07-16 01:28:35",116.4,0.724179,4.438,5,0.66727273,0.08415758,0.840259,0.076126,0.2,0.58182,0.21818,200,100,fcr,14,165,10,1,random
1094,AGR,14,"2026-07-16 01:28:45",126.7,0.728885,4.52383,5,0.66060606,0.0959,0.957912,0.091878,0.18788,0.61818,0.19394,200,100,fcr,14,165,10,1,random
1095,AGR,15,"2026-07-16 01:28:55",137.2,0.735048,4.60102,5,0.68257576,0.07323636,1.06947,0.068685,0.1697,0.67273,0.15758,200,100,fcr,14,165,10,1,random
1096,AGR,16,"2026-07-16 01:29:06",147.7,0.739609,4.67963,5,0.68363637,0.08246364,1.17176,0.073948,0.13333,0.73939,0.12727,200,100,fcr,14,165,10,1,random
1097,AGR,17,"2026-07-16 01:29:16",157.9,0.743712,4.74628,5,0.68121212,0.09037576,1.2696,0.082695,0.10909,0.78182,0.10909,200,100,fcr,14,165,10,1,random
1098,AGR,18,"2026-07-16 01:29:26",168.1,0.746897,4.78995,5,0.68742424,0.08497273,1.2868,0.078615,0.09091,0.85455,0.05455,200,100,fcr,14,165,10,1,random
1099,AGR,19,"2026-07-16 01:29:37",178.9,0.7502,4.84162,5,0.69015152,0.08424849,1.78238,0.079019,0.06061,0.88485,0.05455,200,100,fcr,14,165,10,1,random
1100,AGR,20,"2026-07-16 01:29:47",189,0.752127,4.85501,5,0.69287879,0.08388788,1.43887,0.078673,0.05455,0.88485,0.06061,200,100,fcr,14,165,10,1,random
1101,RANDOM,1,"2026-07-16 01:29:57",5,0.552685,2.54392,4.9394,0.55742424,-0.00911515,0.396999,-0.00667,0.56442,0.15951,0.27607,200,100,fcr,14,163,10,1,random
1102,RANDOM,2,"2026-07-16 01:30:01",9.7,0.549151,2.52908,4.7273,0.54757576,-0.00464242,0.407952,0.00861,0.55128,0.16667,0.28205,200,100,fcr,14,156,10,1,random
1103,RANDOM,3,"2026-07-16 01:30:07",15.2,0.548021,2.53128,4.697,0.54106061,0.01387576,0.436765,0.015638,0.56129,0.16129,0.27742,200,100,fcr,14,155,10,1,random
1104,RANDOM,4,"2026-07-16 01:30:12",20.4,0.54917,2.53915,4.6364,0.54833334,0.00441818,0.456815,0.00265,0.56209,0.15686,0.28105,200,100,fcr,14,153,10,1,random
1105,RANDOM,5,"2026-07-16 01:30:19",26.8,0.545358,2.52089,4.6061,0.54742424,-0.00049394,0.45843,0.002646,0.54605,0.15789,0.29605,200,100,fcr,14,152,10,1,random
1106,RANDOM,6,"2026-07-16 01:30:23",31.6,0.538755,2.48467,4.5152,0.54878788,-0.0151303,0.416012,-0.009361,0.5302,0.19463,0.27517,200,100,fcr,14,149,10,1,random
1107,RANDOM,7,"2026-07-16 01:30:30",37.9,0.532103,2.44621,4.4848,0.53136363,0.00122727,0.435477,0.009432,0.53378,0.17568,0.29054,200,100,fcr,14,148,10,1,random
1108,RANDOM,8,"2026-07-16 01:30:36",44.3,0.531758,2.44755,4.4848,0.54181818,-0.02060909,0.415857,-0.016019,0.5473,0.16892,0.28378,200,100,fcr,14,148,10,1,random
1109,RANDOM,9,"2026-07-16 01:30:43",51,0.529324,2.43549,4.4242,0.5369697,-0.01098485,0.430493,-0.009757,0.5411,0.17123,0.28767,200,100,fcr,14,146,10,1,random
1110,RANDOM,10,"2026-07-16 01:30:49",57.6,0.529933,2.43497,4.3939,0.52818182,0.00430606,0.430008,0.005304,0.55862,0.15862,0.28276,200,100,fcr,14,145,10,1,random
1111,RANDOM,11,"2026-07-16 01:30:56",64.2,0.527436,2.43059,4.3636,0.52757576,0.00187273,0.440055,0.004548,0.54861,0.17361,0.27778,200,100,fcr,14,144,10,1,random
1112,RANDOM,12,"2026-07-16 01:31:03",70.8,0.525061,2.41398,4.303,0.52924243,-0.0079697,0.45042,-0.003377,0.5493,0.16901,0.28169,200,100,fcr,14,142,10,1,random
1113,RANDOM,13,"2026-07-16 01:31:09",77.4,0.52357,2.41591,4.2727,0.52878789,-0.00668182,0.452643,-0.006152,0.5461,0.15603,0.29787,200,100,fcr,14,141,10,1,random
1114,RANDOM,14,"2026-07-16 01:31:16",83.9,0.521803,2.41016,4.2727,0.52984849,-0.0164,0.417873,-0.011242,0.55319,0.15603,0.29078,200,100,fcr,14,141,10,1,random
1115,RANDOM,15,"2026-07-16 01:31:22",90.5,0.520918,2.41341,4.2727,0.52257576,-0.00130303,0.432757,0.000496,0.55319,0.16312,0.28369,200,100,fcr,14,141,10,1,random
1116,RANDOM,16,"2026-07-16 01:31:29",97.1,0.523567,2.42773,4.1818,0.52424242,-0.00484849,0.448807,-0.000995,0.53623,0.18116,0.28261,200,100,fcr,14,138,10,1,random
1117,RANDOM,17,"2026-07-16 01:31:36",103.9,0.526312,2.43207,4.1818,0.52939394,-0.00980606,0.466836,-0.005789,0.54348,0.15942,0.2971,200,100,fcr,14,138,10,1,random
1118,RANDOM,18,"2026-07-16 01:31:42",110.4,0.527476,2.4417,4.0909,0.52787878,0.00335152,0.443833,-0.000003,0.54074,0.15556,0.3037,200,100,fcr,14,135,10,1,random
1119,RANDOM,19,"2026-07-16 01:31:49",117.2,0.529076,2.4359,4.0606,0.5190909,0.01784849,0.44937,0.020237,0.53731,0.17164,0.29104,200,100,fcr,14,134,10,1,random
1120,RANDOM,20,"2026-07-16 01:31:56",123.8,0.527545,2.43713,4.0303,0.53181818,-0.0061,0.472772,-0.004282,0.5188,0.19549,0.28571,200,100,fcr,14,133,10,1,random
1121,OI,1,"2026-07-16 01:32:16",5.3,0.578461,2.72193,4.8788,0.58681818,-0.01321212,0.431345,-0.036993,0.50311,0.19876,0.29814,200,100,fcr,15,161,10,1,random
1122,OI,2,"2026-07-16 01:32:21",10.2,0.603545,2.91788,4.8485,0.60893939,-0.01001515,0.478995,-0.026628,0.46875,0.25625,0.275,200,100,fcr,15,160,10,1,random
1123,OI,3,"2026-07-16 01:32:26",15.1,0.627094,3.10385,4.8485,0.63484849,-0.00868182,0.574281,-0.028701,0.41875,0.28125,0.3,200,100,fcr,15,160,10,1,random
1124,OI,4,"2026-07-16 01:32:31",20,0.649273,3.29346,4.7879,0.65242424,-0.00589091,0.576076,-0.019532,0.39241,0.31013,0.29747,200,100,fcr,15,158,10,1,random
1125,OI,5,"2026-07-16 01:32:38",26.6,0.669506,3.5034,4.7576,0.66378788,0.00783636,0.648347,-0.003728,0.33121,0.35669,0.3121,200,100,fcr,15,157,10,1,random
1126,OI,6,"2026-07-16 01:32:43",31.6,0.687442,3.68444,4.7576,0.69333333,-0.00732121,0.676674,-0.019442,0.3121,0.41401,0.27389,200,100,fcr,15,157,10,1,random
1127,OI,7,"2026-07-16 01:32:49",38.4,0.703036,3.86665,4.7576,0.70136364,0.00317273,0.805399,-0.006385,0.26752,0.49682,0.23567,200,100,fcr,15,157,10,1,random
1128,OI,8,"2026-07-16 01:32:56",45.1,0.71527,4.02315,4.7576,0.71393939,0.00043333,0.89816,-0.004409,0.2293,0.57325,0.19745,200,100,fcr,15,157,10,1,random
1129,OI,9,"2026-07-16 01:33:03",52.1,0.726324,4.16263,4.7576,0.72606061,0.00122727,1.06314,-0.005288,0.20382,0.58599,0.21019,200,100,fcr,15,157,10,1,random
1130,OI,10,"2026-07-16 01:33:10",59.2,0.735385,4.29393,4.7576,0.73772727,-0.00178182,1.02833,-0.007422,0.17834,0.67516,0.1465,200,100,fcr,15,157,10,1,random
1131,OI,11,"2026-07-16 01:33:17",66.1,0.743567,4.41663,4.7576,0.74424242,-0.0034,1.32021,-0.004258,0.13376,0.74522,0.12102,200,100,fcr,15,157,10,1,random
1132,OI,12,"2026-07-16 01:33:24",73.1,0.748476,4.51719,4.7576,0.74515151,0.00611818,1.47167,0.003141,0.09554,0.84076,0.06369,200,100,fcr,15,157,10,1,random
1133,OI,13,"2026-07-16 01:33:31",80.2,0.751851,4.58052,4.7576,0.76030303,-0.01136364,1.73147,-0.011671,0.06369,0.88535,0.05096,200,100,fcr,15,157,10,1,random
1134,OI,14,"2026-07-16 01:33:38",87.1,0.753136,4.60621,4.7576,0.76439393,-0.01506061,2.35727,-0.014102,0.07006,0.89172,0.03822,200,100,fcr,15,157,10,1,random
1135,OI,15,"2026-07-16 01:33:45",94.1,0.754127,4.63706,4.7576,0.74727273,0.00886364,2.91368,0.010143,0.04459,0.90446,0.05096,200,100,fcr,15,157,10,1,random
1136,OI,16,"2026-07-16 01:33:52",101,0.754342,4.64282,4.7576,0.76075758,-0.00890606,2.11591,-0.006744,0.03185,0.92357,0.04459,200,100,fcr,15,157,10,1,random
1137,OI,17,"2026-07-16 01:33:59",108,0.754797,4.64298,4.7576,0.74409091,0.01385758,2.0032,0.016057,0.03822,0.90446,0.05732,200,100,fcr,15,157,10,1,random
1138,OI,18,"2026-07-16 01:34:06",115.1,0.755258,4.64927,4.7576,0.75666667,-0.00220303,1.65189,-0.000461,0.04459,0.90446,0.05096,200,100,fcr,15,157,10,1,random
1139,OI,19,"2026-07-16 01:34:13",122.1,0.756839,4.67749,4.7576,0.75833333,-0.00015455,2.10712,-0.001362,0.00637,0.95541,0.03822,200,100,fcr,15,157,10,1,random
1140,OI,20,"2026-07-16 01:34:20",129.1,0.756309,4.66538,4.7576,0.76439394,-0.01035455,1.04748,-0.008474,0.01911,0.94904,0.03185,200,100,fcr,15,157,10,1,random
1141,IR,1,"2026-07-16 01:34:29",5,0.560094,2.57785,4.9091,0.62863637,-0.11969091,0.385146,-0.130385,0.52469,0.19753,0.27778,200,100,fcr,15,162,10,1,random
1142,IR,2,"2026-07-16 01:34:34",9.7,0.571173,2.61857,4.8485,0.63833334,-0.11773636,0.41406,-0.126602,0.51875,0.19375,0.2875,200,100,fcr,15,160,10,1,random
1143,IR,3,"2026-07-16 01:34:38",14.4,0.578136,2.65676,4.8182,0.64984848,-0.12356364,0.425091,-0.129171,0.50943,0.18239,0.30818,200,100,fcr,15,159,10,1,random
1144,IR,4,"2026-07-16 01:34:43",19,0.582842,2.67411,4.7879,0.65969697,-0.13004848,0.405021,-0.135019,0.50633,0.18354,0.31013,200,100,fcr,15,158,10,1,random
1145,IR,5,"2026-07-16 01:34:49",25.4,0.593379,2.74528,4.7273,0.67439394,-0.13526667,0.414333,-0.144786,0.5,0.17949,0.32051,200,100,fcr,15,156,10,1,random
1146,IR,6,"2026-07-16 01:34:54",30.1,0.598,2.76928,4.7273,0.67515151,-0.12935151,0.416764,-0.13174,0.48718,0.1859,0.32692,200,100,fcr,15,156,10,1,random
1147,IR,7,"2026-07-16 01:35:00",36.5,0.605094,2.82723,4.6667,0.67393939,-0.11566667,0.410342,-0.118892,0.47403,0.18831,0.33766,200,100,fcr,15,154,10,1,random
1148,IR,8,"2026-07-16 01:35:07",42.9,0.607955,2.85078,4.6061,0.685,-0.12822121,0.406676,-0.128286,0.46053,0.21711,0.32237,200,100,fcr,15,152,10,1,random
1149,IR,9,"2026-07-16 01:35:13",49.6,0.614085,2.88929,4.6061,0.68681818,-0.11997879,0.46116,-0.122483,0.48684,0.18421,0.32895,200,100,fcr,15,152,10,1,random
1150,IR,10,"2026-07-16 01:35:20",56.3,0.618933,2.90986,4.6061,0.69575757,-0.12510606,0.473236,-0.127194,0.45395,0.21711,0.32895,200,100,fcr,15,152,10,1,random
1151,IR,11,"2026-07-16 01:35:27",63,0.623858,2.93992,4.6061,0.70393939,-0.13080606,0.454476,-0.131519,0.46053,0.22368,0.31579,200,100,fcr,15,152,10,1,random
1152,IR,12,"2026-07-16 01:35:34",69.8,0.630403,2.98422,4.6061,0.70454545,-0.11906364,0.503088,-0.121755,0.44737,0.22368,0.32895,200,100,fcr,15,152,10,1,random
1153,IR,13,"2026-07-16 01:35:40",76.5,0.631933,3.00024,4.5455,0.71257575,-0.13108182,0.480185,-0.127816,0.44,0.20667,0.35333,200,100,fcr,15,150,10,1,random
1154,IR,14,"2026-07-16 01:35:47",83.2,0.636921,3.02556,4.5152,0.71166667,-0.11922727,0.458638,-0.120619,0.43624,0.20805,0.3557,200,100,fcr,15,149,10,1,random
1155,IR,15,"2026-07-16 01:35:54",90,0.640776,3.049,4.5152,0.71893939,-0.12281818,0.470144,-0.123874,0.42953,0.24161,0.32886,200,100,fcr,15,149,10,1,random
1156,IR,16,"2026-07-16 01:36:01",96.8,0.64507,3.0681,4.4848,0.71560607,-0.10860606,0.509196,-0.111945,0.41216,0.25,0.33784,200,100,fcr,15,148,10,1,random
1157,IR,17,"2026-07-16 01:36:07",103.5,0.652064,3.15225,4.4545,0.72878788,-0.12218485,0.524269,-0.122186,0.41497,0.2517,0.33333,200,100,fcr,15,147,10,1,random
1158,IR,18,"2026-07-16 01:36:14",110.2,0.657585,3.18739,4.4545,0.73439394,-0.11937576,0.555223,-0.120512,0.40136,0.27211,0.32653,200,100,fcr,15,147,10,1,random
1159,IR,19,"2026-07-16 01:36:21",117,0.66073,3.19624,4.4545,0.73681818,-0.1186697,0.571007,-0.116787,0.40816,0.26531,0.32653,200,100,fcr,15,147,10,1,random
1160,IR,20,"2026-07-16 01:36:28",123.7,0.663239,3.21626,4.4545,0.74015151,-0.12092727,0.569913,-0.117304,0.40816,0.27891,0.31293,200,100,fcr,15,147,10,1,random
1161,AGR,1,"2026-07-16 01:36:36",7.4,0.5707,2.69038,4.8485,0.52848485,0.06609091,0.410949,0.060654,0.50625,0.20625,0.2875,200,100,fcr,15,160,10,1,random
1162,AGR,2,"2026-07-16 01:36:43",14.5,0.586897,2.83657,4.8485,0.53848484,0.07376364,0.451189,0.073336,0.475,0.23125,0.29375,200,100,fcr,15,160,10,1,random
1163,AGR,3,"2026-07-16 01:36:50",21.5,0.603064,2.98391,4.8485,0.55045455,0.08195757,0.475583,0.077813,0.425,0.2875,0.2875,200,100,fcr,15,160,10,1,random
1164,AGR,4,"2026-07-16 01:36:57",28.4,0.61957,3.12985,4.8182,0.5689394,0.07673636,0.502047,0.072101,0.42138,0.28931,0.28931,200,100,fcr,15,159,10,1,random
1165,AGR,5,"2026-07-16 01:37:06",37.5,0.635333,3.28058,4.7879,0.57878787,0.09441212,0.544775,0.080291,0.39241,0.29747,0.31013,200,100,fcr,15,158,10,1,random
1166,AGR,6,"2026-07-16 01:37:13",44.8,0.648567,3.41972,4.7879,0.61530303,0.05152727,0.546687,0.04361,0.37975,0.29747,0.32278,200,100,fcr,15,158,10,1,random
1167,AGR,7,"2026-07-16 01:37:22",53.7,0.663509,3.57609,4.7879,0.61833333,0.07315151,0.587698,0.059565,0.36709,0.31013,0.32278,200,100,fcr,15,158,10,1,random
1168,AGR,8,"2026-07-16 01:37:31",62.9,0.674036,3.69753,4.7879,0.61151515,0.09105454,0.614509,0.087314,0.32911,0.33544,0.33544,200,100,fcr,15,158,10,1,random
1169,AGR,9,"2026-07-16 01:37:41",72,0.684448,3.83233,4.7879,0.63818182,0.0721,0.626233,0.06202,0.31013,0.38608,0.3038,200,100,fcr,15,158,10,1,random
1170,AGR,10,"2026-07-16 01:37:50",81.3,0.696021,3.9623,4.7879,0.63363637,0.0971303,0.714215,0.08386,0.3038,0.43038,0.26582,200,100,fcr,15,158,10,1,random
1171,AGR,11,"2026-07-16 01:37:59",90.5,0.703855,4.06822,4.7879,0.64909091,0.07892727,0.837352,0.074033,0.27848,0.49367,0.22785,200,100,fcr,15,158,10,1,random
1172,AGR,12,"2026-07-16 01:38:08",99.8,0.712639,4.17879,4.7879,0.6569697,0.0842697,0.959831,0.073849,0.23418,0.55696,0.20886,200,100,fcr,15,158,10,1,random
1173,AGR,13,"2026-07-16 01:38:17",108.8,0.719709,4.2812,4.7879,0.66469697,0.0794697,0.987247,0.07328,0.20886,0.61392,0.17722,200,100,fcr,15,158,10,1,random
1174,AGR,14,"2026-07-16 01:38:26",117.8,0.72563,4.37097,4.7879,0.67424243,0.07539697,1.08164,0.068288,0.18987,0.64557,0.16456,200,100,fcr,15,158,10,1,random
1175,AGR,15,"2026-07-16 01:38:36",127,0.729873,4.43083,4.7879,0.66924242,0.08822727,1.13205,0.081443,0.18354,0.67089,0.14557,200,100,fcr,15,158,10,1,random
1176,AGR,16,"2026-07-16 01:38:45",136.2,0.733845,4.48701,4.7879,0.68333333,0.07144242,1.23412,0.067388,0.14557,0.72785,0.12658,200,100,fcr,15,158,10,1,random
1177,AGR,17,"2026-07-16 01:38:54",145.4,0.737376,4.549,4.7879,0.69,0.0675303,1.24355,0.063058,0.12658,0.77848,0.09494,200,100,fcr,15,158,10,1,random
1178,AGR,18,"2026-07-16 01:39:03",154.4,0.741227,4.60523,4.7879,0.67742424,0.09024848,1.47397,0.084811,0.08228,0.85443,0.06329,200,100,fcr,15,158,10,1,random
1179,AGR,19,"2026-07-16 01:39:12",163.6,0.7439,4.64456,4.7879,0.68318182,0.08419697,1.41135,0.08077,0.08228,0.86076,0.05696,200,100,fcr,15,158,10,1,random
1180,AGR,20,"2026-07-16 01:39:21",172.8,0.746009,4.67178,4.7879,0.6780303,0.09326364,1.59595,0.090678,0.06329,0.87975,0.05696,200,100,fcr,15,158,10,1,random
1181,RANDOM,1,"2026-07-16 01:39:30",4.7,0.549309,2.53658,4.9394,0.55181818,-0.00552424,0.368307,-0.001868,0.56442,0.13497,0.30061,200,100,fcr,15,163,10,1,random
1182,RANDOM,2,"2026-07-16 01:39:34",9,0.543509,2.50544,4.8485,0.54666666,-0.00292121,0.357996,0.002336,0.5625,0.15,0.2875,200,100,fcr,15,160,10,1,random
1183,RANDOM,3,"2026-07-16 01:39:39",13.3,0.542888,2.50931,4.7576,0.53939394,0.00870303,0.388622,0.009281,0.56688,0.1465,0.28662,200,100,fcr,15,157,10,1,random
1184,RANDOM,4,"2026-07-16 01:39:43",17.6,0.541491,2.51271,4.7273,0.55,-0.01549091,0.399654,-0.011689,0.53846,0.17308,0.28846,200,100,fcr,15,156,10,1,random
1185,RANDOM,5,"2026-07-16 01:39:49",23.7,0.534676,2.47438,4.697,0.53348485,0.00487576,0.376654,0.011784,0.55484,0.16774,0.27742,200,100,fcr,15,155,10,1,random
1186,RANDOM,6,"2026-07-16 01:39:53",28,0.531897,2.45722,4.6667,0.53742424,-0.00761818,0.418689,-0.005252,0.55195,0.15584,0.29221,200,100,fcr,15,154,10,1,random
1187,RANDOM,7,"2026-07-16 01:39:59",34.1,0.530218,2.46481,4.6061,0.53030303,-0.0029,0.395824,0.004749,0.54605,0.17105,0.28289,200,100,fcr,15,152,10,1,random
1188,RANDOM,8,"2026-07-16 01:40:07",41.5,0.530285,2.46797,4.5758,0.53681818,-0.01609091,0.416412,-0.009237,0.54305,0.17881,0.27815,200,100,fcr,15,151,10,1,random
1189,RANDOM,9,"2026-07-16 01:40:14",48.8,0.530933,2.46689,4.4242,0.53363636,-0.00312727,0.428995,-0.00289,0.5274,0.19178,0.28082,200,100,fcr,15,146,10,1,random
1190,RANDOM,10,"2026-07-16 01:40:20",55.1,0.527048,2.44942,4.4242,0.52136364,0.01068182,0.431466,0.017062,0.53425,0.17808,0.28767,200,100,fcr,15,146,10,1,random
1191,RANDOM,11,"2026-07-16 01:40:27",61.4,0.528615,2.46105,4.4242,0.54,-0.02663333,0.433252,-0.019724,0.5274,0.19863,0.27397,200,100,fcr,15,146,10,1,random
1192,RANDOM,12,"2026-07-16 01:40:33",67.8,0.529009,2.47135,4.3636,0.52712121,0.00577273,0.446257,0.005318,0.52083,0.19444,0.28472,200,100,fcr,15,144,10,1,random
1193,RANDOM,13,"2026-07-16 01:40:39",74.2,0.526655,2.46357,4.3333,0.52787879,-0.00317576,0.441095,0.00254,0.53147,0.18881,0.27972,200,100,fcr,15,143,10,1,random
1194,RANDOM,14,"2026-07-16 01:40:46",80.7,0.525318,2.45532,4.3333,0.52530303,0.00317879,0.447582,0.003307,0.53147,0.17483,0.29371,200,100,fcr,15,143,10,1,random
1195,RANDOM,15,"2026-07-16 01:40:52",87.1,0.521942,2.44717,4.3333,0.5230303,-0.00490909,0.421771,0.003368,0.53147,0.18182,0.28671,200,100,fcr,15,143,10,1,random
1196,RANDOM,16,"2026-07-16 01:40:59",93.6,0.518442,2.42153,4.3333,0.52712121,-0.01259091,0.421964,-0.01027,0.53147,0.16783,0.3007,200,100,fcr,15,143,10,1,random
1197,RANDOM,17,"2026-07-16 01:41:05",100,0.51603,2.41218,4.3333,0.51727273,-0.00506061,0.397158,0.002744,0.52448,0.18182,0.29371,200,100,fcr,15,143,10,1,random
1198,RANDOM,18,"2026-07-16 01:41:12",106.5,0.512724,2.40521,4.3333,0.51424243,-0.00111212,0.39744,0.003073,0.54545,0.16084,0.29371,200,100,fcr,15,143,10,1,random
1199,RANDOM,19,"2026-07-16 01:41:18",112.9,0.509797,2.39365,4.303,0.51106061,0.00180303,0.405652,0.00424,0.55634,0.14789,0.29577,200,100,fcr,15,142,10,1,random
1200,RANDOM,20,"2026-07-16 01:41:25",119.4,0.50907,2.39181,4.303,0.50696969,0.00024545,0.410607,0.006867,0.5493,0.15493,0.29577,200,100,fcr,15,142,10,1,random
1201,OI,1,"2026-07-16 01:41:57",5.4,0.580358,2.74679,4.9091,0.58151515,-0.00367879,0.454259,-0.023971,0.49383,0.21605,0.29012,200,100,fcr,16,162,10,1,random
1202,OI,2,"2026-07-16 01:42:02",10.4,0.604385,2.93285,4.8788,0.59848485,0.0128697,0.493302,-0.006428,0.45342,0.24845,0.29814,200,100,fcr,16,161,10,1,random
1203,OI,3,"2026-07-16 01:42:07",15.4,0.626527,3.14393,4.8485,0.63848485,-0.01775152,0.527134,-0.034293,0.4,0.31875,0.28125,200,100,fcr,16,160,10,1,random
1204,OI,4,"2026-07-16 01:42:12",20.5,0.650518,3.35308,4.8485,0.64818182,0.00912121,0.611702,-0.011855,0.375,0.35,0.275,200,100,fcr,16,160,10,1,random
1205,OI,5,"2026-07-16 01:42:18",27.2,0.668612,3.5411,4.8485,0.66303031,0.00800606,0.677204,-0.002798,0.33125,0.3875,0.28125,200,100,fcr,16,160,10,1,random
1206,OI,6,"2026-07-16 01:42:23",32.3,0.685164,3.70008,4.8485,0.68242424,0.00614545,0.727595,-0.005968,0.30625,0.40625,0.2875,200,100,fcr,16,160,10,1,random
1207,OI,7,"2026-07-16 01:42:30",39.2,0.698642,3.86881,4.8485,0.69151515,0.01061212,0.752914,0.003126,0.2875,0.45625,0.25625,200,100,fcr,16,160,10,1,random
1208,OI,8,"2026-07-16 01:42:37",46,0.710885,3.99462,4.8485,0.72696969,-0.02237576,0.849894,-0.028777,0.275,0.45625,0.26875,200,100,fcr,16,160,10,1,random
1209,OI,9,"2026-07-16 01:42:44",53.1,0.722855,4.13145,4.8485,0.72469697,-0.00085455,0.872495,-0.008625,0.21875,0.58125,0.2,200,100,fcr,16,160,10,1,random
1210,OI,10,"2026-07-16 01:42:51",60.3,0.731515,4.25465,4.8485,0.73621212,-0.00609394,1.04591,-0.010097,0.18125,0.6375,0.18125,200,100,fcr,16,160,10,1,random
1211,OI,11,"2026-07-16 01:42:59",67.4,0.739333,4.37745,4.8485,0.74318181,-0.00389394,1.05898,-0.008381,0.1375,0.7125,0.15,200,100,fcr,16,160,10,1,random
1212,OI,12,"2026-07-16 01:43:06",74.5,0.746076,4.47646,4.8485,0.73863636,0.01024242,1.15168,0.007816,0.125,0.73125,0.14375,200,100,fcr,16,160,10,1,random
1213,OI,13,"2026-07-16 01:43:13",81.6,0.75027,4.5588,4.8485,0.74939394,0.00284545,1.19007,-0.000037,0.1125,0.79375,0.09375,200,100,fcr,16,160,10,1,random
1214,OI,14,"2026-07-16 01:43:20",88.6,0.753112,4.62483,4.8485,0.75333333,0.00007273,1.60055,-0.000697,0.0875,0.83125,0.08125,200,100,fcr,16,160,10,1,random
1215,OI,15,"2026-07-16 01:43:27",95.6,0.755433,4.66733,4.8485,0.75712122,-0.00190303,1.79329,-0.001713,0.0875,0.84375,0.06875,200,100,fcr,16,160,10,1,random
1216,OI,16,"2026-07-16 01:43:34",102.7,0.757455,4.72905,4.8485,0.76136363,-0.00402121,1.86216,-0.004728,0.04375,0.9125,0.04375,200,100,fcr,16,160,10,1,random
1217,OI,17,"2026-07-16 01:43:41",109.7,0.756833,4.72112,4.8485,0.76681818,-0.01335152,2.1956,-0.011067,0.075,0.86875,0.05625,200,100,fcr,16,160,10,1,random
1218,OI,18,"2026-07-16 01:43:48",116.7,0.758752,4.76869,4.8485,0.75287879,0.00952424,2.79674,0.008402,0.0375,0.94375,0.01875,200,100,fcr,16,160,10,1,random
1219,OI,19,"2026-07-16 01:43:55",123.7,0.758221,4.76002,4.8485,0.75318182,0.00470606,2.77739,0.008125,0.03125,0.94375,0.025,200,100,fcr,16,160,10,1,random
1220,OI,20,"2026-07-16 01:44:02",130.7,0.758552,4.76569,4.8485,0.76727273,-0.01109697,2.23007,-0.010259,0.025,0.94375,0.03125,200,100,fcr,16,160,10,1,random
1221,IR,1,"2026-07-16 01:44:12",5.5,0.556527,2.58042,4.8182,0.62772727,-0.12332727,0.393642,-0.131977,0.53459,0.1761,0.28931,200,100,fcr,16,159,10,1,random
1222,IR,2,"2026-07-16 01:44:17",10.4,0.564603,2.63761,4.8182,0.63287879,-0.1146303,0.412444,-0.127432,0.52201,0.1761,0.30189,200,100,fcr,16,159,10,1,random
1223,IR,3,"2026-07-16 01:44:22",15.3,0.57137,2.67769,4.8182,0.64348485,-0.12329697,0.394444,-0.130918,0.50943,0.18868,0.30189,200,100,fcr,16,159,10,1,random
1224,IR,4,"2026-07-16 01:44:27",20.3,0.577897,2.69923,4.7576,0.65348485,-0.12339697,0.400173,-0.135819,0.50318,0.18471,0.3121,200,100,fcr,16,157,10,1,random
1225,IR,5,"2026-07-16 01:44:34",27.1,0.588297,2.73823,4.6364,0.65772727,-0.11331515,0.410595,-0.125868,0.48366,0.20261,0.31373,200,100,fcr,16,153,10,1,random
1226,IR,6,"2026-07-16 01:44:39",32.2,0.592642,2.77908,4.6061,0.6619697,-0.11172121,0.429258,-0.11958,0.48684,0.19737,0.31579,200,100,fcr,16,152,10,1,random
1227,IR,7,"2026-07-16 01:44:45",39,0.601276,2.84035,4.6061,0.67212121,-0.11878485,0.453151,-0.124271,0.48026,0.18421,0.33553,200,100,fcr,16,152,10,1,random
1228,IR,8,"2026-07-16 01:44:52",45.8,0.610142,2.89983,4.6061,0.68212122,-0.1201,0.427353,-0.124595,0.47368,0.19737,0.32895,200,100,fcr,16,152,10,1,random
1229,IR,9,"2026-07-16 01:44:59",52.9,0.617397,2.93412,4.6061,0.69166667,-0.11824849,0.450566,-0.124935,0.45395,0.21053,0.33553,200,100,fcr,16,152,10,1,random
1230,IR,10,"2026-07-16 01:45:06",59.9,0.626412,2.96469,4.5758,0.69787878,-0.11688485,0.451562,-0.12083,0.45033,0.22517,0.3245,200,100,fcr,16,151,10,1,random
1231,IR,11,"2026-07-16 01:45:13",67,0.632618,3.01874,4.5758,0.70742424,-0.11935151,0.490239,-0.12246,0.44371,0.25166,0.30464,200,100,fcr,16,151,10,1,random
1232,IR,12,"2026-07-16 01:45:20",74,0.63663,3.039,4.5152,0.71515151,-0.12596667,0.529384,-0.125651,0.42953,0.24832,0.32215,200,100,fcr,16,149,10,1,random
1233,IR,13,"2026-07-16 01:45:27",81.1,0.64157,3.09653,4.5152,0.71121212,-0.11049697,0.517578,-0.111519,0.43624,0.26174,0.30201,200,100,fcr,16,149,10,1,random
1234,IR,14,"2026-07-16 01:45:34",88.1,0.647206,3.13894,4.4848,0.72212122,-0.12084242,0.596881,-0.119174,0.43243,0.26351,0.30405,200,100,fcr,16,148,10,1,random
1235,IR,15,"2026-07-16 01:45:42",95.2,0.650333,3.16842,4.4848,0.72590909,-0.1211,0.590069,-0.117795,0.41216,0.29054,0.2973,200,100,fcr,16,148,10,1,random
1236,IR,16,"2026-07-16 01:45:49",102.2,0.654082,3.20266,4.4848,0.73090909,-0.12014242,0.611286,-0.119229,0.39865,0.30405,0.2973,200,100,fcr,16,148,10,1,random
1237,IR,17,"2026-07-16 01:45:56",109.2,0.6567,3.20897,4.4848,0.72969697,-0.11647879,0.625046,-0.112084,0.37838,0.31757,0.30405,200,100,fcr,16,148,10,1,random
1238,IR,18,"2026-07-16 01:46:03",116.3,0.659079,3.20757,4.4848,0.73712121,-0.12256061,0.606641,-0.119367,0.39189,0.28378,0.32432,200,100,fcr,16,148,10,1,random
1239,IR,19,"2026-07-16 01:46:10",123.5,0.660836,3.22058,4.4545,0.7380303,-0.12171818,0.583009,-0.117222,0.39456,0.27211,0.33333,200,100,fcr,16,147,10,1,random
1240,IR,20,"2026-07-16 01:46:17",130.6,0.6663,3.26906,4.4545,0.74560606,-0.12361212,0.5846,-0.122678,0.38095,0.31293,0.30612,200,100,fcr,16,147,10,1,random
1241,AGR,1,"2026-07-16 01:46:26",7.5,0.57087,2.70713,4.9091,0.52969697,0.06296667,0.429542,0.058942,0.50617,0.19753,0.2963,200,100,fcr,16,162,10,1,random
1242,AGR,2,"2026-07-16 01:46:33",14.5,0.590821,2.86737,4.9091,0.53742425,0.08276667,0.443689,0.078494,0.48765,0.19753,0.31481,200,100,fcr,16,162,10,1,random
1243,AGR,3,"2026-07-16 01:46:40",21.8,0.60837,3.02421,4.8182,0.56363636,0.07004849,0.452616,0.06278,0.45912,0.21384,0.32704,200,100,fcr,16,159,10,1,random
1244,AGR,4,"2026-07-16 01:46:47",29.1,0.6201,3.1518,4.8182,0.57257576,0.07614546,0.478385,0.070672,0.43396,0.25157,0.31447,200,100,fcr,16,159,10,1,random
1245,AGR,5,"2026-07-16 01:46:56",38,0.634036,3.29229,4.7879,0.58333333,0.07780303,0.522778,0.072701,0.40506,0.27215,0.32278,200,100,fcr,16,158,10,1,random
1246,AGR,6,"2026-07-16 01:47:03",45.4,0.650082,3.44459,4.7576,0.59757575,0.08291515,0.551702,0.072354,0.36943,0.31847,0.3121,200,100,fcr,16,157,10,1,random
1247,AGR,7,"2026-07-16 01:47:13",54.5,0.664282,3.59869,4.7576,0.61484849,0.07434242,0.609512,0.066302,0.33121,0.35669,0.3121,200,100,fcr,16,157,10,1,random
1248,AGR,8,"2026-07-16 01:47:22",63.7,0.674042,3.71542,4.7576,0.61757576,0.08128788,0.623639,0.078901,0.31847,0.38217,0.29936,200,100,fcr,16,157,10,1,random
1249,AGR,9,"2026-07-16 01:47:31",73,0.685755,3.8244,4.7576,0.62454545,0.09461818,0.672495,0.083064,0.30573,0.38854,0.30573,200,100,fcr,16,157,10,1,random
1250,AGR,10,"2026-07-16 01:47:41",82.5,0.6946,3.93434,4.7576,0.64196969,0.07833636,0.694863,0.071488,0.28025,0.4586,0.26115,200,100,fcr,16,157,10,1,random
1251,AGR,11,"2026-07-16 01:47:50",91.9,0.705151,4.04957,4.7576,0.64712121,0.08505151,0.796588,0.076855,0.26752,0.47771,0.25478,200,100,fcr,16,157,10,1,random
1252,AGR,12,"2026-07-16 01:47:59",101.4,0.7113,4.12788,4.7576,0.65060606,0.08866061,0.840619,0.082868,0.24841,0.50318,0.24841,200,100,fcr,16,157,10,1,random
1253,AGR,13,"2026-07-16 01:48:09",110.9,0.718736,4.23138,4.7576,0.66318182,0.08035455,0.896353,0.073895,0.19108,0.63694,0.17197,200,100,fcr,16,157,10,1,random
1254,AGR,14,"2026-07-16 01:48:18",120.3,0.724697,4.30931,4.7576,0.66621212,0.08434242,1.02789,0.078298,0.17834,0.64968,0.17197,200,100,fcr,16,157,10,1,random
1255,AGR,15,"2026-07-16 01:48:28",129.8,0.732655,4.40076,4.7576,0.69000001,0.06054545,1.07733,0.054639,0.15924,0.70701,0.13376,200,100,fcr,16,157,10,1,random
1256,AGR,16,"2026-07-16 01:48:37",139.2,0.737073,4.44793,4.7576,0.67606061,0.0830697,1.19697,0.081114,0.14013,0.73885,0.12102,200,100,fcr,16,157,10,1,random
1257,AGR,17,"2026-07-16 01:48:47",148.6,0.742291,4.5081,4.7576,0.68515151,0.08346667,1.27922,0.074949,0.11465,0.7707,0.11465,200,100,fcr,16,157,10,1,random
1258,AGR,18,"2026-07-16 01:48:56",157.9,0.746606,4.56439,4.7576,0.68742424,0.08274242,1.29433,0.077815,0.08917,0.84713,0.06369,200,100,fcr,16,157,10,1,random
1259,AGR,19,"2026-07-16 01:49:05",167.3,0.749706,4.60222,4.7576,0.68848485,0.08665151,1.52562,0.080863,0.07643,0.87261,0.05096,200,100,fcr,16,157,10,1,random
1260,AGR,20,"2026-07-16 01:49:15",176.7,0.751776,4.64081,4.7576,0.6869697,0.08867879,1.63365,0.085895,0.03822,0.93631,0.02548,200,100,fcr,16,157,10,1,random
1261,RANDOM,1,"2026-07-16 01:49:24",5,0.546815,2.5304,4.8182,0.54818182,0.01183333,0.380986,0.002744,0.5283,0.18239,0.28931,200,100,fcr,16,159,10,1,random
1262,RANDOM,2,"2026-07-16 01:49:29",9.6,0.545606,2.52214,4.697,0.55318182,-0.01730303,0.375436,-0.009336,0.52903,0.18065,0.29032,200,100,fcr,16,155,10,1,random
1263,RANDOM,3,"2026-07-16 01:49:33",14.1,0.546218,2.52008,4.6667,0.55257576,-0.01260606,0.393983,-0.01002,0.51948,0.18831,0.29221,200,100,fcr,16,154,10,1,random
1264,RANDOM,4,"2026-07-16 01:49:38",18.7,0.538988,2.48532,4.6061,0.54272727,-0.00508788,0.378333,0.003475,0.52632,0.18421,0.28947,200,100,fcr,16,152,10,1,random
1265,RANDOM,5,"2026-07-16 01:49:44",24.9,0.537985,2.4914,4.5758,0.54015151,-0.00954242,0.386737,-0.000094,0.51656,0.18543,0.29801,200,100,fcr,16,151,10,1,random
1266,RANDOM,6,"2026-07-16 01:49:48",29.6,0.539273,2.49485,4.5455,0.54530303,-0.01734242,0.379802,-0.009971,0.52,0.19333,0.28667,200,100,fcr,16,150,10,1,random
1267,RANDOM,7,"2026-07-16 01:49:55",35.9,0.538433,2.48708,4.5455,0.53363636,0.00812121,0.399682,0.012038,0.52,0.18667,0.29333,200,100,fcr,16,150,10,1,random
1268,RANDOM,8,"2026-07-16 01:50:01",42.3,0.540409,2.48862,4.5455,0.54454545,-0.00954545,0.39325,-0.006983,0.50667,0.2,0.29333,200,100,fcr,16,150,10,1,random
1269,RANDOM,9,"2026-07-16 01:50:09",50.3,0.543315,2.50654,4.5455,0.54590909,-0.00043333,0.390482,-0.005087,0.52667,0.18,0.29333,200,100,fcr,16,150,10,1,random
1270,RANDOM,10,"2026-07-16 01:50:16",57.3,0.546282,2.51166,4.5152,0.54469697,0.00065151,0.401013,0.003261,0.52349,0.1745,0.30201,200,100,fcr,16,149,10,1,random
1271,RANDOM,11,"2026-07-16 01:50:23",63.9,0.5461,2.51388,4.4848,0.55348485,-0.01625455,0.392144,-0.011436,0.51351,0.18919,0.2973,200,100,fcr,16,148,10,1,random
1272,RANDOM,12,"2026-07-16 01:50:29",70.4,0.543491,2.50948,4.4848,0.54712121,-0.00734242,0.395646,-0.002136,0.52027,0.18243,0.2973,200,100,fcr,16,148,10,1,random
1273,RANDOM,13,"2026-07-16 01:50:36",77.1,0.54283,2.49095,4.4545,0.54045455,0.00044545,0.400507,0.007216,0.53741,0.15646,0.30612,200,100,fcr,16,147,10,1,random
1274,RANDOM,14,"2026-07-16 01:50:43",83.7,0.543139,2.49178,4.4242,0.54833333,-0.00996061,0.397914,-0.006743,0.52055,0.17123,0.30822,200,100,fcr,16,146,10,1,random
1275,RANDOM,15,"2026-07-16 01:50:49",90.2,0.542058,2.48454,4.3939,0.54212121,-0.0044697,0.391611,0.003181,0.52414,0.16552,0.31034,200,100,fcr,16,145,10,1,random
1276,RANDOM,16,"2026-07-16 01:50:56",96.8,0.54193,2.47845,4.3939,0.53969697,0.0056697,0.402886,0.006823,0.51034,0.1931,0.29655,200,100,fcr,16,145,10,1,random
1277,RANDOM,17,"2026-07-16 01:51:02",103.3,0.540288,2.46338,4.3636,0.54363636,-0.01019697,0.405862,-0.00265,0.50694,0.18056,0.3125,200,100,fcr,16,144,10,1,random
1278,RANDOM,18,"2026-07-16 01:51:09",109.9,0.538294,2.46556,4.303,0.53833333,0.00804545,0.391276,0.004285,0.53521,0.16197,0.30282,200,100,fcr,16,142,10,1,random
1279,RANDOM,19,"2026-07-16 01:51:15",116.4,0.53763,2.46915,4.2727,0.54878787,-0.02140909,0.418735,-0.017122,0.53191,0.16312,0.30496,200,100,fcr,16,141,10,1,random
1280,RANDOM,20,"2026-07-16 01:51:22",123,0.53657,2.46951,4.2424,0.53439394,0.00536364,0.42147,0.007907,0.5,0.18571,0.31429,200,100,fcr,16,140,10,1,random
1281,OI,1,"2026-07-16 01:51:38",5.4,0.582242,2.7938,5.0909,0.59287879,-0.01471212,0.457502,-0.040676,0.5,0.20833,0.29167,200,100,fcr,17,168,10,1,random
1282,OI,2,"2026-07-16 01:51:43",10.3,0.609212,3.00228,4.9394,0.61590909,-0.00681212,0.479898,-0.02989,0.44785,0.25767,0.29448,200,100,fcr,17,163,10,1,random
1283,OI,3,"2026-07-16 01:51:48",15.3,0.629627,3.18558,4.8788,0.63712121,-0.01219091,0.535168,-0.025303,0.40994,0.30435,0.28571,200,100,fcr,17,161,10,1,random
1284,OI,4,"2026-07-16 01:51:53",20.3,0.649448,3.37751,4.8182,0.65590909,-0.00917576,0.603344,-0.022747,0.34591,0.40881,0.24528,200,100,fcr,17,159,10,1,random
1285,OI,5,"2026-07-16 01:52:00",27,0.667491,3.54499,4.7879,0.66287879,0.00259394,0.721954,-0.004094,0.32911,0.43671,0.23418,200,100,fcr,17,158,10,1,random
1286,OI,6,"2026-07-16 01:52:05",32,0.685548,3.72732,4.7576,0.6869697,-0.00379697,0.816396,-0.012894,0.28025,0.48408,0.23567,200,100,fcr,17,157,10,1,random
1287,OI,7,"2026-07-16 01:52:11",38.8,0.702058,3.90497,4.7576,0.70575758,-0.00527576,0.852991,-0.01438,0.23567,0.55414,0.21019,200,100,fcr,17,157,10,1,random
1288,OI,8,"2026-07-16 01:52:19",45.8,0.715924,4.04954,4.7576,0.70651515,0.01369394,0.92752,0.006138,0.20382,0.61146,0.18471,200,100,fcr,17,157,10,1,random
1289,OI,9,"2026-07-16 01:52:25",52.7,0.728088,4.19959,4.7576,0.73287879,-0.00675152,1.00801,-0.012328,0.16561,0.64331,0.19108,200,100,fcr,17,157,10,1,random
1290,OI,10,"2026-07-16 01:52:32",59.7,0.735882,4.31276,4.7576,0.74727273,-0.01450606,0.967823,-0.018784,0.15287,0.6879,0.15924,200,100,fcr,17,157,10,1,random
1291,OI,11,"2026-07-16 01:52:40",66.8,0.741991,4.41067,4.7576,0.75303031,-0.01638485,1.13562,-0.017194,0.14013,0.76433,0.09554,200,100,fcr,17,157,10,1,random
1292,OI,12,"2026-07-16 01:52:47",73.8,0.748012,4.49669,4.7576,0.74681818,0.00321212,1.54925,-0.000538,0.09554,0.80255,0.10191,200,100,fcr,17,157,10,1,random
1293,OI,13,"2026-07-16 01:52:53",80.7,0.750297,4.55141,4.7576,0.75742424,-0.00828182,1.39309,-0.009451,0.07643,0.82803,0.09554,200,100,fcr,17,157,10,1,random
1294,OI,14,"2026-07-16 01:53:00",87.7,0.754312,4.6034,4.7576,0.74969697,0.00444545,1.38377,0.005487,0.05732,0.91083,0.03185,200,100,fcr,17,157,10,1,random
1295,OI,15,"2026-07-16 01:53:07",94.7,0.75567,4.63302,4.7576,0.75000001,0.00770606,2.56352,0.008073,0.03185,0.93631,0.03185,200,100,fcr,17,157,10,1,random
1296,OI,16,"2026-07-16 01:53:14",101.7,0.756661,4.6501,4.7576,0.76606061,-0.01298485,1.98101,-0.011439,0.02548,0.92357,0.05096,200,100,fcr,17,157,10,1,random
1297,OI,17,"2026-07-16 01:53:21",108.6,0.757155,4.67182,4.7576,0.76984849,-0.01826061,1.45139,-0.015738,0.03822,0.92994,0.03185,200,100,fcr,17,157,10,1,random
1298,OI,18,"2026-07-16 01:53:28",115.6,0.757024,4.6718,4.7576,0.75818182,0.00012121,2.75045,-0.000074,0.01911,0.94268,0.03822,200,100,fcr,17,157,10,1,random
1299,OI,19,"2026-07-16 01:53:35",122.6,0.756536,4.67347,4.7576,0.75318182,0.00336667,1.60795,0.006354,0.01274,0.95541,0.03185,200,100,fcr,17,157,10,1,random
1300,OI,20,"2026-07-16 01:53:43",129.8,0.755745,4.6649,4.7576,0.75757576,-0.00307273,1.53018,-0.000365,0.02548,0.94904,0.02548,200,100,fcr,17,157,10,1,random
1301,IR,1,"2026-07-16 01:53:52",5.4,0.563545,2.62435,5.0303,0.6219697,-0.10360606,0.401641,-0.112209,0.55422,0.15663,0.28916,200,100,fcr,17,166,10,1,random
1302,IR,2,"2026-07-16 01:53:57",10.2,0.572085,2.6794,4.9091,0.64045454,-0.11532727,0.406369,-0.12622,0.53704,0.16049,0.30247,200,100,fcr,17,162,10,1,random
1303,IR,3,"2026-07-16 01:54:02",15,0.582742,2.74238,4.9091,0.65318182,-0.12192727,0.413463,-0.129463,0.53086,0.16049,0.30864,200,100,fcr,17,162,10,1,random
1304,IR,4,"2026-07-16 01:54:06",19.7,0.590715,2.79327,4.8485,0.66363636,-0.12516364,0.416168,-0.129299,0.49375,0.19375,0.3125,200,100,fcr,17,160,10,1,random
1305,IR,5,"2026-07-16 01:54:13",26.4,0.597027,2.84982,4.8485,0.66772727,-0.11697273,0.418739,-0.122884,0.49375,0.19375,0.3125,200,100,fcr,17,160,10,1,random
1306,IR,6,"2026-07-16 01:54:18",31.4,0.60213,2.89289,4.8182,0.67075757,-0.11609394,0.42735,-0.117098,0.46541,0.21384,0.32075,200,100,fcr,17,159,10,1,random
1307,IR,7,"2026-07-16 01:54:24",37.9,0.608336,2.93451,4.7273,0.67984848,-0.11825151,0.432623,-0.1223,0.46154,0.21795,0.32051,200,100,fcr,17,156,10,1,random
1308,IR,8,"2026-07-16 01:54:31",44.5,0.614945,2.96171,4.697,0.68954546,-0.12175758,0.448451,-0.125891,0.47097,0.22581,0.30323,200,100,fcr,17,155,10,1,random
1309,IR,9,"2026-07-16 01:54:38",51.3,0.622073,3.01368,4.6061,0.69530303,-0.11785758,0.513556,-0.122838,0.45395,0.21711,0.32895,200,100,fcr,17,152,10,1,random
1310,IR,10,"2026-07-16 01:54:45",58.2,0.628091,3.05796,4.6061,0.69636364,-0.10852727,0.481081,-0.112587,0.44737,0.22368,0.32895,200,100,fcr,17,152,10,1,random
1311,IR,11,"2026-07-16 01:54:52",65.1,0.631464,3.08021,4.6061,0.70469697,-0.11632121,0.487181,-0.117567,0.44079,0.22368,0.33553,200,100,fcr,17,152,10,1,random
1312,IR,12,"2026-07-16 01:54:59",72,0.634003,3.08146,4.6061,0.70636364,-0.11657576,0.485636,-0.114932,0.45395,0.21053,0.33553,200,100,fcr,17,152,10,1,random
1313,IR,13,"2026-07-16 01:55:05",78.9,0.639333,3.12693,4.5758,0.71621212,-0.11852727,0.50446,-0.123602,0.43709,0.22517,0.33775,200,100,fcr,17,151,10,1,random
1314,IR,14,"2026-07-16 01:55:12",85.6,0.641964,3.15565,4.5758,0.71727272,-0.11905151,0.511087,-0.118571,0.43046,0.22517,0.34437,200,100,fcr,17,151,10,1,random
1315,IR,15,"2026-07-16 01:55:19",92.5,0.643597,3.17027,4.5758,0.71606061,-0.11443939,0.501912,-0.112574,0.45695,0.2053,0.33775,200,100,fcr,17,151,10,1,random
1316,IR,16,"2026-07-16 01:55:26",99.4,0.648224,3.19004,4.5758,0.73045454,-0.12809697,0.549961,-0.129901,0.43046,0.21854,0.35099,200,100,fcr,17,151,10,1,random
1317,IR,17,"2026-07-16 01:55:33",106.4,0.650618,3.21055,4.5152,0.71909091,-0.10621818,0.514315,-0.106173,0.42953,0.22148,0.34899,200,100,fcr,17,149,10,1,random
1318,IR,18,"2026-07-16 01:55:40",113.5,0.649415,3.19954,4.5152,0.72924242,-0.12614849,0.563414,-0.120816,0.43624,0.21477,0.34899,200,100,fcr,17,149,10,1,random
1319,IR,19,"2026-07-16 01:55:47",120.5,0.653042,3.21746,4.5152,0.73499999,-0.13035151,0.560424,-0.127307,0.41611,0.22148,0.36242,200,100,fcr,17,149,10,1,random
1320,IR,20,"2026-07-16 01:55:54",127.4,0.654636,3.22892,4.5152,0.73196969,-0.12522424,0.528175,-0.118654,0.42282,0.21477,0.36242,200,100,fcr,17,149,10,1,random
1321,AGR,1,"2026-07-16 01:56:05",7.3,0.574755,2.7583,5.0909,0.53484848,0.06019091,0.431388,0.055277,0.52381,0.17262,0.30357,200,100,fcr,17,168,10,1,random
1322,AGR,2,"2026-07-16 01:56:12",14.1,0.5884,2.89436,5.0606,0.52954546,0.09352424,0.414665,0.092004,0.52096,0.17365,0.30539,200,100,fcr,17,167,10,1,random
1323,AGR,3,"2026-07-16 01:56:19",21.1,0.605415,3.06036,5.0303,0.56121212,0.07212121,0.458648,0.062624,0.48795,0.1988,0.31325,200,100,fcr,17,166,10,1,random
1324,AGR,4,"2026-07-16 01:56:26",27.9,0.617867,3.19807,4.9697,0.56954545,0.07634848,0.471385,0.071398,0.44512,0.2561,0.29878,200,100,fcr,17,164,10,1,random
1325,AGR,5,"2026-07-16 01:56:34",36.6,0.632921,3.35385,4.9394,0.5919697,0.06156667,0.529233,0.055575,0.41718,0.28221,0.30061,200,100,fcr,17,163,10,1,random
1326,AGR,6,"2026-07-16 01:56:42",43.8,0.648094,3.49521,4.8788,0.60924242,0.05626667,0.578179,0.051514,0.38509,0.29193,0.32298,200,100,fcr,17,161,10,1,random
1327,AGR,7,"2026-07-16 01:56:50",52.6,0.661721,3.63225,4.8182,0.605,0.08381212,0.570696,0.078334,0.35849,0.31447,0.32704,200,100,fcr,17,159,10,1,random
1328,AGR,8,"2026-07-16 01:56:59",61.4,0.672118,3.7645,4.8182,0.62969697,0.05950606,0.6119,0.057729,0.33333,0.37736,0.28931,200,100,fcr,17,159,10,1,random
1329,AGR,9,"2026-07-16 01:57:08",70.5,0.682364,3.88638,4.8182,0.63151516,0.07458788,0.703449,0.06949,0.30818,0.39623,0.2956,200,100,fcr,17,159,10,1,random
1330,AGR,10,"2026-07-16 01:57:18",79.8,0.690955,3.99159,4.7879,0.63227273,0.08871515,0.711775,0.081038,0.27848,0.48734,0.23418,200,100,fcr,17,158,10,1,random
1331,AGR,11,"2026-07-16 01:57:27",88.9,0.699027,4.09145,4.7879,0.64590909,0.08070909,0.860355,0.072031,0.25316,0.52532,0.22152,200,100,fcr,17,158,10,1,random
1332,AGR,12,"2026-07-16 01:57:36",98.3,0.705682,4.17633,4.7879,0.65484849,0.0743697,0.876967,0.068834,0.22785,0.58228,0.18987,200,100,fcr,17,158,10,1,random
1333,AGR,13,"2026-07-16 01:57:45",107.3,0.713724,4.27197,4.7879,0.6530303,0.08742121,0.983829,0.081446,0.20886,0.62658,0.16456,200,100,fcr,17,158,10,1,random
1334,AGR,14,"2026-07-16 01:57:54",116.3,0.720733,4.32712,4.7879,0.67030303,0.06974242,1.08071,0.066893,0.17722,0.64557,0.17722,200,100,fcr,17,158,10,1,random
1335,AGR,15,"2026-07-16 01:58:03",125.7,0.727273,4.40126,4.7879,0.66515152,0.09282121,1.0111,0.082436,0.1519,0.68354,0.16456,200,100,fcr,17,158,10,1,random
1336,AGR,16,"2026-07-16 01:58:13",135,0.733161,4.46855,4.7879,0.67318182,0.085,1.04421,0.079233,0.12658,0.73418,0.13924,200,100,fcr,17,158,10,1,random
1337,AGR,17,"2026-07-16 01:58:22",144.4,0.737436,4.52376,4.7879,0.68242424,0.07653939,1.08001,0.072993,0.11392,0.79114,0.09494,200,100,fcr,17,158,10,1,random
1338,AGR,18,"2026-07-16 01:58:31",153.7,0.742297,4.57456,4.7879,0.68909091,0.07719394,1.29151,0.06994,0.08861,0.82278,0.08861,200,100,fcr,17,158,10,1,random
1339,AGR,19,"2026-07-16 01:58:41",163.3,0.7447,4.6068,4.7879,0.68363637,0.08404849,1.214,0.081566,0.06329,0.85443,0.08228,200,100,fcr,17,158,10,1,random
1340,AGR,20,"2026-07-16 01:58:50",172.5,0.748048,4.64121,4.7879,0.69318181,0.07869394,1.19712,0.072376,0.06962,0.87342,0.05696,200,100,fcr,17,158,10,1,random
1341,RANDOM,1,"2026-07-16 01:58:59",4.9,0.552727,2.56484,5.0303,0.55575758,-0.00334242,0.3809,-0.00358,0.56627,0.14458,0.28916,200,100,fcr,17,166,10,1,random
1342,RANDOM,2,"2026-07-16 01:59:04",9.3,0.551961,2.54057,4.9697,0.54954545,-0.00000303,0.374091,0.007391,0.56707,0.15854,0.27439,200,100,fcr,17,164,10,1,random
1343,RANDOM,3,"2026-07-16 01:59:08",13.8,0.550142,2.5402,4.9394,0.55151515,0.00026667,0.400473,0.001636,0.55828,0.16564,0.27607,200,100,fcr,17,163,10,1,random
1344,RANDOM,4,"2026-07-16 01:59:13",18.4,0.547715,2.52073,4.8788,0.55348484,-0.0133697,0.392337,-0.005973,0.5528,0.17391,0.27329,200,100,fcr,17,161,10,1,random
1345,RANDOM,5,"2026-07-16 01:59:19",24.7,0.547503,2.51953,4.7879,0.54727273,-0.0042,0.396405,0.002799,0.56329,0.1519,0.28481,200,100,fcr,17,158,10,1,random
1346,RANDOM,6,"2026-07-16 01:59:24",29.3,0.545767,2.51792,4.7576,0.55454545,-0.01281212,0.393322,-0.012334,0.55414,0.16561,0.28025,200,100,fcr,17,157,10,1,random
1347,RANDOM,7,"2026-07-16 01:59:30",35.7,0.542139,2.509,4.697,0.54712121,-0.01134848,0.40012,-0.003581,0.53548,0.15484,0.30968,200,100,fcr,17,155,10,1,random
1348,RANDOM,8,"2026-07-16 01:59:37",42,0.542339,2.50966,4.6667,0.54348485,-0.0039,0.351797,-0.000685,0.54545,0.13636,0.31818,200,100,fcr,17,154,10,1,random
1349,RANDOM,9,"2026-07-16 01:59:43",48.6,0.542136,2.51615,4.6667,0.54696969,-0.0046,0.345629,-0.006582,0.54545,0.13636,0.31818,200,100,fcr,17,154,10,1,random
1350,RANDOM,10,"2026-07-16 01:59:50",55.1,0.541012,2.51517,4.5455,0.55681818,-0.03061818,0.352529,-0.02594,0.54,0.14667,0.31333,200,100,fcr,17,150,10,1,random
1351,RANDOM,11,"2026-07-16 01:59:56",61.6,0.535382,2.48746,4.4848,0.53696969,-0.00074849,0.353965,0.00519,0.55405,0.14189,0.30405,200,100,fcr,17,148,10,1,random
1352,RANDOM,12,"2026-07-16 02:00:03",68.5,0.534282,2.47387,4.3939,0.53893939,-0.00857576,0.376629,-0.005344,0.53103,0.17241,0.29655,200,100,fcr,17,145,10,1,random
1353,RANDOM,13,"2026-07-16 02:00:11",76.5,0.534597,2.46108,4.3636,0.54166666,-0.01626364,0.393397,-0.010655,0.52083,0.17361,0.30556,200,100,fcr,17,144,10,1,random
1354,RANDOM,14,"2026-07-16 02:00:17",82.9,0.531461,2.44839,4.3333,0.52772727,0.00966364,0.377811,0.012824,0.51748,0.16783,0.31469,200,100,fcr,17,143,10,1,random
1355,RANDOM,15,"2026-07-16 02:00:24",89.5,0.531512,2.45578,4.3333,0.52818182,0.00105455,0.366462,0.008641,0.51049,0.17483,0.31469,200,100,fcr,17,143,10,1,random
1356,RANDOM,16,"2026-07-16 02:00:31",96.1,0.530645,2.46798,4.303,0.53090909,0.00061818,0.363113,0.002769,0.51408,0.16197,0.32394,200,100,fcr,17,142,10,1,random
1357,RANDOM,17,"2026-07-16 02:00:37",102.8,0.53127,2.47445,4.303,0.54060605,-0.01473333,0.356621,-0.015996,0.52113,0.16197,0.3169,200,100,fcr,17,142,10,1,random
1358,RANDOM,18,"2026-07-16 02:00:44",109.4,0.531409,2.46861,4.2727,0.53681818,-0.00745455,0.378843,-0.007434,0.51773,0.14894,0.33333,200,100,fcr,17,141,10,1,random
1359,RANDOM,19,"2026-07-16 02:00:51",116.1,0.538473,2.49882,4.2727,0.54484849,-0.00776364,0.363244,-0.01581,0.49645,0.1844,0.31915,200,100,fcr,17,141,10,1,random
1360,RANDOM,20,"2026-07-16 02:00:57",122.7,0.540736,2.521,4.2121,0.55787879,-0.03151212,0.384879,-0.03175,0.5036,0.18705,0.30935,200,100,fcr,17,139,10,1,random
1361,OI,1,"2026-07-16 02:01:17",5.3,0.583076,2.7669,4.9697,0.59636364,-0.02080909,0.462277,-0.044993,0.5061,0.20732,0.28659,200,100,fcr,18,164,10,1,random
1362,OI,2,"2026-07-16 02:01:22",10.3,0.608882,2.95525,4.9394,0.61212122,-0.00499394,0.49228,-0.023504,0.45399,0.23926,0.30675,200,100,fcr,18,163,10,1,random
1363,OI,3,"2026-07-16 02:01:27",15.2,0.632715,3.14163,4.8788,0.6440909,-0.0165303,0.525198,-0.034166,0.42236,0.28571,0.29193,200,100,fcr,18,161,10,1,random
1364,OI,4,"2026-07-16 02:01:32",20,0.657073,3.37993,4.8485,0.65348485,0.00432424,0.610275,-0.009856,0.375,0.36875,0.25625,200,100,fcr,18,160,10,1,random
1365,OI,5,"2026-07-16 02:01:39",26.8,0.675082,3.57955,4.8182,0.67090909,0.00826364,0.746599,-0.004756,0.30818,0.40881,0.28302,200,100,fcr,18,159,10,1,random
1366,OI,6,"2026-07-16 02:01:44",31.8,0.691312,3.7595,4.7879,0.68318182,0.01059697,0.714265,0.002218,0.29114,0.4557,0.25316,200,100,fcr,18,158,10,1,random
1367,OI,7,"2026-07-16 02:01:50",38.4,0.704848,3.92305,4.7879,0.70378788,0.00175455,0.818939,-0.005646,0.26582,0.48734,0.24684,200,100,fcr,18,158,10,1,random
1368,OI,8,"2026-07-16 02:01:57",45,0.717415,4.10017,4.7879,0.72090909,-0.00569394,0.890576,-0.011564,0.25316,0.51899,0.22785,200,100,fcr,18,158,10,1,random
1369,OI,9,"2026-07-16 02:02:04",51.9,0.72637,4.22493,4.7879,0.72090909,0.00688182,1.01896,0.003595,0.23418,0.56962,0.1962,200,100,fcr,18,158,10,1,random
1370,OI,10,"2026-07-16 02:02:11",58.7,0.734515,4.35652,4.7879,0.75030303,-0.0219,1.17805,-0.025308,0.15823,0.6962,0.14557,200,100,fcr,18,158,10,1,random
1371,OI,11,"2026-07-16 02:02:18",65.6,0.740097,4.4547,4.7879,0.74772727,-0.00964242,1.19142,-0.012131,0.12658,0.72785,0.14557,200,100,fcr,18,158,10,1,random
1372,OI,12,"2026-07-16 02:02:25",72.6,0.744576,4.54496,4.7879,0.7460606,-0.00467879,1.29171,-0.003201,0.10759,0.81013,0.08228,200,100,fcr,18,158,10,1,random
1373,OI,13,"2026-07-16 02:02:32",79.5,0.748509,4.61505,4.7879,0.75772727,-0.01374545,1.74649,-0.013164,0.06329,0.90506,0.03165,200,100,fcr,18,158,10,1,random
1374,OI,14,"2026-07-16 02:02:39",86.5,0.749903,4.64301,4.7879,0.75318182,-0.0031303,2.14647,-0.003881,0.06329,0.85443,0.08228,200,100,fcr,18,158,10,1,random
1375,OI,15,"2026-07-16 02:02:45",93.4,0.752852,4.70304,4.7879,0.75378788,-0.00182424,1.57826,-0.001421,0.03797,0.94304,0.01899,200,100,fcr,18,158,10,1,random
1376,OI,16,"2026-07-16 02:02:52",100.2,0.752924,4.70901,4.7879,0.76212122,-0.01249697,2.38818,-0.011248,0.01899,0.96203,0.01899,200,100,fcr,18,158,10,1,random
1377,OI,17,"2026-07-16 02:02:59",107.1,0.752567,4.69293,4.7879,0.76287879,-0.01155151,1.8622,-0.012453,0.01899,0.94937,0.03165,200,100,fcr,18,158,10,1,random
1378,OI,18,"2026-07-16 02:03:06",113.9,0.752149,4.70268,4.7879,0.76166667,-0.01197273,1.65519,-0.011038,0.01899,0.93671,0.0443,200,100,fcr,18,158,10,1,random
1379,OI,19,"2026-07-16 02:03:13",120.7,0.753261,4.7077,4.7879,0.76257577,-0.01245152,1.59335,-0.010913,0.01899,0.96835,0.01266,200,100,fcr,18,158,10,1,random
1380,OI,20,"2026-07-16 02:03:20",127.6,0.752479,4.6824,4.7879,0.76772727,-0.02022727,1.77606,-0.019086,0.01899,0.92405,0.05696,200,100,fcr,18,158,10,1,random
1381,IR,1,"2026-07-16 02:03:26",5.3,0.561427,2.61179,4.9697,0.63439394,-0.12337879,0.410922,-0.134891,0.52439,0.18293,0.29268,200,100,fcr,18,164,10,1,random
1382,IR,2,"2026-07-16 02:03:31",10.1,0.569239,2.67908,4.9394,0.63393939,-0.10937273,0.396737,-0.119048,0.5092,0.20859,0.28221,200,100,fcr,18,163,10,1,random
1383,IR,3,"2026-07-16 02:03:36",14.8,0.577876,2.72808,4.8788,0.64181819,-0.10805455,0.429499,-0.116609,0.50311,0.20497,0.29193,200,100,fcr,18,161,10,1,random
1384,IR,4,"2026-07-16 02:03:40",19.7,0.584491,2.77236,4.8485,0.65787879,-0.12294242,0.427085,-0.130445,0.50625,0.19375,0.3,200,100,fcr,18,160,10,1,random
1385,IR,5,"2026-07-16 02:03:47",26.2,0.588473,2.77771,4.7273,0.66,-0.11406364,0.42357,-0.123791,0.5,0.19872,0.30128,200,100,fcr,18,156,10,1,random
1386,IR,6,"2026-07-16 02:03:52",31.2,0.596355,2.83412,4.6364,0.67212121,-0.12877576,0.44634,-0.132599,0.48366,0.21569,0.30065,200,100,fcr,18,153,10,1,random
1387,IR,7,"2026-07-16 02:03:58",37.7,0.605255,2.9015,4.6061,0.68106061,-0.12510909,0.487611,-0.131627,0.44737,0.24342,0.30921,200,100,fcr,18,152,10,1,random
1388,IR,8,"2026-07-16 02:04:05",44.3,0.612642,2.95723,4.5758,0.69409091,-0.13067879,0.485261,-0.13834,0.43709,0.24503,0.31788,200,100,fcr,18,151,10,1,random
1389,IR,9,"2026-07-16 02:04:12",51.1,0.616273,2.97135,4.5455,0.69590909,-0.13103939,0.47529,-0.131298,0.44,0.26,0.3,200,100,fcr,18,150,10,1,random
1390,IR,10,"2026-07-16 02:04:19",58,0.620239,3.00682,4.5152,0.69757576,-0.12432424,0.527172,-0.126989,0.42282,0.26174,0.31544,200,100,fcr,18,149,10,1,random
1391,IR,11,"2026-07-16 02:04:26",64.8,0.62527,3.05611,4.5152,0.69621212,-0.11450303,0.520707,-0.116523,0.38926,0.30872,0.30201,200,100,fcr,18,149,10,1,random
1392,IR,12,"2026-07-16 02:04:32",71.6,0.631121,3.08439,4.5152,0.70787879,-0.12584545,0.527113,-0.125518,0.39597,0.28859,0.31544,200,100,fcr,18,149,10,1,random
1393,IR,13,"2026-07-16 02:04:39",78.5,0.636606,3.10868,4.4545,0.70954546,-0.11900303,0.518434,-0.118432,0.40136,0.27891,0.31973,200,100,fcr,18,147,10,1,random
1394,IR,14,"2026-07-16 02:04:46",85.2,0.638879,3.12735,4.4242,0.71939394,-0.13011212,0.530629,-0.126981,0.39041,0.30822,0.30137,200,100,fcr,18,146,10,1,random
1395,IR,15,"2026-07-16 02:04:53",92,0.642255,3.15722,4.4242,0.72242424,-0.12788485,0.571641,-0.126516,0.39041,0.28767,0.32192,200,100,fcr,18,146,10,1,random
1396,IR,16,"2026-07-16 02:05:00",98.9,0.646036,3.17961,4.4242,0.7169697,-0.11188182,0.552861,-0.111992,0.37671,0.29452,0.32877,200,100,fcr,18,146,10,1,random
1397,IR,17,"2026-07-16 02:05:07",106,0.651958,3.21598,4.3939,0.73287879,-0.12826667,0.538952,-0.128131,0.37241,0.28966,0.33793,200,100,fcr,18,145,10,1,random
1398,IR,18,"2026-07-16 02:05:14",112.9,0.6545,3.23876,4.3939,0.73242424,-0.11960606,0.536198,-0.120411,0.38621,0.27586,0.33793,200,100,fcr,18,145,10,1,random
1399,IR,19,"2026-07-16 02:05:20",119.8,0.654903,3.23934,4.3939,0.74166666,-0.13624242,0.551592,-0.131839,0.35862,0.30345,0.33793,200,100,fcr,18,145,10,1,random
1400,IR,20,"2026-07-16 02:05:27",126.8,0.656421,3.2416,4.3939,0.73590909,-0.12273333,0.539,-0.121495,0.36552,0.30345,0.33103,200,100,fcr,18,145,10,1,random
1401,AGR,1,"2026-07-16 02:05:36",7.5,0.574567,2.72651,4.9394,0.53333334,0.06983939,0.439852,0.058469,0.51534,0.20245,0.28221,200,100,fcr,18,163,10,1,random
1402,AGR,2,"2026-07-16 02:05:43",14.5,0.591588,2.87212,4.8485,0.55333334,0.06067879,0.463955,0.05367,0.475,0.21875,0.30625,200,100,fcr,18,160,10,1,random
1403,AGR,3,"2026-07-16 02:05:50",21.6,0.611133,3.03846,4.8182,0.56242424,0.07593636,0.472478,0.067971,0.44654,0.24528,0.30818,200,100,fcr,18,159,10,1,random
1404,AGR,4,"2026-07-16 02:05:57",28.7,0.627609,3.23431,4.8182,0.58984848,0.06075152,0.509105,0.050525,0.41509,0.26415,0.32075,200,100,fcr,18,159,10,1,random
1405,AGR,5,"2026-07-16 02:06:06",37.5,0.640536,3.38452,4.8182,0.59015152,0.08162424,0.528774,0.070983,0.37736,0.30818,0.31447,200,100,fcr,18,159,10,1,random
1406,AGR,6,"2026-07-16 02:06:13",44.7,0.655406,3.53214,4.7879,0.60727273,0.07231818,0.566557,0.064587,0.3481,0.35443,0.29747,200,100,fcr,18,158,10,1,random
1407,AGR,7,"2026-07-16 02:06:22",53.7,0.669927,3.7103,4.7879,0.62681818,0.06590606,0.622982,0.05623,0.31646,0.39241,0.29114,200,100,fcr,18,158,10,1,random
1408,AGR,8,"2026-07-16 02:06:31",62.6,0.680339,3.83968,4.7879,0.62939394,0.07378485,0.667765,0.069556,0.32278,0.39873,0.27848,200,100,fcr,18,158,10,1,random
1409,AGR,9,"2026-07-16 02:06:40",71.8,0.691112,3.93751,4.7879,0.63772727,0.08083636,0.765811,0.071441,0.29114,0.46203,0.24684,200,100,fcr,18,158,10,1,random
1410,AGR,10,"2026-07-16 02:06:50",81,0.699624,4.03122,4.7576,0.64090909,0.08162727,0.827748,0.080015,0.26752,0.46497,0.26752,200,100,fcr,18,157,10,1,random
1411,AGR,11,"2026-07-16 02:06:59",90.2,0.7087,4.13626,4.7576,0.65590909,0.07948182,0.806461,0.070172,0.24204,0.53503,0.22293,200,100,fcr,18,157,10,1,random
1412,AGR,12,"2026-07-16 02:07:08",99.6,0.715867,4.22581,4.7576,0.67242424,0.06216667,0.916619,0.057365,0.21656,0.58599,0.19745,200,100,fcr,18,157,10,1,random
1413,AGR,13,"2026-07-16 02:07:18",109.1,0.721521,4.30103,4.7576,0.67242425,0.07247879,0.966033,0.065689,0.19745,0.61783,0.18471,200,100,fcr,18,157,10,1,random
1414,AGR,14,"2026-07-16 02:07:27",118.6,0.7281,4.3614,4.7576,0.66954545,0.08597273,1.01749,0.077332,0.17197,0.66242,0.16561,200,100,fcr,18,157,10,1,random
1415,AGR,15,"2026-07-16 02:07:37",128.2,0.733139,4.4254,4.7576,0.67984848,0.07737576,1.10786,0.07081,0.16561,0.70064,0.13376,200,100,fcr,18,157,10,1,random
1416,AGR,16,"2026-07-16 02:07:46",137.7,0.738285,4.4973,4.7576,0.68439394,0.07696364,1.26493,0.070815,0.12102,0.77707,0.10191,200,100,fcr,18,157,10,1,random
1417,AGR,17,"2026-07-16 02:07:55",147,0.7428,4.54913,4.7576,0.685,0.08180909,1.34111,0.076204,0.07643,0.85987,0.06369,200,100,fcr,18,157,10,1,random
1418,AGR,18,"2026-07-16 02:08:05",156.2,0.745927,4.59255,4.7576,0.69803031,0.06704545,1.40277,0.063294,0.07006,0.8535,0.07643,200,100,fcr,18,157,10,1,random
1419,AGR,19,"2026-07-16 02:08:14",165.5,0.748491,4.62945,4.7576,0.69121212,0.07859697,1.35872,0.075813,0.04459,0.89809,0.05732,200,100,fcr,18,157,10,1,random
1420,AGR,20,"2026-07-16 02:08:23",175,0.750873,4.66319,4.7576,0.69378788,0.08103333,1.27643,0.075504,0.02548,0.92994,0.04459,200,100,fcr,18,157,10,1,random
1421,RANDOM,1,"2026-07-16 02:08:34",5.1,0.554624,2.58205,4.9091,0.55818182,-0.00633939,0.403541,-0.003064,0.52469,0.18519,0.29012,200,100,fcr,18,162,10,1,random
1422,RANDOM,2,"2026-07-16 02:08:39",9.8,0.555106,2.59963,4.8788,0.56272727,-0.01597879,0.383425,-0.011898,0.52795,0.19255,0.2795,200,100,fcr,18,161,10,1,random
1423,RANDOM,3,"2026-07-16 02:08:43",14.4,0.553115,2.58874,4.8788,0.55606061,-0.00590606,0.401348,-0.001309,0.53416,0.18012,0.28571,200,100,fcr,18,161,10,1,random
1424,RANDOM,4,"2026-07-16 02:08:48",19.1,0.551194,2.58069,4.8788,0.55242424,-0.00441212,0.387921,0.001424,0.53416,0.18634,0.2795,200,100,fcr,18,161,10,1,random
1425,RANDOM,5,"2026-07-16 02:08:55",25.8,0.549403,2.58177,4.7273,0.55333334,-0.00769697,0.396176,-0.00247,0.53205,0.17308,0.29487,200,100,fcr,18,156,10,1,random
1426,RANDOM,6,"2026-07-16 02:08:59",30.6,0.548927,2.58127,4.697,0.55181818,-0.00875455,0.392547,-0.002656,0.52258,0.18065,0.29677,200,100,fcr,18,155,10,1,random
1427,RANDOM,7,"2026-07-16 02:09:06",37,0.547342,2.57937,4.6061,0.54590909,0.00716061,0.390968,0.005813,0.51974,0.17763,0.30263,200,100,fcr,18,152,10,1,random
1428,RANDOM,8,"2026-07-16 02:09:12",43.6,0.543952,2.56094,4.5455,0.54984849,-0.01165455,0.394718,-0.005637,0.51333,0.19333,0.29333,200,100,fcr,18,150,10,1,random
1429,RANDOM,9,"2026-07-16 02:09:19",50.4,0.544618,2.5625,4.5455,0.53469697,0.02626667,0.414195,0.01981,0.52,0.16667,0.31333,200,100,fcr,18,150,10,1,random
1430,RANDOM,10,"2026-07-16 02:09:26",57,0.542567,2.54625,4.4848,0.54,0.00335151,0.378789,0.008747,0.52027,0.16892,0.31081,200,100,fcr,18,148,10,1,random
1431,RANDOM,11,"2026-07-16 02:09:33",63.7,0.542739,2.55468,4.4545,0.54666667,-0.00012727,0.395709,-0.005592,0.52381,0.17007,0.30612,200,100,fcr,18,147,10,1,random
1432,RANDOM,12,"2026-07-16 02:09:39",70.4,0.540024,2.53333,4.4242,0.53651516,0.00693333,0.398066,0.010317,0.5,0.19863,0.30137,200,100,fcr,18,146,10,1,random
1433,RANDOM,13,"2026-07-16 02:09:46",77.2,0.537227,2.50874,4.3939,0.5330303,0.01502424,0.40324,0.012628,0.51034,0.18621,0.30345,200,100,fcr,18,145,10,1,random
1434,RANDOM,14,"2026-07-16 02:09:53",83.8,0.535188,2.49053,4.3636,0.53257575,0.00367576,0.415397,0.008535,0.52083,0.16667,0.3125,200,100,fcr,18,144,10,1,random
1435,RANDOM,15,"2026-07-16 02:09:59",90.5,0.531042,2.46674,4.3636,0.53045454,-0.00066667,0.400025,0.007608,0.53472,0.14583,0.31944,200,100,fcr,18,144,10,1,random
1436,RANDOM,16,"2026-07-16 02:10:07",98.3,0.529291,2.45468,4.3333,0.52984848,-0.0015303,0.390565,0.002815,0.52448,0.16783,0.30769,200,100,fcr,18,143,10,1,random
1437,RANDOM,17,"2026-07-16 02:10:15",105.9,0.525027,2.4295,4.303,0.52575757,-0.00335455,0.40254,0.005383,0.5493,0.12676,0.32394,200,100,fcr,18,142,10,1,random
1438,RANDOM,18,"2026-07-16 02:10:22",112.7,0.524776,2.42927,4.2121,0.53106061,-0.01484848,0.377797,-0.008817,0.54676,0.14388,0.30935,200,100,fcr,18,139,10,1,random
1439,RANDOM,19,"2026-07-16 02:10:28",119.4,0.521476,2.41178,4.2121,0.52287878,-0.00796061,0.408394,0.00354,0.55396,0.13669,0.30935,200,100,fcr,18,139,10,1,random
1440,RANDOM,20,"2026-07-16 02:10:35",126.4,0.520212,2.40652,4.1818,0.51833333,0.00065758,0.407558,0.007815,0.55797,0.13043,0.31159,200,100,fcr,18,138,10,1,random
1441,OI,1,"2026-07-16 02:10:55",5.5,0.581939,2.7414,4.9394,0.58030303,-0.00172727,0.483284,-0.019799,0.4908,0.20859,0.30061,200,100,fcr,19,163,10,1,random
1442,OI,2,"2026-07-16 02:11:00",10.4,0.609424,2.95085,4.9091,0.61106061,0.00147273,0.473826,-0.022272,0.45679,0.26543,0.27778,200,100,fcr,19,162,10,1,random
1443,OI,3,"2026-07-16 02:11:05",15.3,0.632509,3.17257,4.9091,0.63484849,-0.0049,0.593514,-0.019079,0.40741,0.30864,0.28395,200,100,fcr,19,162,10,1,random
1444,OI,4,"2026-07-16 02:11:10",20.3,0.653039,3.39078,4.9091,0.65772728,-0.00658485,0.619559,-0.020637,0.3642,0.35802,0.27778,200,100,fcr,19,162,10,1,random
1445,OI,5,"2026-07-16 02:11:17",27,0.671839,3.5917,4.8788,0.67984848,-0.014,0.675927,-0.023068,0.31056,0.42857,0.26087,200,100,fcr,19,161,10,1,random
1446,OI,6,"2026-07-16 02:11:22",32.2,0.687985,3.76193,4.8788,0.68954545,-0.00262424,0.734445,-0.011385,0.28571,0.44099,0.27329,200,100,fcr,19,161,10,1,random
1447,OI,7,"2026-07-16 02:11:28",38.9,0.701358,3.91571,4.8788,0.70530303,-0.00467273,0.757472,-0.013323,0.27329,0.45963,0.26708,200,100,fcr,19,161,10,1,random
1448,OI,8,"2026-07-16 02:11:35",45.7,0.711915,4.05108,4.8788,0.70530303,0.01006061,0.858792,0.003812,0.22981,0.54037,0.22981,200,100,fcr,19,161,10,1,random
1449,OI,9,"2026-07-16 02:11:42",52.6,0.721533,4.19573,4.8788,0.71757576,0.00511515,0.911637,0.000631,0.21118,0.60248,0.18634,200,100,fcr,19,161,10,1,random
1450,OI,10,"2026-07-16 02:11:49",59.7,0.732076,4.35821,4.8788,0.73363637,-0.00389394,1.06402,-0.007754,0.16149,0.71429,0.12422,200,100,fcr,19,161,10,1,random
1451,OI,11,"2026-07-16 02:11:56",66.7,0.739376,4.46035,4.8788,0.7419697,-0.00368182,1.25981,-0.006569,0.13043,0.7205,0.14907,200,100,fcr,19,161,10,1,random
1452,OI,12,"2026-07-16 02:12:03",73.6,0.746276,4.56637,4.8788,0.74727273,0.00041212,1.14809,-0.004312,0.10559,0.79503,0.09938,200,100,fcr,19,161,10,1,random
1453,OI,13,"2026-07-16 02:12:10",80.6,0.751045,4.64728,4.8788,0.74515151,0.00979091,1.41673,0.006389,0.06832,0.84472,0.08696,200,100,fcr,19,161,10,1,random
1454,OI,14,"2026-07-16 02:12:17",87.5,0.754876,4.7079,4.8788,0.76060606,-0.00805758,1.3616,-0.008497,0.07453,0.85714,0.06832,200,100,fcr,19,161,10,1,random
1455,OI,15,"2026-07-16 02:12:24",94.6,0.75663,4.75399,4.8788,0.75924242,-0.00446364,2.07558,-0.002725,0.03727,0.91304,0.04969,200,100,fcr,19,161,10,1,random
1456,OI,16,"2026-07-16 02:12:31",101.8,0.757685,4.76251,4.8788,0.75757575,-0.00078182,1.91994,0.00136,0.04969,0.90683,0.04348,200,100,fcr,19,161,10,1,random
1457,OI,17,"2026-07-16 02:12:38",109,0.758291,4.79453,4.8788,0.75863637,0.00101212,2.19436,0.000403,0.03727,0.92547,0.03727,200,100,fcr,19,161,10,1,random
1458,OI,18,"2026-07-16 02:12:46",116.2,0.758579,4.80535,4.8788,0.76590909,-0.00924849,2.04541,-0.008423,0.01242,0.96894,0.01863,200,100,fcr,19,161,10,1,random
1459,OI,19,"2026-07-16 02:12:53",123.1,0.758158,4.8028,4.8788,0.77136363,-0.01754849,1.42671,-0.016373,0.02484,0.96273,0.01242,200,100,fcr,19,161,10,1,random
1460,OI,20,"2026-07-16 02:13:00",130.1,0.757258,4.77806,4.8788,0.75590909,0.00166667,2.32076,0.003256,0.03727,0.93168,0.03106,200,100,fcr,19,161,10,1,random
1461,IR,1,"2026-07-16 02:13:09",5.4,0.558055,2.57803,4.8788,0.61712121,-0.10318485,0.4234,-0.109836,0.52795,0.19255,0.2795,200,100,fcr,19,161,10,1,random
1462,IR,2,"2026-07-16 02:13:14",10.3,0.566564,2.62242,4.8182,0.63242424,-0.11624848,0.42061,-0.122875,0.52201,0.20126,0.27673,200,100,fcr,19,159,10,1,random
1463,IR,3,"2026-07-16 02:13:19",15.2,0.577473,2.67986,4.7576,0.65378788,-0.12879697,0.45124,-0.141348,0.50955,0.21656,0.27389,200,100,fcr,19,157,10,1,random
1464,IR,4,"2026-07-16 02:13:24",20.1,0.584573,2.7077,4.6667,0.65742424,-0.12651212,0.493844,-0.129743,0.49351,0.22727,0.27922,200,100,fcr,19,154,10,1,random
1465,IR,5,"2026-07-16 02:13:31",26.9,0.590945,2.75038,4.6667,0.65787879,-0.11388485,0.498692,-0.117634,0.48052,0.24675,0.27273,200,100,fcr,19,154,10,1,random
1466,IR,6,"2026-07-16 02:13:36",32,0.598055,2.80258,4.5455,0.66863637,-0.11633939,0.521758,-0.123383,0.48667,0.22667,0.28667,200,100,fcr,19,150,10,1,random
1467,IR,7,"2026-07-16 02:13:43",39,0.604794,2.85846,4.5152,0.67833333,-0.12074848,0.541134,-0.126391,0.4698,0.26174,0.26846,200,100,fcr,19,149,10,1,random
1468,IR,8,"2026-07-16 02:13:49",45.6,0.613921,2.91386,4.4545,0.68545455,-0.1143697,0.594611,-0.123261,0.43537,0.29252,0.27211,200,100,fcr,19,147,10,1,random
1469,IR,9,"2026-07-16 02:13:56",52.4,0.6175,2.92543,4.4242,0.69469697,-0.12156061,0.59148,-0.126887,0.43836,0.28767,0.27397,200,100,fcr,19,146,10,1,random
1470,IR,10,"2026-07-16 02:14:03",59.5,0.620055,2.93888,4.4242,0.69469697,-0.12293636,0.607502,-0.121358,0.43836,0.28767,0.27397,200,100,fcr,19,146,10,1,random
1471,IR,11,"2026-07-16 02:14:10",66.5,0.625048,2.97726,4.3636,0.69984848,-0.12154848,0.622564,-0.122792,0.42361,0.28472,0.29167,200,100,fcr,19,144,10,1,random
1472,IR,12,"2026-07-16 02:14:17",73.6,0.627761,2.99135,4.3636,0.70060606,-0.11832727,0.604202,-0.117209,0.40278,0.30556,0.29167,200,100,fcr,19,144,10,1,random
1473,IR,13,"2026-07-16 02:14:25",80.8,0.63103,3.00354,4.3333,0.71757576,-0.13820909,0.5876,-0.138845,0.40559,0.29371,0.3007,200,100,fcr,19,143,10,1,random
1474,IR,14,"2026-07-16 02:14:32",87.9,0.638636,3.05393,4.3333,0.71575757,-0.12038788,0.611818,-0.126483,0.3986,0.32867,0.27273,200,100,fcr,19,143,10,1,random
1475,IR,15,"2026-07-16 02:14:39",94.9,0.644718,3.1005,4.3333,0.73515152,-0.14164848,0.676756,-0.144697,0.39161,0.32168,0.28671,200,100,fcr,19,143,10,1,random
1476,IR,16,"2026-07-16 02:14:46",102.1,0.648197,3.12054,4.3333,0.73075758,-0.13062727,0.657499,-0.129106,0.38462,0.33566,0.27972,200,100,fcr,19,143,10,1,random
1477,IR,17,"2026-07-16 02:14:53",109,0.649755,3.14036,4.3333,0.73106061,-0.12816364,0.66697,-0.125462,0.39161,0.31469,0.29371,200,100,fcr,19,143,10,1,random
1478,IR,18,"2026-07-16 02:15:00",116.1,0.652818,3.15774,4.3333,0.73348485,-0.12730909,0.655304,-0.124751,0.39161,0.32168,0.28671,200,100,fcr,19,143,10,1,random
1479,IR,19,"2026-07-16 02:15:07",123.2,0.655982,3.18085,4.3333,0.73545455,-0.12460909,0.685094,-0.122722,0.38462,0.32168,0.29371,200,100,fcr,19,143,10,1,random
1480,IR,20,"2026-07-16 02:15:14",130.3,0.657979,3.19094,4.303,0.73924242,-0.1251303,0.669944,-0.124221,0.37324,0.32394,0.30282,200,100,fcr,19,142,10,1,random
1481,AGR,1,"2026-07-16 02:15:23",7.6,0.5773,2.72265,4.9091,0.53621212,0.06688182,0.466461,0.054235,0.50617,0.22222,0.2716,200,100,fcr,19,162,10,1,random
1482,AGR,2,"2026-07-16 02:15:30",14.7,0.597064,2.88062,4.8788,0.54954545,0.07619697,0.495493,0.067067,0.48447,0.23602,0.2795,200,100,fcr,19,161,10,1,random
1483,AGR,3,"2026-07-16 02:15:37",22.1,0.615442,3.03454,4.8788,0.56818182,0.07166061,0.522832,0.065956,0.45963,0.24224,0.29814,200,100,fcr,19,161,10,1,random
1484,AGR,4,"2026-07-16 02:15:45",29.3,0.633121,3.20761,4.8788,0.58787879,0.06995455,0.540565,0.061215,0.43478,0.26087,0.30435,200,100,fcr,19,161,10,1,random
1485,AGR,5,"2026-07-16 02:15:54",38.3,0.646161,3.36565,4.7879,0.59848485,0.07275152,0.55244,0.066418,0.39241,0.29114,0.31646,200,100,fcr,19,158,10,1,random
1486,AGR,6,"2026-07-16 02:16:01",45.8,0.659391,3.50694,4.7879,0.60984849,0.07532727,0.580574,0.068291,0.36709,0.31646,0.31646,200,100,fcr,19,158,10,1,random
1487,AGR,7,"2026-07-16 02:16:10",54.9,0.670633,3.65613,4.7576,0.60909091,0.09263333,0.620961,0.085924,0.35032,0.33758,0.3121,200,100,fcr,19,157,10,1,random
1488,AGR,8,"2026-07-16 02:16:19",63.9,0.680279,3.77676,4.7273,0.62181819,0.08578182,0.661938,0.080861,0.30769,0.41667,0.27564,200,100,fcr,19,156,10,1,random
1489,AGR,9,"2026-07-16 02:16:28",73,0.690218,3.89458,4.697,0.63166666,0.08336364,0.772541,0.07954,0.29032,0.44516,0.26452,200,100,fcr,19,155,10,1,random
1490,AGR,10,"2026-07-16 02:16:38",82.5,0.699236,4.00551,4.697,0.64212121,0.08431818,0.846011,0.077591,0.25161,0.50968,0.23871,200,100,fcr,19,155,10,1,random
1491,AGR,11,"2026-07-16 02:16:47",91.8,0.706376,4.11188,4.697,0.64848485,0.07923636,0.899197,0.078685,0.23226,0.54194,0.22581,200,100,fcr,19,155,10,1,random
1492,AGR,12,"2026-07-16 02:16:56",101.1,0.713615,4.20221,4.697,0.65409091,0.09098485,0.966616,0.080084,0.2,0.60645,0.19355,200,100,fcr,19,155,10,1,random
1493,AGR,13,"2026-07-16 02:17:06",110.4,0.718918,4.28606,4.697,0.6669697,0.07502424,1.0202,0.069704,0.16774,0.67097,0.16129,200,100,fcr,19,155,10,1,random
1494,AGR,14,"2026-07-16 02:17:15",119.8,0.724139,4.36062,4.697,0.67030303,0.07888182,1.08485,0.072082,0.14839,0.70968,0.14194,200,100,fcr,19,155,10,1,random
1495,AGR,15,"2026-07-16 02:17:24",129.1,0.727824,4.42993,4.697,0.67696969,0.06846667,1.11459,0.068595,0.11613,0.75484,0.12903,200,100,fcr,19,155,10,1,random
1496,AGR,16,"2026-07-16 02:17:34",138.8,0.730582,4.45031,4.697,0.67212121,0.08677273,1.11828,0.079297,0.10968,0.77419,0.11613,200,100,fcr,19,155,10,1,random
1497,AGR,17,"2026-07-16 02:17:44",148.3,0.735594,4.52301,4.697,0.67939394,0.08101818,1.25901,0.074567,0.07742,0.86452,0.05806,200,100,fcr,19,155,10,1,random
1498,AGR,18,"2026-07-16 02:17:53",157.8,0.738173,4.56772,4.697,0.66242424,0.11141212,1.81567,0.101999,0.05161,0.92903,0.01935,200,100,fcr,19,155,10,1,random
1499,AGR,19,"2026-07-16 02:18:03",167.3,0.740324,4.58482,4.697,0.68651516,0.07728182,2.06404,0.072355,0.05161,0.92258,0.02581,200,100,fcr,19,155,10,1,random
1500,AGR,20,"2026-07-16 02:18:12",176.8,0.741839,4.6029,4.697,0.67136364,0.10120303,2.03008,0.094996,0.03226,0.94839,0.01935,200,100,fcr,19,155,10,1,random
1501,RANDOM,1,"2026-07-16 02:18:22",5,0.552597,2.53926,4.9091,0.54409091,0.01029394,0.41383,0.016963,0.56173,0.17901,0.25926,200,100,fcr,19,162,10,1,random
1502,RANDOM,2,"2026-07-16 02:18:27",9.4,0.554367,2.52785,4.8485,0.55363636,-0.00030606,0.447688,0.001198,0.55,0.18125,0.26875,200,100,fcr,19,160,10,1,random
1503,RANDOM,3,"2026-07-16 02:18:31",13.8,0.553633,2.52558,4.8182,0.55924243,-0.01463333,0.43533,-0.006827,0.55346,0.15723,0.28931,200,100,fcr,19,159,10,1,random
1504,RANDOM,4,"2026-07-16 02:18:36",18.3,0.553906,2.52471,4.7576,0.55833333,-0.00944242,0.402242,-0.006067,0.54777,0.16561,0.28662,200,100,fcr,19,157,10,1,random
1505,RANDOM,5,"2026-07-16 02:18:42",24.6,0.552479,2.52095,4.7273,0.55333333,0.00227273,0.417348,0.001723,0.52564,0.17308,0.30128,200,100,fcr,19,156,10,1,random
1506,RANDOM,6,"2026-07-16 02:18:46",29.2,0.551639,2.51563,4.7273,0.55545455,-0.00741212,0.38793,-0.003849,0.53205,0.16667,0.30128,200,100,fcr,19,156,10,1,random
1507,RANDOM,7,"2026-07-16 02:18:53",35.6,0.550824,2.50282,4.697,0.56363636,-0.02405151,0.390694,-0.01985,0.56129,0.14194,0.29677,200,100,fcr,19,155,10,1,random
1508,RANDOM,8,"2026-07-16 02:18:59",42,0.549624,2.5011,4.6364,0.55166667,-0.00522424,0.410894,-0.000311,0.55556,0.15033,0.29412,200,100,fcr,19,153,10,1,random
1509,RANDOM,9,"2026-07-16 02:19:06",48.5,0.550318,2.50818,4.6364,0.55121212,0.00153636,0.426625,0.000348,0.54902,0.15033,0.30065,200,100,fcr,19,153,10,1,random
1510,RANDOM,10,"2026-07-16 02:19:12",55.1,0.546882,2.48455,4.4848,0.54121212,0.01098182,0.40862,0.015998,0.52703,0.19595,0.27703,200,100,fcr,19,148,10,1,random
1511,RANDOM,11,"2026-07-16 02:19:19",61.6,0.545103,2.47957,4.3636,0.545,0.00258788,0.477862,0.004494,0.51389,0.19444,0.29167,200,100,fcr,19,144,10,1,random
1512,RANDOM,12,"2026-07-16 02:19:26",68.3,0.543436,2.48649,4.3636,0.54242424,0.00128182,0.448958,0.005165,0.51389,0.19444,0.29167,200,100,fcr,19,144,10,1,random
1513,RANDOM,13,"2026-07-16 02:19:32",75,0.542376,2.47922,4.2727,0.54878787,-0.00786061,0.45325,-0.009231,0.51064,0.21986,0.2695,200,100,fcr,19,141,10,1,random
1514,RANDOM,14,"2026-07-16 02:19:39",81.5,0.540891,2.47755,4.2424,0.54227273,-0.00410606,0.516992,0.00123,0.51429,0.2,0.28571,200,100,fcr,19,140,10,1,random
1515,RANDOM,15,"2026-07-16 02:19:45",88.2,0.541124,2.47224,4.1818,0.54136364,0.00111818,0.485997,0.002148,0.5,0.22464,0.27536,200,100,fcr,19,138,10,1,random
1516,RANDOM,16,"2026-07-16 02:19:52",94.8,0.540718,2.46308,4.1515,0.54575757,-0.01383636,0.499704,-0.00619,0.49635,0.21898,0.28467,200,100,fcr,19,137,10,1,random
1517,RANDOM,17,"2026-07-16 02:19:59",101.4,0.537124,2.45152,4.1515,0.54636364,-0.02098182,0.48094,-0.010952,0.51095,0.18978,0.29927,200,100,fcr,19,137,10,1,random
1518,RANDOM,18,"2026-07-16 02:20:06",109.1,0.535018,2.43996,4.1515,0.53727272,-0.00295758,0.443228,0.000394,0.50365,0.22628,0.27007,200,100,fcr,19,137,10,1,random
1519,RANDOM,19,"2026-07-16 02:20:14",117,0.536161,2.44068,4.1515,0.54030303,-0.00782424,0.509455,-0.006288,0.50365,0.23358,0.26277,200,100,fcr,19,137,10,1,random
1520,RANDOM,20,"2026-07-16 02:20:21",123.7,0.534306,2.43152,4.1515,0.53712121,-0.00619091,0.515711,-0.000352,0.49635,0.24088,0.26277,200,100,fcr,19,137,10,1,random
1521,OI,1,"2026-07-16 02:20:42",5.1,0.579364,2.74421,4.9697,0.58378788,-0.00612424,0.445665,-0.028476,0.51829,0.18902,0.29268,200,100,fcr,20,164,10,1,random
1522,OI,2,"2026-07-16 02:20:46",9.6,0.606788,2.96032,4.9394,0.61393939,-0.00886667,0.497289,-0.032079,0.46012,0.2454,0.29448,200,100,fcr,20,163,10,1,random
1523,OI,3,"2026-07-16 02:20:51",14.1,0.630064,3.16138,4.8788,0.6310606,-0.00347879,0.549588,-0.01738,0.40373,0.32919,0.26708,200,100,fcr,20,161,10,1,random
1524,OI,4,"2026-07-16 02:20:55",18.6,0.653118,3.37055,4.8788,0.64666667,0.00884242,0.650328,-0.005011,0.36025,0.38509,0.25466,200,100,fcr,20,161,10,1,random
1525,OI,5,"2026-07-16 02:21:02",24.9,0.672373,3.58364,4.8788,0.66757576,0.0092,0.718147,-0.00505,0.34783,0.40373,0.24845,200,100,fcr,20,161,10,1,random
1526,OI,6,"2026-07-16 02:21:06",29.4,0.689958,3.77289,4.8788,0.69484849,-0.00842424,0.799569,-0.018203,0.31056,0.46584,0.2236,200,100,fcr,20,161,10,1,random
1527,OI,7,"2026-07-16 02:21:12",35.7,0.70577,3.97235,4.8788,0.70909091,-0.00373333,0.919769,-0.013552,0.25466,0.51553,0.22981,200,100,fcr,20,161,10,1,random
1528,OI,8,"2026-07-16 02:21:19",41.9,0.7209,4.16047,4.8788,0.73227273,-0.01832121,0.909881,-0.024255,0.20497,0.57143,0.2236,200,100,fcr,20,161,10,1,random
1529,OI,9,"2026-07-16 02:21:25",48.5,0.732115,4.30496,4.8788,0.73954545,-0.00950303,0.931557,-0.015893,0.19255,0.65217,0.15528,200,100,fcr,20,161,10,1,random
1530,OI,10,"2026-07-16 02:21:32",55.1,0.739915,4.43625,4.8788,0.74515152,-0.00680303,1.13706,-0.010451,0.17391,0.64596,0.18012,200,100,fcr,20,161,10,1,random
1531,OI,11,"2026-07-16 02:21:38",61.7,0.746679,4.54695,4.8788,0.74863637,-0.00092727,1.16657,-0.005427,0.11801,0.77019,0.1118,200,100,fcr,20,161,10,1,random
1532,OI,12,"2026-07-16 02:21:45",68.4,0.751982,4.64734,4.8788,0.75636364,-0.00535758,1.36897,-0.007196,0.09317,0.81988,0.08696,200,100,fcr,20,161,10,1,random
1533,OI,13,"2026-07-16 02:21:52",74.9,0.755706,4.69806,4.8788,0.76287879,-0.01028182,1.62654,-0.009834,0.06832,0.83851,0.09317,200,100,fcr,20,161,10,1,random
1534,OI,14,"2026-07-16 02:21:58",81.3,0.757233,4.74597,4.8788,0.76303031,-0.00911818,1.46912,-0.007181,0.04348,0.93168,0.02484,200,100,fcr,20,161,10,1,random
1535,OI,15,"2026-07-16 02:22:05",87.9,0.75713,4.76271,4.8788,0.75227273,0.0057303,2.04947,0.007533,0.0559,0.91304,0.03106,200,100,fcr,20,161,10,1,random
1536,OI,16,"2026-07-16 02:22:11",94.4,0.757439,4.7723,4.8788,0.76424242,-0.01092727,2.81667,-0.00811,0.04348,0.93168,0.02484,200,100,fcr,20,161,10,1,random
1537,OI,17,"2026-07-16 02:22:18",101,0.757976,4.78218,4.8788,0.76333334,-0.0037303,2.76303,-0.006597,0.01863,0.95031,0.03106,200,100,fcr,20,161,10,1,random
1538,OI,18,"2026-07-16 02:22:24",107.5,0.757303,4.76063,4.8788,0.75727273,0.00354545,1.789,0.001965,0.03106,0.90062,0.06832,200,100,fcr,20,161,10,1,random
1539,OI,19,"2026-07-16 02:22:31",114.3,0.757609,4.7775,4.8788,0.75287879,0.00690909,1.55644,0.007698,0.03106,0.93168,0.03727,200,100,fcr,20,161,10,1,random
1540,OI,20,"2026-07-16 02:22:38",121,0.757494,4.7786,4.8788,0.75090909,0.00923636,1.99252,0.01005,0.03727,0.93168,0.03106,200,100,fcr,20,161,10,1,random
1541,IR,1,"2026-07-16 02:22:47",5.4,0.562521,2.60324,4.8788,0.62515151,-0.10799091,0.399533,-0.12074,0.50932,0.21118,0.2795,200,100,fcr,20,161,10,1,random
1542,IR,2,"2026-07-16 02:22:52",10.3,0.571888,2.66412,4.8182,0.63606061,-0.10896667,0.423111,-0.1195,0.51572,0.19497,0.28931,200,100,fcr,20,159,10,1,random
1543,IR,3,"2026-07-16 02:22:57",15.2,0.580294,2.69659,4.8182,0.65090909,-0.11774242,0.429165,-0.127831,0.51572,0.18868,0.2956,200,100,fcr,20,159,10,1,random
1544,IR,4,"2026-07-16 02:23:02",20.3,0.589336,2.73825,4.7879,0.66363637,-0.12254545,0.437396,-0.132777,0.50633,0.20253,0.29114,200,100,fcr,20,158,10,1,random
1545,IR,5,"2026-07-16 02:23:09",26.9,0.596118,2.77845,4.7879,0.66454545,-0.11289697,0.460248,-0.119158,0.53165,0.18354,0.28481,200,100,fcr,20,158,10,1,random
1546,IR,6,"2026-07-16 02:23:14",32,0.60343,2.81353,4.697,0.67681818,-0.12045455,0.500763,-0.126538,0.49032,0.21935,0.29032,200,100,fcr,20,155,10,1,random
1547,IR,7,"2026-07-16 02:23:21",38.8,0.606161,2.81947,4.697,0.68151515,-0.12815455,0.479114,-0.125603,0.49032,0.22581,0.28387,200,100,fcr,20,155,10,1,random
1548,IR,8,"2026-07-16 02:23:27",45.5,0.617815,2.90331,4.6667,0.68848485,-0.1165697,0.527084,-0.123232,0.46753,0.24026,0.29221,200,100,fcr,20,154,10,1,random
1549,IR,9,"2026-07-16 02:23:34",52.3,0.620973,2.94063,4.6667,0.68848485,-0.11019697,0.522689,-0.110209,0.47403,0.22727,0.2987,200,100,fcr,20,154,10,1,random
1550,IR,10,"2026-07-16 02:23:41",59.3,0.624752,2.9384,4.6667,0.7030303,-0.12754242,0.51328,-0.127406,0.48052,0.22078,0.2987,200,100,fcr,20,154,10,1,random
1551,IR,11,"2026-07-16 02:23:48",66.3,0.627361,2.9461,4.6364,0.71318182,-0.13838182,0.517492,-0.13798,0.48366,0.20261,0.31373,200,100,fcr,20,153,10,1,random
1552,IR,12,"2026-07-16 02:23:55",73.2,0.633712,2.97332,4.6061,0.70378788,-0.1103697,0.5105,-0.115109,0.46053,0.21711,0.32237,200,100,fcr,20,152,10,1,random
1553,IR,13,"2026-07-16 02:24:02",80.1,0.636903,2.99233,4.6061,0.71287879,-0.12182424,0.484689,-0.120847,0.46053,0.22368,0.31579,200,100,fcr,20,152,10,1,random
1554,IR,14,"2026-07-16 02:24:09",87.1,0.640191,3.03358,4.5758,0.72045455,-0.12861515,0.509687,-0.127268,0.43709,0.23841,0.3245,200,100,fcr,20,151,10,1,random
1555,IR,15,"2026-07-16 02:24:16",94.2,0.647245,3.08635,4.5455,0.72803031,-0.13064849,0.504031,-0.129842,0.44667,0.24,0.31333,200,100,fcr,20,150,10,1,random
1556,IR,16,"2026-07-16 02:24:23",101.3,0.653303,3.137,4.4848,0.72666667,-0.11457879,0.555807,-0.116512,0.41892,0.28378,0.2973,200,100,fcr,20,148,10,1,random
1557,IR,17,"2026-07-16 02:24:30",108.3,0.658582,3.17324,4.4848,0.74015152,-0.1285,0.609688,-0.126907,0.43919,0.25676,0.30405,200,100,fcr,20,148,10,1,random
1558,IR,18,"2026-07-16 02:24:37",115.3,0.660397,3.19742,4.4848,0.73318182,-0.11637576,0.612471,-0.110628,0.40541,0.28378,0.31081,200,100,fcr,20,148,10,1,random
1559,IR,19,"2026-07-16 02:24:44",122.3,0.663952,3.22202,4.4545,0.73424243,-0.11005454,0.586401,-0.107541,0.40136,0.28571,0.31293,200,100,fcr,20,147,10,1,random
1560,IR,20,"2026-07-16 02:24:51",129.4,0.663579,3.19914,4.4545,0.74242424,-0.12254545,0.58807,-0.117371,0.42177,0.2517,0.32653,200,100,fcr,20,147,10,1,random
1561,AGR,1,"2026-07-16 02:24:59",7.3,0.569658,2.69455,5.0303,0.52045455,0.07824849,0.419481,0.075582,0.53614,0.16265,0.3012,200,100,fcr,20,166,10,1,random
1562,AGR,2,"2026-07-16 02:25:06",14.2,0.588597,2.85815,5.0303,0.53924242,0.08131212,0.424892,0.071189,0.49398,0.21084,0.29518,200,100,fcr,20,166,10,1,random
1563,AGR,3,"2026-07-16 02:25:13",21.3,0.605491,3.005,5,0.56272727,0.06717576,0.458014,0.060009,0.47273,0.22424,0.30303,200,100,fcr,20,165,10,1,random
1564,AGR,4,"2026-07-16 02:25:20",28.4,0.624015,3.18354,5,0.58030303,0.07036364,0.492989,0.059083,0.4303,0.25455,0.31515,200,100,fcr,20,165,10,1,random
1565,AGR,5,"2026-07-16 02:25:29",37.4,0.639027,3.33107,4.9697,0.58424242,0.08623939,0.509164,0.077063,0.39024,0.29268,0.31707,200,100,fcr,20,164,10,1,random
1566,AGR,6,"2026-07-16 02:25:37",44.6,0.652458,3.49442,4.9697,0.59742424,0.08094848,0.532643,0.076978,0.38415,0.29268,0.32317,200,100,fcr,20,164,10,1,random
1567,AGR,7,"2026-07-16 02:25:46",53.5,0.664927,3.63442,4.9394,0.61712122,0.07158182,0.562025,0.065339,0.34969,0.33129,0.31902,200,100,fcr,20,163,10,1,random
1568,AGR,8,"2026-07-16 02:25:54",62.4,0.676088,3.78264,4.9394,0.62530303,0.07584545,0.59331,0.069364,0.34356,0.33742,0.31902,200,100,fcr,20,163,10,1,random
1569,AGR,9,"2026-07-16 02:26:04",71.6,0.686288,3.89647,4.9394,0.63848484,0.07416667,0.63646,0.064562,0.31902,0.40491,0.27607,200,100,fcr,20,163,10,1,random
1570,AGR,10,"2026-07-16 02:26:13",80.8,0.694464,4.01994,4.9394,0.63272728,0.09234545,0.744863,0.085055,0.30675,0.42331,0.26994,200,100,fcr,20,163,10,1,random
1571,AGR,11,"2026-07-16 02:26:22",90,0.702236,4.1378,4.9394,0.6519697,0.06550909,0.779751,0.067786,0.27607,0.47853,0.2454,200,100,fcr,20,163,10,1,random
1572,AGR,12,"2026-07-16 02:26:31",99.4,0.711603,4.25615,4.9394,0.65318182,0.08752121,0.851122,0.07748,0.25153,0.52147,0.22699,200,100,fcr,20,163,10,1,random
1573,AGR,13,"2026-07-16 02:26:41",108.7,0.718812,4.35357,4.9394,0.6680303,0.07188485,0.890488,0.06726,0.22086,0.55215,0.22699,200,100,fcr,20,163,10,1,random
1574,AGR,14,"2026-07-16 02:26:50",118,0.725824,4.44439,4.9394,0.67621212,0.06930303,0.897059,0.065161,0.17791,0.63804,0.18405,200,100,fcr,20,163,10,1,random
1575,AGR,15,"2026-07-16 02:26:59",127.2,0.731836,4.53107,4.9394,0.67378788,0.08075152,0.982155,0.076907,0.13497,0.68098,0.18405,200,100,fcr,20,163,10,1,random
1576,AGR,16,"2026-07-16 02:27:09",136.5,0.736524,4.60722,4.9394,0.67969697,0.08111515,0.949826,0.075404,0.13497,0.74847,0.11656,200,100,fcr,20,163,10,1,random
1577,AGR,17,"2026-07-16 02:27:18",145.6,0.740164,4.66431,4.9091,0.6769697,0.08739091,1.18965,0.084487,0.11728,0.80247,0.08025,200,100,fcr,20,162,10,1,random
1578,AGR,18,"2026-07-16 02:27:27",154.9,0.743903,4.68982,4.9091,0.68439394,0.08341515,1.40245,0.078636,0.09877,0.83951,0.06173,200,100,fcr,20,162,10,1,random
1579,AGR,19,"2026-07-16 02:27:36",164.3,0.748561,4.74025,4.9091,0.68590909,0.09113333,1.52346,0.081841,0.08642,0.8642,0.04938,200,100,fcr,20,162,10,1,random
1580,AGR,20,"2026-07-16 02:27:46",173.5,0.751176,4.76623,4.9091,0.69318182,0.08100909,1.71653,0.076439,0.0679,0.90123,0.03086,200,100,fcr,20,162,10,1,random
1581,RANDOM,1,"2026-07-16 02:27:55",4.8,0.549776,2.55041,4.8788,0.55787879,-0.01426667,0.383326,-0.009899,0.50932,0.21118,0.2795,200,100,fcr,20,161,10,1,random
1582,RANDOM,2,"2026-07-16 02:27:59",9.1,0.550321,2.55987,4.7879,0.54560606,0.00467576,0.394464,0.010086,0.52532,0.20253,0.27215,200,100,fcr,20,158,10,1,random
1583,RANDOM,3,"2026-07-16 02:28:03",13.4,0.549576,2.56471,4.697,0.55318182,-0.004,0.417374,-0.002907,0.53548,0.18065,0.28387,200,100,fcr,20,155,10,1,random
1584,RANDOM,4,"2026-07-16 02:28:08",17.8,0.548445,2.55452,4.697,0.54909091,0.00291818,0.415768,0.002429,0.52903,0.18065,0.29032,200,100,fcr,20,155,10,1,random
1585,RANDOM,5,"2026-07-16 02:28:14",23.8,0.549758,2.55016,4.6364,0.54863636,0.00541818,0.406436,0.003129,0.5098,0.20915,0.28105,200,100,fcr,20,153,10,1,random
1586,RANDOM,6,"2026-07-16 02:28:18",28.2,0.551452,2.54282,4.6364,0.55090909,0.00244242,0.420057,0.00174,0.52941,0.18301,0.28758,200,100,fcr,20,153,10,1,random
1587,RANDOM,7,"2026-07-16 02:28:24",34.2,0.554303,2.55743,4.6061,0.55060607,0.00462424,0.421897,0.006071,0.51316,0.20395,0.28289,200,100,fcr,20,152,10,1,random
1588,RANDOM,8,"2026-07-16 02:28:30",40.3,0.554518,2.56012,4.5758,0.54984848,0.01193333,0.42864,0.010568,0.52318,0.17881,0.29801,200,100,fcr,20,151,10,1,random
1589,RANDOM,9,"2026-07-16 02:28:37",46.9,0.552085,2.54034,4.5455,0.55030303,0.00385455,0.403218,0.007822,0.52,0.18667,0.29333,200,100,fcr,20,150,10,1,random
1590,RANDOM,10,"2026-07-16 02:28:43",53.2,0.54877,2.51813,4.5152,0.55560606,-0.00912424,0.407554,-0.00723,0.51007,0.20805,0.28188,200,100,fcr,20,149,10,1,random
1591,RANDOM,11,"2026-07-16 02:28:50",59.6,0.547612,2.5246,4.5152,0.5469697,0.00003333,0.422296,0.004121,0.50336,0.20805,0.28859,200,100,fcr,20,149,10,1,random
1592,RANDOM,12,"2026-07-16 02:28:56",65.9,0.543524,2.51238,4.5152,0.54681818,-0.0062,0.403961,0.000528,0.5302,0.1745,0.2953,200,100,fcr,20,149,10,1,random
1593,RANDOM,13,"2026-07-16 02:29:02",72.2,0.54057,2.50005,4.5152,0.54772728,-0.01290909,0.409221,-0.008514,0.52349,0.18121,0.2953,200,100,fcr,20,149,10,1,random
1594,RANDOM,14,"2026-07-16 02:29:08",78.5,0.543924,2.51218,4.5152,0.54424242,0.00361212,0.410251,-0.000966,0.5302,0.1745,0.2953,200,100,fcr,20,149,10,1,random
1595,RANDOM,15,"2026-07-16 02:29:15",84.9,0.540912,2.48259,4.4545,0.53939394,-0.00122424,0.402568,0.008812,0.53061,0.17007,0.29932,200,100,fcr,20,147,10,1,random
1596,RANDOM,16,"2026-07-16 02:29:21",91.2,0.54493,2.51632,4.4545,0.54590909,-0.00310606,0.410536,-0.003066,0.52381,0.17687,0.29932,200,100,fcr,20,147,10,1,random
1597,RANDOM,17,"2026-07-16 02:29:28",97.7,0.546836,2.52185,4.4242,0.54090909,0.00761515,0.412925,0.01062,0.5274,0.15753,0.31507,200,100,fcr,20,146,10,1,random
1598,RANDOM,18,"2026-07-16 02:29:34",104,0.548188,2.52832,4.4242,0.54863636,-0.00211212,0.395666,0.000132,0.5274,0.16438,0.30822,200,100,fcr,20,146,10,1,random
1599,RANDOM,19,"2026-07-16 02:29:40",110.4,0.546291,2.5291,4.4242,0.5530303,-0.01349394,0.407428,-0.008663,0.50685,0.17808,0.31507,200,100,fcr,20,146,10,1,random
1600,RANDOM,20,"2026-07-16 02:29:47",117.2,0.545385,2.51659,4.3333,0.5480303,-0.01011212,0.388456,-0.001058,0.52448,0.14685,0.32867,200,100,fcr,20,143,10,1,random
1601,OI,1,"2026-07-16 02:30:35",5.5,0.581412,2.75661,5.0909,0.57772727,0.00622121,0.441021,-0.014964,0.5,0.20238,0.29762,200,100,fcr,21,168,10,1,random
1602,OI,2,"2026-07-16 02:30:40",10.4,0.6065,2.94154,5,0.61378788,-0.01462727,0.475643,-0.029743,0.44848,0.24848,0.30303,200,100,fcr,21,165,10,1,random
1603,OI,3,"2026-07-16 02:30:45",15.4,0.631288,3.14941,4.9697,0.63227273,0.00292121,0.508198,-0.018348,0.42683,0.29878,0.27439,200,100,fcr,21,164,10,1,random
1604,OI,4,"2026-07-16 02:30:50",20.3,0.65243,3.35497,4.9394,0.64772727,0.00566061,0.631109,-0.006386,0.36196,0.31288,0.32515,200,100,fcr,21,163,10,1,random
1605,OI,5,"2026-07-16 02:30:57",27.1,0.671194,3.55005,4.9394,0.67984849,-0.01329697,0.588364,-0.024478,0.33129,0.37423,0.29448,200,100,fcr,21,163,10,1,random
1606,OI,6,"2026-07-16 02:31:02",32.2,0.686124,3.74571,4.9394,0.68606061,-0.00089697,0.673097,-0.008611,0.30061,0.40491,0.29448,200,100,fcr,21,163,10,1,random
1607,OI,7,"2026-07-16 02:31:09",38.9,0.698718,3.90259,4.9394,0.69878788,-0.00111818,0.745514,-0.006948,0.27607,0.47853,0.2454,200,100,fcr,21,163,10,1,random
1608,OI,8,"2026-07-16 02:31:16",45.7,0.710439,4.08304,4.9394,0.71257576,-0.00297273,0.873212,-0.00915,0.22699,0.59509,0.17791,200,100,fcr,21,163,10,1,random
1609,OI,9,"2026-07-16 02:31:23",52.5,0.720642,4.23092,4.9091,0.73439394,-0.02037879,1.04483,-0.024048,0.19136,0.62346,0.18519,200,100,fcr,21,162,10,1,random
1610,OI,10,"2026-07-16 02:31:30",59.5,0.729991,4.35216,4.9091,0.73818182,-0.0111,1.04003,-0.015345,0.16049,0.69753,0.14198,200,100,fcr,21,162,10,1,random
1611,OI,11,"2026-07-16 02:31:37",66.7,0.736679,4.48751,4.9091,0.73333333,0.00658182,1.22003,0.0021,0.12963,0.73457,0.1358,200,100,fcr,21,162,10,1,random
1612,OI,12,"2026-07-16 02:31:44",73.7,0.741527,4.57825,4.9091,0.7430303,-0.00165758,1.20862,-0.003335,0.12963,0.7716,0.09877,200,100,fcr,21,162,10,1,random
1613,OI,13,"2026-07-16 02:31:51",80.8,0.746873,4.66277,4.9091,0.75136363,-0.00654242,1.68813,-0.007662,0.09259,0.7963,0.11111,200,100,fcr,21,162,10,1,random
1614,OI,14,"2026-07-16 02:31:58",87.7,0.7516,4.74818,4.9091,0.76166666,-0.0126697,1.28615,-0.01471,0.0679,0.88272,0.04938,200,100,fcr,21,162,10,1,random
1615,OI,15,"2026-07-16 02:32:05",94.6,0.752618,4.77135,4.9091,0.75848485,-0.00904545,2.11699,-0.006701,0.03086,0.91975,0.04938,200,100,fcr,21,162,10,1,random
1616,OI,16,"2026-07-16 02:32:12",101.6,0.753533,4.78505,4.9091,0.76787879,-0.01953939,1.48762,-0.017919,0.04321,0.90741,0.04938,200,100,fcr,21,162,10,1,random
1617,OI,17,"2026-07-16 02:32:19",108.6,0.753224,4.78723,4.9091,0.75545455,-0.00051212,1.93028,-0.001518,0.05556,0.88889,0.05556,200,100,fcr,21,162,10,1,random
1618,OI,18,"2026-07-16 02:32:26",115.7,0.752606,4.78248,4.9091,0.75939394,-0.01102727,1.88088,-0.006909,0.04938,0.90123,0.04938,200,100,fcr,21,162,10,1,random
1619,OI,19,"2026-07-16 02:32:33",122.8,0.753421,4.78477,4.9091,0.76227273,-0.01321212,2.09671,-0.009838,0.06173,0.87037,0.0679,200,100,fcr,21,162,10,1,random
1620,OI,20,"2026-07-16 02:32:41",130.7,0.755506,4.82615,4.9091,0.76484848,-0.01381515,1.71045,-0.011747,0.00617,0.97531,0.01852,200,100,fcr,21,162,10,1,random
1621,IR,1,"2026-07-16 02:32:51",5.1,0.559297,2.57081,5.0606,0.62439393,-0.1116,0.38464,-0.12177,0.54491,0.16168,0.29341,200,100,fcr,21,167,10,1,random
1622,IR,2,"2026-07-16 02:32:56",9.8,0.568585,2.61962,4.9394,0.64257576,-0.12824545,0.39255,-0.13706,0.5092,0.20245,0.28834,200,100,fcr,21,163,10,1,random
1623,IR,3,"2026-07-16 02:33:00",14.6,0.580518,2.68378,4.8485,0.64272727,-0.10966364,0.416601,-0.116812,0.50625,0.2,0.29375,200,100,fcr,21,160,10,1,random
1624,IR,4,"2026-07-16 02:33:05",19.4,0.586912,2.72638,4.8182,0.64818182,-0.09976061,0.441824,-0.108889,0.48428,0.21384,0.30189,200,100,fcr,21,159,10,1,random
1625,IR,5,"2026-07-16 02:33:12",25.9,0.592315,2.75794,4.697,0.66924243,-0.12839091,0.434108,-0.133474,0.48387,0.23226,0.28387,200,100,fcr,21,155,10,1,random
1626,IR,6,"2026-07-16 02:33:17",31,0.600618,2.78048,4.6667,0.67015151,-0.11871818,0.495868,-0.122142,0.47403,0.23377,0.29221,200,100,fcr,21,154,10,1,random
1627,IR,7,"2026-07-16 02:33:23",37.7,0.60873,2.82861,4.6667,0.68136364,-0.11911818,0.4995,-0.125295,0.45455,0.26623,0.27922,200,100,fcr,21,154,10,1,random
1628,IR,8,"2026-07-16 02:33:30",44.3,0.618061,2.89288,4.6061,0.69848485,-0.13078485,0.52529,-0.136903,0.44737,0.23684,0.31579,200,100,fcr,21,152,10,1,random
1629,IR,9,"2026-07-16 02:33:37",51.1,0.624379,2.95325,4.6061,0.69727273,-0.11980606,0.48644,-0.121087,0.44737,0.23026,0.32237,200,100,fcr,21,152,10,1,random
1630,IR,10,"2026-07-16 02:33:44",58.4,0.630297,2.97704,4.6061,0.715,-0.14105151,0.492388,-0.138043,0.44079,0.25,0.30921,200,100,fcr,21,152,10,1,random
1631,IR,11,"2026-07-16 02:33:52",66.2,0.633779,3.01438,4.6061,0.71030304,-0.12163636,0.524082,-0.123162,0.42763,0.26316,0.30921,200,100,fcr,21,152,10,1,random
1632,IR,12,"2026-07-16 02:33:59",73.6,0.636664,3.05117,4.6061,0.70848485,-0.11552424,0.524475,-0.113991,0.42763,0.26316,0.30921,200,100,fcr,21,152,10,1,random
1633,IR,13,"2026-07-16 02:34:07",81.3,0.643388,3.08918,4.5455,0.72560606,-0.13299394,0.547688,-0.132471,0.40667,0.28,0.31333,200,100,fcr,21,150,10,1,random
1634,IR,14,"2026-07-16 02:34:14",88.2,0.645958,3.09702,4.5152,0.72500001,-0.12431515,0.547161,-0.123209,0.39597,0.28188,0.32215,200,100,fcr,21,149,10,1,random
1635,IR,15,"2026-07-16 02:34:21",95,0.650252,3.13142,4.5152,0.72772727,-0.12006667,0.542312,-0.121363,0.38926,0.28859,0.32215,200,100,fcr,21,149,10,1,random
1636,IR,16,"2026-07-16 02:34:28",101.9,0.653667,3.16818,4.4848,0.73075758,-0.12052121,0.54575,-0.119872,0.38514,0.2973,0.31757,200,100,fcr,21,148,10,1,random
1637,IR,17,"2026-07-16 02:34:34",108.7,0.654021,3.17162,4.4848,0.73106061,-0.11786061,0.568978,-0.117509,0.38514,0.29054,0.32432,200,100,fcr,21,148,10,1,random
1638,IR,18,"2026-07-16 02:34:41",115.6,0.656609,3.19002,4.4848,0.73681819,-0.12352121,0.568007,-0.123267,0.41216,0.25,0.33784,200,100,fcr,21,148,10,1,random
1639,IR,19,"2026-07-16 02:34:48",122.6,0.659958,3.21232,4.4848,0.73939394,-0.12426364,0.564878,-0.122057,0.38514,0.27027,0.34459,200,100,fcr,21,148,10,1,random
1640,IR,20,"2026-07-16 02:34:55",129.5,0.664336,3.24969,4.4848,0.73939394,-0.11820909,0.568363,-0.115387,0.37838,0.2973,0.32432,200,100,fcr,21,148,10,1,random
1641,AGR,1,"2026-07-16 02:35:04",7.9,0.570194,2.69399,5.0606,0.51939394,0.08321515,0.408866,0.077868,0.53293,0.17365,0.29341,200,100,fcr,21,167,10,1,random
1642,AGR,2,"2026-07-16 02:35:12",15.4,0.588167,2.84988,5.0606,0.53151515,0.08797879,0.433152,0.085643,0.50299,0.19162,0.30539,200,100,fcr,21,167,10,1,random
1643,AGR,3,"2026-07-16 02:35:19",22.8,0.605939,3.01646,4.9697,0.54590909,0.09412727,0.44456,0.088606,0.46341,0.23171,0.30488,200,100,fcr,21,164,10,1,random
1644,AGR,4,"2026-07-16 02:35:27",30.6,0.62027,3.16651,4.9394,0.5680303,0.07986667,0.481699,0.07631,0.40491,0.28221,0.31288,200,100,fcr,21,163,10,1,random
1645,AGR,5,"2026-07-16 02:35:37",40.4,0.635442,3.31295,4.9091,0.58287879,0.07679697,0.488063,0.073755,0.41358,0.25926,0.32716,200,100,fcr,21,162,10,1,random
1646,AGR,6,"2026-07-16 02:35:44",48.1,0.648085,3.46545,4.8788,0.59166667,0.08624242,0.520825,0.080112,0.38509,0.28571,0.32919,200,100,fcr,21,161,10,1,random
1647,AGR,7,"2026-07-16 02:35:54",57.6,0.660406,3.6172,4.8788,0.62530303,0.05337273,0.553454,0.046492,0.36646,0.31677,0.31677,200,100,fcr,21,161,10,1,random
1648,AGR,8,"2026-07-16 02:36:03",67.1,0.673194,3.78418,4.8788,0.62727273,0.07214848,0.624857,0.061373,0.34161,0.34783,0.31056,200,100,fcr,21,161,10,1,random
1649,AGR,9,"2026-07-16 02:36:13",76.7,0.684048,3.92325,4.8788,0.64075757,0.06318182,0.673327,0.05797,0.31677,0.38509,0.29814,200,100,fcr,21,161,10,1,random
1650,AGR,10,"2026-07-16 02:36:23",86.3,0.695909,4.05952,4.8485,0.64166667,0.0784303,0.729446,0.071671,0.26875,0.4375,0.29375,200,100,fcr,21,160,10,1,random
1651,AGR,11,"2026-07-16 02:36:33",96.1,0.704049,4.16649,4.8485,0.6489394,0.07792727,0.739644,0.07421,0.23125,0.5125,0.25625,200,100,fcr,21,160,10,1,random
1652,AGR,12,"2026-07-16 02:36:42",106,0.713967,4.28365,4.8485,0.65621213,0.08199394,0.787913,0.075948,0.1875,0.56875,0.24375,200,100,fcr,21,160,10,1,random
1653,AGR,13,"2026-07-16 02:36:52",115.7,0.720412,4.36889,4.8485,0.66060607,0.08618788,0.824617,0.080147,0.19375,0.575,0.23125,200,100,fcr,21,160,10,1,random
1654,AGR,14,"2026-07-16 02:37:02",125.6,0.726803,4.43307,4.8485,0.6680303,0.08351818,0.877897,0.078101,0.15,0.675,0.175,200,100,fcr,21,160,10,1,random
1655,AGR,15,"2026-07-16 02:37:12",135.4,0.732076,4.49767,4.8485,0.68136364,0.06968788,0.97976,0.067074,0.1375,0.725,0.1375,200,100,fcr,21,160,10,1,random
1656,AGR,16,"2026-07-16 02:37:22",145.3,0.737227,4.5563,4.8485,0.68166667,0.07858788,1.16683,0.073254,0.10625,0.7625,0.13125,200,100,fcr,21,160,10,1,random
1657,AGR,17,"2026-07-16 02:37:32",155.2,0.740933,4.61439,4.8485,0.69212121,0.06877576,1.10917,0.0646,0.0875,0.83125,0.08125,200,100,fcr,21,160,10,1,random
1658,AGR,18,"2026-07-16 02:37:41",165.1,0.745048,4.66762,4.8485,0.69257576,0.07519697,1.37659,0.06919,0.0625,0.875,0.0625,200,100,fcr,21,160,10,1,random
1659,AGR,19,"2026-07-16 02:37:52",175.2,0.746552,4.68144,4.8485,0.68409091,0.08947273,1.34405,0.083705,0.0625,0.875,0.0625,200,100,fcr,21,160,10,1,random
1660,AGR,20,"2026-07-16 02:38:01",185,0.749433,4.71574,4.8485,0.68045454,0.09775758,1.48802,0.09127,0.04375,0.9125,0.04375,200,100,fcr,21,160,10,1,random
1661,RANDOM,1,"2026-07-16 02:38:12",5,0.549173,2.52584,5.0606,0.54136363,0.01395758,0.370139,0.019155,0.55689,0.13772,0.30539,200,100,fcr,21,167,10,1,random
1662,RANDOM,2,"2026-07-16 02:38:16",9.5,0.550042,2.52155,4.9697,0.55257575,-0.00203333,0.342217,-0.002686,0.57317,0.13415,0.29268,200,100,fcr,21,164,10,1,random
1663,RANDOM,3,"2026-07-16 02:38:21",14,0.549982,2.51782,4.8788,0.54848485,0.00092121,0.373472,0.005564,0.5528,0.14907,0.29814,200,100,fcr,21,161,10,1,random
1664,RANDOM,4,"2026-07-16 02:38:25",18.5,0.550967,2.52389,4.8485,0.55257576,-0.00044848,0.370436,-0.001313,0.575,0.13125,0.29375,200,100,fcr,21,160,10,1,random
1665,RANDOM,5,"2026-07-16 02:38:32",24.9,0.554706,2.53908,4.8182,0.56469697,-0.01967273,0.391414,-0.020344,0.56604,0.14465,0.28931,200,100,fcr,21,159,10,1,random
1666,RANDOM,6,"2026-07-16 02:38:36",29.5,0.554912,2.52835,4.7576,0.55242424,0.00259091,0.391727,0.006848,0.56051,0.15924,0.28025,200,100,fcr,21,157,10,1,random
1667,RANDOM,7,"2026-07-16 02:38:43",35.9,0.556655,2.53382,4.6667,0.55363636,0.00808485,0.418616,0.005814,0.53896,0.16883,0.29221,200,100,fcr,21,154,10,1,random
1668,RANDOM,8,"2026-07-16 02:38:49",42.3,0.558073,2.5534,4.6061,0.54848485,0.01611212,0.410233,0.01844,0.53947,0.17763,0.28289,200,100,fcr,21,152,10,1,random
1669,RANDOM,9,"2026-07-16 02:38:56",48.9,0.560964,2.56973,4.5455,0.56484848,-0.00636061,0.444093,-0.007136,0.52667,0.18667,0.28667,200,100,fcr,21,150,10,1,random
1670,RANDOM,10,"2026-07-16 02:39:02",55.5,0.562421,2.58407,4.5455,0.56863637,-0.01087879,0.44616,-0.010228,0.53333,0.15333,0.31333,200,100,fcr,21,150,10,1,random
1671,RANDOM,11,"2026-07-16 02:39:09",62.2,0.563758,2.58813,4.5455,0.57257576,-0.02044545,0.399212,-0.014349,0.56667,0.12667,0.30667,200,100,fcr,21,150,10,1,random
1672,RANDOM,12,"2026-07-16 02:39:15",68.8,0.55873,2.56818,4.5152,0.555,0.00571818,0.410176,0.013821,0.55034,0.14765,0.30201,200,100,fcr,21,149,10,1,random
1673,RANDOM,13,"2026-07-16 02:39:22",75.4,0.562306,2.60159,4.4848,0.57287878,-0.0197,0.433761,-0.019955,0.50676,0.18243,0.31081,200,100,fcr,21,148,10,1,random
1674,RANDOM,14,"2026-07-16 02:39:29",82,0.562127,2.60588,4.4242,0.55439394,0.0127,0.408188,0.015838,0.50685,0.18493,0.30822,200,100,fcr,21,146,10,1,random
1675,RANDOM,15,"2026-07-16 02:39:35",88.6,0.567336,2.63617,4.3636,0.56984848,-0.00057576,0.422322,-0.007573,0.50694,0.20139,0.29167,200,100,fcr,21,144,10,1,random
1676,RANDOM,16,"2026-07-16 02:39:42",95.3,0.565082,2.61509,4.3636,0.56893939,-0.00158485,0.459693,-0.003121,0.51389,0.17361,0.3125,200,100,fcr,21,144,10,1,random
1677,RANDOM,17,"2026-07-16 02:39:49",101.9,0.564482,2.60843,4.3333,0.56060606,0.00325758,0.415155,0.008735,0.4965,0.2028,0.3007,200,100,fcr,21,143,10,1,random
1678,RANDOM,18,"2026-07-16 02:39:55",108.4,0.560452,2.59854,4.303,0.56166667,-0.00059697,0.427455,0.00269,0.51408,0.19718,0.28873,200,100,fcr,21,142,10,1,random
1679,RANDOM,19,"2026-07-16 02:40:02",115.3,0.556961,2.57395,4.303,0.56045455,-0.00905455,0.465645,-0.001115,0.51408,0.1831,0.30282,200,100,fcr,21,142,10,1,random
1680,RANDOM,20,"2026-07-16 02:40:10",123.3,0.555333,2.5693,4.303,0.55287879,0.00603939,0.431992,0.007872,0.51408,0.16901,0.3169,200,100,fcr,21,142,10,1,random
1681,OI,1,"2026-07-16 02:40:27",5.5,0.584512,2.7739,4.8485,0.59742424,-0.02121212,0.468183,-0.044932,0.49375,0.21875,0.2875,200,100,fcr,22,160,10,1,random
1682,OI,2,"2026-07-16 02:40:32",10.5,0.612058,2.99916,4.8182,0.60909091,0.00424545,0.52179,-0.014817,0.45283,0.25786,0.28931,200,100,fcr,22,159,10,1,random
1683,OI,3,"2026-07-16 02:40:37",15.5,0.636379,3.20319,4.7879,0.6319697,0.00568485,0.590065,-0.008576,0.40506,0.3038,0.29114,200,100,fcr,22,158,10,1,random
1684,OI,4,"2026-07-16 02:40:42",20.4,0.658548,3.40941,4.7879,0.66484849,-0.01033636,0.636443,-0.02352,0.36076,0.3481,0.29114,200,100,fcr,22,158,10,1,random
1685,OI,5,"2026-07-16 02:40:48",27.1,0.67717,3.62227,4.7879,0.67954546,-0.00337273,0.686542,-0.014878,0.31013,0.41772,0.27215,200,100,fcr,22,158,10,1,random
1686,OI,6,"2026-07-16 02:40:53",32.2,0.690991,3.79318,4.7879,0.68787879,0.00647273,0.723288,-0.003078,0.26582,0.46835,0.26582,200,100,fcr,22,158,10,1,random
1687,OI,7,"2026-07-16 02:41:00",38.9,0.704591,3.95852,4.7879,0.70909092,-0.00693333,0.790834,-0.013374,0.24051,0.50633,0.25316,200,100,fcr,22,158,10,1,random
1688,OI,8,"2026-07-16 02:41:07",45.5,0.715855,4.0957,4.7879,0.71848485,-0.00202121,0.858478,-0.009642,0.21519,0.56329,0.22152,200,100,fcr,22,158,10,1,random
1689,OI,9,"2026-07-16 02:41:14",52.4,0.725588,4.22159,4.7879,0.725,-0.00059394,0.936841,-0.003812,0.17089,0.60127,0.22785,200,100,fcr,22,158,10,1,random
1690,OI,10,"2026-07-16 02:41:20",59.3,0.73457,4.34408,4.7879,0.73212121,0.00364848,0.894559,-0.000678,0.14557,0.71519,0.13924,200,100,fcr,22,158,10,1,random
1691,OI,11,"2026-07-16 02:41:27",66.2,0.741185,4.44048,4.7879,0.74318182,-0.00382121,1.13578,-0.005021,0.12658,0.76582,0.10759,200,100,fcr,22,158,10,1,random
1692,OI,12,"2026-07-16 02:41:34",73.2,0.745697,4.51433,4.7879,0.74712121,-0.00106061,1.33634,-0.003094,0.10759,0.77848,0.11392,200,100,fcr,22,158,10,1,random
1693,OI,13,"2026-07-16 02:41:41",80.2,0.750064,4.59575,4.7879,0.75590909,-0.00931515,1.32604,-0.008813,0.07595,0.85443,0.06962,200,100,fcr,22,158,10,1,random
1694,OI,14,"2026-07-16 02:41:48",87.1,0.753245,4.63868,4.7879,0.75166667,0.00388788,1.589,0.002045,0.03797,0.91772,0.0443,200,100,fcr,22,158,10,1,random
1695,OI,15,"2026-07-16 02:41:55",94,0.754148,4.65447,4.7879,0.7530303,0.00212424,1.8453,0.002642,0.06329,0.89241,0.0443,200,100,fcr,22,158,10,1,random
1696,OI,16,"2026-07-16 02:42:02",101,0.755564,4.66335,4.7879,0.76348484,-0.01241515,2.66279,-0.009646,0.05063,0.89873,0.05063,200,100,fcr,22,158,10,1,random
1697,OI,17,"2026-07-16 02:42:09",108,0.755324,4.67077,4.7879,0.75893939,-0.00247879,1.96869,-0.003226,0.03797,0.93038,0.03165,200,100,fcr,22,158,10,1,random
1698,OI,18,"2026-07-16 02:42:16",115,0.755409,4.66957,4.7879,0.76545455,-0.01362121,2.3569,-0.011711,0.03165,0.89873,0.06962,200,100,fcr,22,158,10,1,random
1699,OI,19,"2026-07-16 02:42:23",122,0.756552,4.69538,4.7879,0.7560606,0.00108788,1.47423,0.001698,0.03165,0.93671,0.03165,200,100,fcr,22,158,10,1,random
1700,OI,20,"2026-07-16 02:42:30",129,0.757206,4.70317,4.7879,0.77060606,-0.01737273,2.07305,-0.016803,0.02532,0.94304,0.03165,200,100,fcr,22,158,10,1,random
1701,IR,1,"2026-07-16 02:42:37",5.3,0.560636,2.59619,4.8788,0.63181818,-0.1287303,0.405895,-0.131898,0.54037,0.1677,0.29193,200,100,fcr,22,161,10,1,random
1702,IR,2,"2026-07-16 02:42:42",10.3,0.567364,2.64408,4.8182,0.64439394,-0.13232121,0.40924,-0.140096,0.52201,0.16981,0.30818,200,100,fcr,22,159,10,1,random
1703,IR,3,"2026-07-16 02:42:46",15.2,0.576382,2.69504,4.7576,0.64318182,-0.10727273,0.399608,-0.123389,0.51592,0.17197,0.3121,200,100,fcr,22,157,10,1,random
1704,IR,4,"2026-07-16 02:42:51",20.1,0.584791,2.73894,4.7273,0.65727273,-0.12372727,0.415442,-0.130549,0.51923,0.16667,0.3141,200,100,fcr,22,156,10,1,random
1705,IR,5,"2026-07-16 02:42:58",26.8,0.592379,2.78252,4.6364,0.66227273,-0.11644242,0.426131,-0.123904,0.52288,0.1634,0.31373,200,100,fcr,22,153,10,1,random
1706,IR,6,"2026-07-16 02:43:03",31.9,0.601476,2.84277,4.6061,0.67742424,-0.12911515,0.460865,-0.133216,0.51316,0.17105,0.31579,200,100,fcr,22,152,10,1,random
1707,IR,7,"2026-07-16 02:43:10",38.7,0.608797,2.87379,4.5758,0.67787879,-0.11391212,0.472289,-0.118687,0.50331,0.18543,0.31126,200,100,fcr,22,151,10,1,random
1708,IR,8,"2026-07-16 02:43:17",45.3,0.61033,2.88393,4.5758,0.68151515,-0.11578182,0.493618,-0.116694,0.49007,0.17219,0.33775,200,100,fcr,22,151,10,1,random
1709,IR,9,"2026-07-16 02:43:24",52.3,0.619476,2.93902,4.5455,0.69515151,-0.12319091,0.460909,-0.128781,0.48,0.18667,0.33333,200,100,fcr,22,150,10,1,random
1710,IR,10,"2026-07-16 02:43:31",59.3,0.625879,2.97363,4.5455,0.70287879,-0.12919394,0.481171,-0.127581,0.46,0.21333,0.32667,200,100,fcr,22,150,10,1,random
1711,IR,11,"2026-07-16 02:43:38",66.4,0.632279,3.01296,4.5152,0.71560606,-0.13787273,0.502705,-0.136456,0.4698,0.20805,0.32215,200,100,fcr,22,149,10,1,random
1712,IR,12,"2026-07-16 02:43:45",73.3,0.6393,3.06586,4.4545,0.71333333,-0.11849697,0.554857,-0.120479,0.44218,0.2517,0.30612,200,100,fcr,22,147,10,1,random
1713,IR,13,"2026-07-16 02:43:51",80.2,0.645024,3.12059,4.4242,0.72348485,-0.12611212,0.59926,-0.125375,0.43836,0.23973,0.32192,200,100,fcr,22,146,10,1,random
1714,IR,14,"2026-07-16 02:43:59",87.3,0.649491,3.16909,4.4242,0.73136364,-0.12703333,0.592061,-0.128389,0.43151,0.24658,0.32192,200,100,fcr,22,146,10,1,random
1715,IR,15,"2026-07-16 02:44:06",94.2,0.651503,3.19143,4.4242,0.72666666,-0.11950303,0.599345,-0.11592,0.41781,0.26712,0.31507,200,100,fcr,22,146,10,1,random
1716,IR,16,"2026-07-16 02:44:13",101.4,0.655276,3.22015,4.4242,0.73166667,-0.12472424,0.618612,-0.118456,0.41781,0.23288,0.34932,200,100,fcr,22,146,10,1,random
1717,IR,17,"2026-07-16 02:44:20",108.4,0.656409,3.2189,4.4242,0.72984849,-0.11597879,0.526871,-0.111779,0.41096,0.23973,0.34932,200,100,fcr,22,146,10,1,random
1718,IR,18,"2026-07-16 02:44:27",115.6,0.660694,3.239,4.3939,0.72893939,-0.10661515,0.537587,-0.105811,0.4,0.26897,0.33103,200,100,fcr,22,145,10,1,random
1719,IR,19,"2026-07-16 02:44:34",122.8,0.663518,3.26578,4.3939,0.73666667,-0.11477576,0.601307,-0.111589,0.4,0.26897,0.33103,200,100,fcr,22,145,10,1,random
1720,IR,20,"2026-07-16 02:44:41",130,0.665239,3.26255,4.3636,0.74030303,-0.11557879,0.598494,-0.113147,0.40972,0.27083,0.31944,200,100,fcr,22,144,10,1,random
1721,AGR,1,"2026-07-16 02:44:50",8,0.575042,2.70655,4.7879,0.53196969,0.07184545,0.436744,0.06073,0.49367,0.21519,0.29114,200,100,fcr,22,158,10,1,random
1722,AGR,2,"2026-07-16 02:44:58",15.4,0.596185,2.87373,4.7576,0.56409091,0.05565455,0.47439,0.039116,0.49045,0.21656,0.29299,200,100,fcr,22,157,10,1,random
1723,AGR,3,"2026-07-16 02:45:06",23.5,0.612385,3.04005,4.697,0.56878788,0.06668182,0.523499,0.061969,0.43226,0.25806,0.30968,200,100,fcr,22,155,10,1,random
1724,AGR,4,"2026-07-16 02:45:14",31.1,0.630379,3.22371,4.6667,0.58681818,0.06683636,0.537745,0.058668,0.3961,0.30519,0.2987,200,100,fcr,22,154,10,1,random
1725,AGR,5,"2026-07-16 02:45:23",40.4,0.645518,3.36995,4.6667,0.59378788,0.07779697,0.582238,0.07182,0.37013,0.34416,0.28571,200,100,fcr,22,154,10,1,random
1726,AGR,6,"2026-07-16 02:45:31",48.4,0.655879,3.51811,4.6667,0.60348485,0.08070909,0.627392,0.074432,0.36364,0.35065,0.28571,200,100,fcr,22,154,10,1,random
1727,AGR,7,"2026-07-16 02:45:41",58.1,0.666882,3.65241,4.6667,0.61636363,0.07229697,0.674729,0.069936,0.35714,0.35714,0.28571,200,100,fcr,22,154,10,1,random
1728,AGR,8,"2026-07-16 02:45:50",67.7,0.677418,3.78934,4.6667,0.63090909,0.06803333,0.738895,0.06308,0.30519,0.44805,0.24675,200,100,fcr,22,154,10,1,random
1729,AGR,9,"2026-07-16 02:46:00",77.4,0.689321,3.91647,4.6667,0.63651515,0.0787,0.824913,0.070266,0.26623,0.50649,0.22727,200,100,fcr,22,154,10,1,random
1730,AGR,10,"2026-07-16 02:46:10",87.2,0.699652,4.01326,4.6667,0.64848485,0.07098182,0.890828,0.067915,0.24675,0.55844,0.19481,200,100,fcr,22,154,10,1,random
1731,AGR,11,"2026-07-16 02:46:19",96.8,0.707164,4.11425,4.6667,0.65409091,0.07456667,0.984444,0.071601,0.21429,0.6039,0.18182,200,100,fcr,22,154,10,1,random
1732,AGR,12,"2026-07-16 02:46:29",106.5,0.714824,4.21139,4.6667,0.66333333,0.0732697,1.04974,0.068796,0.16234,0.66883,0.16883,200,100,fcr,22,154,10,1,random
1733,AGR,13,"2026-07-16 02:46:39",116.3,0.72253,4.29759,4.6667,0.67681818,0.06517879,0.99533,0.059733,0.15584,0.71429,0.12987,200,100,fcr,22,154,10,1,random
1734,AGR,14,"2026-07-16 02:46:48",126,0.727876,4.35876,4.6667,0.67712121,0.07092424,1.18221,0.067239,0.14935,0.74026,0.11039,200,100,fcr,22,154,10,1,random
1735,AGR,15,"2026-07-16 02:46:58",135.9,0.733667,4.42893,4.6667,0.6830303,0.06938182,1.35328,0.06655,0.11039,0.81169,0.07792,200,100,fcr,22,154,10,1,random
1736,AGR,16,"2026-07-16 02:47:08",145.8,0.737527,4.46736,4.6667,0.67787879,0.08720303,1.40316,0.079542,0.08442,0.85065,0.06494,200,100,fcr,22,154,10,1,random
1737,AGR,17,"2026-07-16 02:47:18",155.7,0.741342,4.50181,4.6667,0.68484848,0.07918182,1.38837,0.074755,0.06494,0.87662,0.05844,200,100,fcr,22,154,10,1,random
1738,AGR,18,"2026-07-16 02:47:28",165.6,0.745318,4.54101,4.6667,0.67757576,0.09765758,1.38978,0.089598,0.05844,0.90909,0.03247,200,100,fcr,22,154,10,1,random
1739,AGR,19,"2026-07-16 02:47:38",175.5,0.747218,4.55153,4.6667,0.68636363,0.08656364,2.08423,0.081083,0.05195,0.91558,0.03247,200,100,fcr,22,154,10,1,random
1740,AGR,20,"2026-07-16 02:47:48",185.6,0.7493,4.5761,4.6667,0.70090909,0.06750909,2.01484,0.064117,0.03896,0.94805,0.01299,200,100,fcr,22,154,10,1,random
1741,RANDOM,1,"2026-07-16 02:47:58",5.1,0.553761,2.56026,4.9091,0.56772727,-0.02584242,0.393826,-0.022283,0.54938,0.16049,0.29012,200,100,fcr,22,162,10,1,random
1742,RANDOM,2,"2026-07-16 02:48:02",9.7,0.554261,2.55811,4.8182,0.55939394,-0.00487576,0.385006,-0.007017,0.53459,0.18239,0.28302,200,100,fcr,22,159,10,1,random
1743,RANDOM,3,"2026-07-16 02:48:07",14.3,0.552803,2.54208,4.7273,0.55242424,-0.00064545,0.400174,0.004736,0.54487,0.16667,0.28846,200,100,fcr,22,156,10,1,random
1744,RANDOM,4,"2026-07-16 02:48:12",18.9,0.551588,2.53905,4.6667,0.55742424,-0.00958788,0.408015,-0.007161,0.53247,0.18831,0.27922,200,100,fcr,22,154,10,1,random
1745,RANDOM,5,"2026-07-16 02:48:18",25.4,0.551915,2.53275,4.6364,0.55681818,-0.01040606,0.421778,-0.005949,0.53595,0.17647,0.28758,200,100,fcr,22,153,10,1,random
1746,RANDOM,6,"2026-07-16 02:48:23",30,0.553776,2.53517,4.6061,0.55954545,-0.01315152,0.410178,-0.009872,0.51974,0.19079,0.28947,200,100,fcr,22,152,10,1,random
1747,RANDOM,7,"2026-07-16 02:48:29",36.4,0.555233,2.53572,4.6061,0.55469697,-0.00155455,0.40814,0.001602,0.50658,0.20395,0.28947,200,100,fcr,22,152,10,1,random
1748,RANDOM,8,"2026-07-16 02:48:36",42.8,0.558224,2.53502,4.5758,0.56651515,-0.01567273,0.41137,-0.015014,0.50331,0.2053,0.29139,200,100,fcr,22,151,10,1,random
1749,RANDOM,9,"2026-07-16 02:48:42",49.4,0.562412,2.57055,4.5455,0.565,-0.0055303,0.418976,-0.005196,0.5,0.22667,0.27333,200,100,fcr,22,150,10,1,random
1750,RANDOM,10,"2026-07-16 02:48:49",56,0.561376,2.56718,4.4848,0.55984848,0.0008303,0.448548,0.00567,0.48649,0.24324,0.27027,200,100,fcr,22,148,10,1,random
1751,RANDOM,11,"2026-07-16 02:48:55",62.5,0.561309,2.56503,4.4848,0.57378788,-0.02311818,0.4649,-0.020823,0.50676,0.22973,0.26351,200,100,fcr,22,148,10,1,random
1752,RANDOM,12,"2026-07-16 02:49:02",69.1,0.559879,2.55401,4.4545,0.565,-0.00751515,0.473051,-0.005597,0.4966,0.2381,0.26531,200,100,fcr,22,147,10,1,random
1753,RANDOM,13,"2026-07-16 02:49:08",75.7,0.558149,2.53993,4.4242,0.55848485,0.00029697,0.471245,0.003487,0.4863,0.23973,0.27397,200,100,fcr,22,146,10,1,random
1754,RANDOM,14,"2026-07-16 02:49:15",82.2,0.560994,2.55939,4.3636,0.55787879,0.00576667,0.460072,0.005241,0.47917,0.25,0.27083,200,100,fcr,22,144,10,1,random
1755,RANDOM,15,"2026-07-16 02:49:21",88.7,0.557739,2.53643,4.3333,0.55984849,-0.00610303,0.46804,0.001692,0.5035,0.22378,0.27273,200,100,fcr,22,143,10,1,random
1756,RANDOM,16,"2026-07-16 02:49:28",95.5,0.55603,2.52813,4.303,0.54984849,0.01150303,0.47493,0.01514,0.48592,0.23944,0.27465,200,100,fcr,22,142,10,1,random
1757,RANDOM,17,"2026-07-16 02:49:35",102.2,0.554476,2.52876,4.2424,0.55560606,-0.00393939,0.467745,0.001599,0.50714,0.21429,0.27857,200,100,fcr,22,140,10,1,random
1758,RANDOM,18,"2026-07-16 02:49:42",108.9,0.554106,2.51742,4.2424,0.56575757,-0.01987273,0.477998,-0.017893,0.51429,0.20714,0.27857,200,100,fcr,22,140,10,1,random
1759,RANDOM,19,"2026-07-16 02:49:48",115.5,0.549752,2.50784,4.1818,0.54515151,0.01276875,0.474372,0.014605,0.53623,0.17391,0.28986,200,100,fcr,22,138,10,1,random
1760,RANDOM,20,"2026-07-16 02:49:55",122.2,0.550533,2.51053,4.1818,0.55060607,-0.0043875,0.503613,0.001574,0.51449,0.19565,0.28986,200,100,fcr,22,138,10,1,random
1761,OI,1,"2026-07-16 02:50:16",5.4,0.586461,2.76631,5,0.59575757,-0.01391515,0.468703,-0.037703,0.50303,0.20606,0.29091,200,100,fcr,23,165,10,1,random
1762,OI,2,"2026-07-16 02:50:21",10.6,0.611445,2.96207,4.9697,0.60212121,0.0190697,0.489127,-0.001885,0.47561,0.21341,0.31098,200,100,fcr,23,164,10,1,random
1763,OI,3,"2026-07-16 02:50:26",15.6,0.634452,3.14914,4.9091,0.64075758,-0.01121212,0.531722,-0.024823,0.40123,0.30247,0.2963,200,100,fcr,23,162,10,1,random
1764,OI,4,"2026-07-16 02:50:31",20.7,0.654118,3.33539,4.9091,0.66015152,-0.00848485,0.584231,-0.021802,0.38889,0.32099,0.29012,200,100,fcr,23,162,10,1,random
1765,OI,5,"2026-07-16 02:50:38",27.5,0.674021,3.539,4.8788,0.67181818,0.0047,0.657407,-0.008473,0.34783,0.3913,0.26087,200,100,fcr,23,161,10,1,random
1766,OI,6,"2026-07-16 02:50:43",32.6,0.688473,3.72501,4.8788,0.69060606,-0.00327879,0.772121,-0.011399,0.31677,0.42236,0.26087,200,100,fcr,23,161,10,1,random
1767,OI,7,"2026-07-16 02:50:50",39.4,0.703327,3.89759,4.8788,0.69893939,0.00559394,0.821994,-0.002232,0.28571,0.47826,0.23602,200,100,fcr,23,161,10,1,random
1768,OI,8,"2026-07-16 02:50:57",46.1,0.716036,4.07014,4.8788,0.71787879,-0.0040303,0.935191,-0.009326,0.26708,0.49068,0.24224,200,100,fcr,23,161,10,1,random
1769,OI,9,"2026-07-16 02:51:04",53.1,0.726249,4.20525,4.8485,0.72363636,0.0026697,0.956555,-0.001556,0.225,0.61875,0.15625,200,100,fcr,23,160,10,1,random
1770,OI,10,"2026-07-16 02:51:11",60,0.736636,4.3649,4.8485,0.72878788,0.00869697,1.27947,0.005499,0.1875,0.6625,0.15,200,100,fcr,23,160,10,1,random
1771,OI,11,"2026-07-16 02:51:18",66.9,0.743203,4.51682,4.8485,0.7419697,0.00325758,1.35203,-0.001016,0.125,0.75625,0.11875,200,100,fcr,23,160,10,1,random
1772,OI,12,"2026-07-16 02:51:25",73.9,0.747685,4.61592,4.8485,0.75196969,-0.00600909,1.36605,-0.006806,0.1,0.83125,0.06875,200,100,fcr,23,160,10,1,random
1773,OI,13,"2026-07-16 02:51:32",80.8,0.748961,4.66608,4.8485,0.75106061,-0.00288182,1.92335,-0.001826,0.06875,0.86875,0.0625,200,100,fcr,23,160,10,1,random
1774,OI,14,"2026-07-16 02:51:38",87.6,0.750885,4.6897,4.8485,0.74833333,0.00530909,1.87542,0.004491,0.06875,0.85625,0.075,200,100,fcr,23,160,10,1,random
1775,OI,15,"2026-07-16 02:51:45",94.5,0.752442,4.73118,4.8485,0.76015152,-0.01033939,1.69123,-0.009252,0.05,0.91875,0.03125,200,100,fcr,23,160,10,1,random
1776,OI,16,"2026-07-16 02:51:52",101.6,0.752579,4.72812,4.8485,0.76636364,-0.01898182,2.51396,-0.016893,0.0625,0.86875,0.06875,200,100,fcr,23,160,10,1,random
1777,OI,17,"2026-07-16 02:51:59",108.6,0.753906,4.7686,4.8485,0.75575757,-0.00317273,2.33512,-0.001651,0.0125,0.96875,0.01875,200,100,fcr,23,160,10,1,random
1778,OI,18,"2026-07-16 02:52:07",115.7,0.752873,4.74612,4.8485,0.755,-0.00293939,1.80508,-0.001078,0.025,0.91875,0.05625,200,100,fcr,23,160,10,1,random
1779,OI,19,"2026-07-16 02:52:14",122.8,0.753342,4.74967,4.8485,0.75075757,0.0034,1.44018,0.004873,0.03125,0.9375,0.03125,200,100,fcr,23,160,10,1,random
1780,OI,20,"2026-07-16 02:52:21",129.9,0.754285,4.75498,4.8485,0.76151515,-0.01023636,2.33572,-0.008628,0.0375,0.925,0.0375,200,100,fcr,23,160,10,1,random
1781,IR,1,"2026-07-16 02:52:27",5.5,0.568288,2.62354,4.9091,0.64560606,-0.13539697,0.414201,-0.14454,0.53704,0.17284,0.29012,200,100,fcr,23,162,10,1,random
1782,IR,2,"2026-07-16 02:52:32",10.6,0.5736,2.64626,4.9091,0.6469697,-0.12593939,0.41392,-0.130783,0.51235,0.19136,0.2963,200,100,fcr,23,162,10,1,random
1783,IR,3,"2026-07-16 02:52:37",15.7,0.5805,2.68111,4.8485,0.65924243,-0.13204849,0.407826,-0.14098,0.51875,0.16875,0.3125,200,100,fcr,23,160,10,1,random
1784,IR,4,"2026-07-16 02:52:42",20.8,0.586845,2.71851,4.7879,0.65848484,-0.11925455,0.394998,-0.126772,0.51266,0.1962,0.29114,200,100,fcr,23,158,10,1,random
1785,IR,5,"2026-07-16 02:52:49",27.8,0.591555,2.75428,4.7879,0.6610606,-0.11611212,0.467635,-0.120181,0.49367,0.20253,0.3038,200,100,fcr,23,158,10,1,random
1786,IR,6,"2026-07-16 02:52:54",32.9,0.596682,2.79422,4.7576,0.66621213,-0.11832424,0.437145,-0.119729,0.47134,0.23567,0.29299,200,100,fcr,23,157,10,1,random
1787,IR,7,"2026-07-16 02:53:01",39.6,0.604827,2.83923,4.697,0.67242424,-0.11048788,0.468761,-0.117831,0.46452,0.25161,0.28387,200,100,fcr,23,155,10,1,random
1788,IR,8,"2026-07-16 02:53:08",46.5,0.611976,2.89178,4.6364,0.68257576,-0.11587576,0.515947,-0.120517,0.45098,0.26797,0.28105,200,100,fcr,23,153,10,1,random
1789,IR,9,"2026-07-16 02:53:15",53.4,0.615988,2.92343,4.6364,0.69242424,-0.12577576,0.544111,-0.125933,0.44444,0.26797,0.28758,200,100,fcr,23,153,10,1,random
1790,IR,10,"2026-07-16 02:53:22",60.4,0.620536,2.95034,4.6364,0.70333333,-0.13425455,0.528018,-0.136378,0.44444,0.2549,0.30065,200,100,fcr,23,153,10,1,random
1791,IR,11,"2026-07-16 02:53:29",67.3,0.625221,2.97647,4.6364,0.69833333,-0.11768788,0.506898,-0.12015,0.44444,0.2549,0.30065,200,100,fcr,23,153,10,1,random
1792,IR,12,"2026-07-16 02:53:36",74.3,0.6299,2.9982,4.5758,0.71060606,-0.12693333,0.526389,-0.130661,0.45695,0.21192,0.33113,200,100,fcr,23,151,10,1,random
1793,IR,13,"2026-07-16 02:53:43",81.4,0.634679,3.02727,4.5758,0.7119697,-0.12169394,0.490156,-0.124972,0.42384,0.25828,0.31788,200,100,fcr,23,151,10,1,random
1794,IR,14,"2026-07-16 02:53:50",88.5,0.640036,3.06092,4.5455,0.72287878,-0.13140606,0.51545,-0.133074,0.40667,0.28667,0.30667,200,100,fcr,23,150,10,1,random
1795,IR,15,"2026-07-16 02:53:57",95.5,0.64363,3.08365,4.5152,0.72075757,-0.12101212,0.534967,-0.121718,0.41611,0.26846,0.31544,200,100,fcr,23,149,10,1,random
1796,IR,16,"2026-07-16 02:54:04",102.6,0.648179,3.10615,4.4848,0.7280303,-0.12312727,0.544322,-0.125705,0.40541,0.29054,0.30405,200,100,fcr,23,148,10,1,random
1797,IR,17,"2026-07-16 02:54:11",109.7,0.653152,3.13292,4.4545,0.73075757,-0.12026061,0.587239,-0.122014,0.38776,0.30612,0.30612,200,100,fcr,23,147,10,1,random
1798,IR,18,"2026-07-16 02:54:19",117,0.654524,3.13635,4.4545,0.72848485,-0.11594546,0.585697,-0.113228,0.39456,0.30612,0.29932,200,100,fcr,23,147,10,1,random
1799,IR,19,"2026-07-16 02:54:26",124.1,0.657285,3.16573,4.4545,0.73530303,-0.12248485,0.60108,-0.120171,0.37415,0.31293,0.31293,200,100,fcr,23,147,10,1,random
1800,IR,20,"2026-07-16 02:54:33",131.3,0.660961,3.19732,4.4545,0.73742424,-0.11922121,0.571317,-0.117619,0.36735,0.31293,0.31973,200,100,fcr,23,147,10,1,random
1801,AGR,1,"2026-07-16 02:54:42",8.1,0.578448,2.71165,4.9697,0.5389394,0.06650606,0.440783,0.054048,0.5061,0.21341,0.28049,200,100,fcr,23,164,10,1,random
1802,AGR,2,"2026-07-16 02:54:50",15.8,0.599188,2.89029,4.9394,0.55954545,0.06676667,0.466893,0.052863,0.46626,0.23926,0.29448,200,100,fcr,23,163,10,1,random
1803,AGR,3,"2026-07-16 02:54:58",23.8,0.615585,3.05048,4.9091,0.56651515,0.07677273,0.479762,0.069536,0.45062,0.23457,0.31481,200,100,fcr,23,162,10,1,random
1804,AGR,4,"2026-07-16 02:55:06",31.7,0.62883,3.21058,4.9091,0.57833334,0.07662424,0.484925,0.072899,0.4321,0.24691,0.32099,200,100,fcr,23,162,10,1,random
1805,AGR,5,"2026-07-16 02:55:15",41.2,0.641294,3.33981,4.9091,0.5869697,0.07995455,0.508897,0.077536,0.42593,0.24074,0.33333,200,100,fcr,23,162,10,1,random
1806,AGR,6,"2026-07-16 02:55:23",49.1,0.654961,3.49336,4.9091,0.60712121,0.07230303,0.529626,0.065221,0.39506,0.27778,0.32716,200,100,fcr,23,162,10,1,random
1807,AGR,7,"2026-07-16 02:55:33",59.3,0.66933,3.64715,4.8788,0.62045455,0.07375758,0.586904,0.064892,0.35404,0.32919,0.31677,200,100,fcr,23,161,10,1,random
1808,AGR,8,"2026-07-16 02:55:44",70.1,0.680885,3.77849,4.8788,0.62515151,0.08658182,0.628958,0.075819,0.34161,0.34783,0.31056,200,100,fcr,23,161,10,1,random
1809,AGR,9,"2026-07-16 02:55:55",80.7,0.691797,3.88645,4.8788,0.63272727,0.08906667,0.671766,0.079801,0.32298,0.37888,0.29814,200,100,fcr,23,161,10,1,random
1810,AGR,10,"2026-07-16 02:56:05",90.6,0.699552,3.99876,4.8788,0.64181818,0.08334242,0.72389,0.079103,0.31677,0.40373,0.2795,200,100,fcr,23,161,10,1,random
1811,AGR,11,"2026-07-16 02:56:15",100.9,0.708839,4.09423,4.8788,0.65772727,0.07464545,0.818017,0.067699,0.29814,0.4472,0.25466,200,100,fcr,23,161,10,1,random
1812,AGR,12,"2026-07-16 02:56:25",110.8,0.716124,4.18689,4.8788,0.65606061,0.08496364,0.895999,0.080615,0.29193,0.47826,0.22981,200,100,fcr,23,161,10,1,random
1813,AGR,13,"2026-07-16 02:56:35",120.9,0.726152,4.30967,4.8788,0.67212121,0.07714545,0.998409,0.069613,0.2236,0.58385,0.19255,200,100,fcr,23,161,10,1,random
1814,AGR,14,"2026-07-16 02:56:45",130.9,0.732712,4.38728,4.8788,0.68621213,0.06565455,1.02816,0.060678,0.18012,0.62733,0.19255,200,100,fcr,23,161,10,1,random
1815,AGR,15,"2026-07-16 02:56:55",140.9,0.739558,4.48127,4.8788,0.67878788,0.08619697,1.01412,0.079245,0.1677,0.65839,0.17391,200,100,fcr,23,161,10,1,random
1816,AGR,16,"2026-07-16 02:57:05",150.9,0.744785,4.56127,4.8788,0.69,0.07733939,1.0894,0.071438,0.14286,0.70807,0.14907,200,100,fcr,23,161,10,1,random
1817,AGR,17,"2026-07-16 02:57:15",161.2,0.749224,4.61891,4.8788,0.69166667,0.08365455,1.18819,0.075366,0.13043,0.7205,0.14907,200,100,fcr,23,161,10,1,random
1818,AGR,18,"2026-07-16 02:57:25",171.4,0.753527,4.69052,4.8788,0.69090909,0.08710909,1.24553,0.081548,0.08696,0.81366,0.09938,200,100,fcr,23,161,10,1,random
1819,AGR,19,"2026-07-16 02:57:35",181.3,0.755867,4.74193,4.8788,0.69636364,0.08435455,1.42104,0.078354,0.0559,0.90683,0.03727,200,100,fcr,23,161,10,1,random
1820,AGR,20,"2026-07-16 02:57:45",191.5,0.758567,4.77668,4.8788,0.70272727,0.07735455,2.0939,0.073007,0.03106,0.92547,0.04348,200,100,fcr,23,161,10,1,random
1821,RANDOM,1,"2026-07-16 02:57:55",5.2,0.558197,2.568,5,0.55530303,0.00562727,0.401479,0.006862,0.53939,0.18788,0.27273,200,100,fcr,23,165,10,1,random
1822,RANDOM,2,"2026-07-16 02:58:00",9.8,0.558321,2.57035,4.8788,0.55,0.01171212,0.404255,0.017617,0.53416,0.17391,0.29193,200,100,fcr,23,161,10,1,random
1823,RANDOM,3,"2026-07-16 02:58:04",14.3,0.554833,2.54522,4.8485,0.55075758,0.02297576,0.380308,0.011901,0.5375,0.15625,0.30625,200,100,fcr,23,160,10,1,random
1824,RANDOM,4,"2026-07-16 02:58:09",18.8,0.551055,2.52156,4.7273,0.56333333,-0.0256,0.354347,-0.015729,0.53205,0.17949,0.28846,200,100,fcr,23,156,10,1,random
1825,RANDOM,5,"2026-07-16 02:58:15",25,0.550485,2.50287,4.6364,0.55439394,0.00186667,0.39217,-0.004689,0.56209,0.14379,0.29412,200,100,fcr,23,153,10,1,random
1826,RANDOM,6,"2026-07-16 02:58:19",29.6,0.548173,2.48578,4.6364,0.55393939,-0.01018485,0.384653,-0.005758,0.56209,0.14379,0.29412,200,100,fcr,23,153,10,1,random
1827,RANDOM,7,"2026-07-16 02:58:26",36,0.551418,2.49628,4.5758,0.55439394,-0.00389394,0.390491,-0.006066,0.56954,0.13245,0.29801,200,100,fcr,23,151,10,1,random
1828,RANDOM,8,"2026-07-16 02:58:32",42.3,0.551421,2.48378,4.5758,0.53939394,0.02115152,0.403454,0.023724,0.56291,0.15894,0.27815,200,100,fcr,23,151,10,1,random
1829,RANDOM,9,"2026-07-16 02:58:39",48.8,0.551209,2.48826,4.5758,0.54530303,0.00900909,0.440619,0.01308,0.56291,0.13907,0.29801,200,100,fcr,23,151,10,1,random
1830,RANDOM,10,"2026-07-16 02:58:45",55.4,0.546324,2.45522,4.5455,0.5380303,0.01226364,0.401045,0.021592,0.57333,0.12667,0.3,200,100,fcr,23,150,10,1,random
1831,RANDOM,11,"2026-07-16 02:58:52",62,0.545379,2.4597,4.4848,0.54984849,-0.00748182,0.397721,-0.004216,0.5473,0.15541,0.2973,200,100,fcr,23,148,10,1,random
1832,RANDOM,12,"2026-07-16 02:58:59",68.8,0.547109,2.46612,4.4848,0.54242424,0.01184848,0.40095,0.009768,0.54054,0.16216,0.2973,200,100,fcr,23,148,10,1,random
1833,RANDOM,13,"2026-07-16 02:59:05",75.3,0.54537,2.46208,4.4848,0.54848485,-0.0076697,0.399593,-0.001843,0.56757,0.13514,0.2973,200,100,fcr,23,148,10,1,random
1834,RANDOM,14,"2026-07-16 02:59:12",81.8,0.541445,2.45244,4.4545,0.54045455,0.00167576,0.390119,0.008679,0.55782,0.13605,0.30612,200,100,fcr,23,147,10,1,random
1835,RANDOM,15,"2026-07-16 02:59:18",88.4,0.540397,2.444,4.4242,0.54409091,-0.00271515,0.383303,-0.003538,0.55479,0.14384,0.30137,200,100,fcr,23,146,10,1,random
1836,RANDOM,16,"2026-07-16 02:59:25",95,0.540788,2.44565,4.3636,0.53,0.01647576,0.391115,0.022072,0.54167,0.15278,0.30556,200,100,fcr,23,144,10,1,random
1837,RANDOM,17,"2026-07-16 02:59:31",101.7,0.539427,2.43857,4.3333,0.54772727,-0.01661212,0.375359,-0.012408,0.54545,0.13986,0.31469,200,100,fcr,23,143,10,1,random
1838,RANDOM,18,"2026-07-16 02:59:38",108.3,0.539618,2.44381,4.2424,0.53666666,0.0036,0.371436,0.007937,0.54286,0.15,0.30714,200,100,fcr,23,140,10,1,random
1839,RANDOM,19,"2026-07-16 02:59:45",115,0.539406,2.43438,4.2424,0.54,-0.0001303,0.389757,0.001818,0.52857,0.16429,0.30714,200,100,fcr,23,140,10,1,random
1840,RANDOM,20,"2026-07-16 02:59:51",121.7,0.541973,2.44344,4.2424,0.53924242,0.00704545,0.38903,0.005137,0.52857,0.15714,0.31429,200,100,fcr,23,140,10,1,random
1841,OI,1,"2026-07-16 03:00:09",5.9,0.58493,2.76096,4.9697,0.59257576,-0.0156697,0.449738,-0.036953,0.51829,0.18293,0.29878,200,100,fcr,24,164,10,1,random
1842,OI,2,"2026-07-16 03:00:14",11.1,0.609397,2.96955,4.9394,0.61636364,-0.01673333,0.507336,-0.028829,0.44172,0.26994,0.28834,200,100,fcr,24,163,10,1,random
1843,OI,3,"2026-07-16 03:00:19",16.1,0.633949,3.1785,4.9091,0.63333333,0.00434242,0.556552,-0.015772,0.40741,0.2963,0.2963,200,100,fcr,24,162,10,1,random
1844,OI,4,"2026-07-16 03:00:25",21.2,0.657088,3.39262,4.9091,0.65787879,-0.00215758,0.609248,-0.016068,0.37037,0.32716,0.30247,200,100,fcr,24,162,10,1,random
1845,OI,5,"2026-07-16 03:00:31",28,0.674406,3.58525,4.9091,0.67924242,-0.0118697,0.655451,-0.017293,0.33951,0.38889,0.2716,200,100,fcr,24,162,10,1,random
1846,OI,6,"2026-07-16 03:00:37",33.2,0.692097,3.78322,4.9091,0.68515151,0.00795152,0.768909,0.000058,0.31481,0.42593,0.25926,200,100,fcr,24,162,10,1,random
1847,OI,7,"2026-07-16 03:00:43",39.9,0.705106,3.96781,4.9091,0.70590909,0.00096667,0.841775,-0.008076,0.25926,0.52469,0.21605,200,100,fcr,24,162,10,1,random
1848,OI,8,"2026-07-16 03:00:50",46.8,0.718315,4.15025,4.9091,0.72181818,-0.00571212,0.945164,-0.011877,0.22222,0.55556,0.22222,200,100,fcr,24,162,10,1,random
1849,OI,9,"2026-07-16 03:00:57",53.9,0.728564,4.27666,4.9091,0.73257576,-0.00594545,0.935624,-0.010635,0.19136,0.62963,0.17901,200,100,fcr,24,162,10,1,random
1850,OI,10,"2026-07-16 03:01:04",61.1,0.738215,4.41522,4.9091,0.73393939,0.00684242,1.09618,0.001018,0.16667,0.67284,0.16049,200,100,fcr,24,162,10,1,random
1851,OI,11,"2026-07-16 03:01:11",68.1,0.745627,4.54258,4.9091,0.75439394,-0.01330303,1.15774,-0.014996,0.1358,0.75926,0.10494,200,100,fcr,24,162,10,1,random
1852,OI,12,"2026-07-16 03:01:18",75,0.751245,4.63847,4.9091,0.7471212,0.00539697,1.54149,0.003803,0.09877,0.78395,0.11728,200,100,fcr,24,162,10,1,random
1853,OI,13,"2026-07-16 03:01:25",82.1,0.754958,4.72941,4.9091,0.76575757,-0.01576061,1.26199,-0.014936,0.07407,0.87654,0.04938,200,100,fcr,24,162,10,1,random
1854,OI,14,"2026-07-16 03:01:32",89.1,0.756079,4.74473,4.9091,0.75151515,0.00526364,2.22125,0.007009,0.06173,0.87037,0.0679,200,100,fcr,24,162,10,1,random
1855,OI,15,"2026-07-16 03:01:40",96.2,0.757088,4.77494,4.9091,0.75772728,-0.00040909,1.82632,-0.00003,0.04321,0.90123,0.05556,200,100,fcr,24,162,10,1,random
1856,OI,16,"2026-07-16 03:01:47",103.3,0.757273,4.80087,4.9091,0.7660606,-0.01147576,2.04434,-0.010373,0.04938,0.90123,0.04938,200,100,fcr,24,162,10,1,random
1857,OI,17,"2026-07-16 03:01:54",110.3,0.757527,4.80611,4.9091,0.75303031,0.00733333,2.20334,0.00753,0.02469,0.9321,0.04321,200,100,fcr,24,162,10,1,random
1858,OI,18,"2026-07-16 03:02:01",117.2,0.758855,4.81547,4.9091,0.75075757,0.01285455,1.70052,0.012081,0.03704,0.91975,0.04321,200,100,fcr,24,162,10,1,random
1859,OI,19,"2026-07-16 03:02:08",124.2,0.759621,4.83805,4.9091,0.7719697,-0.01600606,2.19424,-0.015435,0.02469,0.95679,0.01852,200,100,fcr,24,162,10,1,random
1860,OI,20,"2026-07-16 03:02:15",131.2,0.75847,4.81489,4.9091,0.75787879,0.00078788,2.21682,0.002701,0.01852,0.94444,0.03704,200,100,fcr,24,162,10,1,random
1861,IR,1,"2026-07-16 03:02:22",5.3,0.564409,2.62784,4.9091,0.63272727,-0.11901212,0.39701,-0.129846,0.53086,0.18519,0.28395,200,100,fcr,24,162,10,1,random
1862,IR,2,"2026-07-16 03:02:27",10.1,0.572297,2.65792,4.8182,0.6489394,-0.12703333,0.442198,-0.140439,0.51572,0.19497,0.28931,200,100,fcr,24,159,10,1,random
1863,IR,3,"2026-07-16 03:02:32",15.1,0.582785,2.70959,4.7879,0.65606061,-0.12694242,0.467576,-0.134085,0.51266,0.18987,0.29747,200,100,fcr,24,158,10,1,random
1864,IR,4,"2026-07-16 03:02:37",20,0.592203,2.77713,4.7879,0.66484848,-0.12221212,0.470646,-0.129818,0.49367,0.21519,0.29114,200,100,fcr,24,158,10,1,random
1865,IR,5,"2026-07-16 03:02:44",26.6,0.600782,2.83677,4.7879,0.66287879,-0.10516364,0.491472,-0.109731,0.5,0.20886,0.29114,200,100,fcr,24,158,10,1,random
1866,IR,6,"2026-07-16 03:02:49",31.7,0.608482,2.86452,4.7576,0.68212121,-0.12407576,0.508325,-0.126563,0.48408,0.21656,0.29936,200,100,fcr,24,157,10,1,random
1867,IR,7,"2026-07-16 03:02:55",38.5,0.612752,2.87475,4.7273,0.68772727,-0.12388485,0.50143,-0.124685,0.48718,0.21154,0.30128,200,100,fcr,24,156,10,1,random
1868,IR,8,"2026-07-16 03:03:02",45.3,0.621579,2.93167,4.7273,0.70030303,-0.12874546,0.525143,-0.133103,0.45513,0.23718,0.30769,200,100,fcr,24,156,10,1,random
1869,IR,9,"2026-07-16 03:03:09",52.2,0.625848,2.9655,4.6667,0.69833333,-0.12351818,0.503376,-0.118093,0.45455,0.24675,0.2987,200,100,fcr,24,154,10,1,random
1870,IR,10,"2026-07-16 03:03:16",59.3,0.629079,2.979,4.6667,0.71333333,-0.13511212,0.547861,-0.135368,0.44805,0.24026,0.31169,200,100,fcr,24,154,10,1,random
1871,IR,11,"2026-07-16 03:03:23",66.3,0.634527,3.0078,4.6667,0.71651515,-0.13315152,0.527729,-0.132554,0.43506,0.25325,0.31169,200,100,fcr,24,154,10,1,random
1872,IR,12,"2026-07-16 03:03:30",73.4,0.640412,3.0449,4.6667,0.70863636,-0.11151515,0.53039,-0.109954,0.42857,0.24675,0.32468,200,100,fcr,24,154,10,1,random
1873,IR,13,"2026-07-16 03:03:37",80.4,0.645458,3.07966,4.6364,0.7239394,-0.12631212,0.524559,-0.124762,0.41176,0.26797,0.32026,200,100,fcr,24,153,10,1,random
1874,IR,14,"2026-07-16 03:03:44",87.4,0.648067,3.10311,4.6364,0.72469697,-0.12219697,0.532767,-0.119342,0.42484,0.24183,0.33333,200,100,fcr,24,153,10,1,random
1875,IR,15,"2026-07-16 03:03:51",94.3,0.654694,3.16927,4.6364,0.73136364,-0.12138788,0.540715,-0.121506,0.41176,0.24837,0.33987,200,100,fcr,24,153,10,1,random
1876,IR,16,"2026-07-16 03:03:58",101.5,0.656239,3.17698,4.5758,0.73363636,-0.12195758,0.520185,-0.118187,0.38411,0.27815,0.33775,200,100,fcr,24,151,10,1,random
1877,IR,17,"2026-07-16 03:04:06",108.5,0.659324,3.17396,4.5758,0.74909091,-0.14049394,0.525432,-0.1377,0.40397,0.25166,0.34437,200,100,fcr,24,151,10,1,random
1878,IR,18,"2026-07-16 03:04:13",115.6,0.662027,3.1768,4.5758,0.74090909,-0.12440303,0.5275,-0.120258,0.40397,0.23841,0.35762,200,100,fcr,24,151,10,1,random
1879,IR,19,"2026-07-16 03:04:20",122.8,0.667594,3.23066,4.5455,0.74136363,-0.11608182,0.532714,-0.113782,0.4,0.24667,0.35333,200,100,fcr,24,150,10,1,random
1880,IR,20,"2026-07-16 03:04:27",129.7,0.670509,3.25455,4.5152,0.74590909,-0.11600303,0.555468,-0.113721,0.39597,0.25503,0.34899,200,100,fcr,24,149,10,1,random
1881,AGR,1,"2026-07-16 03:04:36",8.6,0.57483,2.72416,4.9394,0.53181819,0.07655152,0.42223,0.060781,0.51534,0.17178,0.31288,200,100,fcr,24,163,10,1,random
1882,AGR,2,"2026-07-16 03:04:44",16.6,0.594961,2.89025,4.9394,0.55636364,0.06680909,0.42828,0.052304,0.49693,0.17178,0.33129,200,100,fcr,24,163,10,1,random
1883,AGR,3,"2026-07-16 03:04:53",25,0.611479,3.04883,4.9394,0.56257576,0.08308182,0.43455,0.070387,0.44785,0.21472,0.33742,200,100,fcr,24,163,10,1,random
1884,AGR,4,"2026-07-16 03:05:01",32.8,0.628667,3.22507,4.8788,0.58166667,0.06735758,0.451548,0.065027,0.40994,0.24845,0.34161,200,100,fcr,24,161,10,1,random
1885,AGR,5,"2026-07-16 03:05:10",42.4,0.641712,3.37702,4.8788,0.60045455,0.05853939,0.483426,0.057212,0.40994,0.27329,0.31677,200,100,fcr,24,161,10,1,random
1886,AGR,6,"2026-07-16 03:05:18",50.3,0.655849,3.51738,4.8788,0.61712121,0.0617,0.566107,0.051117,0.36646,0.2795,0.35404,200,100,fcr,24,161,10,1,random
1887,AGR,7,"2026-07-16 03:05:28",60,0.667515,3.64552,4.8788,0.62121212,0.07170303,0.531019,0.062953,0.35404,0.32298,0.32298,200,100,fcr,24,161,10,1,random
1888,AGR,8,"2026-07-16 03:05:38",69.8,0.67837,3.78619,4.8788,0.62681819,0.07781212,0.622215,0.070543,0.32919,0.35404,0.31677,200,100,fcr,24,161,10,1,random
1889,AGR,9,"2026-07-16 03:05:48",79.8,0.688142,3.89798,4.8788,0.63363636,0.08528182,0.653085,0.074536,0.30435,0.38509,0.31056,200,100,fcr,24,161,10,1,random
1890,AGR,10,"2026-07-16 03:05:57",89.7,0.698112,4.01729,4.8788,0.64287879,0.07917273,0.687931,0.074254,0.29814,0.40373,0.29814,200,100,fcr,24,161,10,1,random
1891,AGR,11,"2026-07-16 03:06:07",99.7,0.7074,4.14324,4.8788,0.66030303,0.06971212,0.734662,0.061925,0.26708,0.47826,0.25466,200,100,fcr,24,161,10,1,random
1892,AGR,12,"2026-07-16 03:06:18",109.8,0.713824,4.23861,4.8788,0.64803031,0.09423333,0.841971,0.089555,0.24224,0.52795,0.22981,200,100,fcr,24,161,10,1,random
1893,AGR,13,"2026-07-16 03:06:28",119.9,0.72227,4.33823,4.8788,0.67348485,0.06939394,0.914032,0.063618,0.20497,0.61491,0.18012,200,100,fcr,24,161,10,1,random
1894,AGR,14,"2026-07-16 03:06:38",130.1,0.727997,4.43431,4.8788,0.67090909,0.07979697,1.04204,0.076235,0.18012,0.65217,0.1677,200,100,fcr,24,161,10,1,random
1895,AGR,15,"2026-07-16 03:06:48",140.4,0.734336,4.51458,4.8788,0.68590909,0.07094243,1.10368,0.063555,0.16149,0.70186,0.13665,200,100,fcr,24,161,10,1,random
1896,AGR,16,"2026-07-16 03:06:58",150.3,0.740033,4.58088,4.8788,0.68257576,0.08286061,1.1828,0.075174,0.14907,0.73913,0.1118,200,100,fcr,24,161,10,1,random
1897,AGR,17,"2026-07-16 03:07:08",160.5,0.745276,4.63228,4.8788,0.68818182,0.07888182,1.38744,0.074278,0.1118,0.7764,0.1118,200,100,fcr,24,161,10,1,random
1898,AGR,18,"2026-07-16 03:07:18",170.5,0.749579,4.69515,4.8788,0.695,0.07805152,1.36118,0.070933,0.11801,0.81988,0.06211,200,100,fcr,24,161,10,1,random
1899,AGR,19,"2026-07-16 03:07:28",180.8,0.75173,4.72985,4.8788,0.68348485,0.0919303,2.02074,0.09048,0.09938,0.85714,0.04348,200,100,fcr,24,161,10,1,random
1900,AGR,20,"2026-07-16 03:07:39",190.9,0.75393,4.76759,4.8788,0.69772727,0.07839394,2.31269,0.074148,0.07453,0.90683,0.01863,200,100,fcr,24,161,10,1,random
1901,RANDOM,1,"2026-07-16 03:07:48",5.1,0.548849,2.53875,4.9394,0.54287879,0.01402121,0.37328,0.016923,0.54601,0.17178,0.28221,200,100,fcr,24,163,10,1,random
1902,RANDOM,2,"2026-07-16 03:07:52",9.6,0.543388,2.50544,4.8485,0.5530303,-0.02445758,0.390966,-0.009658,0.525,0.2,0.275,200,100,fcr,24,160,10,1,random
1903,RANDOM,3,"2026-07-16 03:07:57",14.4,0.541651,2.48688,4.7576,0.5460606,-0.00160909,0.394561,-0.004215,0.50955,0.21019,0.28025,200,100,fcr,24,157,10,1,random
1904,RANDOM,4,"2026-07-16 03:08:01",18.9,0.539752,2.4929,4.697,0.53469697,0.00504242,0.395086,0.01378,0.50323,0.2,0.29677,200,100,fcr,24,155,10,1,random
1905,RANDOM,5,"2026-07-16 03:08:08",25.2,0.537179,2.48239,4.6364,0.54030303,-0.00765151,0.369868,-0.001721,0.50327,0.18954,0.30719,200,100,fcr,24,153,10,1,random
1906,RANDOM,6,"2026-07-16 03:08:12",29.9,0.53943,2.48283,4.6364,0.5489394,-0.01512727,0.356553,-0.017197,0.51634,0.18954,0.29412,200,100,fcr,24,153,10,1,random
1907,RANDOM,7,"2026-07-16 03:08:19",36.2,0.536285,2.46632,4.6364,0.525,0.02068182,0.378979,0.026674,0.51634,0.18301,0.30065,200,100,fcr,24,153,10,1,random
1908,RANDOM,8,"2026-07-16 03:08:25",42.5,0.535718,2.4607,4.5758,0.53257576,0.00565758,0.381657,0.009019,0.49669,0.21192,0.29139,200,100,fcr,24,151,10,1,random
1909,RANDOM,9,"2026-07-16 03:08:31",49,0.536249,2.46214,4.4848,0.5410606,-0.00786061,0.413687,-0.007916,0.50676,0.19595,0.2973,200,100,fcr,24,148,10,1,random
1910,RANDOM,10,"2026-07-16 03:08:38",55.7,0.535497,2.45646,4.3939,0.53439394,-0.00098485,0.421034,0.004681,0.50345,0.2,0.29655,200,100,fcr,24,145,10,1,random
1911,RANDOM,11,"2026-07-16 03:08:45",62.3,0.535406,2.46687,4.3939,0.53878788,-0.00843636,0.430894,-0.004072,0.48966,0.22759,0.28276,200,100,fcr,24,145,10,1,random
1912,RANDOM,12,"2026-07-16 03:08:51",69,0.533509,2.46741,4.3636,0.54075757,-0.01260303,0.435937,-0.00994,0.48611,0.22917,0.28472,200,100,fcr,24,144,10,1,random
1913,RANDOM,13,"2026-07-16 03:08:58",75.6,0.533455,2.46912,4.3636,0.54348485,-0.0204697,0.433862,-0.016797,0.49306,0.22222,0.28472,200,100,fcr,24,144,10,1,random
1914,RANDOM,14,"2026-07-16 03:09:05",82.3,0.531503,2.46191,4.3333,0.52409091,0.01022727,0.442621,0.017552,0.5035,0.2028,0.29371,200,100,fcr,24,143,10,1,random
1915,RANDOM,15,"2026-07-16 03:09:11",89,0.529618,2.44748,4.2727,0.52363636,0.01626364,0.43639,0.016033,0.48936,0.22695,0.28369,200,100,fcr,24,141,10,1,random
1916,RANDOM,16,"2026-07-16 03:09:18",95.6,0.530776,2.45017,4.2727,0.53621212,-0.01163333,0.452868,-0.010125,0.49645,0.21986,0.28369,200,100,fcr,24,141,10,1,random
1917,RANDOM,17,"2026-07-16 03:09:25",102.3,0.530676,2.44522,4.2727,0.53121212,0.00543939,0.45593,0.001228,0.50355,0.20567,0.29078,200,100,fcr,24,141,10,1,random
1918,RANDOM,18,"2026-07-16 03:09:31",108.9,0.531255,2.44679,4.2727,0.53106061,0.00040909,0.447773,0.002543,0.52482,0.1844,0.29078,200,100,fcr,24,141,10,1,random
1919,RANDOM,19,"2026-07-16 03:09:38",115.6,0.532458,2.45442,4.2727,0.52772727,0.0068697,0.460033,0.010329,0.49645,0.20567,0.29787,200,100,fcr,24,141,10,1,random
1920,RANDOM,20,"2026-07-16 03:09:45",122.2,0.531091,2.45108,4.2727,0.5340909,0.00229394,0.433278,-0.001757,0.51773,0.19149,0.29078,200,100,fcr,24,141,10,1,random
1921,OI,1,"2026-07-16 03:10:05",6.2,0.577042,2.71574,4.9394,0.58515151,-0.01259697,0.445291,-0.037085,0.50307,0.20859,0.28834,200,100,fcr,25,163,10,1,random
1922,OI,2,"2026-07-16 03:10:11",11.8,0.603779,2.91745,4.7879,0.60515151,-0.00750303,0.490048,-0.022116,0.46203,0.25316,0.28481,200,100,fcr,25,158,10,1,random
1923,OI,3,"2026-07-16 03:10:16",16.8,0.627864,3.11869,4.7273,0.6310606,-0.00135455,0.575132,-0.021895,0.42308,0.26923,0.30769,200,100,fcr,25,156,10,1,random
1924,OI,4,"2026-07-16 03:10:21",21.9,0.6481,3.31524,4.7273,0.64560606,0.00311818,0.576964,-0.009593,0.37821,0.32051,0.30128,200,100,fcr,25,156,10,1,random
1925,OI,5,"2026-07-16 03:10:28",28.7,0.665521,3.50054,4.7273,0.65454546,0.01689697,0.642315,0.00565,0.32692,0.39744,0.27564,200,100,fcr,25,156,10,1,random
1926,OI,6,"2026-07-16 03:10:33",33.8,0.682082,3.69335,4.7273,0.68727273,-0.00892121,0.72745,-0.017584,0.30128,0.42949,0.26923,200,100,fcr,25,156,10,1,random
1927,OI,7,"2026-07-16 03:10:40",40.8,0.694597,3.87137,4.697,0.69454546,0.00055455,0.772775,-0.007081,0.24516,0.52903,0.22581,200,100,fcr,25,155,10,1,random
1928,OI,8,"2026-07-16 03:10:46",47.6,0.706106,4.02252,4.697,0.72469697,-0.02837576,0.896361,-0.032542,0.21935,0.57419,0.20645,200,100,fcr,25,155,10,1,random
1929,OI,9,"2026-07-16 03:10:53",54.5,0.717512,4.18052,4.697,0.72530303,-0.01465455,0.96925,-0.01637,0.16129,0.63871,0.2,200,100,fcr,25,155,10,1,random
1930,OI,10,"2026-07-16 03:11:00",61.6,0.725476,4.3161,4.697,0.73166667,-0.00785152,0.972094,-0.012151,0.16774,0.65806,0.17419,200,100,fcr,25,155,10,1,random
1931,OI,11,"2026-07-16 03:11:08",68.6,0.732561,4.42003,4.697,0.73424243,-0.00257576,1.15965,-0.005366,0.10968,0.76774,0.12258,200,100,fcr,25,155,10,1,random
1932,OI,12,"2026-07-16 03:11:15",75.7,0.738609,4.50643,4.697,0.74151515,-0.00535455,1.27686,-0.005924,0.08387,0.86452,0.05161,200,100,fcr,25,155,10,1,random
1933,OI,13,"2026-07-16 03:11:22",82.7,0.741745,4.55515,4.697,0.73712122,0.00577273,1.82467,0.006372,0.06452,0.87097,0.06452,200,100,fcr,25,155,10,1,random
1934,OI,14,"2026-07-16 03:11:29",89.7,0.743979,4.59653,4.697,0.74015152,0.00523636,1.55052,0.005725,0.01935,0.92903,0.05161,200,100,fcr,25,155,10,1,random
1935,OI,15,"2026-07-16 03:11:36",96.7,0.746112,4.60418,4.697,0.74878788,-0.00285152,1.1471,-0.003431,0.05161,0.92903,0.01935,200,100,fcr,25,155,10,1,random
1936,OI,16,"2026-07-16 03:11:43",103.8,0.747333,4.61761,4.697,0.75272727,-0.00946364,3.0172,-0.006501,0.03871,0.93548,0.02581,200,100,fcr,25,155,10,1,random
1937,OI,17,"2026-07-16 03:11:50",110.8,0.748251,4.63345,4.697,0.75333333,-0.00603636,2.50013,-0.006039,0.01935,0.97419,0.00645,200,100,fcr,25,155,10,1,random
1938,OI,18,"2026-07-16 03:11:57",118,0.7475,4.60983,4.697,0.75924243,-0.01772424,1.62129,-0.014496,0.04516,0.91613,0.03871,200,100,fcr,25,155,10,1,random
1939,OI,19,"2026-07-16 03:12:04",125.1,0.747576,4.61887,4.697,0.75363636,-0.01025455,2.57689,-0.006254,0.01935,0.94839,0.03226,200,100,fcr,25,155,10,1,random
1940,OI,20,"2026-07-16 03:12:11",132.1,0.747812,4.62256,4.697,0.74924242,-0.00001212,1.61668,-0.000102,0.0129,0.95484,0.03226,200,100,fcr,25,155,10,1,random
1941,IR,1,"2026-07-16 03:12:22",5.5,0.558433,2.56247,4.9091,0.62333333,-0.10925152,0.392971,-0.125015,0.53704,0.17284,0.29012,200,100,fcr,25,162,10,1,random
1942,IR,2,"2026-07-16 03:12:26",10.5,0.565221,2.59874,4.8485,0.63651515,-0.11795151,0.396485,-0.13103,0.5375,0.1625,0.3,200,100,fcr,25,160,10,1,random
1943,IR,3,"2026-07-16 03:12:32",15.5,0.573736,2.6417,4.8485,0.63666667,-0.10597879,0.406172,-0.115747,0.525,0.16875,0.30625,200,100,fcr,25,160,10,1,random
1944,IR,4,"2026-07-16 03:12:37",20.7,0.579073,2.66927,4.7879,0.65333333,-0.11957879,0.396367,-0.131945,0.51266,0.17089,0.31646,200,100,fcr,25,158,10,1,random
1945,IR,5,"2026-07-16 03:12:44",27.6,0.586685,2.70833,4.6667,0.66196969,-0.12868788,0.399972,-0.133839,0.5,0.18831,0.31169,200,100,fcr,25,154,10,1,random
1946,IR,6,"2026-07-16 03:12:49",32.9,0.595185,2.74859,4.6061,0.67742424,-0.13540303,0.426218,-0.144918,0.49342,0.18421,0.32237,200,100,fcr,25,152,10,1,random
1947,IR,7,"2026-07-16 03:12:56",39.8,0.599452,2.77383,4.5758,0.66909091,-0.11273636,0.42247,-0.118722,0.48344,0.18543,0.33113,200,100,fcr,25,151,10,1,random
1948,IR,8,"2026-07-16 03:13:03",47.1,0.608212,2.8338,4.4848,0.67939394,-0.11954848,0.43169,-0.123559,0.46622,0.20946,0.32432,200,100,fcr,25,148,10,1,random
1949,IR,9,"2026-07-16 03:13:10",54.3,0.612585,2.86988,4.4545,0.67757576,-0.10870909,0.465232,-0.108355,0.47619,0.19048,0.33333,200,100,fcr,25,147,10,1,random
1950,IR,10,"2026-07-16 03:13:17",61.4,0.616703,2.89824,4.3636,0.69121212,-0.11986364,0.475461,-0.122738,0.43056,0.24306,0.32639,200,100,fcr,25,144,10,1,random
1951,IR,11,"2026-07-16 03:13:25",68.6,0.62103,2.91981,4.3636,0.69803031,-0.12338485,0.477453,-0.126884,0.44444,0.22222,0.33333,200,100,fcr,25,144,10,1,random
1952,IR,12,"2026-07-16 03:13:32",75.6,0.625494,2.9587,4.3636,0.70227273,-0.12011818,0.486027,-0.125699,0.45833,0.20139,0.34028,200,100,fcr,25,144,10,1,random
1953,IR,13,"2026-07-16 03:13:39",82.8,0.629552,2.97948,4.3636,0.70090909,-0.1169,0.488126,-0.114965,0.45833,0.1875,0.35417,200,100,fcr,25,144,10,1,random
1954,IR,14,"2026-07-16 03:13:46",89.9,0.634524,3.01943,4.3333,0.70818181,-0.11523636,0.48761,-0.11883,0.44755,0.23077,0.32168,200,100,fcr,25,143,10,1,random
1955,IR,15,"2026-07-16 03:13:53",97.1,0.638312,3.04655,4.3333,0.70666667,-0.10795152,0.555998,-0.109534,0.42657,0.25175,0.32168,200,100,fcr,25,143,10,1,random
1956,IR,16,"2026-07-16 03:14:00",104.4,0.641945,3.08757,4.3333,0.71348485,-0.11579697,0.572817,-0.113588,0.3986,0.29371,0.30769,200,100,fcr,25,143,10,1,random
1957,IR,17,"2026-07-16 03:14:08",111.5,0.645788,3.10325,4.3333,0.72863636,-0.13097879,0.582608,-0.130459,0.40559,0.29371,0.3007,200,100,fcr,25,143,10,1,random
1958,IR,18,"2026-07-16 03:14:15",118.6,0.650927,3.14995,4.303,0.72666666,-0.11972727,0.619855,-0.119743,0.38732,0.29577,0.3169,200,100,fcr,25,142,10,1,random
1959,IR,19,"2026-07-16 03:14:22",125.7,0.654009,3.17236,4.303,0.73257576,-0.12508788,0.589468,-0.121825,0.38028,0.3169,0.30282,200,100,fcr,25,142,10,1,random
1960,IR,20,"2026-07-16 03:14:29",133,0.660521,3.23431,4.303,0.73863637,-0.12205455,0.636153,-0.122231,0.37324,0.29577,0.33099,200,100,fcr,25,142,10,1,random
1961,AGR,1,"2026-07-16 03:14:40",7.3,0.569697,2.67286,4.9697,0.52636363,0.07064545,0.424781,0.062248,0.53049,0.18902,0.28049,200,100,fcr,25,164,10,1,random
1962,AGR,2,"2026-07-16 03:14:47",14.1,0.590515,2.82952,4.9697,0.54772727,0.07031818,0.465592,0.059204,0.5061,0.20122,0.29268,200,100,fcr,25,164,10,1,random
1963,AGR,3,"2026-07-16 03:14:54",21,0.608873,2.98489,4.9394,0.56060606,0.07558788,0.48887,0.068881,0.47853,0.23313,0.28834,200,100,fcr,25,163,10,1,random
1964,AGR,4,"2026-07-16 03:15:01",28.1,0.625124,3.15182,4.9394,0.58257576,0.06501212,0.536582,0.058695,0.43558,0.27607,0.28834,200,100,fcr,25,163,10,1,random
1965,AGR,5,"2026-07-16 03:15:10",36.9,0.64033,3.31877,4.9394,0.58863636,0.08111515,0.557815,0.071976,0.41104,0.28834,0.30061,200,100,fcr,25,163,10,1,random
1966,AGR,6,"2026-07-16 03:15:17",43.9,0.654661,3.47327,4.9394,0.60636364,0.0760697,0.572928,0.065926,0.3681,0.31288,0.31902,200,100,fcr,25,163,10,1,random
1967,AGR,7,"2026-07-16 03:15:25",52.7,0.668812,3.62613,4.9394,0.62166666,0.07297576,0.569719,0.062555,0.3681,0.31902,0.31288,200,100,fcr,25,163,10,1,random
1968,AGR,8,"2026-07-16 03:15:34",61.5,0.681921,3.78424,4.9394,0.62424242,0.08501212,0.645203,0.077828,0.31288,0.38037,0.30675,200,100,fcr,25,163,10,1,random
1969,AGR,9,"2026-07-16 03:15:43",70.6,0.691597,3.90697,4.9091,0.62833334,0.09398182,0.656936,0.086678,0.29012,0.42593,0.28395,200,100,fcr,25,162,10,1,random
1970,AGR,10,"2026-07-16 03:15:53",79.7,0.700479,4.04109,4.9091,0.65712121,0.06200303,0.716363,0.057707,0.25926,0.48765,0.25309,200,100,fcr,25,162,10,1,random
1971,AGR,11,"2026-07-16 03:16:02",88.8,0.710103,4.16909,4.9091,0.66727273,0.06478788,0.787099,0.055453,0.24691,0.51235,0.24074,200,100,fcr,25,162,10,1,random
1972,AGR,12,"2026-07-16 03:16:11",98,0.717967,4.27428,4.9091,0.67590909,0.05966364,0.843946,0.054822,0.2284,0.56173,0.20988,200,100,fcr,25,162,10,1,random
1973,AGR,13,"2026-07-16 03:16:20",107.1,0.726182,4.37457,4.9091,0.66136364,0.08854545,0.951682,0.08546,0.18519,0.61728,0.19753,200,100,fcr,25,162,10,1,random
1974,AGR,14,"2026-07-16 03:16:29",116.1,0.732482,4.45983,4.9091,0.68575757,0.06727273,0.955469,0.061268,0.16049,0.65432,0.18519,200,100,fcr,25,162,10,1,random
1975,AGR,15,"2026-07-16 03:16:38",125.3,0.737427,4.51166,4.9091,0.67969697,0.07893939,0.9641,0.07648,0.14815,0.70988,0.14198,200,100,fcr,25,162,10,1,random
1976,AGR,16,"2026-07-16 03:16:47",134.4,0.740964,4.56253,4.9091,0.68439394,0.0791,1.11917,0.075525,0.12963,0.74074,0.12963,200,100,fcr,25,162,10,1,random
1977,AGR,17,"2026-07-16 03:16:56",143.6,0.745379,4.60861,4.9091,0.67181818,0.10397576,1.15501,0.096999,0.12346,0.7716,0.10494,200,100,fcr,25,162,10,1,random
1978,AGR,18,"2026-07-16 03:17:06",152.7,0.748979,4.64638,4.9091,0.69469697,0.07578182,1.34566,0.071403,0.09877,0.81481,0.08642,200,100,fcr,25,162,10,1,random
1979,AGR,19,"2026-07-16 03:17:15",162.1,0.752603,4.70042,4.9091,0.69030304,0.08805455,1.36338,0.081485,0.08025,0.84568,0.07407,200,100,fcr,25,162,10,1,random
1980,AGR,20,"2026-07-16 03:17:24",171.2,0.754394,4.71408,4.9091,0.69954546,0.07774848,1.32535,0.072429,0.09877,0.82099,0.08025,200,100,fcr,25,162,10,1,random
1981,RANDOM,1,"2026-07-16 03:17:32",4.9,0.548815,2.53559,4.9394,0.5339394,0.02654242,0.383485,0.027621,0.53374,0.19018,0.27607,200,100,fcr,25,163,10,1,random
1982,RANDOM,2,"2026-07-16 03:17:37",9.4,0.549476,2.53069,4.8788,0.55818181,-0.0147,0.393384,-0.014244,0.54658,0.17391,0.2795,200,100,fcr,25,161,10,1,random
1983,RANDOM,3,"2026-07-16 03:17:42",14,0.547152,2.51528,4.8182,0.55287879,-0.0110303,0.394778,-0.006739,0.53459,0.18239,0.28302,200,100,fcr,25,159,10,1,random
1984,RANDOM,4,"2026-07-16 03:17:46",18.4,0.54467,2.49293,4.6364,0.55484849,-0.01589394,0.388595,-0.014228,0.52288,0.20261,0.27451,200,100,fcr,25,153,10,1,random
1985,RANDOM,5,"2026-07-16 03:17:52",24.6,0.545661,2.51057,4.6061,0.54712122,-0.00636061,0.423536,-0.000802,0.51974,0.19737,0.28289,200,100,fcr,25,152,10,1,random
1986,RANDOM,6,"2026-07-16 03:17:57",29.1,0.545161,2.52036,4.5455,0.54424242,0.00494242,0.418515,0.005029,0.53333,0.18667,0.28,200,100,fcr,25,150,10,1,random
1987,RANDOM,7,"2026-07-16 03:18:03",35.3,0.544706,2.52334,4.4848,0.53954545,0.00754242,0.44746,0.011963,0.52027,0.2027,0.27703,200,100,fcr,25,148,10,1,random
1988,RANDOM,8,"2026-07-16 03:18:09",41.6,0.545142,2.51802,4.4545,0.55348484,-0.01042424,0.451859,-0.013825,0.53061,0.18367,0.28571,200,100,fcr,25,147,10,1,random
1989,RANDOM,9,"2026-07-16 03:18:16",48,0.544439,2.52317,4.4545,0.54742424,-0.00477273,0.442489,-0.002751,0.52381,0.19048,0.28571,200,100,fcr,25,147,10,1,random
1990,RANDOM,10,"2026-07-16 03:18:22",54.3,0.544903,2.52672,4.4545,0.5389394,0.00725758,0.438496,0.012896,0.52381,0.19728,0.27891,200,100,fcr,25,147,10,1,random
1991,RANDOM,11,"2026-07-16 03:18:28",60.7,0.545415,2.53663,4.3939,0.55318182,-0.01602424,0.448442,-0.012396,0.51034,0.2069,0.28276,200,100,fcr,25,145,10,1,random
1992,RANDOM,12,"2026-07-16 03:18:35",67.2,0.542261,2.51778,4.3939,0.5439394,-0.00227879,0.464706,0.0027,0.51034,0.21379,0.27586,200,100,fcr,25,145,10,1,random
1993,RANDOM,13,"2026-07-16 03:18:41",73.7,0.544036,2.53742,4.3939,0.54712121,-0.00217576,0.483625,-0.005066,0.51724,0.1931,0.28966,200,100,fcr,25,145,10,1,random
1994,RANDOM,14,"2026-07-16 03:18:48",80.2,0.544627,2.5488,4.3636,0.54606061,-0.00518788,0.467334,-0.000556,0.50694,0.21528,0.27778,200,100,fcr,25,144,10,1,random
1995,RANDOM,15,"2026-07-16 03:18:54",86.7,0.541773,2.52577,4.3636,0.54257576,0.00047576,0.470049,0.003678,0.52778,0.19444,0.27778,200,100,fcr,25,144,10,1,random
1996,RANDOM,16,"2026-07-16 03:19:01",93.3,0.541942,2.52978,4.303,0.53409091,0.01178438,0.481474,0.01684,0.50704,0.20423,0.28873,200,100,fcr,25,142,10,1,random
1997,RANDOM,17,"2026-07-16 03:19:08",100.1,0.542797,2.55237,4.2727,0.54863636,-0.01209062,0.494696,-0.009462,0.51064,0.20567,0.28369,200,100,fcr,25,141,10,1,random
1998,RANDOM,18,"2026-07-16 03:19:14",106.6,0.545858,2.56796,4.2424,0.55060606,-0.0083875,0.516907,-0.008947,0.5,0.20714,0.29286,200,100,fcr,25,140,10,1,random
1999,RANDOM,19,"2026-07-16 03:19:21",113.1,0.54497,2.56998,4.2424,0.53984849,0.0148875,0.503986,0.012527,0.50714,0.19286,0.3,200,100,fcr,25,140,10,1,random
2000,RANDOM,20,"2026-07-16 03:19:27",119.9,0.543818,2.57122,4.2121,0.545,-0.00170937,0.494261,0.00137,0.48921,0.21583,0.29496,200,100,fcr,25,139,10,1,random
2001,OI,1,"2026-07-16 03:29:55",5,0.584139,2.75318,5.1212,0.58136364,0.00476667,0.427161,-0.016315,0.51479,0.1716,0.31361,200,100,fcr,26,169,10,1,random
2002,OI,2,"2026-07-16 03:29:59",9.6,0.608064,2.95204,5,0.61318181,-0.00711818,0.452259,-0.025475,0.47273,0.26061,0.26667,200,100,fcr,26,165,10,1,random
2003,OI,3,"2026-07-16 03:30:04",14.8,0.63097,3.14731,5,0.63227273,-0.00330606,0.597727,-0.017852,0.41212,0.28485,0.30303,200,100,fcr,26,165,10,1,random
2004,OI,4,"2026-07-16 03:30:10",20.7,0.650149,3.33595,5,0.66,-0.01406667,0.571937,-0.027522,0.37576,0.32727,0.29697,200,100,fcr,26,165,10,1,random
2005,OI,5,"2026-07-16 03:30:17",27.1,0.669479,3.57031,5,0.67257576,-0.00509091,0.634908,-0.01655,0.36364,0.35152,0.28485,200,100,fcr,26,165,10,1,random
2006,OI,6,"2026-07-16 03:30:21",31.8,0.684224,3.7392,5,0.69681818,-0.02159091,0.731924,-0.027024,0.32121,0.40606,0.27273,200,100,fcr,26,165,10,1,random
2007,OI,7,"2026-07-16 03:30:28",38.2,0.6985,3.92449,5,0.69363636,0.00781212,0.775639,-0.001228,0.29697,0.45455,0.24848,200,100,fcr,26,165,10,1,random
2008,OI,8,"2026-07-16 03:30:34",44.8,0.70977,4.06854,5,0.72090909,-0.01223333,0.834516,-0.021585,0.26061,0.50303,0.23636,200,100,fcr,26,165,10,1,random
2009,OI,9,"2026-07-16 03:30:41",51.4,0.721045,4.19199,5,0.72075758,0.00240606,0.904229,-0.005484,0.24848,0.55758,0.19394,200,100,fcr,26,165,10,1,random
2010,OI,10,"2026-07-16 03:30:48",58.3,0.731909,4.34216,5,0.73742424,-0.011,1.06263,-0.012816,0.20606,0.61212,0.18182,200,100,fcr,26,165,10,1,random
2011,OI,11,"2026-07-16 03:30:55",65,0.740688,4.45496,5,0.74636364,-0.00890606,1.12846,-0.011619,0.15152,0.70303,0.14545,200,100,fcr,26,165,10,1,random
2012,OI,12,"2026-07-16 03:31:01",71.7,0.747255,4.57836,5,0.75515151,-0.00874848,1.15673,-0.013464,0.13939,0.73333,0.12727,200,100,fcr,26,165,10,1,random
2013,OI,13,"2026-07-16 03:31:08",78.4,0.752345,4.69223,5,0.76090909,-0.01261818,1.37474,-0.013173,0.09697,0.80606,0.09697,200,100,fcr,26,165,10,1,random
2014,OI,14,"2026-07-16 03:31:15",85.1,0.755206,4.78105,5,0.76409091,-0.0123697,1.46368,-0.011973,0.06061,0.86061,0.07879,200,100,fcr,26,165,10,1,random
2015,OI,15,"2026-07-16 03:31:21",91.8,0.756988,4.81835,5,0.76075758,-0.00696667,1.68926,-0.00428,0.04848,0.87273,0.07879,200,100,fcr,26,165,10,1,random
2016,OI,16,"2026-07-16 03:31:28",98.6,0.75753,4.85505,5,0.76181818,-0.00643939,1.41365,-0.004552,0.04848,0.89697,0.05455,200,100,fcr,26,165,10,1,random
2017,OI,17,"2026-07-16 03:31:35",105.2,0.757849,4.86426,5,0.76560606,-0.01202424,1.94893,-0.00875,0.05455,0.90909,0.03636,200,100,fcr,26,165,10,1,random
2018,OI,18,"2026-07-16 03:31:42",112.2,0.758945,4.87781,5,0.76318182,-0.00376061,2.72291,-0.004486,0.04242,0.90303,0.05455,200,100,fcr,26,165,10,1,random
2019,OI,19,"2026-07-16 03:31:49",119.1,0.759291,4.89135,5,0.77651516,-0.02463636,1.68599,-0.021292,0.01818,0.93939,0.04242,200,100,fcr,26,165,10,1,random
2020,OI,20,"2026-07-16 03:31:55",125.8,0.759421,4.8986,5,0.76287879,-0.00262424,1.37094,-0.003226,0.02424,0.93333,0.04242,200,100,fcr,26,165,10,1,random
2021,IR,1,"2026-07-16 03:32:06",5.5,0.567306,2.6226,4.9697,0.63590908,-0.11846667,0.379721,-0.129676,0.55488,0.15854,0.28659,200,100,fcr,26,164,10,1,random
2022,IR,2,"2026-07-16 03:32:11",10.5,0.573891,2.67302,4.9394,0.64545455,-0.12477576,0.41755,-0.129455,0.53374,0.17178,0.29448,200,100,fcr,26,163,10,1,random
2023,IR,3,"2026-07-16 03:32:16",15.3,0.584615,2.73738,4.8788,0.65439394,-0.12341818,0.423845,-0.127836,0.54037,0.15528,0.30435,200,100,fcr,26,161,10,1,random
2024,IR,4,"2026-07-16 03:32:21",20.2,0.592315,2.77443,4.8182,0.65772727,-0.11137273,0.434159,-0.115957,0.52201,0.1761,0.30189,200,100,fcr,26,159,10,1,random
2025,IR,5,"2026-07-16 03:32:27",26.7,0.59857,2.81982,4.7576,0.66909091,-0.11765152,0.451789,-0.122097,0.51592,0.17197,0.3121,200,100,fcr,26,157,10,1,random
2026,IR,6,"2026-07-16 03:32:32",31.7,0.604224,2.85018,4.7273,0.67318182,-0.11744242,0.452079,-0.117833,0.50641,0.1859,0.30769,200,100,fcr,26,156,10,1,random
2027,IR,7,"2026-07-16 03:32:39",38.3,0.610276,2.88579,4.697,0.6860606,-0.12516364,0.460599,-0.128549,0.49032,0.20645,0.30323,200,100,fcr,26,155,10,1,random
2028,IR,8,"2026-07-16 03:32:45",44.9,0.615197,2.9108,4.697,0.68909091,-0.11937273,0.485567,-0.123215,0.48387,0.21935,0.29677,200,100,fcr,26,155,10,1,random
2029,IR,9,"2026-07-16 03:32:52",51.8,0.625415,2.97791,4.6667,0.70575758,-0.1334303,0.514419,-0.13616,0.45455,0.24026,0.30519,200,100,fcr,26,154,10,1,random
2030,IR,10,"2026-07-16 03:32:59",58.6,0.633885,3.03852,4.6667,0.70878788,-0.12164849,0.51592,-0.124464,0.44805,0.22727,0.32468,200,100,fcr,26,154,10,1,random
2031,IR,11,"2026-07-16 03:33:06",65.5,0.638727,3.07614,4.6667,0.70681818,-0.10875152,0.494068,-0.109424,0.46104,0.21429,0.32468,200,100,fcr,26,154,10,1,random
2032,IR,12,"2026-07-16 03:33:13",72.4,0.643797,3.11518,4.6364,0.71636364,-0.11493333,0.514068,-0.115568,0.43791,0.24183,0.32026,200,100,fcr,26,153,10,1,random
2033,IR,13,"2026-07-16 03:33:20",79.2,0.647776,3.15403,4.6364,0.71560606,-0.10785758,0.521645,-0.107065,0.45098,0.22876,0.32026,200,100,fcr,26,153,10,1,random
2034,IR,14,"2026-07-16 03:33:27",86.2,0.650873,3.16214,4.6364,0.72151515,-0.10978182,0.538762,-0.109892,0.45098,0.21569,0.33333,200,100,fcr,26,153,10,1,random
2035,IR,15,"2026-07-16 03:33:33",93,0.654024,3.19392,4.6364,0.72636363,-0.1143303,0.524599,-0.112093,0.43137,0.24837,0.32026,200,100,fcr,26,153,10,1,random
2036,IR,16,"2026-07-16 03:33:40",100,0.65813,3.22206,4.6061,0.72818182,-0.10940909,0.55427,-0.108797,0.41447,0.26316,0.32237,200,100,fcr,26,152,10,1,random
2037,IR,17,"2026-07-16 03:33:47",106.9,0.663545,3.25607,4.6061,0.73454546,-0.11041515,0.552804,-0.11043,0.40789,0.26974,0.32237,200,100,fcr,26,152,10,1,random
2038,IR,18,"2026-07-16 03:33:54",113.8,0.666985,3.27714,4.6061,0.74439394,-0.11977576,0.572439,-0.118199,0.40132,0.28947,0.30921,200,100,fcr,26,152,10,1,random
2039,IR,19,"2026-07-16 03:34:01",120.9,0.670627,3.31863,4.6061,0.74212121,-0.1099697,0.621281,-0.108658,0.40789,0.27632,0.31579,200,100,fcr,26,152,10,1,random
2040,IR,20,"2026-07-16 03:34:08",128.1,0.673494,3.32989,4.6061,0.75439394,-0.1234303,0.608977,-0.121715,0.40789,0.28947,0.30263,200,100,fcr,26,152,10,1,random
2041,AGR,1,"2026-07-16 03:34:17",7.4,0.578427,2.75067,5.1212,0.53393939,0.08172727,0.407718,0.061723,0.52071,0.17751,0.30178,200,100,fcr,26,169,10,1,random
2042,AGR,2,"2026-07-16 03:34:24",14.5,0.597027,2.91122,5.0909,0.54893939,0.07838182,0.426271,0.068105,0.48214,0.20238,0.31548,200,100,fcr,26,168,10,1,random
2043,AGR,3,"2026-07-16 03:34:31",21.5,0.616488,3.09492,5.0909,0.58015151,0.05867576,0.440178,0.046781,0.45238,0.2381,0.30952,200,100,fcr,26,168,10,1,random
2044,AGR,4,"2026-07-16 03:34:38",28.6,0.630879,3.25241,5.0303,0.58469697,0.07153333,0.483542,0.064686,0.43373,0.25301,0.31325,200,100,fcr,26,166,10,1,random
2045,AGR,5,"2026-07-16 03:34:45",35.8,0.64687,3.42262,4.9697,0.59015152,0.09144848,0.529732,0.078112,0.39634,0.27439,0.32927,200,100,fcr,26,164,10,1,random
2046,AGR,6,"2026-07-16 03:34:52",43,0.661961,3.57434,4.9697,0.61151515,0.07846061,0.548098,0.067917,0.37805,0.30488,0.31707,200,100,fcr,26,164,10,1,random
2047,AGR,7,"2026-07-16 03:35:02",52.1,0.673436,3.69803,4.9697,0.62106061,0.08298182,0.600078,0.071299,0.33537,0.33537,0.32927,200,100,fcr,26,164,10,1,random
2048,AGR,8,"2026-07-16 03:35:11",61.2,0.682727,3.82434,4.9394,0.62727273,0.08231515,0.603355,0.076858,0.32515,0.3681,0.30675,200,100,fcr,26,163,10,1,random
2049,AGR,9,"2026-07-16 03:35:20",70.3,0.693297,3.9549,4.9394,0.64181818,0.07698182,0.673667,0.0688,0.31288,0.3865,0.30061,200,100,fcr,26,163,10,1,random
2050,AGR,10,"2026-07-16 03:35:29",79.7,0.7033,4.08079,4.9394,0.65742424,0.06704848,0.713736,0.060017,0.28221,0.45399,0.2638,200,100,fcr,26,163,10,1,random
2051,AGR,11,"2026-07-16 03:35:38",89,0.712512,4.20916,4.9394,0.65772727,0.07991515,0.815604,0.072269,0.26994,0.50307,0.22699,200,100,fcr,26,163,10,1,random
2052,AGR,12,"2026-07-16 03:35:48",98.3,0.721258,4.33299,4.9394,0.66545454,0.08015455,0.963726,0.07311,0.23313,0.59509,0.17178,200,100,fcr,26,163,10,1,random
2053,AGR,13,"2026-07-16 03:35:57",107.5,0.727303,4.41004,4.9394,0.67287879,0.07449697,1.08776,0.072322,0.20859,0.59509,0.19632,200,100,fcr,26,163,10,1,random
2054,AGR,14,"2026-07-16 03:36:06",116.7,0.734506,4.51527,4.9394,0.68090909,0.07559697,1.07062,0.069986,0.19018,0.66258,0.14724,200,100,fcr,26,163,10,1,random
2055,AGR,15,"2026-07-16 03:36:15",126,0.739985,4.59255,4.9394,0.68848485,0.07093939,1.33093,0.067617,0.17791,0.69939,0.1227,200,100,fcr,26,163,10,1,random
2056,AGR,16,"2026-07-16 03:36:25",135.2,0.743533,4.65442,4.9394,0.69257576,0.07496061,1.38695,0.067167,0.13497,0.76687,0.09816,200,100,fcr,26,163,10,1,random
2057,AGR,17,"2026-07-16 03:36:34",144.5,0.747897,4.71073,4.9394,0.69681818,0.07187879,1.45454,0.066771,0.12883,0.79141,0.07975,200,100,fcr,26,163,10,1,random
2058,AGR,18,"2026-07-16 03:36:43",154,0.752182,4.77402,4.9394,0.70272727,0.07032727,1.8433,0.064081,0.07975,0.83436,0.08589,200,100,fcr,26,163,10,1,random
2059,AGR,19,"2026-07-16 03:36:53",163.3,0.75463,4.80867,4.9394,0.69757576,0.07941515,1.46764,0.07505,0.06135,0.90184,0.03681,200,100,fcr,26,163,10,1,random
2060,AGR,20,"2026-07-16 03:37:02",172.7,0.755988,4.82946,4.9394,0.70515152,0.07196667,1.80349,0.067435,0.04294,0.92025,0.03681,200,100,fcr,26,163,10,1,random
2061,RANDOM,1,"2026-07-16 03:37:11",5.1,0.55777,2.58022,5.0606,0.54530303,0.02252727,0.372382,0.023163,0.54491,0.15569,0.2994,200,100,fcr,26,167,10,1,random
2062,RANDOM,2,"2026-07-16 03:37:16",9.7,0.556258,2.58246,4.9394,0.56257576,-0.01076061,0.35988,-0.008125,0.55215,0.14724,0.30061,200,100,fcr,26,163,10,1,random
2063,RANDOM,3,"2026-07-16 03:37:20",14.2,0.5583,2.58218,4.9091,0.55515152,0.00489394,0.376615,0.006555,0.53704,0.17284,0.29012,200,100,fcr,26,162,10,1,random
2064,RANDOM,4,"2026-07-16 03:37:25",18.8,0.556833,2.56346,4.7879,0.55772728,0.00102727,0.3843,0.002192,0.53165,0.17722,0.29114,200,100,fcr,26,158,10,1,random
2065,RANDOM,5,"2026-07-16 03:37:31",25.1,0.557042,2.55568,4.7576,0.5569697,0.01333636,0.395993,0.002174,0.56051,0.1465,0.29299,200,100,fcr,26,157,10,1,random
2066,RANDOM,6,"2026-07-16 03:37:36",29.8,0.557188,2.56601,4.697,0.55439393,0.00320909,0.405553,0.007075,0.52258,0.18065,0.29677,200,100,fcr,26,155,10,1,random
2067,RANDOM,7,"2026-07-16 03:37:43",36.3,0.557679,2.56386,4.6667,0.56560606,-0.01702424,0.399063,-0.011739,0.52597,0.18182,0.29221,200,100,fcr,26,154,10,1,random
2068,RANDOM,8,"2026-07-16 03:37:49",42.8,0.559967,2.58652,4.6364,0.56348485,-0.0063697,0.420413,-0.005888,0.5098,0.19608,0.29412,200,100,fcr,26,153,10,1,random
2069,RANDOM,9,"2026-07-16 03:37:56",49.4,0.560997,2.60159,4.6364,0.56257576,-0.00302424,0.422794,-0.001589,0.5098,0.17647,0.31373,200,100,fcr,26,153,10,1,random
2070,RANDOM,10,"2026-07-16 03:38:02",55.9,0.560452,2.59157,4.6364,0.56212121,-0.00174848,0.388239,-0.000897,0.5098,0.18954,0.30065,200,100,fcr,26,153,10,1,random
2071,RANDOM,11,"2026-07-16 03:38:09",62.8,0.560573,2.59912,4.5758,0.56287879,-0.00311212,0.411097,-0.001108,0.51656,0.17881,0.30464,200,100,fcr,26,151,10,1,random
2072,RANDOM,12,"2026-07-16 03:38:16",69.6,0.561424,2.60783,4.5758,0.55666666,0.00802121,0.413556,0.010192,0.50993,0.19205,0.29801,200,100,fcr,26,151,10,1,random
2073,RANDOM,13,"2026-07-16 03:38:22",76.2,0.559752,2.61238,4.5758,0.56772727,-0.01368485,0.428928,-0.010692,0.51656,0.19205,0.29139,200,100,fcr,26,151,10,1,random
2074,RANDOM,14,"2026-07-16 03:38:29",82.9,0.559651,2.62381,4.5455,0.55409091,0.00701515,0.453184,0.011698,0.51333,0.19333,0.29333,200,100,fcr,26,150,10,1,random
2075,RANDOM,15,"2026-07-16 03:38:36",89.6,0.559197,2.60754,4.4848,0.55545454,0.0052303,0.45008,0.009337,0.5,0.2027,0.2973,200,100,fcr,26,148,10,1,random
2076,RANDOM,16,"2026-07-16 03:38:42",96.2,0.555924,2.60165,4.4848,0.5619697,-0.01145758,0.447855,-0.004726,0.50676,0.20946,0.28378,200,100,fcr,26,148,10,1,random
2077,RANDOM,17,"2026-07-16 03:38:49",103,0.554303,2.5947,4.4545,0.56757576,-0.02028485,0.466588,-0.020888,0.4898,0.22449,0.28571,200,100,fcr,26,147,10,1,random
2078,RANDOM,18,"2026-07-16 03:38:56",109.7,0.555776,2.58882,4.4242,0.5569697,-0.00179394,0.466412,-0.000586,0.47945,0.22603,0.29452,200,100,fcr,26,146,10,1,random
2079,RANDOM,19,"2026-07-16 03:39:03",116.5,0.55787,2.60111,4.4242,0.56393939,-0.0122,0.456714,-0.010743,0.47945,0.21233,0.30822,200,100,fcr,26,146,10,1,random
2080,RANDOM,20,"2026-07-16 03:39:10",123.4,0.556161,2.60036,4.4242,0.5569697,-0.00230606,0.430938,0.001812,0.5,0.19863,0.30137,200,100,fcr,26,146,10,1,random
2081,OI,1,"2026-07-16 03:39:29",5.3,0.581536,2.75868,5.0606,0.58833333,-0.00232727,0.451557,-0.034251,0.50299,0.18563,0.31138,200,100,fcr,27,167,10,1,random
2082,OI,2,"2026-07-16 03:39:33",10,0.605591,2.94751,4.9697,0.60393939,0.0020303,0.450335,-0.013531,0.46341,0.22561,0.31098,200,100,fcr,27,164,10,1,random
2083,OI,3,"2026-07-16 03:39:38",14.8,0.628245,3.15965,4.9697,0.64454546,-0.02747576,0.501203,-0.041442,0.42073,0.2622,0.31707,200,100,fcr,27,164,10,1,random
2084,OI,4,"2026-07-16 03:39:43",19.6,0.647764,3.34098,4.9697,0.64727273,0.00113939,0.538519,-0.011939,0.35976,0.34756,0.29268,200,100,fcr,27,164,10,1,random
2085,OI,5,"2026-07-16 03:39:50",26.1,0.664827,3.53607,4.9697,0.65969696,0.00775151,0.614183,-0.002197,0.34146,0.34146,0.31707,200,100,fcr,27,164,10,1,random
2086,OI,6,"2026-07-16 03:39:54",30.9,0.682721,3.71793,4.9394,0.68621212,-0.00308788,0.616058,-0.016222,0.31902,0.39877,0.28221,200,100,fcr,27,163,10,1,random
2087,OI,7,"2026-07-16 03:40:01",37.5,0.69607,3.87104,4.9394,0.7019697,-0.0069303,0.746555,-0.015569,0.30061,0.43558,0.2638,200,100,fcr,27,163,10,1,random
2088,OI,8,"2026-07-16 03:40:09",46,0.709815,4.03866,4.9394,0.71636364,-0.00896667,0.85335,-0.017245,0.2638,0.51534,0.22086,200,100,fcr,27,163,10,1,random
2089,OI,9,"2026-07-16 03:40:17",53.4,0.71977,4.18932,4.9394,0.70787879,0.01866061,0.946382,0.011468,0.23926,0.51534,0.2454,200,100,fcr,27,163,10,1,random
2090,OI,10,"2026-07-16 03:40:23",60.1,0.730276,4.34222,4.9394,0.72878788,0.0012697,0.911787,-0.003354,0.20859,0.61963,0.17178,200,100,fcr,27,163,10,1,random
2091,OI,11,"2026-07-16 03:40:30",67,0.740988,4.47119,4.9394,0.73560606,0.00842424,1.20187,0.002123,0.15951,0.69325,0.14724,200,100,fcr,27,163,10,1,random
2092,OI,12,"2026-07-16 03:40:37",73.9,0.748221,4.57888,4.9394,0.74378789,0.00285152,1.27575,0.003263,0.14724,0.73006,0.1227,200,100,fcr,27,163,10,1,random
2093,OI,13,"2026-07-16 03:40:44",80.7,0.753515,4.67458,4.9394,0.7530303,-0.00077273,1.53464,-0.001014,0.07975,0.80368,0.11656,200,100,fcr,27,163,10,1,random
2094,OI,14,"2026-07-16 03:40:51",87.5,0.756252,4.73299,4.9394,0.76090909,-0.00567576,1.29558,-0.006052,0.09202,0.8589,0.04908,200,100,fcr,27,163,10,1,random
2095,OI,15,"2026-07-16 03:40:58",94.4,0.758776,4.80396,4.9394,0.76075757,-0.00303939,2.48693,-0.00259,0.04294,0.93252,0.02454,200,100,fcr,27,163,10,1,random
2096,OI,16,"2026-07-16 03:41:05",101.2,0.758985,4.81048,4.9394,0.76030303,-0.00118788,2.59762,-0.000476,0.03067,0.91411,0.05521,200,100,fcr,27,163,10,1,random
2097,OI,17,"2026-07-16 03:41:12",108.1,0.759088,4.82357,4.9394,0.75818182,0.00200303,1.43356,0.003038,0.04294,0.92638,0.03067,200,100,fcr,27,163,10,1,random
2098,OI,18,"2026-07-16 03:41:18",114.9,0.759867,4.84132,4.9394,0.76878788,-0.01562121,2.60935,-0.010656,0.0184,0.94479,0.03681,200,100,fcr,27,163,10,1,random
2099,OI,19,"2026-07-16 03:41:25",121.8,0.760512,4.83603,4.9394,0.77090909,-0.01695455,1.94166,-0.011917,0.03681,0.92025,0.04294,200,100,fcr,27,163,10,1,random
2100,OI,20,"2026-07-16 03:41:32",128.7,0.760658,4.84308,4.9394,0.75318182,0.01230606,2.42389,0.011193,0.03681,0.93252,0.03067,200,100,fcr,27,163,10,1,random
2101,IR,1,"2026-07-16 03:41:39",5.5,0.561197,2.61542,5.0909,0.62636363,-0.10910606,0.404061,-0.1237,0.53571,0.18452,0.27976,200,100,fcr,27,168,10,1,random
2102,IR,2,"2026-07-16 03:41:44",10.5,0.569421,2.64278,5.0606,0.64181818,-0.12517576,0.414524,-0.133004,0.51497,0.20359,0.28144,200,100,fcr,27,167,10,1,random
2103,IR,3,"2026-07-16 03:41:49",15.4,0.575758,2.6721,5,0.64545455,-0.12196667,0.409823,-0.125198,0.50909,0.19394,0.29697,200,100,fcr,27,165,10,1,random
2104,IR,4,"2026-07-16 03:41:53",20.4,0.582776,2.71423,4.9697,0.65257576,-0.11214545,0.41217,-0.124379,0.5,0.21341,0.28659,200,100,fcr,27,164,10,1,random
2105,IR,5,"2026-07-16 03:42:00",27.1,0.593724,2.77541,4.9697,0.65984848,-0.11014545,0.451557,-0.119314,0.48171,0.22561,0.29268,200,100,fcr,27,164,10,1,random
2106,IR,6,"2026-07-16 03:42:05",32.2,0.602733,2.82149,4.9091,0.67969697,-0.12777879,0.446264,-0.134568,0.46914,0.23457,0.2963,200,100,fcr,27,162,10,1,random
2107,IR,7,"2026-07-16 03:42:12",39,0.607836,2.86281,4.8182,0.67893939,-0.11713636,0.452897,-0.120356,0.46541,0.22013,0.31447,200,100,fcr,27,159,10,1,random
2108,IR,8,"2026-07-16 03:42:19",45.8,0.615724,2.90633,4.7576,0.68166667,-0.10732121,0.456064,-0.112667,0.45223,0.24204,0.30573,200,100,fcr,27,157,10,1,random
2109,IR,9,"2026-07-16 03:42:26",52.7,0.621579,2.94773,4.7576,0.69515152,-0.12063636,0.488095,-0.122375,0.43949,0.24841,0.3121,200,100,fcr,27,157,10,1,random
2110,IR,10,"2026-07-16 03:42:33",59.6,0.6273,2.96857,4.7273,0.71121212,-0.13281212,0.496231,-0.137652,0.4359,0.25641,0.30769,200,100,fcr,27,156,10,1,random
2111,IR,11,"2026-07-16 03:42:40",66.7,0.63323,3.01951,4.697,0.71287879,-0.13074242,0.505028,-0.130216,0.41935,0.27742,0.30323,200,100,fcr,27,155,10,1,random
2112,IR,12,"2026-07-16 03:42:47",73.9,0.636367,3.02951,4.697,0.71121213,-0.12093939,0.514488,-0.119126,0.4129,0.29677,0.29032,200,100,fcr,27,155,10,1,random
2113,IR,13,"2026-07-16 03:42:54",80.8,0.643697,3.09976,4.697,0.72212121,-0.12151515,0.551142,-0.127273,0.42581,0.26452,0.30968,200,100,fcr,27,155,10,1,random
2114,IR,14,"2026-07-16 03:43:01",87.8,0.646742,3.11781,4.6667,0.72363636,-0.12182727,0.548642,-0.120215,0.42857,0.25974,0.31169,200,100,fcr,27,154,10,1,random
2115,IR,15,"2026-07-16 03:43:08",94.9,0.650258,3.14813,4.6667,0.72469697,-0.11778485,0.563694,-0.116226,0.40909,0.28571,0.30519,200,100,fcr,27,154,10,1,random
2116,IR,16,"2026-07-16 03:43:15",102.3,0.654882,3.18203,4.6667,0.72833334,-0.11464242,0.557023,-0.114967,0.4026,0.27922,0.31818,200,100,fcr,27,154,10,1,random
2117,IR,17,"2026-07-16 03:43:22",109.4,0.660176,3.22203,4.6364,0.73348485,-0.11715758,0.549031,-0.114231,0.40523,0.28105,0.31373,200,100,fcr,27,153,10,1,random
2118,IR,18,"2026-07-16 03:43:30",116.4,0.662,3.24135,4.6061,0.7330303,-0.1100697,0.570017,-0.107667,0.38158,0.28289,0.33553,200,100,fcr,27,152,10,1,random
2119,IR,19,"2026-07-16 03:43:37",123.5,0.666818,3.29075,4.5758,0.74439394,-0.12030606,0.540769,-0.119062,0.36424,0.29801,0.33775,200,100,fcr,27,151,10,1,random
2120,IR,20,"2026-07-16 03:43:44",130.6,0.669679,3.30681,4.5758,0.74484849,-0.12001818,0.52693,-0.11379,0.39073,0.29139,0.31788,200,100,fcr,27,151,10,1,random
2121,AGR,1,"2026-07-16 03:43:52",7.3,0.574115,2.71218,5.0909,0.53363637,0.06419091,0.431955,0.056168,0.5119,0.20238,0.28571,200,100,fcr,27,168,10,1,random
2122,AGR,2,"2026-07-16 03:43:59",14.2,0.59277,2.86306,5.0606,0.54227272,0.0817303,0.432422,0.073634,0.49102,0.20958,0.2994,200,100,fcr,27,167,10,1,random
2123,AGR,3,"2026-07-16 03:44:06",21.4,0.608579,3.00729,5.0606,0.55378788,0.08911515,0.446728,0.080513,0.47305,0.1976,0.32934,200,100,fcr,27,167,10,1,random
2124,AGR,4,"2026-07-16 03:44:13",28.4,0.6235,3.15618,5,0.57848485,0.06965758,0.441844,0.063341,0.44848,0.2303,0.32121,200,100,fcr,27,165,10,1,random
2125,AGR,5,"2026-07-16 03:44:22",37.2,0.639845,3.31565,5,0.59151516,0.07228788,0.499936,0.066192,0.43636,0.25455,0.30909,200,100,fcr,27,165,10,1,random
2126,AGR,6,"2026-07-16 03:44:29",44.4,0.654661,3.48237,5,0.60636364,0.07532424,0.570915,0.065661,0.41212,0.27273,0.31515,200,100,fcr,27,165,10,1,random
2127,AGR,7,"2026-07-16 03:44:38",53.4,0.666067,3.59389,4.9697,0.61833333,0.07224849,0.591722,0.065853,0.38415,0.28049,0.33537,200,100,fcr,27,164,10,1,random
2128,AGR,8,"2026-07-16 03:44:47",62.2,0.674642,3.71007,4.9697,0.6180303,0.08339091,0.570238,0.079255,0.35976,0.32317,0.31707,200,100,fcr,27,164,10,1,random
2129,AGR,9,"2026-07-16 03:44:56",71.2,0.685006,3.83967,4.9394,0.64242424,0.06292424,0.635181,0.057358,0.33742,0.36196,0.30061,200,100,fcr,27,163,10,1,random
2130,AGR,10,"2026-07-16 03:45:05",80.4,0.694976,3.97799,4.9394,0.64833334,0.06512121,0.707098,0.062306,0.31288,0.42331,0.2638,200,100,fcr,27,163,10,1,random
2131,AGR,11,"2026-07-16 03:45:14",89.5,0.702227,4.07929,4.9394,0.645,0.0856697,0.790229,0.078214,0.28221,0.46626,0.25153,200,100,fcr,27,163,10,1,random
2132,AGR,12,"2026-07-16 03:45:23",98.8,0.71063,4.20317,4.9394,0.65484849,0.07907576,0.81443,0.074605,0.25767,0.5092,0.23313,200,100,fcr,27,163,10,1,random
2133,AGR,13,"2026-07-16 03:45:33",108,0.719639,4.32238,4.9394,0.67318182,0.07221818,0.891975,0.060105,0.2454,0.55828,0.19632,200,100,fcr,27,163,10,1,random
2134,AGR,14,"2026-07-16 03:45:42",117.3,0.725297,4.41927,4.9394,0.67181818,0.07253636,1.0356,0.071442,0.17178,0.65644,0.17178,200,100,fcr,27,163,10,1,random
2135,AGR,15,"2026-07-16 03:45:51",126.5,0.730927,4.50216,4.9394,0.66954546,0.08440909,0.98468,0.081566,0.15337,0.68712,0.15951,200,100,fcr,27,163,10,1,random
2136,AGR,16,"2026-07-16 03:46:00",135.8,0.735949,4.57061,4.9394,0.66333333,0.10452424,1.01806,0.096699,0.1227,0.74847,0.12883,200,100,fcr,27,163,10,1,random
2137,AGR,17,"2026-07-16 03:46:10",145,0.7395,4.61853,4.9394,0.6860606,0.07893333,1.12266,0.070888,0.11656,0.76687,0.11656,200,100,fcr,27,163,10,1,random
2138,AGR,18,"2026-07-16 03:46:19",154.3,0.742215,4.65348,4.9394,0.68242425,0.08618182,1.15245,0.079791,0.09202,0.79141,0.11656,200,100,fcr,27,163,10,1,random
2139,AGR,19,"2026-07-16 03:46:28",163.6,0.745897,4.69349,4.9394,0.6869697,0.08262121,1.12074,0.077745,0.08589,0.84049,0.07362,200,100,fcr,27,163,10,1,random
2140,AGR,20,"2026-07-16 03:46:37",172.9,0.749661,4.73378,4.9394,0.68303031,0.09266061,1.3246,0.087595,0.06748,0.8589,0.07362,200,100,fcr,27,163,10,1,random
2141,RANDOM,1,"2026-07-16 03:46:47",5.2,0.552518,2.56899,4.9697,0.55045455,0.00435758,0.389717,0.0046,0.53659,0.18902,0.27439,200,100,fcr,27,164,10,1,random
2142,RANDOM,2,"2026-07-16 03:46:52",9.8,0.550809,2.54897,4.8485,0.55151515,-0.0023303,0.401937,0.002431,0.525,0.2,0.275,200,100,fcr,27,160,10,1,random
2143,RANDOM,3,"2026-07-16 03:46:57",14.4,0.550115,2.5393,4.8182,0.55651515,-0.01566364,0.409712,-0.008642,0.53459,0.16981,0.2956,200,100,fcr,27,159,10,1,random
2144,RANDOM,4,"2026-07-16 03:47:01",19,0.549497,2.52623,4.7273,0.53621212,0.01713636,0.38017,0.027083,0.53846,0.17949,0.28205,200,100,fcr,27,156,10,1,random
2145,RANDOM,5,"2026-07-16 03:47:08",25.4,0.550982,2.53892,4.7273,0.55409091,-0.00843333,0.412852,-0.004251,0.54487,0.17949,0.27564,200,100,fcr,27,156,10,1,random
2146,RANDOM,6,"2026-07-16 03:47:12",30.2,0.550388,2.52463,4.5758,0.55424242,-0.00939394,0.427955,-0.003255,0.54305,0.17219,0.28477,200,100,fcr,27,151,10,1,random
2147,RANDOM,7,"2026-07-16 03:47:19",36.6,0.552412,2.53924,4.5455,0.55257576,0.00188788,0.436356,0.000528,0.54,0.17333,0.28667,200,100,fcr,27,150,10,1,random
2148,RANDOM,8,"2026-07-16 03:47:25",42.9,0.553085,2.53642,4.5152,0.55909091,-0.00791212,0.440073,-0.009762,0.52349,0.18792,0.28859,200,100,fcr,27,149,10,1,random
2149,RANDOM,9,"2026-07-16 03:47:32",49.6,0.553652,2.54624,4.4848,0.55212121,0.00309394,0.442663,0.004763,0.56081,0.14189,0.2973,200,100,fcr,27,148,10,1,random
2150,RANDOM,10,"2026-07-16 03:47:39",56.2,0.554427,2.5506,4.4242,0.56136363,-0.01512727,0.448934,-0.010837,0.56164,0.13014,0.30822,200,100,fcr,27,146,10,1,random
2151,RANDOM,11,"2026-07-16 03:47:45",63,0.552397,2.53728,4.4242,0.55060606,-0.00147576,0.431347,0.006379,0.55479,0.14384,0.30137,200,100,fcr,27,146,10,1,random
2152,RANDOM,12,"2026-07-16 03:47:52",69.7,0.552009,2.53652,4.3939,0.53939394,0.02183333,0.444709,0.02537,0.53793,0.15862,0.30345,200,100,fcr,27,145,10,1,random
2153,RANDOM,13,"2026-07-16 03:47:59",76.3,0.5506,2.53028,4.3636,0.55181818,-0.00305758,0.428371,0.001491,0.54167,0.15278,0.30556,200,100,fcr,27,144,10,1,random
2154,RANDOM,14,"2026-07-16 03:48:05",82.9,0.553745,2.54089,4.3636,0.56242424,-0.01796061,0.437646,-0.015819,0.53472,0.15278,0.3125,200,100,fcr,27,144,10,1,random
2155,RANDOM,15,"2026-07-16 03:48:12",89.5,0.550824,2.52866,4.3333,0.56045455,-0.01916364,0.420874,-0.012498,0.53846,0.13986,0.32168,200,100,fcr,27,143,10,1,random
2156,RANDOM,16,"2026-07-16 03:48:19",96.4,0.550324,2.53149,4.2727,0.55469697,-0.00635152,0.404006,-0.005359,0.53901,0.12766,0.33333,200,100,fcr,27,141,10,1,random
2157,RANDOM,17,"2026-07-16 03:48:25",103,0.548594,2.52552,4.2727,0.5510606,0.00164242,0.395331,-0.000255,0.53191,0.13475,0.33333,200,100,fcr,27,141,10,1,random
2158,RANDOM,18,"2026-07-16 03:48:32",109.7,0.548473,2.53008,4.2121,0.55681818,-0.01790606,0.395738,-0.013301,0.53237,0.1295,0.33813,200,100,fcr,27,139,10,1,random
2159,RANDOM,19,"2026-07-16 03:48:39",116.3,0.548397,2.53769,4.2121,0.5480303,-0.00367273,0.397964,0.002923,0.53957,0.1295,0.33094,200,100,fcr,27,139,10,1,random
2160,RANDOM,20,"2026-07-16 03:48:45",123,0.546245,2.53368,4.2121,0.53575758,0.01595758,0.411568,0.02318,0.53237,0.17266,0.29496,200,100,fcr,27,139,10,1,random
2161,OI,1,"2026-07-16 03:49:06",5.5,0.584785,2.75755,5.1515,0.57560606,0.0154303,0.452709,-0.006117,0.51765,0.19412,0.28824,200,100,fcr,28,170,10,1,random
2162,OI,2,"2026-07-16 03:49:11",10.5,0.611585,2.96173,5.0606,0.6119697,0.00145455,0.485736,-0.019638,0.47305,0.23952,0.28743,200,100,fcr,28,167,10,1,random
2163,OI,3,"2026-07-16 03:49:16",15.3,0.634024,3.16051,5,0.62681818,0.0137,0.557493,-0.003484,0.4303,0.27273,0.29697,200,100,fcr,28,165,10,1,random
2164,OI,4,"2026-07-16 03:49:21",20.2,0.653515,3.38108,4.9697,0.64984849,0.00925455,0.58672,-0.006646,0.37195,0.34756,0.28049,200,100,fcr,28,164,10,1,random
2165,OI,5,"2026-07-16 03:49:28",27.1,0.669961,3.56177,4.9394,0.68515152,-0.02194242,0.673886,-0.032497,0.33129,0.39877,0.26994,200,100,fcr,28,163,10,1,random
2166,OI,6,"2026-07-16 03:49:33",32.1,0.686909,3.77455,4.9091,0.69924243,-0.02123939,0.7306,-0.02788,0.29012,0.46914,0.24074,200,100,fcr,28,162,10,1,random
2167,OI,7,"2026-07-16 03:49:40",38.9,0.702061,3.95287,4.9091,0.70060606,0.00122424,0.842207,-0.006596,0.2716,0.50617,0.22222,200,100,fcr,28,162,10,1,random
2168,OI,8,"2026-07-16 03:49:47",45.6,0.714503,4.09579,4.9091,0.70712121,0.01008182,0.942472,0.00385,0.2284,0.56173,0.20988,200,100,fcr,28,162,10,1,random
2169,OI,9,"2026-07-16 03:49:54",52.5,0.726527,4.23263,4.9091,0.72833334,-0.00191818,0.958679,-0.008343,0.18519,0.60494,0.20988,200,100,fcr,28,162,10,1,random
2170,OI,10,"2026-07-16 03:50:01",59.7,0.736506,4.36452,4.9091,0.7330303,0.00652121,0.975658,0.000121,0.17284,0.65432,0.17284,200,100,fcr,28,162,10,1,random
2171,OI,11,"2026-07-16 03:50:09",68.4,0.744679,4.49223,4.9091,0.74984849,-0.00745152,1.18201,-0.010445,0.15432,0.67284,0.17284,200,100,fcr,28,162,10,1,random
2172,OI,12,"2026-07-16 03:50:17",75.9,0.749936,4.60347,4.9091,0.75727272,-0.01121515,1.19107,-0.011274,0.08642,0.82099,0.09259,200,100,fcr,28,162,10,1,random
2173,OI,13,"2026-07-16 03:50:24",82.9,0.751961,4.68174,4.9091,0.73863637,0.01989394,1.30515,0.017977,0.10494,0.80247,0.09259,200,100,fcr,28,162,10,1,random
2174,OI,14,"2026-07-16 03:50:31",90,0.756015,4.74392,4.9091,0.75893939,-0.0024697,1.49543,-0.004222,0.06173,0.89506,0.04321,200,100,fcr,28,162,10,1,random
2175,OI,15,"2026-07-16 03:50:38",97.2,0.756609,4.76546,4.9091,0.76242424,-0.00797879,2.3155,-0.00654,0.05556,0.8642,0.08025,200,100,fcr,28,162,10,1,random
2176,OI,16,"2026-07-16 03:50:45",104.1,0.758352,4.80649,4.9091,0.76818182,-0.01294545,1.5301,-0.012584,0.05556,0.89506,0.04938,200,100,fcr,28,162,10,1,random
2177,OI,17,"2026-07-16 03:50:52",111.2,0.759155,4.81751,4.9091,0.76681818,-0.00901515,2.56476,-0.008859,0.01235,0.94444,0.04321,200,100,fcr,28,162,10,1,random
2178,OI,18,"2026-07-16 03:50:59",118.4,0.7586,4.81599,4.9091,0.76424243,-0.00818182,1.27205,-0.005652,0.03086,0.90741,0.06173,200,100,fcr,28,162,10,1,random
2179,OI,19,"2026-07-16 03:51:06",125.4,0.75927,4.82596,4.9091,0.76606061,-0.00855455,1.56898,-0.007623,0.01852,0.93827,0.04321,200,100,fcr,28,162,10,1,random
2180,OI,20,"2026-07-16 03:51:14",132.7,0.759385,4.83092,4.9091,0.76151515,-0.00211818,1.79775,-0.001391,0.02469,0.95062,0.02469,200,100,fcr,28,162,10,1,random
2181,IR,1,"2026-07-16 03:51:24",5.4,0.563573,2.59232,5.1212,0.63303031,-0.11486364,0.397792,-0.129286,0.55621,0.1716,0.27219,200,100,fcr,28,169,10,1,random
2182,IR,2,"2026-07-16 03:51:29",10.4,0.574218,2.66263,5.0606,0.64727272,-0.12513333,0.42838,-0.135568,0.56287,0.1497,0.28743,200,100,fcr,28,167,10,1,random
2183,IR,3,"2026-07-16 03:51:34",15.4,0.580594,2.71487,4.9394,0.65045454,-0.11858485,0.418131,-0.124788,0.51534,0.19018,0.29448,200,100,fcr,28,163,10,1,random
2184,IR,4,"2026-07-16 03:51:39",20.4,0.591488,2.77388,4.9091,0.66590909,-0.12587576,0.423377,-0.134271,0.48765,0.21605,0.2963,200,100,fcr,28,162,10,1,random
2185,IR,5,"2026-07-16 03:51:45",27.1,0.599821,2.81652,4.9091,0.67166667,-0.12230909,0.431228,-0.126231,0.49383,0.20988,0.2963,200,100,fcr,28,162,10,1,random
2186,IR,6,"2026-07-16 03:51:51",32.2,0.606548,2.85284,4.8182,0.67166667,-0.10543636,0.441679,-0.11209,0.50314,0.18239,0.31447,200,100,fcr,28,159,10,1,random
2187,IR,7,"2026-07-16 03:51:57",39,0.611918,2.89176,4.7273,0.68015151,-0.11286061,0.441408,-0.115397,0.48077,0.20513,0.3141,200,100,fcr,28,156,10,1,random
2188,IR,8,"2026-07-16 03:52:04",45.7,0.617721,2.92772,4.697,0.69287878,-0.11898182,0.463981,-0.12569,0.49032,0.2,0.30968,200,100,fcr,28,155,10,1,random
2189,IR,9,"2026-07-16 03:52:11",52.6,0.621515,2.95647,4.6667,0.7,-0.12708788,0.488542,-0.128155,0.47403,0.2013,0.32468,200,100,fcr,28,154,10,1,random
2190,IR,10,"2026-07-16 03:52:18",59.6,0.626306,2.99642,4.6667,0.69348485,-0.10885455,0.466837,-0.110193,0.48052,0.2013,0.31818,200,100,fcr,28,154,10,1,random
2191,IR,11,"2026-07-16 03:52:25",66.5,0.631609,3.03311,4.6364,0.70030303,-0.11114242,0.492184,-0.11219,0.48366,0.16993,0.34641,200,100,fcr,28,153,10,1,random
2192,IR,12,"2026-07-16 03:52:32",73.4,0.635339,3.0612,4.6364,0.72484848,-0.14299091,0.460504,-0.143314,0.47059,0.19608,0.33333,200,100,fcr,28,153,10,1,random
2193,IR,13,"2026-07-16 03:52:39",80.3,0.639,3.08597,4.6364,0.71833334,-0.12716666,0.492637,-0.126227,0.44444,0.22222,0.33333,200,100,fcr,28,153,10,1,random
2194,IR,14,"2026-07-16 03:52:46",87.4,0.640988,3.09978,4.6364,0.71636364,-0.12054546,0.485749,-0.11813,0.43791,0.24183,0.32026,200,100,fcr,28,153,10,1,random
2195,IR,15,"2026-07-16 03:52:53",94.4,0.646467,3.14062,4.5758,0.71924243,-0.11497879,0.539313,-0.115838,0.43046,0.23841,0.33113,200,100,fcr,28,151,10,1,random
2196,IR,16,"2026-07-16 03:53:00",101.5,0.651936,3.17741,4.5758,0.73454545,-0.13140303,0.532599,-0.130215,0.45033,0.19868,0.35099,200,100,fcr,28,151,10,1,random
2197,IR,17,"2026-07-16 03:53:07",108.5,0.655845,3.20979,4.5758,0.7310606,-0.1205697,0.50748,-0.117142,0.42384,0.24503,0.33113,200,100,fcr,28,151,10,1,random
2198,IR,18,"2026-07-16 03:53:14",115.5,0.661127,3.2535,4.5758,0.73545454,-0.11544848,0.563086,-0.115704,0.41722,0.25828,0.3245,200,100,fcr,28,151,10,1,random
2199,IR,19,"2026-07-16 03:53:21",122.6,0.663709,3.27005,4.5758,0.74121213,-0.11578485,0.581384,-0.117802,0.40397,0.27815,0.31788,200,100,fcr,28,151,10,1,random
2200,IR,20,"2026-07-16 03:53:28",129.6,0.665558,3.28193,4.5758,0.73863636,-0.11179394,0.589679,-0.110317,0.4106,0.27815,0.31126,200,100,fcr,28,151,10,1,random
2201,AGR,1,"2026-07-16 03:53:37",7.8,0.574318,2.71507,5.1212,0.52621212,0.07816364,0.424671,0.0719,0.53846,0.19527,0.26627,200,100,fcr,28,169,10,1,random
2202,AGR,2,"2026-07-16 03:53:45",15.2,0.594542,2.87702,5.1212,0.54621212,0.07805151,0.489578,0.068252,0.50888,0.21302,0.27811,200,100,fcr,28,169,10,1,random
2203,AGR,3,"2026-07-16 03:53:52",22.5,0.610497,3.02924,5.0909,0.56469697,0.06761515,0.496777,0.066014,0.47619,0.2381,0.28571,200,100,fcr,28,168,10,1,random
2204,AGR,4,"2026-07-16 03:54:00",30,0.627721,3.18385,5.0303,0.57681818,0.0788697,0.5249,0.072093,0.45181,0.26506,0.28313,200,100,fcr,28,166,10,1,random
2205,AGR,5,"2026-07-16 03:54:07",37.6,0.641151,3.34775,5,0.58727273,0.08695758,0.549932,0.076533,0.4,0.29697,0.30303,200,100,fcr,28,165,10,1,random
2206,AGR,6,"2026-07-16 03:54:15",45.2,0.654655,3.50063,4.9697,0.60681818,0.06876667,0.553493,0.065715,0.38415,0.31098,0.30488,200,100,fcr,28,164,10,1,random
2207,AGR,7,"2026-07-16 03:54:24",54.6,0.666382,3.63691,4.9697,0.60590909,0.09000606,0.586857,0.084871,0.36585,0.33537,0.29878,200,100,fcr,28,164,10,1,random
2208,AGR,8,"2026-07-16 03:54:34",63.9,0.676112,3.75423,4.9697,0.62333333,0.08264242,0.635449,0.073007,0.34146,0.34756,0.31098,200,100,fcr,28,164,10,1,random
2209,AGR,9,"2026-07-16 03:54:43",73.5,0.687012,3.86248,4.9697,0.63106061,0.08030909,0.6566,0.076144,0.30488,0.39634,0.29878,200,100,fcr,28,164,10,1,random
2210,AGR,10,"2026-07-16 03:54:53",83.5,0.69773,4.01266,4.9697,0.65318182,0.07058788,0.686699,0.058142,0.29268,0.42073,0.28659,200,100,fcr,28,164,10,1,random
2211,AGR,11,"2026-07-16 03:55:03",93.2,0.707394,4.14315,4.9697,0.66393939,0.06410606,0.746845,0.056429,0.23171,0.51829,0.25,200,100,fcr,28,164,10,1,random
2212,AGR,12,"2026-07-16 03:55:13",103,0.713809,4.24364,4.9697,0.65712121,0.08035757,0.796707,0.076668,0.22561,0.54878,0.22561,200,100,fcr,28,164,10,1,random
2213,AGR,13,"2026-07-16 03:55:22",112.9,0.720652,4.33288,4.9697,0.66787879,0.07738485,0.879146,0.070412,0.21341,0.58537,0.20122,200,100,fcr,28,164,10,1,random
2214,AGR,14,"2026-07-16 03:55:32",122.8,0.727933,4.43737,4.9697,0.66621212,0.08590606,0.970272,0.081717,0.18902,0.61585,0.19512,200,100,fcr,28,164,10,1,random
2215,AGR,15,"2026-07-16 03:55:42",132.6,0.73293,4.50774,4.9697,0.66939394,0.09214545,0.961799,0.08437,0.17683,0.68293,0.14024,200,100,fcr,28,164,10,1,random
2216,AGR,16,"2026-07-16 03:55:52",142.6,0.737355,4.58915,4.9697,0.68787879,0.06526061,1.16437,0.065488,0.14024,0.73171,0.12805,200,100,fcr,28,164,10,1,random
2217,AGR,17,"2026-07-16 03:56:02",152.4,0.742494,4.66214,4.9697,0.68166667,0.0866697,1.18713,0.079861,0.11585,0.78659,0.09756,200,100,fcr,28,164,10,1,random
2218,AGR,18,"2026-07-16 03:56:12",162.3,0.744791,4.70612,4.9697,0.69015151,0.0774697,1.2393,0.073132,0.09756,0.81707,0.08537,200,100,fcr,28,164,10,1,random
2219,AGR,19,"2026-07-16 03:56:22",172.3,0.747288,4.75132,4.9394,0.67742424,0.09758485,1.32475,0.092841,0.06135,0.86503,0.07362,200,100,fcr,28,163,10,1,random
2220,AGR,20,"2026-07-16 03:56:32",182.5,0.749391,4.77097,4.9394,0.68757576,0.08763939,1.28143,0.081924,0.06135,0.8589,0.07975,200,100,fcr,28,163,10,1,random
2221,RANDOM,1,"2026-07-16 03:56:43",5,0.551824,2.57594,5.1212,0.54848485,0.00576364,0.384835,0.011909,0.5503,0.17751,0.27219,200,100,fcr,28,169,10,1,random
2222,RANDOM,2,"2026-07-16 03:56:47",9.5,0.55303,2.58909,4.9697,0.55727273,-0.00994242,0.398308,-0.006055,0.54878,0.17683,0.27439,200,100,fcr,28,164,10,1,random
2223,RANDOM,3,"2026-07-16 03:56:52",14,0.547312,2.55596,4.7879,0.54469697,0.00197576,0.394377,0.012639,0.53165,0.18354,0.28481,200,100,fcr,28,158,10,1,random
2224,RANDOM,4,"2026-07-16 03:56:56",18.4,0.547327,2.55129,4.7576,0.54712121,0.00267273,0.389373,0.001871,0.50318,0.21019,0.28662,200,100,fcr,28,157,10,1,random
2225,RANDOM,5,"2026-07-16 03:57:02",24.7,0.549094,2.56152,4.7273,0.55363636,-0.00589091,0.389584,-0.008022,0.50641,0.20513,0.28846,200,100,fcr,28,156,10,1,random
2226,RANDOM,6,"2026-07-16 03:57:07",29.3,0.551351,2.56767,4.697,0.55212121,0.00537273,0.394169,-0.001149,0.50323,0.18065,0.31613,200,100,fcr,28,155,10,1,random
2227,RANDOM,7,"2026-07-16 03:57:13",35.6,0.549015,2.55069,4.6667,0.55272727,-0.00858788,0.348716,-0.002426,0.51299,0.17532,0.31169,200,100,fcr,28,154,10,1,random
2228,RANDOM,8,"2026-07-16 03:57:20",41.9,0.551703,2.55275,4.6061,0.55484849,0.00010909,0.37063,-0.006425,0.51974,0.16447,0.31579,200,100,fcr,28,152,10,1,random
2229,RANDOM,9,"2026-07-16 03:57:26",48.4,0.550273,2.55064,4.5758,0.55833333,-0.0134697,0.370953,-0.011084,0.50993,0.17881,0.31126,200,100,fcr,28,151,10,1,random
2230,RANDOM,10,"2026-07-16 03:57:33",55,0.550282,2.54936,4.5455,0.55318182,-0.00581515,0.381581,-0.003181,0.51333,0.18667,0.3,200,100,fcr,28,150,10,1,random
2231,RANDOM,11,"2026-07-16 03:57:39",61.5,0.550727,2.53855,4.5152,0.55636364,-0.00532121,0.405039,-0.008828,0.51678,0.18792,0.2953,200,100,fcr,28,149,10,1,random
2232,RANDOM,12,"2026-07-16 03:57:46",68.2,0.552248,2.54407,4.4545,0.54878788,0.00174545,0.416324,0.008078,0.51701,0.17687,0.30612,200,100,fcr,28,147,10,1,random
2233,RANDOM,13,"2026-07-16 03:57:52",74.8,0.551073,2.53624,4.4242,0.54818182,0.00127576,0.399506,0.007972,0.50685,0.18493,0.30822,200,100,fcr,28,146,10,1,random
2234,RANDOM,14,"2026-07-16 03:57:59",81.4,0.549627,2.52998,4.4242,0.55560606,-0.00684545,0.39565,-0.007044,0.4863,0.21918,0.29452,200,100,fcr,28,146,10,1,random
2235,RANDOM,15,"2026-07-16 03:58:06",88.1,0.5451,2.50885,4.3939,0.53363636,0.01759091,0.403076,0.027661,0.50345,0.18621,0.31034,200,100,fcr,28,145,10,1,random
2236,RANDOM,16,"2026-07-16 03:58:12",94.6,0.54713,2.52585,4.3939,0.54454545,0.00410303,0.393489,0.005201,0.49655,0.2,0.30345,200,100,fcr,28,145,10,1,random
2237,RANDOM,17,"2026-07-16 03:58:19",101.3,0.546812,2.52529,4.3636,0.54712121,-0.00071515,0.400184,0.002098,0.5,0.1875,0.3125,200,100,fcr,28,144,10,1,random
2238,RANDOM,18,"2026-07-16 03:58:26",108.1,0.544591,2.51725,4.3636,0.54363636,0.00054242,0.393153,0.006686,0.48611,0.20833,0.30556,200,100,fcr,28,144,10,1,random
2239,RANDOM,19,"2026-07-16 03:58:32",114.7,0.542094,2.51056,4.3636,0.54636364,-0.00799091,0.391825,-0.003821,0.46528,0.23611,0.29861,200,100,fcr,28,144,10,1,random
2240,RANDOM,20,"2026-07-16 03:58:39",121.3,0.542415,2.51634,4.3333,0.54787878,-0.00310606,0.403608,-0.008129,0.48252,0.22378,0.29371,200,100,fcr,28,143,10,1,random
2301,OI,1,"2026-07-16 04:19:14",5.4,0.58003,2.74947,5.0303,0.57409091,0.00737879,0.436508,-0.011376,0.50602,0.1988,0.29518,200,100,fcr,29,166,10,1,random
2302,OI,2,"2026-07-16 04:19:19",10.4,0.604845,2.95146,5.0303,0.60636364,-0.00507879,0.470161,-0.020842,0.48193,0.20482,0.31325,200,100,fcr,29,166,10,1,random
2303,OI,3,"2026-07-16 04:19:24",15.3,0.629112,3.15493,5,0.62863636,0.00134242,0.519493,-0.015237,0.43636,0.24242,0.32121,200,100,fcr,29,165,10,1,random
2304,OI,4,"2026-07-16 04:19:28",20.3,0.649385,3.34465,4.9697,0.65348485,-0.00682727,0.55545,-0.019319,0.38415,0.33537,0.28049,200,100,fcr,29,164,10,1,random
2305,OI,5,"2026-07-16 04:19:35",26.9,0.668506,3.54433,4.9697,0.66484848,0.0067697,0.669447,-0.006319,0.32927,0.43293,0.2378,200,100,fcr,29,164,10,1,random
2306,OI,6,"2026-07-16 04:19:40",31.9,0.683879,3.72654,4.9697,0.68257575,0.00163333,0.785244,-0.006366,0.30488,0.41463,0.28049,200,100,fcr,29,164,10,1,random
2307,OI,7,"2026-07-16 04:19:47",38.5,0.698951,3.8753,4.9697,0.7080303,-0.01455758,0.754512,-0.02147,0.29268,0.46951,0.2378,200,100,fcr,29,164,10,1,random
2308,OI,8,"2026-07-16 04:19:53",45.1,0.712779,4.01828,4.9697,0.72090909,-0.01264545,0.875109,-0.01884,0.2622,0.4878,0.25,200,100,fcr,29,164,10,1,random
2309,OI,9,"2026-07-16 04:20:00",52.1,0.725161,4.16035,4.9697,0.7419697,-0.0242,0.900005,-0.029101,0.2378,0.5,0.2622,200,100,fcr,29,164,10,1,random
2310,OI,10,"2026-07-16 04:20:09",60.4,0.734636,4.29531,4.9697,0.73909091,-0.0061303,0.862081,-0.010705,0.20122,0.62805,0.17073,200,100,fcr,29,164,10,1,random
2311,OI,11,"2026-07-16 04:20:16",68,0.742536,4.42021,4.9697,0.75151516,-0.01235455,1.1431,-0.015444,0.17073,0.67073,0.15854,200,100,fcr,29,164,10,1,random
2312,OI,12,"2026-07-16 04:20:23",75.1,0.749194,4.56984,4.9697,0.74621213,0.00428485,1.18587,0.001595,0.14024,0.70122,0.15854,200,100,fcr,29,164,10,1,random
2313,OI,13,"2026-07-16 04:20:30",82.2,0.754852,4.69162,4.9697,0.75621212,-0.00143939,1.20305,-0.003694,0.11585,0.7622,0.12195,200,100,fcr,29,164,10,1,random
2314,OI,14,"2026-07-16 04:20:37",89.2,0.758055,4.77608,4.9697,0.76333333,-0.00451818,1.38702,-0.007526,0.09146,0.85366,0.05488,200,100,fcr,29,164,10,1,random
2315,OI,15,"2026-07-16 04:20:44",96.1,0.759788,4.80468,4.9697,0.7580303,0.00087879,2.48323,0.003011,0.06098,0.86585,0.07317,200,100,fcr,29,164,10,1,random
2316,OI,16,"2026-07-16 04:20:51",103.1,0.762045,4.86084,4.9697,0.77166666,-0.01315455,1.57682,-0.012557,0.03659,0.91463,0.04878,200,100,fcr,29,164,10,1,random
2317,OI,17,"2026-07-16 04:20:58",110.1,0.762706,4.87561,4.9697,0.76,0.00112121,1.89814,0.004762,0.01829,0.94512,0.03659,200,100,fcr,29,164,10,1,random
2318,OI,18,"2026-07-16 04:21:05",117.1,0.761967,4.87288,4.9697,0.75151515,0.01438788,1.62102,0.015615,0.02439,0.92073,0.05488,200,100,fcr,29,164,10,1,random
2319,OI,19,"2026-07-16 04:21:12",124,0.762803,4.88949,4.9697,0.76287879,0.0025,1.50986,0.001268,0.01829,0.96341,0.01829,200,100,fcr,29,164,10,1,random
2320,OI,20,"2026-07-16 04:21:19",131.1,0.762403,4.88538,4.9697,0.77212121,-0.01424848,1.68814,-0.011426,0.0061,0.95122,0.04268,200,100,fcr,29,164,10,1,random
2321,IR,1,"2026-07-16 04:21:29",5.2,0.562715,2.60164,5.0303,0.62863636,-0.10967879,0.387938,-0.126983,0.54217,0.16867,0.28916,200,100,fcr,29,166,10,1,random
2322,IR,2,"2026-07-16 04:21:33",10,0.573606,2.65961,4.9697,0.64878788,-0.12972727,0.40585,-0.140465,0.54268,0.17073,0.28659,200,100,fcr,29,164,10,1,random
2323,IR,3,"2026-07-16 04:21:38",14.9,0.582533,2.70007,4.9697,0.65227273,-0.11833939,0.430643,-0.126518,0.53659,0.17073,0.29268,200,100,fcr,29,164,10,1,random
2324,IR,4,"2026-07-16 04:21:43",19.6,0.588215,2.73176,4.9394,0.65969697,-0.11817576,0.435824,-0.125405,0.52761,0.18405,0.28834,200,100,fcr,29,163,10,1,random
2325,IR,5,"2026-07-16 04:21:49",26.2,0.594912,2.78408,4.9091,0.66742424,-0.12068485,0.44844,-0.126509,0.51235,0.18519,0.30247,200,100,fcr,29,162,10,1,random
2326,IR,6,"2026-07-16 04:21:54",31.1,0.6012,2.83429,4.8788,0.675,-0.12389697,0.435242,-0.127069,0.51553,0.17391,0.31056,200,100,fcr,29,161,10,1,random
2327,IR,7,"2026-07-16 04:22:01",37.6,0.609052,2.87678,4.8788,0.67848485,-0.11689091,0.449227,-0.11975,0.52174,0.15528,0.32298,200,100,fcr,29,161,10,1,random
2328,IR,8,"2026-07-16 04:22:07",44.2,0.614249,2.90102,4.8788,0.68954546,-0.12122424,0.440793,-0.125792,0.50311,0.16149,0.3354,200,100,fcr,29,161,10,1,random
2329,IR,9,"2026-07-16 04:22:14",50.8,0.618285,2.93263,4.8182,0.68090909,-0.09670909,0.411089,-0.103689,0.47799,0.18868,0.33333,200,100,fcr,29,159,10,1,random
2330,IR,10,"2026-07-16 04:22:21",57.7,0.62597,3.00597,4.7879,0.69424242,-0.10807879,0.436395,-0.113885,0.48101,0.18987,0.32911,200,100,fcr,29,158,10,1,random
2331,IR,11,"2026-07-16 04:22:28",64.5,0.629273,3.03794,4.7576,0.70333333,-0.11737273,0.468308,-0.119334,0.44586,0.22293,0.33121,200,100,fcr,29,157,10,1,random
2332,IR,12,"2026-07-16 04:22:35",71.3,0.632218,3.06477,4.7273,0.71136363,-0.12806667,0.469722,-0.125946,0.46795,0.19872,0.33333,200,100,fcr,29,156,10,1,random
2333,IR,13,"2026-07-16 04:22:41",78.1,0.634327,3.06882,4.7273,0.70712122,-0.11662121,0.483972,-0.115445,0.45513,0.21795,0.32692,200,100,fcr,29,156,10,1,random
2334,IR,14,"2026-07-16 04:22:48",84.9,0.636579,3.09124,4.7273,0.70818181,-0.11297879,0.485884,-0.113217,0.44872,0.21154,0.33974,200,100,fcr,29,156,10,1,random
2335,IR,15,"2026-07-16 04:22:55",91.8,0.640876,3.13172,4.697,0.72181818,-0.12843636,0.480676,-0.129159,0.43871,0.21935,0.34194,200,100,fcr,29,155,10,1,random
2336,IR,16,"2026-07-16 04:23:02",98.7,0.64633,3.17195,4.697,0.72636364,-0.12626061,0.487103,-0.127645,0.42581,0.25161,0.32258,200,100,fcr,29,155,10,1,random
2337,IR,17,"2026-07-16 04:23:09",105.6,0.649815,3.2072,4.6667,0.72651515,-0.11941818,0.532573,-0.119909,0.42208,0.24675,0.33117,200,100,fcr,29,154,10,1,random
2338,IR,18,"2026-07-16 04:23:16",112.4,0.650382,3.20436,4.6667,0.72378788,-0.11542424,0.525313,-0.112318,0.42208,0.25325,0.32468,200,100,fcr,29,154,10,1,random
2339,IR,19,"2026-07-16 04:23:23",119.3,0.652691,3.22589,4.6667,0.7269697,-0.11645758,0.553423,-0.114776,0.41558,0.26623,0.31818,200,100,fcr,29,154,10,1,random
2340,IR,20,"2026-07-16 04:23:30",126.4,0.655458,3.24791,4.6667,0.73212121,-0.11661212,0.549393,-0.118092,0.3961,0.26623,0.33766,200,100,fcr,29,154,10,1,random
2341,AGR,1,"2026-07-16 04:23:39",8,0.574209,2.70842,5,0.52651515,0.08116667,0.411198,0.067674,0.50303,0.20606,0.29091,200,100,fcr,29,165,10,1,random
2342,AGR,2,"2026-07-16 04:23:46",15.5,0.592888,2.86458,4.9697,0.53939394,0.07939394,0.437284,0.078704,0.48171,0.22561,0.29268,200,100,fcr,29,164,10,1,random
2343,AGR,3,"2026-07-16 04:23:54",23.2,0.609927,3.02332,4.9091,0.56151515,0.07781515,0.4697,0.069957,0.44444,0.24074,0.31481,200,100,fcr,29,162,10,1,random
2344,AGR,4,"2026-07-16 04:24:02",30.8,0.62597,3.19634,4.9091,0.57272727,0.08536061,0.481599,0.075273,0.42593,0.25926,0.31481,200,100,fcr,29,162,10,1,random
2345,AGR,5,"2026-07-16 04:24:11",40.3,0.64073,3.34708,4.8788,0.59666667,0.06863636,0.513641,0.060204,0.40373,0.2795,0.31677,200,100,fcr,29,161,10,1,random
2346,AGR,6,"2026-07-16 04:24:19",48.2,0.655233,3.50918,4.8485,0.60818182,0.07638485,0.558657,0.063056,0.38125,0.3,0.31875,200,100,fcr,29,160,10,1,random
2347,AGR,7,"2026-07-16 04:24:28",57.6,0.667139,3.643,4.8485,0.61439394,0.08002727,0.619707,0.072946,0.35625,0.325,0.31875,200,100,fcr,29,160,10,1,random
2348,AGR,8,"2026-07-16 04:24:38",67.1,0.676767,3.76132,4.8182,0.61818182,0.08901515,0.647623,0.082039,0.32704,0.38994,0.28302,200,100,fcr,29,159,10,1,random
2349,AGR,9,"2026-07-16 04:24:48",77.1,0.688088,3.88861,4.8182,0.63378788,0.07980909,0.775483,0.072673,0.28931,0.42767,0.28302,200,100,fcr,29,159,10,1,random
2350,AGR,10,"2026-07-16 04:24:58",86.8,0.698203,4.00961,4.7879,0.65121212,0.07053939,0.775063,0.062102,0.23418,0.51266,0.25316,200,100,fcr,29,158,10,1,random
2351,AGR,11,"2026-07-16 04:25:07",96.5,0.705309,4.10564,4.7879,0.64818182,0.08198182,0.808689,0.077693,0.22152,0.53797,0.24051,200,100,fcr,29,158,10,1,random
2352,AGR,12,"2026-07-16 04:25:17",106.6,0.713121,4.19998,4.7879,0.65787879,0.08013636,0.865242,0.073785,0.1962,0.59494,0.20886,200,100,fcr,29,158,10,1,random
2353,AGR,13,"2026-07-16 04:25:27",116.4,0.720849,4.29677,4.7879,0.66924242,0.07585455,0.950947,0.067881,0.17089,0.66456,0.16456,200,100,fcr,29,158,10,1,random
2354,AGR,14,"2026-07-16 04:25:37",126.4,0.726027,4.37045,4.7879,0.66333333,0.09069697,1.05931,0.084063,0.13924,0.72152,0.13924,200,100,fcr,29,158,10,1,random
2355,AGR,15,"2026-07-16 04:25:47",136.2,0.730667,4.43167,4.7879,0.66666666,0.09074242,1.05751,0.085549,0.12658,0.74051,0.13291,200,100,fcr,29,158,10,1,random
2356,AGR,16,"2026-07-16 04:25:57",146.4,0.734315,4.48456,4.7879,0.67439394,0.08769091,1.07372,0.080459,0.11392,0.79747,0.08861,200,100,fcr,29,158,10,1,random
2357,AGR,17,"2026-07-16 04:26:07",156.6,0.7376,4.5324,4.7879,0.68560606,0.07445152,1.3245,0.069338,0.11392,0.79747,0.08861,200,100,fcr,29,158,10,1,random
2358,AGR,18,"2026-07-16 04:26:17",166.5,0.740418,4.56818,4.7879,0.67515151,0.09452424,1.37614,0.087406,0.08228,0.81646,0.10127,200,100,fcr,29,158,10,1,random
2359,AGR,19,"2026-07-16 04:26:28",176.9,0.742736,4.60502,4.7879,0.69030303,0.07299394,1.18464,0.069963,0.07595,0.86076,0.06329,200,100,fcr,29,158,10,1,random
2360,AGR,20,"2026-07-16 04:26:38",187,0.744306,4.63768,4.7879,0.68560606,0.08514849,1.45762,0.078713,0.05063,0.89873,0.05063,200,100,fcr,29,158,10,1,random
2361,RANDOM,1,"2026-07-16 04:26:50",4.9,0.546888,2.5136,5.0303,0.55681818,-0.01791212,0.365573,-0.011919,0.56627,0.14458,0.28916,200,100,fcr,29,166,10,1,random
2362,RANDOM,2,"2026-07-16 04:26:55",9.4,0.545355,2.50257,4.8788,0.54833333,-0.00751212,0.370002,-0.001863,0.54658,0.18012,0.27329,200,100,fcr,29,161,10,1,random
2363,RANDOM,3,"2026-07-16 04:26:59",13.9,0.542409,2.47953,4.8485,0.54363636,-0.00204242,0.393749,0.002597,0.55625,0.15625,0.2875,200,100,fcr,29,160,10,1,random
2364,RANDOM,4,"2026-07-16 04:27:04",18.5,0.541103,2.4793,4.8182,0.5469697,-0.00923939,0.373522,-0.007637,0.53459,0.1761,0.28931,200,100,fcr,29,159,10,1,random
2365,RANDOM,5,"2026-07-16 04:27:10",24.8,0.539945,2.46669,4.8182,0.54515152,-0.00837576,0.367022,-0.006099,0.53459,0.1761,0.28931,200,100,fcr,29,159,10,1,random
2366,RANDOM,6,"2026-07-16 04:27:15",29.4,0.541958,2.47774,4.7576,0.54469697,-0.00155758,0.373289,-0.003362,0.52866,0.18471,0.28662,200,100,fcr,29,157,10,1,random
2367,RANDOM,7,"2026-07-16 04:27:21",35.8,0.544245,2.49344,4.7273,0.54893939,-0.00832727,0.385598,-0.00753,0.51923,0.19872,0.28205,200,100,fcr,29,156,10,1,random
2368,RANDOM,8,"2026-07-16 04:27:28",42.2,0.540979,2.4584,4.7273,0.53939394,0.00583333,0.383574,0.008681,0.53205,0.1859,0.28205,200,100,fcr,29,156,10,1,random
2369,RANDOM,9,"2026-07-16 04:27:34",48.8,0.537412,2.4511,4.6364,0.53545455,0.00351212,0.385423,0.009827,0.54902,0.15686,0.29412,200,100,fcr,29,153,10,1,random
2370,RANDOM,10,"2026-07-16 04:27:41",55.5,0.539764,2.47031,4.6364,0.55348484,-0.02069394,0.384647,-0.024582,0.54902,0.15686,0.29412,200,100,fcr,29,153,10,1,random
2371,RANDOM,11,"2026-07-16 04:27:48",62.1,0.541048,2.47382,4.5455,0.53681818,0.00711212,0.387956,0.008788,0.54667,0.16,0.29333,200,100,fcr,29,150,10,1,random
2372,RANDOM,12,"2026-07-16 04:27:54",68.9,0.538021,2.45268,4.5152,0.55060606,-0.02552121,0.392494,-0.01773,0.55034,0.15436,0.2953,200,100,fcr,29,149,10,1,random
2373,RANDOM,13,"2026-07-16 04:28:01",75.5,0.536827,2.4349,4.4545,0.53924242,-0.00418788,0.392387,-0.00035,0.53741,0.16327,0.29932,200,100,fcr,29,147,10,1,random
2374,RANDOM,14,"2026-07-16 04:28:08",82.1,0.53623,2.42857,4.4242,0.54984849,-0.01972424,0.394208,-0.022271,0.5274,0.17808,0.29452,200,100,fcr,29,146,10,1,random
2375,RANDOM,15,"2026-07-16 04:28:14",88.6,0.534524,2.40395,4.4242,0.53636363,-0.00299697,0.400468,0.000505,0.5411,0.15753,0.30137,200,100,fcr,29,146,10,1,random
2376,RANDOM,16,"2026-07-16 04:28:21",95.2,0.536082,2.41883,4.3636,0.54318182,-0.01386364,0.396414,-0.011803,0.51389,0.19444,0.29167,200,100,fcr,29,144,10,1,random
2377,RANDOM,17,"2026-07-16 04:28:27",101.9,0.533539,2.42067,4.3333,0.53348485,0.00149091,0.403753,0.004377,0.52448,0.18182,0.29371,200,100,fcr,29,143,10,1,random
2378,RANDOM,18,"2026-07-16 04:28:34",108.7,0.535255,2.43186,4.303,0.54242424,-0.0130697,0.410835,-0.012809,0.52817,0.16901,0.30282,200,100,fcr,29,142,10,1,random
2379,RANDOM,19,"2026-07-16 04:28:41",115.4,0.535027,2.42245,4.303,0.53454545,-0.00031818,0.406258,0.003189,0.52113,0.17606,0.30282,200,100,fcr,29,142,10,1,random
2380,RANDOM,20,"2026-07-16 04:28:48",122.1,0.532873,2.41294,4.303,0.52863636,0.00466667,0.396615,0.012502,0.54225,0.14085,0.3169,200,100,fcr,29,142,10,1,random
2400,OI,1,"2026-07-16 04:39:14",4.7,0.584152,2.75561,4.8788,0.58151515,0.0012697,0.469691,-0.017754,0.50932,0.18634,0.30435,200,100,fcr,30,161,10,1,random
2401,OI,2,"2026-07-16 04:39:19",9.1,0.611415,2.97437,4.8788,0.60590909,0.00375152,0.486848,-0.009742,0.4472,0.24845,0.30435,200,100,fcr,30,161,10,1,random
2402,OI,3,"2026-07-16 04:39:23",13.3,0.638382,3.20936,4.8182,0.63803031,0.00039697,0.538379,-0.017924,0.38994,0.33333,0.27673,200,100,fcr,30,159,10,1,random
2403,OI,4,"2026-07-16 04:39:27",17.6,0.659267,3.40583,4.7879,0.66393939,-0.00865758,0.673659,-0.020296,0.35443,0.38608,0.25949,200,100,fcr,30,158,10,1,random
2404,OI,5,"2026-07-16 04:39:33",23.5,0.677388,3.58762,4.7879,0.67924242,0.0007303,0.749187,-0.013947,0.31013,0.42405,0.26582,200,100,fcr,30,158,10,1,random
2405,OI,6,"2026-07-16 04:39:37",27.9,0.694315,3.75725,4.7879,0.70045455,-0.00922424,0.777724,-0.018507,0.28481,0.47468,0.24051,200,100,fcr,30,158,10,1,random
2406,OI,7,"2026-07-16 04:39:43",34,0.708042,3.91207,4.7879,0.70878788,-0.00012424,0.872623,-0.008466,0.25316,0.50633,0.24051,200,100,fcr,30,158,10,1,random
2407,OI,8,"2026-07-16 04:39:50",40.1,0.720664,4.07009,4.7879,0.72878788,-0.01023636,0.937965,-0.017787,0.22785,0.56329,0.20886,200,100,fcr,30,158,10,1,random
2408,OI,9,"2026-07-16 04:39:56",46.5,0.731782,4.21535,4.7879,0.73333334,-0.00434242,1.05775,-0.007373,0.16456,0.63924,0.1962,200,100,fcr,30,158,10,1,random
2409,OI,10,"2026-07-16 04:40:03",53,0.739906,4.34129,4.7879,0.73909091,0.00174545,1.01237,-0.002429,0.16456,0.65823,0.17722,200,100,fcr,30,158,10,1,random
2410,OI,11,"2026-07-16 04:40:10",60.5,0.746179,4.45741,4.7879,0.75454545,-0.01176061,1.14665,-0.013573,0.12658,0.74684,0.12658,200,100,fcr,30,158,10,1,random
2411,OI,12,"2026-07-16 04:40:16",67,0.750764,4.54493,4.7879,0.75878788,-0.01054242,1.32844,-0.011956,0.10127,0.82278,0.07595,200,100,fcr,30,158,10,1,random
2412,OI,13,"2026-07-16 04:40:23",73.3,0.753403,4.59878,4.7879,0.75242424,0.00095758,1.94241,0.001471,0.06329,0.83544,0.10127,200,100,fcr,30,158,10,1,random
2413,OI,14,"2026-07-16 04:40:29",79.7,0.754752,4.6537,4.7879,0.75242424,0.00295455,1.27044,0.003828,0.06329,0.91139,0.02532,200,100,fcr,30,158,10,1,random
2414,OI,15,"2026-07-16 04:40:35",86,0.755548,4.67979,4.7879,0.75454545,0.00212121,2.82992,0.002218,0.02532,0.91772,0.05696,200,100,fcr,30,158,10,1,random
2415,OI,16,"2026-07-16 04:40:42",92.3,0.756812,4.69799,4.7879,0.7639394,-0.00929394,1.21654,-0.008631,0.02532,0.93671,0.03797,200,100,fcr,30,158,10,1,random
2416,OI,17,"2026-07-16 04:40:48",98.7,0.756855,4.70647,4.7879,0.75621212,-0.00049394,2.00819,0.002155,0.01899,0.94937,0.03165,200,100,fcr,30,158,10,1,random
2417,OI,18,"2026-07-16 04:40:55",105.1,0.756973,4.70436,4.7879,0.76984848,-0.0154697,1.63991,-0.015311,0.02532,0.96835,0.00633,200,100,fcr,30,158,10,1,random
2418,OI,19,"2026-07-16 04:41:01",111.5,0.756248,4.68778,4.7879,0.75575758,0.00075152,2.13099,0.001731,0.02532,0.91139,0.06329,200,100,fcr,30,158,10,1,random
2419,OI,20,"2026-07-16 04:41:07",117.9,0.757133,4.71126,4.7879,0.76848485,-0.0173303,1.42269,-0.013958,0.03165,0.93038,0.03797,200,100,fcr,30,158,10,1,random
2420,IR,1,"2026-07-16 04:41:17",5.5,0.563164,2.60474,4.9091,0.62984848,-0.11498788,0.412414,-0.126276,0.53086,0.19136,0.27778,200,100,fcr,30,162,10,1,random
2421,IR,2,"2026-07-16 04:41:22",10.5,0.573997,2.65023,4.8485,0.6369697,-0.10753939,0.428276,-0.118116,0.51875,0.1875,0.29375,200,100,fcr,30,160,10,1,random
2422,IR,3,"2026-07-16 04:41:27",15.6,0.585442,2.70854,4.7879,0.65106061,-0.10937576,0.424554,-0.121405,0.51899,0.17722,0.3038,200,100,fcr,30,158,10,1,random
2423,IR,4,"2026-07-16 04:41:32",20.6,0.590439,2.74038,4.6667,0.66090909,-0.1219697,0.426182,-0.122751,0.51948,0.16883,0.31169,200,100,fcr,30,154,10,1,random
2424,IR,5,"2026-07-16 04:41:39",27.4,0.599833,2.79291,4.6364,0.67378788,-0.12561212,0.44172,-0.130584,0.49673,0.18301,0.32026,200,100,fcr,30,153,10,1,random
2425,IR,6,"2026-07-16 04:41:44",32.5,0.602064,2.80482,4.6061,0.67424242,-0.12169091,0.43139,-0.120347,0.48684,0.19737,0.31579,200,100,fcr,30,152,10,1,random
2426,IR,7,"2026-07-16 04:41:51",39.3,0.608582,2.85151,4.5758,0.69121212,-0.13609091,0.456498,-0.140352,0.48344,0.19868,0.31788,200,100,fcr,30,151,10,1,random
2427,IR,8,"2026-07-16 04:41:58",46,0.614224,2.88536,4.5455,0.68772727,-0.12265455,0.46104,-0.123481,0.48,0.20667,0.31333,200,100,fcr,30,150,10,1,random
2428,IR,9,"2026-07-16 04:42:05",53,0.618506,2.90614,4.5455,0.6960606,-0.12507879,0.491768,-0.127693,0.46,0.20667,0.33333,200,100,fcr,30,150,10,1,random
2429,IR,10,"2026-07-16 04:42:11",60,0.621927,2.91921,4.5152,0.7030303,-0.13451515,0.45137,-0.132035,0.45638,0.20134,0.34228,200,100,fcr,30,149,10,1,random
2430,IR,11,"2026-07-16 04:42:19",67.1,0.626485,2.94659,4.5152,0.69833333,-0.11678788,0.454336,-0.117383,0.43624,0.2349,0.32886,200,100,fcr,30,149,10,1,random
2431,IR,12,"2026-07-16 04:42:26",74.2,0.629924,2.97904,4.5152,0.70515152,-0.12070909,0.486856,-0.121205,0.44295,0.2349,0.32215,200,100,fcr,30,149,10,1,random
2432,IR,13,"2026-07-16 04:42:33",81.1,0.633155,2.99595,4.4848,0.71484848,-0.1308303,0.511642,-0.130876,0.42568,0.25,0.32432,200,100,fcr,30,148,10,1,random
2433,IR,14,"2026-07-16 04:42:40",88.1,0.637379,3.01962,4.4545,0.7080303,-0.11395152,0.519905,-0.113396,0.43537,0.22449,0.34014,200,100,fcr,30,147,10,1,random
2434,IR,15,"2026-07-16 04:42:47",95.2,0.642506,3.07638,4.4242,0.72030303,-0.12410303,0.509482,-0.124486,0.41781,0.23973,0.34247,200,100,fcr,30,146,10,1,random
2435,IR,16,"2026-07-16 04:42:54",102.2,0.647297,3.12077,4.4242,0.72227272,-0.11551515,0.509263,-0.119017,0.41096,0.23288,0.35616,200,100,fcr,30,146,10,1,random
2436,IR,17,"2026-07-16 04:43:01",109.2,0.650558,3.1528,4.4242,0.73166667,-0.12541818,0.501872,-0.126443,0.40411,0.25342,0.34247,200,100,fcr,30,146,10,1,random
2437,IR,18,"2026-07-16 04:43:08",116.3,0.652212,3.15727,4.3939,0.72924243,-0.11779394,0.538556,-0.118605,0.3931,0.28276,0.32414,200,100,fcr,30,145,10,1,random
2438,IR,19,"2026-07-16 04:43:15",123.3,0.653345,3.16472,4.3636,0.72818181,-0.11579091,0.569675,-0.114154,0.39583,0.28472,0.31944,200,100,fcr,30,144,10,1,random
2439,IR,20,"2026-07-16 04:43:22",130.3,0.655879,3.17945,4.3636,0.72878788,-0.11195758,0.592691,-0.112193,0.36806,0.31944,0.3125,200,100,fcr,30,144,10,1,random
2440,AGR,1,"2026-07-16 04:43:32",7.1,0.573027,2.70667,4.9394,0.53848485,0.05337879,0.435702,0.047816,0.52147,0.19018,0.28834,200,100,fcr,30,163,10,1,random
2441,AGR,2,"2026-07-16 04:43:39",13.8,0.590345,2.84888,4.8788,0.55666666,0.05274242,0.449902,0.046643,0.49068,0.21118,0.29814,200,100,fcr,30,161,10,1,random
2442,AGR,3,"2026-07-16 04:43:46",20.5,0.605748,3.0065,4.8485,0.55939393,0.07226667,0.470971,0.067907,0.475,0.20625,0.31875,200,100,fcr,30,160,10,1,random
2443,AGR,4,"2026-07-16 04:43:53",27.2,0.62477,3.17189,4.8485,0.57530303,0.07540303,0.491993,0.067721,0.4375,0.2375,0.325,200,100,fcr,30,160,10,1,random
2444,AGR,5,"2026-07-16 04:44:01",35.8,0.639176,3.33347,4.7879,0.59696969,0.06440909,0.521699,0.05821,0.41772,0.27215,0.31013,200,100,fcr,30,158,10,1,random
2445,AGR,6,"2026-07-16 04:44:08",42.7,0.649027,3.46702,4.7879,0.59606061,0.07818485,0.583567,0.076583,0.36709,0.31646,0.31646,200,100,fcr,30,158,10,1,random
2446,AGR,7,"2026-07-16 04:44:16",51.2,0.661345,3.61761,4.7879,0.61712121,0.06774242,0.599261,0.060165,0.34177,0.35443,0.3038,200,100,fcr,30,158,10,1,random
2447,AGR,8,"2026-07-16 04:44:25",59.8,0.671742,3.73206,4.7879,0.62363636,0.0727,0.631592,0.066109,0.32278,0.37975,0.29747,200,100,fcr,30,158,10,1,random
2448,AGR,9,"2026-07-16 04:44:34",68.7,0.682864,3.84148,4.7879,0.63348485,0.07271818,0.677732,0.066518,0.29747,0.42405,0.27848,200,100,fcr,30,158,10,1,random
2449,AGR,10,"2026-07-16 04:44:43",77.7,0.692476,3.96362,4.7879,0.64030303,0.07200303,0.729157,0.070687,0.29747,0.43038,0.27215,200,100,fcr,30,158,10,1,random
2450,AGR,11,"2026-07-16 04:44:52",86.5,0.702536,4.06708,4.7879,0.65212121,0.06962424,0.812752,0.066392,0.24684,0.51266,0.24051,200,100,fcr,30,158,10,1,random
2451,AGR,12,"2026-07-16 04:45:01",95.5,0.710555,4.16973,4.7879,0.65909091,0.07395454,0.879669,0.068639,0.22785,0.55696,0.21519,200,100,fcr,30,158,10,1,random
2452,AGR,13,"2026-07-16 04:45:10",104.3,0.716952,4.25836,4.7879,0.66621212,0.07447273,0.964421,0.068116,0.20886,0.60127,0.18987,200,100,fcr,30,158,10,1,random
2453,AGR,14,"2026-07-16 04:45:19",113.2,0.723509,4.36057,4.7879,0.66969697,0.07874849,1.10797,0.071882,0.17722,0.67089,0.1519,200,100,fcr,30,158,10,1,random
2454,AGR,15,"2026-07-16 04:45:27",122.2,0.727615,4.42649,4.7879,0.67212121,0.07924546,1.17782,0.074498,0.1519,0.70253,0.14557,200,100,fcr,30,158,10,1,random
2455,AGR,16,"2026-07-16 04:45:36",131.2,0.732388,4.50348,4.7879,0.68803031,0.06106061,1.15457,0.058778,0.11392,0.77215,0.11392,200,100,fcr,30,158,10,1,random
2456,AGR,17,"2026-07-16 04:45:46",140.2,0.735527,4.54809,4.7879,0.6730303,0.08822424,1.15446,0.083779,0.06962,0.81646,0.11392,200,100,fcr,30,158,10,1,random
2457,AGR,18,"2026-07-16 04:45:55",149.2,0.738894,4.5851,4.7879,0.67939394,0.07987879,1.03908,0.079566,0.08228,0.84177,0.07595,200,100,fcr,30,158,10,1,random
2458,AGR,19,"2026-07-16 04:46:04",158.2,0.742203,4.60726,4.7879,0.68075758,0.09028485,1.25663,0.081923,0.06962,0.86076,0.06962,200,100,fcr,30,158,10,1,random
2459,AGR,20,"2026-07-16 04:46:13",167.2,0.744618,4.64597,4.7879,0.69030303,0.0729,1.38106,0.072593,0.05063,0.90506,0.0443,200,100,fcr,30,158,10,1,random
2460,RANDOM,1,"2026-07-16 04:46:21",4.9,0.553936,2.55429,4.9091,0.55787878,-0.00580303,0.400869,-0.005473,0.53704,0.16667,0.2963,200,100,fcr,30,162,10,1,random
2461,RANDOM,2,"2026-07-16 04:46:26",9.5,0.556139,2.55072,4.8485,0.56727273,-0.01909091,0.376764,-0.019595,0.525,0.18125,0.29375,200,100,fcr,30,160,10,1,random
2462,RANDOM,3,"2026-07-16 04:46:30",13.9,0.554512,2.54886,4.697,0.55696969,-0.00555455,0.386887,-0.000556,0.54194,0.18065,0.27742,200,100,fcr,30,155,10,1,random
2463,RANDOM,4,"2026-07-16 04:46:35",18.4,0.557239,2.56875,4.6667,0.54818182,0.01514848,0.435804,0.016428,0.52597,0.17532,0.2987,200,100,fcr,30,154,10,1,random
2464,RANDOM,5,"2026-07-16 04:46:41",24.6,0.551521,2.54363,4.6667,0.55469697,-0.00422424,0.392052,0.002094,0.53896,0.18182,0.27922,200,100,fcr,30,154,10,1,random
2465,RANDOM,6,"2026-07-16 04:46:46",29.4,0.549609,2.53559,4.6061,0.55712122,-0.01641515,0.423723,-0.009736,0.51974,0.19737,0.28289,200,100,fcr,30,152,10,1,random
2466,RANDOM,7,"2026-07-16 04:46:52",35.5,0.547279,2.5182,4.6061,0.55257576,-0.01164242,0.414796,-0.005551,0.52632,0.19737,0.27632,200,100,fcr,30,152,10,1,random
2467,RANDOM,8,"2026-07-16 04:46:58",41.7,0.548536,2.51174,4.6061,0.53984849,0.01617879,0.429735,0.016826,0.53947,0.17763,0.28289,200,100,fcr,30,152,10,1,random
2468,RANDOM,9,"2026-07-16 04:47:05",48.1,0.547755,2.50064,4.5758,0.54924242,-0.00419394,0.418805,-0.000294,0.51656,0.2053,0.27815,200,100,fcr,30,151,10,1,random
2469,RANDOM,10,"2026-07-16 04:47:11",54.4,0.546958,2.50511,4.4848,0.54878788,-0.0026,0.421499,0.000012,0.51351,0.19595,0.29054,200,100,fcr,30,148,10,1,random
2470,RANDOM,11,"2026-07-16 04:47:17",60.9,0.54797,2.50741,4.4848,0.54833333,-0.00273333,0.41698,0.000494,0.51351,0.18919,0.2973,200,100,fcr,30,148,10,1,random
2471,RANDOM,12,"2026-07-16 04:47:24",67.4,0.545342,2.50865,4.4545,0.54681818,-0.00268485,0.401711,0.002544,0.51701,0.20408,0.27891,200,100,fcr,30,147,10,1,random
2472,RANDOM,13,"2026-07-16 04:47:30",73.7,0.546236,2.51887,4.3939,0.55272727,-0.01067273,0.464716,-0.01051,0.52414,0.18621,0.28966,200,100,fcr,30,145,10,1,random
2473,RANDOM,14,"2026-07-16 04:47:37",80.2,0.544579,2.50078,4.3939,0.55272727,-0.01784545,0.457422,-0.00999,0.52414,0.17241,0.30345,200,100,fcr,30,145,10,1,random
2474,RANDOM,15,"2026-07-16 04:47:43",86.6,0.544279,2.48715,4.3939,0.5369697,0.01432424,0.418885,0.015578,0.53793,0.15862,0.30345,200,100,fcr,30,145,10,1,random
2475,RANDOM,16,"2026-07-16 04:47:50",93,0.546821,2.49566,4.3636,0.5369697,0.02049394,0.429494,0.017698,0.5,0.20833,0.29167,200,100,fcr,30,144,10,1,random
2476,RANDOM,17,"2026-07-16 04:47:56",99.4,0.546033,2.49517,4.303,0.54424242,-0.00246061,0.435556,0.006035,0.51408,0.20423,0.28169,200,100,fcr,30,142,10,1,random
2477,RANDOM,18,"2026-07-16 04:48:02",105.9,0.549285,2.51328,4.2727,0.54409091,0.01269091,0.475733,0.008448,0.49645,0.21277,0.29078,200,100,fcr,30,141,10,1,random
2478,RANDOM,19,"2026-07-16 04:48:09",112.4,0.551997,2.51561,4.2727,0.54848485,0.00841212,0.457617,0.007245,0.52482,0.1773,0.29787,200,100,fcr,30,141,10,1,random
2479,RANDOM,20,"2026-07-16 04:48:16",119.1,0.548755,2.49049,4.2727,0.55227272,-0.00763333,0.451501,-0.000746,0.52482,0.17021,0.30496,200,100,fcr,30,141,10,1,random
2480,OI,1,"2026-07-16 04:48:50",5.5,0.581067,2.74433,5,0.58212121,-0.00376667,0.441951,-0.024488,0.50303,0.18788,0.30909,200,100,fcr,31,165,10,1,random
2481,OI,2,"2026-07-16 04:48:55",10.3,0.608727,2.96592,4.9697,0.62121212,-0.02060303,0.436961,-0.041149,0.44512,0.2561,0.29878,200,100,fcr,31,164,10,1,random
2482,OI,3,"2026-07-16 04:49:00",15.1,0.633482,3.17846,4.9091,0.63030303,0.00643636,0.520488,-0.011578,0.40741,0.27778,0.31481,200,100,fcr,31,162,10,1,random
2483,OI,4,"2026-07-16 04:49:05",19.9,0.655903,3.37784,4.9091,0.66712122,-0.01677576,0.562469,-0.032298,0.35802,0.35802,0.28395,200,100,fcr,31,162,10,1,random
2484,OI,5,"2026-07-16 04:49:11",26.5,0.675558,3.57905,4.9091,0.68530303,-0.01394545,0.671929,-0.026712,0.32716,0.40741,0.26543,200,100,fcr,31,162,10,1,random
2485,OI,6,"2026-07-16 04:49:16",31.3,0.69093,3.75214,4.8788,0.70333333,-0.01749091,0.75579,-0.027595,0.30435,0.43478,0.26087,200,100,fcr,31,161,10,1,random
2486,OI,7,"2026-07-16 04:49:23",37.8,0.705618,3.92403,4.8788,0.70924243,-0.00574848,0.822499,-0.013177,0.28571,0.45963,0.25466,200,100,fcr,31,161,10,1,random
2487,OI,8,"2026-07-16 04:49:29",44.5,0.717673,4.09951,4.8788,0.71439394,0.00276364,0.920785,-0.001638,0.23602,0.53416,0.22981,200,100,fcr,31,161,10,1,random
2488,OI,9,"2026-07-16 04:49:36",51.2,0.727036,4.23666,4.8788,0.72878788,-0.00375758,0.96369,-0.006757,0.21118,0.57764,0.21118,200,100,fcr,31,161,10,1,random
2489,OI,10,"2026-07-16 04:49:43",58,0.737124,4.36654,4.8788,0.74212121,-0.00796667,1.04185,-0.011594,0.18012,0.62112,0.19876,200,100,fcr,31,161,10,1,random
2490,OI,11,"2026-07-16 04:49:49",64.8,0.744091,4.50445,4.8788,0.74560606,-0.00158485,1.10236,-0.005052,0.11801,0.72671,0.15528,200,100,fcr,31,161,10,1,random
2491,OI,12,"2026-07-16 04:49:56",71.5,0.749694,4.60291,4.8788,0.75136364,-0.00441515,1.11738,-0.004351,0.09938,0.79503,0.10559,200,100,fcr,31,161,10,1,random
2492,OI,13,"2026-07-16 04:50:03",78.5,0.751921,4.66175,4.8788,0.75530303,-0.00766364,1.37696,-0.004179,0.08075,0.85093,0.06832,200,100,fcr,31,161,10,1,random
2493,OI,14,"2026-07-16 04:50:11",86.3,0.753055,4.69889,4.8788,0.7580303,-0.00637576,1.67746,-0.005575,0.07453,0.85093,0.07453,200,100,fcr,31,161,10,1,random
2494,OI,15,"2026-07-16 04:50:18",93.3,0.754182,4.72575,4.8788,0.76227273,-0.01304242,1.82367,-0.009452,0.06211,0.87578,0.06211,200,100,fcr,31,161,10,1,random
2495,OI,16,"2026-07-16 04:50:25",100.2,0.755461,4.76098,4.8788,0.76393939,-0.01260606,2.03217,-0.010467,0.04969,0.89441,0.0559,200,100,fcr,31,161,10,1,random
2496,OI,17,"2026-07-16 04:50:32",107,0.757109,4.77065,4.8788,0.76712122,-0.01673939,2.10521,-0.011837,0.04969,0.90683,0.04348,200,100,fcr,31,161,10,1,random
2497,OI,18,"2026-07-16 04:50:38",113.7,0.757582,4.80016,4.8788,0.76257576,-0.00596364,2.62305,-0.005523,0.03106,0.9441,0.02484,200,100,fcr,31,161,10,1,random
2498,OI,19,"2026-07-16 04:50:45",120.6,0.757476,4.80003,4.8788,0.75863636,-0.00082121,2.1583,-0.000139,0.03106,0.93789,0.03106,200,100,fcr,31,161,10,1,random
2499,OI,20,"2026-07-16 04:50:52",127.5,0.757288,4.78895,4.8788,0.76287878,-0.00774545,2.34595,-0.005976,0.02484,0.92547,0.04969,200,100,fcr,31,161,10,1,random
2500,IR,1,"2026-07-16 04:51:03",5.2,0.5597,2.57466,4.9697,0.62621212,-0.11135152,0.386727,-0.125435,0.54878,0.16463,0.28659,200,100,fcr,31,164,10,1,random
2501,IR,2,"2026-07-16 04:51:08",10.1,0.569039,2.60456,4.9394,0.64363636,-0.12974848,0.402161,-0.138491,0.53374,0.15951,0.30675,200,100,fcr,31,163,10,1,random
2502,IR,3,"2026-07-16 04:51:13",14.8,0.578142,2.65483,4.8182,0.65318182,-0.1284303,0.383635,-0.137109,0.52201,0.16352,0.31447,200,100,fcr,31,159,10,1,random
2503,IR,4,"2026-07-16 04:51:18",19.7,0.586479,2.69625,4.7576,0.65878788,-0.12503636,0.404037,-0.129385,0.52229,0.17834,0.29936,200,100,fcr,31,157,10,1,random
2504,IR,5,"2026-07-16 04:51:24",26.1,0.593827,2.73719,4.7576,0.66787879,-0.12782727,0.443891,-0.130419,0.49045,0.19745,0.3121,200,100,fcr,31,157,10,1,random
2505,IR,6,"2026-07-16 04:51:29",31.4,0.605555,2.8128,4.7273,0.67772728,-0.11745454,0.438782,-0.128712,0.49359,0.19872,0.30769,200,100,fcr,31,156,10,1,random
2506,IR,7,"2026-07-16 04:51:36",38,0.612712,2.86881,4.7273,0.68606061,-0.12276364,0.46922,-0.12469,0.48077,0.19872,0.32051,200,100,fcr,31,156,10,1,random
2507,IR,8,"2026-07-16 04:51:42",44.5,0.617133,2.89748,4.697,0.69454545,-0.12659394,0.454339,-0.128048,0.47097,0.2,0.32903,200,100,fcr,31,155,10,1,random
2508,IR,9,"2026-07-16 04:51:49",51.1,0.62397,2.93519,4.697,0.69181818,-0.11096667,0.458074,-0.113663,0.45806,0.2129,0.32903,200,100,fcr,31,155,10,1,random
2509,IR,10,"2026-07-16 04:51:56",57.8,0.630564,2.99356,4.697,0.71272727,-0.13318485,0.45866,-0.134862,0.45161,0.21935,0.32903,200,100,fcr,31,155,10,1,random
2510,IR,11,"2026-07-16 04:52:02",64.5,0.634724,3.01559,4.697,0.70712122,-0.1162697,0.467557,-0.11621,0.43871,0.23871,0.32258,200,100,fcr,31,155,10,1,random
2511,IR,12,"2026-07-16 04:52:09",71.1,0.640782,3.06462,4.6667,0.71439394,-0.11784848,0.503482,-0.119028,0.43506,0.23377,0.33117,200,100,fcr,31,154,10,1,random
2512,IR,13,"2026-07-16 04:52:16",77.8,0.645127,3.08994,4.6667,0.72469697,-0.12711818,0.501198,-0.126066,0.43506,0.22727,0.33766,200,100,fcr,31,154,10,1,random
2513,IR,14,"2026-07-16 04:52:22",84.6,0.65017,3.12953,4.6667,0.72621212,-0.11929091,0.508027,-0.120266,0.42857,0.23377,0.33766,200,100,fcr,31,154,10,1,random
2514,IR,15,"2026-07-16 04:52:29",91.4,0.652106,3.14634,4.6667,0.7310606,-0.12217576,0.50765,-0.121834,0.42857,0.22727,0.34416,200,100,fcr,31,154,10,1,random
2515,IR,16,"2026-07-16 04:52:36",98.3,0.654379,3.16116,4.6667,0.73166667,-0.12531515,0.497584,-0.118751,0.42208,0.24026,0.33766,200,100,fcr,31,154,10,1,random
2516,IR,17,"2026-07-16 04:52:43",105.2,0.658055,3.18915,4.6364,0.73727272,-0.12431212,0.514492,-0.122219,0.42484,0.22222,0.35294,200,100,fcr,31,153,10,1,random
2517,IR,18,"2026-07-16 04:52:50",112.2,0.662591,3.23003,4.5455,0.73287879,-0.10718182,0.517339,-0.108967,0.41333,0.24,0.34667,200,100,fcr,31,150,10,1,random
2518,IR,19,"2026-07-16 04:52:57",118.9,0.664582,3.23768,4.5152,0.74439394,-0.12553636,0.54458,-0.120828,0.40268,0.24161,0.3557,200,100,fcr,31,149,10,1,random
2519,IR,20,"2026-07-16 04:53:04",125.8,0.666839,3.25334,4.5152,0.74439395,-0.11864849,0.554227,-0.117255,0.4094,0.24832,0.34228,200,100,fcr,31,149,10,1,random
2520,AGR,1,"2026-07-16 04:53:12",7.4,0.572706,2.70783,4.9394,0.52636364,0.0796697,0.421391,0.067934,0.53374,0.17791,0.28834,200,100,fcr,31,163,10,1,random
2521,AGR,2,"2026-07-16 04:53:19",14.3,0.592491,2.86605,4.9091,0.55212121,0.06443636,0.458811,0.055719,0.48148,0.2037,0.31481,200,100,fcr,31,162,10,1,random
2522,AGR,3,"2026-07-16 04:53:26",21.3,0.612752,3.07534,4.9091,0.57272727,0.06705455,0.454179,0.052798,0.45062,0.21605,0.33333,200,100,fcr,31,162,10,1,random
2523,AGR,4,"2026-07-16 04:53:33",28.2,0.625748,3.21542,4.9091,0.57924243,0.06745758,0.469405,0.067183,0.42593,0.24074,0.33333,200,100,fcr,31,162,10,1,random
2524,AGR,5,"2026-07-16 04:53:42",36.9,0.640573,3.36183,4.8788,0.58393939,0.0860303,0.491767,0.080072,0.40373,0.2795,0.31677,200,100,fcr,31,161,10,1,random
2525,AGR,6,"2026-07-16 04:53:49",44.1,0.656833,3.51845,4.8788,0.61757576,0.06017273,0.569561,0.049666,0.37888,0.29814,0.32298,200,100,fcr,31,161,10,1,random
2526,AGR,7,"2026-07-16 04:53:58",53.1,0.668136,3.64968,4.8485,0.6139394,0.07991212,0.588748,0.074928,0.35625,0.30625,0.3375,200,100,fcr,31,160,10,1,random
2527,AGR,8,"2026-07-16 04:54:07",61.9,0.682964,3.80628,4.8485,0.62772728,0.08403939,0.612546,0.07271,0.3125,0.36875,0.31875,200,100,fcr,31,160,10,1,random
2528,AGR,9,"2026-07-16 04:54:16",71,0.694224,3.93046,4.8485,0.63969697,0.08663333,0.658005,0.072527,0.28125,0.4375,0.28125,200,100,fcr,31,160,10,1,random
2529,AGR,10,"2026-07-16 04:54:25",80.2,0.703497,4.03927,4.8485,0.6530303,0.07054545,0.737067,0.067091,0.275,0.4625,0.2625,200,100,fcr,31,160,10,1,random
2530,AGR,11,"2026-07-16 04:54:34",89.2,0.711542,4.12773,4.8485,0.67212122,0.05590303,0.815834,0.051351,0.24375,0.5375,0.21875,200,100,fcr,31,160,10,1,random
2531,AGR,12,"2026-07-16 04:54:43",98.3,0.718797,4.22855,4.8485,0.67227273,0.06387576,0.904917,0.061374,0.225,0.55625,0.21875,200,100,fcr,31,160,10,1,random
2532,AGR,13,"2026-07-16 04:54:52",107.4,0.725976,4.3447,4.8485,0.67909091,0.06870303,0.943015,0.061229,0.2,0.6125,0.1875,200,100,fcr,31,160,10,1,random
2533,AGR,14,"2026-07-16 04:55:01",116.8,0.730988,4.41975,4.8485,0.66181819,0.09934849,1.02761,0.092725,0.19375,0.6125,0.19375,200,100,fcr,31,160,10,1,random
2534,AGR,15,"2026-07-16 04:55:11",126.2,0.735539,4.49431,4.8485,0.68227273,0.07477879,1.04764,0.070486,0.15,0.7125,0.1375,200,100,fcr,31,160,10,1,random
2535,AGR,16,"2026-07-16 04:55:20",135.6,0.74017,4.54815,4.8485,0.68545455,0.07775152,1.19263,0.072071,0.15625,0.7,0.14375,200,100,fcr,31,160,10,1,random
2536,AGR,17,"2026-07-16 04:55:30",145.4,0.743439,4.60887,4.8485,0.6839394,0.08528182,1.25547,0.079146,0.1,0.79375,0.10625,200,100,fcr,31,160,10,1,random
2537,AGR,18,"2026-07-16 04:55:39",154.8,0.746873,4.65009,4.8485,0.68060607,0.09364242,1.28349,0.087741,0.1,0.8375,0.0625,200,100,fcr,31,160,10,1,random
2538,AGR,19,"2026-07-16 04:55:49",164,0.748924,4.68854,4.8485,0.68924242,0.08617576,1.69986,0.079413,0.08125,0.86875,0.05,200,100,fcr,31,160,10,1,random
2539,AGR,20,"2026-07-16 04:55:58",173.3,0.751464,4.71473,4.8485,0.68954545,0.08700303,1.59324,0.081893,0.06875,0.8875,0.04375,200,100,fcr,31,160,10,1,random
2540,RANDOM,1,"2026-07-16 04:56:09",4.6,0.553418,2.55182,4.9697,0.55878788,-0.00981515,0.381246,-0.010004,0.54268,0.17683,0.28049,200,100,fcr,31,164,10,1,random
2541,RANDOM,2,"2026-07-16 04:56:13",9,0.554155,2.54513,4.8788,0.55484849,0.00132121,0.390292,0.000238,0.52174,0.19255,0.28571,200,100,fcr,31,161,10,1,random
2542,RANDOM,3,"2026-07-16 04:56:17",13.2,0.550115,2.52053,4.8485,0.55227272,-0.00672121,0.383091,0.00257,0.5375,0.1625,0.3,200,100,fcr,31,160,10,1,random
2543,RANDOM,4,"2026-07-16 04:56:21",17.4,0.550027,2.51355,4.8182,0.55818182,-0.01540606,0.364496,-0.012635,0.55346,0.15723,0.28931,200,100,fcr,31,159,10,1,random
2544,RANDOM,5,"2026-07-16 04:56:27",23.5,0.551639,2.52647,4.7576,0.56409091,-0.0215,0.39777,-0.02131,0.53503,0.16561,0.29936,200,100,fcr,31,157,10,1,random
2545,RANDOM,6,"2026-07-16 04:56:32",27.9,0.554479,2.56738,4.697,0.56030303,-0.01065455,0.390067,-0.010166,0.52258,0.1871,0.29032,200,100,fcr,31,155,10,1,random
2546,RANDOM,7,"2026-07-16 04:56:38",33.9,0.553521,2.5692,4.6667,0.55333333,-0.00363939,0.409529,0.003777,0.51299,0.19481,0.29221,200,100,fcr,31,154,10,1,random
2547,RANDOM,8,"2026-07-16 04:56:44",39.8,0.553303,2.59238,4.6364,0.55560606,-0.00783333,0.413664,-0.001704,0.51634,0.18954,0.29412,200,100,fcr,31,153,10,1,random
2548,RANDOM,9,"2026-07-16 04:56:50",46,0.552009,2.59985,4.5758,0.57469697,-0.03602727,0.417442,-0.038225,0.49669,0.19205,0.31126,200,100,fcr,31,151,10,1,random
2549,RANDOM,10,"2026-07-16 04:56:56",52.4,0.550103,2.60116,4.5152,0.5489394,-0.0036303,0.381695,0.006522,0.51678,0.16779,0.31544,200,100,fcr,31,149,10,1,random
2550,RANDOM,11,"2026-07-16 04:57:02",58.6,0.551497,2.59752,4.4848,0.55363636,-0.00321212,0.390004,-0.003638,0.52027,0.17568,0.30405,200,100,fcr,31,148,10,1,random
2551,RANDOM,12,"2026-07-16 04:57:09",64.9,0.551491,2.60213,4.4848,0.54636364,0.0098,0.422597,0.010957,0.51351,0.18243,0.30405,200,100,fcr,31,148,10,1,random
2552,RANDOM,13,"2026-07-16 04:57:15",71.2,0.546539,2.58589,4.4545,0.54742424,-0.00287273,0.405937,0.005206,0.52381,0.17007,0.30612,200,100,fcr,31,147,10,1,random
2553,RANDOM,14,"2026-07-16 04:57:21",77.6,0.549218,2.6065,4.4242,0.54954545,0.0003303,0.418571,-0.001495,0.50685,0.18493,0.30822,200,100,fcr,31,146,10,1,random
2554,RANDOM,15,"2026-07-16 04:57:28",83.8,0.550494,2.62339,4.3939,0.55424242,-0.00558485,0.419445,-0.006429,0.51034,0.17931,0.31034,200,100,fcr,31,145,10,1,random
2555,RANDOM,16,"2026-07-16 04:57:34",90.2,0.550191,2.60969,4.3939,0.5460606,0.00665758,0.420973,0.009693,0.50345,0.18621,0.31034,200,100,fcr,31,145,10,1,random
2556,RANDOM,17,"2026-07-16 04:57:41",96.7,0.550288,2.59907,4.3939,0.5519697,-0.00349394,0.416284,-0.001377,0.51724,0.15862,0.32414,200,100,fcr,31,145,10,1,random
2557,RANDOM,18,"2026-07-16 04:57:47",103,0.549439,2.58594,4.3939,0.55909091,-0.01283333,0.405206,-0.014876,0.49655,0.18621,0.31724,200,100,fcr,31,145,10,1,random
2558,RANDOM,19,"2026-07-16 04:57:53",109.3,0.546527,2.59032,4.3636,0.55469697,-0.01580909,0.400042,-0.01045,0.51389,0.15972,0.32639,200,100,fcr,31,144,10,1,random
2559,RANDOM,20,"2026-07-16 04:58:00",115.7,0.550367,2.6106,4.3636,0.55621212,-0.01197576,0.408523,-0.011419,0.49306,0.17361,0.33333,200,100,fcr,31,144,10,1,random
2560,OI,1,"2026-07-16 04:58:16",5.3,0.585745,2.79649,4.9394,0.59454545,-0.01014849,0.46903,-0.03846,0.50307,0.20245,0.29448,200,100,fcr,32,163,10,1,random
2561,OI,2,"2026-07-16 04:58:21",10.3,0.613139,3.00899,4.8788,0.61136364,-0.00006061,0.491438,-0.016729,0.43478,0.25466,0.31056,200,100,fcr,32,161,10,1,random
2562,OI,3,"2026-07-16 04:58:26",15.3,0.637258,3.23385,4.8788,0.64984848,-0.02066364,0.528224,-0.036296,0.3913,0.32919,0.2795,200,100,fcr,32,161,10,1,random
2563,OI,4,"2026-07-16 04:58:31",20.2,0.658442,3.419,4.8485,0.665,-0.00920909,0.635931,-0.023502,0.3625,0.3125,0.325,200,100,fcr,32,160,10,1,random
2564,OI,5,"2026-07-16 04:58:38",27,0.674827,3.59758,4.8485,0.68318182,-0.01279697,0.593095,-0.022026,0.3125,0.3875,0.3,200,100,fcr,32,160,10,1,random
2565,OI,6,"2026-07-16 04:58:43",32.1,0.690791,3.79449,4.8485,0.69424242,-0.00301818,0.677193,-0.014003,0.3,0.44375,0.25625,200,100,fcr,32,160,10,1,random
2566,OI,7,"2026-07-16 04:58:50",39.3,0.705476,3.97013,4.8485,0.70075758,0.01075455,0.830474,-0.001178,0.2625,0.45,0.2875,200,100,fcr,32,160,10,1,random
2567,OI,8,"2026-07-16 04:58:57",46,0.717176,4.1409,4.8485,0.72621212,-0.01018485,0.805833,-0.01901,0.24375,0.55,0.20625,200,100,fcr,32,160,10,1,random
2568,OI,9,"2026-07-16 04:59:04",52.9,0.727015,4.268,4.8485,0.73666667,-0.01483636,1.02377,-0.018265,0.1875,0.61875,0.19375,200,100,fcr,32,160,10,1,random
2569,OI,10,"2026-07-16 04:59:11",59.9,0.737703,4.39966,4.8485,0.7410606,-0.0033303,1.03369,-0.010026,0.15,0.69375,0.15625,200,100,fcr,32,160,10,1,random
2570,OI,11,"2026-07-16 04:59:18",66.8,0.745261,4.5016,4.8485,0.74242424,0.00585455,1.16298,0.000469,0.1625,0.7375,0.1,200,100,fcr,32,160,10,1,random
2571,OI,12,"2026-07-16 04:59:25",73.8,0.75203,4.60663,4.8485,0.74848485,0.00580909,1.85404,0.002463,0.0875,0.825,0.0875,200,100,fcr,32,160,10,1,random
2572,OI,13,"2026-07-16 04:59:32",80.6,0.754273,4.6489,4.8485,0.76045454,-0.00811818,1.42392,-0.007769,0.075,0.86875,0.05625,200,100,fcr,32,160,10,1,random
2573,OI,14,"2026-07-16 04:59:39",87.6,0.756276,4.69133,4.8485,0.77060606,-0.0203697,1.82436,-0.018193,0.0375,0.875,0.0875,200,100,fcr,32,160,10,1,random
2574,OI,15,"2026-07-16 04:59:46",94.6,0.757936,4.71463,4.8485,0.76242424,-0.00545152,1.22755,-0.005175,0.05625,0.8875,0.05625,200,100,fcr,32,160,10,1,random
2575,OI,16,"2026-07-16 04:59:53",101.8,0.758845,4.73733,4.8485,0.75878788,0.00186364,2.47582,0.00129,0.04375,0.93125,0.025,200,100,fcr,32,160,10,1,random
2576,OI,17,"2026-07-16 05:00:00",108.8,0.758836,4.74481,4.8485,0.75893939,-0.00042121,2.58371,0.00092,0.01875,0.925,0.05625,200,100,fcr,32,160,10,1,random
2577,OI,18,"2026-07-16 05:00:08",117.4,0.759282,4.76374,4.8485,0.76075757,-0.00186364,1.37437,-0.000639,0.01875,0.95625,0.025,200,100,fcr,32,160,10,1,random
2578,OI,19,"2026-07-16 05:00:16",125,0.75873,4.76213,4.8485,0.76969697,-0.01681515,1.65356,-0.013027,0.03125,0.94375,0.025,200,100,fcr,32,160,10,1,random
2579,OI,20,"2026-07-16 05:00:23",131.9,0.758964,4.76083,4.8485,0.75984848,0.00070909,2.50508,-0.0006,0.04375,0.925,0.03125,200,100,fcr,32,160,10,1,random
2580,IR,1,"2026-07-16 05:00:33",5.4,0.567339,2.6335,4.8788,0.63787879,-0.11929091,0.415221,-0.135943,0.51553,0.19876,0.28571,200,100,fcr,32,161,10,1,random
2581,IR,2,"2026-07-16 05:00:38",10.3,0.578967,2.70258,4.8485,0.65424243,-0.12535758,0.425813,-0.139426,0.5125,0.175,0.3125,200,100,fcr,32,160,10,1,random
2582,IR,3,"2026-07-16 05:00:43",15.3,0.587418,2.74809,4.8182,0.66121212,-0.12422121,0.404607,-0.131478,0.50314,0.18239,0.31447,200,100,fcr,32,159,10,1,random
2583,IR,4,"2026-07-16 05:00:48",20.2,0.594109,2.78635,4.7879,0.66409091,-0.11372424,0.416017,-0.122568,0.50633,0.18354,0.31013,200,100,fcr,32,158,10,1,random
2584,IR,5,"2026-07-16 05:00:55",26.9,0.600764,2.81538,4.7576,0.66575758,-0.10551818,0.436401,-0.11308,0.50318,0.17834,0.31847,200,100,fcr,32,157,10,1,random
2585,IR,6,"2026-07-16 05:01:00",32,0.608145,2.85582,4.7576,0.68242424,-0.12248182,0.43924,-0.127374,0.48408,0.20382,0.3121,200,100,fcr,32,157,10,1,random
2586,IR,7,"2026-07-16 05:01:07",38.8,0.614279,2.88228,4.697,0.68984848,-0.12024242,0.451122,-0.127493,0.48387,0.19355,0.32258,200,100,fcr,32,155,10,1,random
2587,IR,8,"2026-07-16 05:01:14",45.5,0.621479,2.93044,4.6667,0.69742424,-0.12099394,0.464568,-0.12691,0.48701,0.2013,0.31169,200,100,fcr,32,154,10,1,random
2588,IR,9,"2026-07-16 05:01:21",52.6,0.62673,2.9688,4.6364,0.70727273,-0.12947576,0.521949,-0.131629,0.48366,0.19608,0.32026,200,100,fcr,32,153,10,1,random
2589,IR,10,"2026-07-16 05:01:28",59.8,0.629055,2.98942,4.6364,0.71424243,-0.13764849,0.518035,-0.136389,0.47059,0.19608,0.33333,200,100,fcr,32,153,10,1,random
2590,IR,11,"2026-07-16 05:01:35",66.8,0.628961,2.99412,4.6061,0.70484849,-0.12296364,0.486633,-0.119212,0.46053,0.21053,0.32895,200,100,fcr,32,152,10,1,random
2591,IR,12,"2026-07-16 05:01:42",73.8,0.632976,3.02205,4.6061,0.71045454,-0.12434242,0.505585,-0.124873,0.46053,0.20395,0.33553,200,100,fcr,32,152,10,1,random
2592,IR,13,"2026-07-16 05:01:49",80.7,0.637061,3.04544,4.6061,0.70924243,-0.11552424,0.497775,-0.115878,0.46053,0.21053,0.32895,200,100,fcr,32,152,10,1,random
2593,IR,14,"2026-07-16 05:01:56",87.7,0.639494,3.05317,4.5758,0.71348485,-0.11878182,0.516058,-0.116682,0.46358,0.19205,0.34437,200,100,fcr,32,151,10,1,random
2594,IR,15,"2026-07-16 05:02:03",94.8,0.647091,3.09964,4.5758,0.7278788,-0.12573333,0.517795,-0.129813,0.45695,0.19205,0.35099,200,100,fcr,32,151,10,1,random
2595,IR,16,"2026-07-16 05:02:10",101.8,0.650836,3.13929,4.5758,0.7280303,-0.12345758,0.528407,-0.12092,0.43709,0.22517,0.33775,200,100,fcr,32,151,10,1,random
2596,IR,17,"2026-07-16 05:02:17",108.8,0.654188,3.16393,4.5758,0.72727273,-0.11506061,0.555963,-0.113617,0.43709,0.22517,0.33775,200,100,fcr,32,151,10,1,random
2597,IR,18,"2026-07-16 05:02:24",115.8,0.657164,3.18008,4.5758,0.73121212,-0.11626061,0.568195,-0.114198,0.42384,0.25166,0.3245,200,100,fcr,32,151,10,1,random
2598,IR,19,"2026-07-16 05:02:31",123,0.659548,3.191,4.5758,0.745,-0.13298788,0.58732,-0.130514,0.40397,0.25828,0.33775,200,100,fcr,32,151,10,1,random
2599,IR,20,"2026-07-16 05:02:38",130.3,0.662721,3.21045,4.5455,0.74015151,-0.11934242,0.546112,-0.118223,0.41333,0.24,0.34667,200,100,fcr,32,150,10,1,random
2600,AGR,1,"2026-07-16 05:02:47",7.6,0.574385,2.71748,4.8485,0.52893939,0.07090606,0.431051,0.066134,0.5125,0.2,0.2875,200,100,fcr,32,160,10,1,random
2601,AGR,2,"2026-07-16 05:02:55",15.2,0.596045,2.87428,4.8485,0.5519697,0.07121212,0.475089,0.059368,0.48125,0.2125,0.30625,200,100,fcr,32,160,10,1,random
2602,AGR,3,"2026-07-16 05:03:02",22.4,0.611391,3.02403,4.8182,0.55590909,0.09478485,0.464731,0.081366,0.45912,0.22642,0.31447,200,100,fcr,32,159,10,1,random
2603,AGR,4,"2026-07-16 05:03:09",29.9,0.628852,3.18409,4.7879,0.57287879,0.08567273,0.492914,0.078708,0.43671,0.25316,0.31013,200,100,fcr,32,158,10,1,random
2604,AGR,5,"2026-07-16 05:03:18",38.8,0.641955,3.31031,4.7879,0.59045454,0.07885454,0.549045,0.073169,0.39241,0.27848,0.32911,200,100,fcr,32,158,10,1,random
2605,AGR,6,"2026-07-16 05:03:26",46.3,0.656352,3.45353,4.7576,0.61909091,0.0543697,0.541269,0.048215,0.35669,0.28662,0.35669,200,100,fcr,32,157,10,1,random
2606,AGR,7,"2026-07-16 05:03:35",55.2,0.669736,3.6012,4.7576,0.63787878,0.04488788,0.516871,0.039959,0.33758,0.33121,0.33121,200,100,fcr,32,157,10,1,random
2607,AGR,8,"2026-07-16 05:03:44",64.5,0.681358,3.73655,4.7576,0.625,0.07852424,0.59976,0.076762,0.31847,0.35669,0.32484,200,100,fcr,32,157,10,1,random
2608,AGR,9,"2026-07-16 05:03:53",73.9,0.692279,3.8676,4.7576,0.645,0.06689091,0.6663,0.062802,0.28025,0.43312,0.28662,200,100,fcr,32,157,10,1,random
2609,AGR,10,"2026-07-16 05:04:03",83.5,0.701055,3.98075,4.7576,0.64590909,0.08054242,0.742314,0.074397,0.27389,0.45223,0.27389,200,100,fcr,32,157,10,1,random
2610,AGR,11,"2026-07-16 05:04:12",92.8,0.709482,4.08384,4.7273,0.66651515,0.06345758,0.790278,0.056313,0.25,0.55128,0.19872,200,100,fcr,32,156,10,1,random
2611,AGR,12,"2026-07-16 05:04:22",102.3,0.718236,4.19743,4.7273,0.68015151,0.05917273,0.996719,0.048887,0.21795,0.57692,0.20513,200,100,fcr,32,156,10,1,random
2612,AGR,13,"2026-07-16 05:04:31",111.6,0.723564,4.27897,4.697,0.66318182,0.08987576,1.01227,0.081512,0.1871,0.65806,0.15484,200,100,fcr,32,155,10,1,random
2613,AGR,14,"2026-07-16 05:04:40",121,0.729448,4.35803,4.697,0.66909091,0.08453939,1.13746,0.080691,0.15484,0.70323,0.14194,200,100,fcr,32,155,10,1,random
2614,AGR,15,"2026-07-16 05:04:50",130.3,0.735279,4.42784,4.697,0.6730303,0.09249091,1.17464,0.08223,0.12903,0.76129,0.10968,200,100,fcr,32,155,10,1,random
2615,AGR,16,"2026-07-16 05:04:59",139.7,0.738888,4.47651,4.697,0.69242424,0.06611515,1.23143,0.061669,0.11613,0.79355,0.09032,200,100,fcr,32,155,10,1,random
2616,AGR,17,"2026-07-16 05:05:09",149.2,0.743136,4.54136,4.697,0.70136363,0.0647303,1.33892,0.054596,0.09032,0.86452,0.04516,200,100,fcr,32,155,10,1,random
2617,AGR,18,"2026-07-16 05:05:18",158.6,0.745948,4.57477,4.697,0.69318182,0.07384242,1.85984,0.069839,0.07097,0.89677,0.03226,200,100,fcr,32,155,10,1,random
2618,AGR,19,"2026-07-16 05:05:28",168.1,0.747909,4.59292,4.697,0.69712121,0.07302424,2.02772,0.067657,0.04516,0.92903,0.02581,200,100,fcr,32,155,10,1,random
2619,AGR,20,"2026-07-16 05:05:37",177.8,0.750185,4.62182,4.697,0.68454545,0.09501212,1.8995,0.086949,0.03871,0.94194,0.01935,200,100,fcr,32,155,10,1,random
2620,RANDOM,1,"2026-07-16 05:05:46",4.9,0.552658,2.56946,4.8485,0.55,0.00524242,0.392555,0.007704,0.5625,0.15625,0.28125,200,100,fcr,32,160,10,1,random
2621,RANDOM,2,"2026-07-16 05:05:50",9.4,0.550709,2.55992,4.8485,0.55166666,-0.00343636,0.411553,0.002051,0.55625,0.15625,0.2875,200,100,fcr,32,160,10,1,random
2622,RANDOM,3,"2026-07-16 05:05:55",13.9,0.549661,2.56929,4.8182,0.55287879,-0.00106364,0.399331,-0.002214,0.55975,0.14465,0.2956,200,100,fcr,32,159,10,1,random
2623,RANDOM,4,"2026-07-16 05:05:59",18.4,0.546639,2.53228,4.7576,0.5469697,0.00284242,0.390311,0.004767,0.54777,0.15924,0.29299,200,100,fcr,32,157,10,1,random
2624,RANDOM,5,"2026-07-16 05:06:06",24.6,0.546421,2.54638,4.7576,0.54590909,0.00063939,0.393086,0.003749,0.5414,0.17197,0.28662,200,100,fcr,32,157,10,1,random
2625,RANDOM,6,"2026-07-16 05:06:10",29.2,0.54783,2.54152,4.7273,0.54636364,0.0013303,0.400028,0.004274,0.53205,0.17308,0.29487,200,100,fcr,32,156,10,1,random
2626,RANDOM,7,"2026-07-16 05:06:17",35.5,0.545861,2.51961,4.6364,0.54151515,0.00256667,0.390091,0.012273,0.52288,0.18301,0.29412,200,100,fcr,32,153,10,1,random
2627,RANDOM,8,"2026-07-16 05:06:23",41.9,0.546048,2.51678,4.6364,0.54424243,0.0048303,0.398905,0.004622,0.51634,0.18301,0.30065,200,100,fcr,32,153,10,1,random
2628,RANDOM,9,"2026-07-16 05:06:30",48.6,0.547449,2.53286,4.6364,0.55954546,-0.01995152,0.396997,-0.021122,0.5098,0.20261,0.28758,200,100,fcr,32,153,10,1,random
2629,RANDOM,10,"2026-07-16 05:06:36",55.1,0.550694,2.55944,4.5152,0.55469697,-0.01024848,0.419961,-0.007891,0.51007,0.18121,0.30872,200,100,fcr,32,149,10,1,random
2630,RANDOM,11,"2026-07-16 05:06:43",61.7,0.55157,2.56795,4.4545,0.55863636,-0.01221515,0.416027,-0.012641,0.51701,0.17007,0.31293,200,100,fcr,32,147,10,1,random
2631,RANDOM,12,"2026-07-16 05:06:49",68.4,0.547721,2.54682,4.4242,0.55045454,-0.00685455,0.41046,0.000895,0.52055,0.17123,0.30822,200,100,fcr,32,146,10,1,random
2632,RANDOM,13,"2026-07-16 05:06:56",74.9,0.547936,2.55561,4.4242,0.54712121,0.01430606,0.423426,0.003539,0.52055,0.17123,0.30822,200,100,fcr,32,146,10,1,random
2633,RANDOM,14,"2026-07-16 05:07:03",81.5,0.547358,2.55027,4.4242,0.54621212,-0.00202121,0.424081,0.004501,0.53425,0.15068,0.31507,200,100,fcr,32,146,10,1,random
2634,RANDOM,15,"2026-07-16 05:07:09",88.1,0.544248,2.53696,4.3939,0.54954546,-0.01097879,0.40604,-0.004627,0.53793,0.15172,0.31034,200,100,fcr,32,145,10,1,random
2635,RANDOM,16,"2026-07-16 05:07:16",94.7,0.546948,2.55175,4.3636,0.54924242,-0.00526667,0.421959,-0.003468,0.52778,0.16667,0.30556,200,100,fcr,32,144,10,1,random
2636,RANDOM,17,"2026-07-16 05:07:22",101.2,0.546027,2.5522,4.303,0.54681818,0.00235151,0.451175,0.00184,0.51408,0.1831,0.30282,200,100,fcr,32,142,10,1,random
2637,RANDOM,18,"2026-07-16 05:07:29",107.9,0.548521,2.58007,4.2727,0.54833333,0.00628182,0.46126,0.000893,0.48936,0.21277,0.29787,200,100,fcr,32,141,10,1,random
2638,RANDOM,19,"2026-07-16 05:07:36",114.4,0.546491,2.57331,4.2424,0.55681818,-0.01852727,0.465109,-0.015111,0.46429,0.23571,0.3,200,100,fcr,32,140,10,1,random
2639,RANDOM,20,"2026-07-16 05:07:42",121.1,0.542709,2.53812,4.2424,0.55075757,-0.01538485,0.450373,-0.008948,0.48571,0.21429,0.3,200,100,fcr,32,140,10,1,random
2640,OI,1,"2026-07-16 05:08:03",5.5,0.581506,2.73412,5.0606,0.58560607,-0.0093303,0.428486,-0.028961,0.49102,0.20359,0.30539,200,100,fcr,33,167,10,1,random
2641,OI,2,"2026-07-16 05:08:08",10.6,0.607952,2.93661,5,0.60818182,0.00264545,0.444742,-0.01957,0.46667,0.24848,0.28485,200,100,fcr,33,165,10,1,random
2642,OI,3,"2026-07-16 05:08:13",15.7,0.629797,3.12438,4.9697,0.64075757,-0.01936364,0.565656,-0.031222,0.42683,0.30488,0.26829,200,100,fcr,33,164,10,1,random
2643,OI,4,"2026-07-16 05:08:18",20.8,0.651767,3.31763,4.9394,0.6619697,-0.0127303,0.630757,-0.030338,0.36196,0.34356,0.29448,200,100,fcr,33,163,10,1,random
2644,OI,5,"2026-07-16 05:08:25",27.7,0.669106,3.5013,4.9394,0.67681818,-0.0089,0.620178,-0.022041,0.32515,0.39264,0.28221,200,100,fcr,33,163,10,1,random
2645,OI,6,"2026-07-16 05:08:30",32.7,0.686267,3.69093,4.9394,0.69545454,-0.01698485,0.701886,-0.023482,0.28221,0.45399,0.2638,200,100,fcr,33,163,10,1,random
2646,OI,7,"2026-07-16 05:08:37",39.5,0.700327,3.8627,4.9394,0.70212122,-0.00338182,0.744661,-0.010196,0.27607,0.44172,0.28221,200,100,fcr,33,163,10,1,random
2647,OI,8,"2026-07-16 05:08:44",46.3,0.710621,3.98711,4.9394,0.71439394,-0.00597273,0.790209,-0.010301,0.2454,0.49693,0.25767,200,100,fcr,33,163,10,1,random
2648,OI,9,"2026-07-16 05:08:51",53.5,0.722436,4.112,4.9394,0.72181818,0.00023939,0.834994,-0.004684,0.22699,0.57669,0.19632,200,100,fcr,33,163,10,1,random
2649,OI,10,"2026-07-16 05:08:58",60.6,0.732185,4.27269,4.9394,0.73393939,-0.00304242,1.01561,-0.007146,0.17791,0.62577,0.19632,200,100,fcr,33,163,10,1,random
2650,OI,11,"2026-07-16 05:09:05",67.7,0.739712,4.42562,4.9394,0.75166667,-0.01884242,0.973234,-0.018905,0.15337,0.68712,0.15951,200,100,fcr,33,163,10,1,random
2651,OI,12,"2026-07-16 05:09:13",74.8,0.744491,4.52502,4.9394,0.745,0.00187576,1.09186,-0.002382,0.1411,0.69939,0.15951,200,100,fcr,33,163,10,1,random
2652,OI,13,"2026-07-16 05:09:20",81.8,0.748358,4.61137,4.9394,0.74333333,0.00698182,1.18815,0.006007,0.10429,0.79141,0.10429,200,100,fcr,33,163,10,1,random
2653,OI,14,"2026-07-16 05:09:26",88.8,0.751112,4.67021,4.9394,0.74878788,0.00362424,1.26369,0.003179,0.08589,0.80368,0.11043,200,100,fcr,33,163,10,1,random
2654,OI,15,"2026-07-16 05:09:33",95.7,0.7533,4.7274,4.9394,0.75575757,-0.00485152,1.41109,-0.002934,0.07362,0.82822,0.09816,200,100,fcr,33,163,10,1,random
2655,OI,16,"2026-07-16 05:09:41",102.9,0.756161,4.79516,4.9394,0.76181818,-0.00785152,1.50414,-0.007499,0.06748,0.8773,0.05521,200,100,fcr,33,163,10,1,random
2656,OI,17,"2026-07-16 05:09:48",109.9,0.757379,4.82851,4.9394,0.75257576,0.00517273,2.1784,0.007042,0.03681,0.92025,0.04294,200,100,fcr,33,163,10,1,random
2657,OI,18,"2026-07-16 05:09:55",117.1,0.75723,4.82734,4.9394,0.74984849,0.00863333,1.94759,0.011045,0.02454,0.92025,0.05521,200,100,fcr,33,163,10,1,random
2658,OI,19,"2026-07-16 05:10:02",124.4,0.757733,4.84581,4.9394,0.74969697,0.00963939,1.74947,0.011712,0.02454,0.93865,0.03681,200,100,fcr,33,163,10,1,random
2659,OI,20,"2026-07-16 05:10:10",132.7,0.757109,4.83729,4.9394,0.77181818,-0.01939394,1.84876,-0.017844,0.03681,0.93865,0.02454,200,100,fcr,33,163,10,1,random
2660,IR,1,"2026-07-16 05:10:20",5.4,0.562864,2.59656,5,0.62939394,-0.11547273,0.383882,-0.125778,0.53333,0.15758,0.30909,200,100,fcr,33,165,10,1,random
2661,IR,2,"2026-07-16 05:10:25",10.5,0.57143,2.64729,4.9091,0.64454545,-0.12515455,0.373013,-0.134554,0.51235,0.17901,0.30864,200,100,fcr,33,162,10,1,random
2662,IR,3,"2026-07-16 05:10:30",15.7,0.579058,2.67826,4.8182,0.65090909,-0.12320606,0.38125,-0.130157,0.49686,0.19497,0.30818,200,100,fcr,33,159,10,1,random
2663,IR,4,"2026-07-16 05:10:36",20.9,0.584642,2.71517,4.8182,0.65924242,-0.12674242,0.400878,-0.131253,0.49686,0.20126,0.30189,200,100,fcr,33,159,10,1,random
2664,IR,5,"2026-07-16 05:10:42",27.8,0.5946,2.77503,4.7879,0.66333333,-0.1151,0.428131,-0.12302,0.49367,0.20253,0.3038,200,100,fcr,33,158,10,1,random
2665,IR,6,"2026-07-16 05:10:48",33.1,0.603539,2.83979,4.7879,0.67484848,-0.11780303,0.448589,-0.124602,0.46203,0.20886,0.32911,200,100,fcr,33,158,10,1,random
2666,IR,7,"2026-07-16 05:10:55",39.9,0.609718,2.89514,4.7879,0.68575758,-0.12435152,0.396343,-0.129004,0.46835,0.20886,0.32278,200,100,fcr,33,158,10,1,random
2667,IR,8,"2026-07-16 05:11:01",46.7,0.615212,2.91483,4.7273,0.69712121,-0.13191818,0.427116,-0.136817,0.46154,0.21795,0.32051,200,100,fcr,33,156,10,1,random
2668,IR,9,"2026-07-16 05:11:09",53.8,0.620339,2.94528,4.7273,0.69439394,-0.12095455,0.454235,-0.122906,0.48718,0.20513,0.30769,200,100,fcr,33,156,10,1,random
2669,IR,10,"2026-07-16 05:11:15",60.8,0.625164,2.99293,4.7273,0.70015151,-0.12238788,0.487713,-0.123129,0.44872,0.25,0.30128,200,100,fcr,33,156,10,1,random
2670,IR,11,"2026-07-16 05:11:23",68,0.628827,3.00833,4.697,0.70363636,-0.12052727,0.489199,-0.120551,0.45161,0.22581,0.32258,200,100,fcr,33,155,10,1,random
2671,IR,12,"2026-07-16 05:11:30",74.9,0.634997,3.05361,4.697,0.7110606,-0.12194848,0.477578,-0.123864,0.44516,0.22581,0.32903,200,100,fcr,33,155,10,1,random
2672,IR,13,"2026-07-16 05:11:37",81.9,0.640442,3.10747,4.697,0.71863637,-0.12342727,0.478584,-0.125424,0.42581,0.23871,0.33548,200,100,fcr,33,155,10,1,random
2673,IR,14,"2026-07-16 05:11:43",88.8,0.643361,3.14111,4.6667,0.71939394,-0.12049091,0.459602,-0.119314,0.42857,0.25325,0.31818,200,100,fcr,33,154,10,1,random
2674,IR,15,"2026-07-16 05:11:51",95.8,0.648518,3.17578,4.6364,0.72484849,-0.12038485,0.518374,-0.121072,0.43137,0.24837,0.32026,200,100,fcr,33,153,10,1,random
2675,IR,16,"2026-07-16 05:11:58",102.9,0.651352,3.1899,4.6364,0.73060606,-0.12602727,0.535774,-0.123171,0.42484,0.24837,0.3268,200,100,fcr,33,153,10,1,random
2676,IR,17,"2026-07-16 05:12:05",109.9,0.654933,3.23019,4.6364,0.72969697,-0.11916364,0.520047,-0.115897,0.42484,0.23529,0.33987,200,100,fcr,33,153,10,1,random
2677,IR,18,"2026-07-16 05:12:12",116.9,0.657191,3.25395,4.6364,0.74106061,-0.13090606,0.500022,-0.128603,0.41176,0.2549,0.33333,200,100,fcr,33,153,10,1,random
2678,IR,19,"2026-07-16 05:12:19",124,0.663845,3.31188,4.6364,0.73651515,-0.11325455,0.527948,-0.113986,0.40523,0.26144,0.33333,200,100,fcr,33,153,10,1,random
2679,IR,20,"2026-07-16 05:12:26",131,0.665882,3.31563,4.6364,0.74530303,-0.12031818,0.540208,-0.120012,0.39869,0.26144,0.33987,200,100,fcr,33,153,10,1,random
2680,AGR,1,"2026-07-16 05:12:35",8.1,0.572052,2.69902,5.0909,0.5269697,0.07730303,0.402183,0.066411,0.52976,0.17262,0.29762,200,100,fcr,33,168,10,1,random
2681,AGR,2,"2026-07-16 05:12:43",15.6,0.59097,2.88485,5.0909,0.55030302,0.06907879,0.435394,0.056769,0.49405,0.20238,0.30357,200,100,fcr,33,168,10,1,random
2682,AGR,3,"2026-07-16 05:12:50",23.3,0.609467,3.06863,5.0606,0.57212121,0.06350606,0.460741,0.049802,0.47305,0.21557,0.31138,200,100,fcr,33,167,10,1,random
2683,AGR,4,"2026-07-16 05:12:58",31,0.624136,3.22959,5.0303,0.57242424,0.08301818,0.491648,0.074016,0.45181,0.22289,0.3253,200,100,fcr,33,166,10,1,random
2684,AGR,5,"2026-07-16 05:13:05",38.6,0.638494,3.3985,5.0303,0.59848485,0.05636364,0.518775,0.054232,0.39759,0.28313,0.31928,200,100,fcr,33,166,10,1,random
2685,AGR,6,"2026-07-16 05:13:13",46.4,0.653021,3.55698,5.0303,0.61181819,0.06222727,0.5389,0.054707,0.37952,0.31325,0.30723,200,100,fcr,33,166,10,1,random
2686,AGR,7,"2026-07-16 05:13:23",55.7,0.6671,3.7033,5,0.62318182,0.06627879,0.606904,0.057771,0.3697,0.32727,0.30303,200,100,fcr,33,165,10,1,random
2687,AGR,8,"2026-07-16 05:13:32",65,0.677958,3.82841,4.9697,0.62621212,0.07831515,0.643163,0.070664,0.35976,0.35976,0.28049,200,100,fcr,33,164,10,1,random
2688,AGR,9,"2026-07-16 05:13:42",74.7,0.689455,3.94571,4.9697,0.64363637,0.06585758,0.748396,0.06057,0.32317,0.39024,0.28659,200,100,fcr,33,164,10,1,random
2689,AGR,10,"2026-07-16 05:13:51",84.5,0.700364,4.0581,4.9697,0.64454545,0.08173333,0.742177,0.074006,0.30488,0.42073,0.27439,200,100,fcr,33,164,10,1,random
2690,AGR,11,"2026-07-16 05:14:01",94.3,0.709803,4.16245,4.9697,0.65560606,0.0824,0.791351,0.071596,0.2622,0.48171,0.2561,200,100,fcr,33,164,10,1,random
2691,AGR,12,"2026-07-16 05:14:11",104.1,0.717891,4.28173,4.9697,0.66378788,0.07555151,0.814867,0.071301,0.2378,0.55488,0.20732,200,100,fcr,33,164,10,1,random
2692,AGR,13,"2026-07-16 05:14:21",114,0.725,4.38236,4.9697,0.66696969,0.08365152,0.925395,0.076809,0.21951,0.57927,0.20122,200,100,fcr,33,164,10,1,random
2693,AGR,14,"2026-07-16 05:14:31",124,0.732879,4.4857,4.9697,0.68181818,0.07352424,0.991853,0.065745,0.18902,0.64024,0.17073,200,100,fcr,33,164,10,1,random
2694,AGR,15,"2026-07-16 05:14:41",134,0.738442,4.56088,4.9697,0.69181818,0.06423939,1.06805,0.060937,0.15244,0.66463,0.18293,200,100,fcr,33,164,10,1,random
2695,AGR,16,"2026-07-16 05:14:51",143.7,0.743118,4.63106,4.9697,0.69121211,0.07182121,1.03895,0.068089,0.13415,0.71951,0.14634,200,100,fcr,33,164,10,1,random
2696,AGR,17,"2026-07-16 05:15:01",153.7,0.74767,4.69683,4.9697,0.69500001,0.07319697,1.12443,0.06863,0.09756,0.78659,0.11585,200,100,fcr,33,164,10,1,random
2697,AGR,18,"2026-07-16 05:15:11",163.8,0.75187,4.74635,4.9697,0.69227273,0.0840303,1.13575,0.077855,0.07317,0.82927,0.09756,200,100,fcr,33,164,10,1,random
2698,AGR,19,"2026-07-16 05:15:21",174,0.755252,4.79232,4.9697,0.69606061,0.0810303,1.1645,0.077264,0.06707,0.85366,0.07927,200,100,fcr,33,164,10,1,random
2699,AGR,20,"2026-07-16 05:15:31",184,0.757194,4.82046,4.9697,0.69166667,0.09309091,1.30883,0.08627,0.05488,0.86585,0.07927,200,100,fcr,33,164,10,1,random
2700,RANDOM,1,"2026-07-16 05:15:40",5.2,0.551939,2.53346,5.0303,0.55409092,-0.00028485,0.362049,-0.000982,0.56627,0.1506,0.28313,200,100,fcr,33,166,10,1,random
2701,RANDOM,2,"2026-07-16 05:15:45",9.9,0.554248,2.53277,4.9394,0.55378788,-0.00395758,0.388402,0.000521,0.54601,0.15951,0.29448,200,100,fcr,33,163,10,1,random
2702,RANDOM,3,"2026-07-16 05:15:50",14.5,0.549797,2.5168,4.8788,0.55530303,-0.01121212,0.36266,-0.004054,0.5528,0.14907,0.29814,200,100,fcr,33,161,10,1,random
2703,RANDOM,4,"2026-07-16 05:15:54",19,0.548394,2.50929,4.8182,0.55212121,-0.00663939,0.357224,-0.00374,0.56604,0.13208,0.30189,200,100,fcr,33,159,10,1,random
2704,RANDOM,5,"2026-07-16 05:16:01",25.4,0.545739,2.50497,4.7576,0.54181818,0.00766364,0.357531,0.012238,0.56051,0.1465,0.29299,200,100,fcr,33,157,10,1,random
2705,RANDOM,6,"2026-07-16 05:16:05",30,0.545609,2.49998,4.697,0.54590909,-0.00073636,0.377616,0.001524,0.54194,0.16129,0.29677,200,100,fcr,33,155,10,1,random
2706,RANDOM,7,"2026-07-16 05:16:12",36.4,0.540985,2.47073,4.6061,0.54545455,-0.01149697,0.367045,-0.001749,0.53947,0.15789,0.30263,200,100,fcr,33,152,10,1,random
2707,RANDOM,8,"2026-07-16 05:16:18",42.8,0.539642,2.48109,4.6061,0.53378788,0.00346667,0.372712,0.014532,0.53947,0.15132,0.30921,200,100,fcr,33,152,10,1,random
2708,RANDOM,9,"2026-07-16 05:16:25",49.4,0.537233,2.46345,4.5455,0.5330303,0.00571515,0.354362,0.012689,0.56,0.14,0.3,200,100,fcr,33,150,10,1,random
2709,RANDOM,10,"2026-07-16 05:16:31",55.8,0.53887,2.46902,4.5152,0.52863636,0.01801818,0.399544,0.019879,0.54362,0.14765,0.30872,200,100,fcr,33,149,10,1,random
2710,RANDOM,11,"2026-07-16 05:16:38",62.5,0.533909,2.44175,4.5152,0.53257576,0.00108182,0.357481,0.008759,0.5302,0.16779,0.30201,200,100,fcr,33,149,10,1,random
2711,RANDOM,12,"2026-07-16 05:16:44",69,0.533924,2.4292,4.4545,0.52969697,0.00464545,0.363083,0.010598,0.55102,0.13605,0.31293,200,100,fcr,33,147,10,1,random
2712,RANDOM,13,"2026-07-16 05:16:51",75.5,0.535273,2.4314,4.4242,0.53272727,0.0017697,0.371083,0.006415,0.5411,0.13014,0.32877,200,100,fcr,33,146,10,1,random
2713,RANDOM,14,"2026-07-16 05:16:57",82,0.532494,2.4139,4.3636,0.53424242,-0.00435152,0.331403,0.001968,0.54861,0.125,0.32639,200,100,fcr,33,144,10,1,random
2714,RANDOM,15,"2026-07-16 05:17:04",88.7,0.534339,2.42878,4.3636,0.54060606,-0.00353939,0.356489,-0.009783,0.52778,0.13194,0.34028,200,100,fcr,33,144,10,1,random
2715,RANDOM,16,"2026-07-16 05:17:11",95.4,0.534221,2.42127,4.3333,0.53651515,-0.00770303,0.322224,-0.001069,0.54545,0.13287,0.32168,200,100,fcr,33,143,10,1,random
2716,RANDOM,17,"2026-07-16 05:17:17",102.2,0.532582,2.42339,4.303,0.52772727,0.01011212,0.368983,0.012886,0.52817,0.16197,0.30986,200,100,fcr,33,142,10,1,random
2717,RANDOM,18,"2026-07-16 05:17:24",109.1,0.533588,2.4301,4.2424,0.53227272,-0.00035758,0.391634,0.004528,0.5,0.19286,0.30714,200,100,fcr,33,140,10,1,random
2718,RANDOM,19,"2026-07-16 05:17:31",115.7,0.533639,2.42469,4.2121,0.55166667,-0.0320697,0.405564,-0.031985,0.5036,0.17986,0.31655,200,100,fcr,33,139,10,1,random
2719,RANDOM,20,"2026-07-16 05:17:38",122.4,0.534273,2.42364,4.1818,0.52833333,0.01326563,0.395658,0.013246,0.5,0.18116,0.31884,200,100,fcr,33,138,10,1,random
2730,OI,1,"2026-07-16 05:23:01",5,0.582021,2.78343,4.9394,0.59545454,-0.02200303,0.446998,-0.045193,0.47853,0.22086,0.30061,200,100,fcr,34,163,10,1,random
2731,OI,2,"2026-07-16 05:23:06",9.5,0.611536,3.01347,4.9091,0.61833333,-0.01493333,0.473376,-0.031788,0.44444,0.25926,0.2963,200,100,fcr,34,162,10,1,random
2732,OI,3,"2026-07-16 05:23:10",14,0.634712,3.20953,4.9091,0.63833333,-0.00784848,0.547712,-0.021134,0.42593,0.27778,0.2963,200,100,fcr,34,162,10,1,random
2733,OI,4,"2026-07-16 05:23:15",18.5,0.6567,3.41983,4.8788,0.6539394,0.00386667,0.616131,-0.009625,0.35404,0.36025,0.28571,200,100,fcr,34,161,10,1,random
2734,OI,5,"2026-07-16 05:23:21",24.8,0.674221,3.58379,4.8788,0.6860606,-0.02035454,0.661999,-0.0284,0.32298,0.40373,0.27329,200,100,fcr,34,161,10,1,random
2735,OI,6,"2026-07-16 05:23:26",29.5,0.691085,3.75547,4.8485,0.69106061,0.00050606,0.741028,-0.009844,0.30625,0.4375,0.25625,200,100,fcr,34,160,10,1,random
2736,OI,7,"2026-07-16 05:23:32",35.9,0.706364,3.93868,4.8485,0.7030303,0.00558485,0.830484,-0.003758,0.24375,0.525,0.23125,200,100,fcr,34,160,10,1,random
2737,OI,8,"2026-07-16 05:23:38",42.2,0.717755,4.08712,4.8485,0.72954546,-0.01493939,0.859772,-0.022593,0.23125,0.5625,0.20625,200,100,fcr,34,160,10,1,random
2738,OI,9,"2026-07-16 05:23:45",48.6,0.730542,4.26095,4.8485,0.74181818,-0.01778485,0.981694,-0.022234,0.19375,0.63125,0.175,200,100,fcr,34,160,10,1,random
2739,OI,10,"2026-07-16 05:23:51",55.1,0.739542,4.39945,4.8485,0.74378788,-0.00572424,1.13713,-0.009852,0.2,0.65625,0.14375,200,100,fcr,34,160,10,1,random
2740,OI,11,"2026-07-16 05:23:58",61.8,0.746627,4.5282,4.8485,0.75287879,-0.00703333,1.47718,-0.011288,0.13125,0.7125,0.15625,200,100,fcr,34,160,10,1,random
2741,OI,12,"2026-07-16 05:24:05",68.4,0.751094,4.63187,4.8485,0.75636363,-0.00580606,1.24448,-0.008258,0.0875,0.84375,0.06875,200,100,fcr,34,160,10,1,random
2742,OI,13,"2026-07-16 05:24:11",75.2,0.753136,4.68276,4.8485,0.7480303,0.0042,1.89561,0.007231,0.09375,0.825,0.08125,200,100,fcr,34,160,10,1,random
2743,OI,14,"2026-07-16 05:24:18",81.9,0.755236,4.73092,4.8485,0.76757576,-0.01671212,2.01779,-0.015619,0.05625,0.9,0.04375,200,100,fcr,34,160,10,1,random
2744,OI,15,"2026-07-16 05:24:25",88.5,0.756836,4.75715,4.8485,0.77212121,-0.02072727,2.51517,-0.018949,0.025,0.95,0.025,200,100,fcr,34,160,10,1,random
2745,OI,16,"2026-07-16 05:24:31",95.1,0.756403,4.75945,4.8485,0.75848485,-0.00183939,1.95243,-0.001588,0.01875,0.9625,0.01875,200,100,fcr,34,160,10,1,random
2746,OI,17,"2026-07-16 05:24:38",101.8,0.755591,4.74521,4.8485,0.75621212,-0.0008,1.57527,0.000853,0.0375,0.91875,0.04375,200,100,fcr,34,160,10,1,random
2747,OI,18,"2026-07-16 05:24:45",108.5,0.756315,4.75158,4.8485,0.75681818,-0.00184242,2.15287,0.000603,0.01875,0.95,0.03125,200,100,fcr,34,160,10,1,random
2748,OI,19,"2026-07-16 05:24:51",114.9,0.756027,4.73502,4.8485,0.76060606,-0.0064697,1.68884,-0.004308,0.05625,0.9,0.04375,200,100,fcr,34,160,10,1,random
2749,OI,20,"2026-07-16 05:24:58",121.4,0.756255,4.7514,4.8485,0.76121212,-0.00670303,2.61828,-0.004947,0.025,0.9375,0.0375,200,100,fcr,34,160,10,1,random
2750,IR,1,"2026-07-16 05:25:07",5.2,0.558976,2.61074,4.9394,0.6189394,-0.10424242,0.38611,-0.111764,0.53988,0.17791,0.28221,200,100,fcr,34,163,10,1,random
2751,IR,2,"2026-07-16 05:25:12",10.1,0.569164,2.65887,4.8788,0.63166667,-0.11176061,0.419154,-0.117796,0.51553,0.18634,0.29814,200,100,fcr,34,161,10,1,random
2752,IR,3,"2026-07-16 05:25:17",15.1,0.57753,2.68963,4.8788,0.64166667,-0.10695455,0.408203,-0.117612,0.50932,0.19255,0.29814,200,100,fcr,34,161,10,1,random
2753,IR,4,"2026-07-16 05:25:22",20.1,0.584948,2.73917,4.7879,0.65166667,-0.11234545,0.417863,-0.119664,0.50633,0.18987,0.3038,200,100,fcr,34,158,10,1,random
2754,IR,5,"2026-07-16 05:25:29",26.9,0.592955,2.79538,4.7273,0.66,-0.10840606,0.431085,-0.119325,0.49359,0.19872,0.30769,200,100,fcr,34,156,10,1,random
2755,IR,6,"2026-07-16 05:25:34",31.9,0.599303,2.8393,4.7273,0.6739394,-0.12307273,0.441393,-0.128998,0.49359,0.19231,0.3141,200,100,fcr,34,156,10,1,random
2756,IR,7,"2026-07-16 05:25:40",38.5,0.605376,2.88398,4.7273,0.67924242,-0.12303939,0.444251,-0.12654,0.46154,0.22436,0.3141,200,100,fcr,34,156,10,1,random
2757,IR,8,"2026-07-16 05:25:47",45.1,0.612655,2.92269,4.7273,0.68863637,-0.12770909,0.443047,-0.129261,0.46795,0.22436,0.30769,200,100,fcr,34,156,10,1,random
2758,IR,9,"2026-07-16 05:25:54",52,0.621512,2.97919,4.697,0.69560606,-0.11930303,0.486557,-0.125834,0.43871,0.23226,0.32903,200,100,fcr,34,155,10,1,random
2759,IR,10,"2026-07-16 05:26:01",58.9,0.62597,3.00052,4.697,0.70333333,-0.12659697,0.445318,-0.126488,0.43226,0.24516,0.32258,200,100,fcr,34,155,10,1,random
2760,IR,11,"2026-07-16 05:26:07",65.7,0.630339,3.02043,4.6667,0.70606061,-0.12445152,0.461376,-0.122884,0.42208,0.24675,0.33117,200,100,fcr,34,154,10,1,random
2761,IR,12,"2026-07-16 05:26:14",72.6,0.636179,3.05916,4.6061,0.71045455,-0.11957576,0.46234,-0.120382,0.42763,0.23026,0.34211,200,100,fcr,34,152,10,1,random
2762,IR,13,"2026-07-16 05:26:21",79.4,0.63867,3.07484,4.6061,0.71818182,-0.12829394,0.470938,-0.125605,0.42105,0.23684,0.34211,200,100,fcr,34,152,10,1,random
2763,IR,14,"2026-07-16 05:26:28",86.4,0.642658,3.08202,4.6061,0.7210606,-0.1248697,0.480078,-0.123885,0.41447,0.24342,0.34211,200,100,fcr,34,152,10,1,random
2764,IR,15,"2026-07-16 05:26:35",93.4,0.646458,3.1021,4.5758,0.7230303,-0.12267273,0.487102,-0.120357,0.41722,0.24503,0.33775,200,100,fcr,34,151,10,1,random
2765,IR,16,"2026-07-16 05:26:42",100.3,0.649861,3.13648,4.5758,0.73166666,-0.13430606,0.507944,-0.127418,0.39073,0.27152,0.33775,200,100,fcr,34,151,10,1,random
2766,IR,17,"2026-07-16 05:26:49",107.2,0.654882,3.18394,4.5455,0.73151515,-0.12340606,0.507865,-0.120285,0.38667,0.26667,0.34667,200,100,fcr,34,150,10,1,random
2767,IR,18,"2026-07-16 05:26:56",114.1,0.661436,3.23215,4.5152,0.73424242,-0.11721818,0.523262,-0.114421,0.38255,0.26174,0.3557,200,100,fcr,34,149,10,1,random
2768,IR,19,"2026-07-16 05:27:03",121,0.663467,3.24988,4.4848,0.74045455,-0.12179394,0.522311,-0.116569,0.37162,0.30405,0.32432,200,100,fcr,34,148,10,1,random
2769,IR,20,"2026-07-16 05:27:10",128.1,0.666527,3.27697,4.4848,0.74181819,-0.11832424,0.589446,-0.11453,0.36486,0.31081,0.32432,200,100,fcr,34,148,10,1,random
2770,AGR,1,"2026-07-16 05:27:19",7.2,0.574597,2.73466,4.9697,0.53484848,0.0635697,0.420734,0.055005,0.5061,0.19512,0.29878,200,100,fcr,34,164,10,1,random
2771,AGR,2,"2026-07-16 05:27:26",14.1,0.590948,2.89512,4.9394,0.54772727,0.06501212,0.434272,0.062857,0.46012,0.22699,0.31288,200,100,fcr,34,163,10,1,random
2772,AGR,3,"2026-07-16 05:27:33",20.9,0.607227,3.06614,4.9091,0.56212121,0.06888182,0.439497,0.064653,0.43827,0.24691,0.31481,200,100,fcr,34,162,10,1,random
2773,AGR,4,"2026-07-16 05:27:40",27.8,0.6217,3.19471,4.9091,0.56136364,0.09311818,0.475447,0.088944,0.43827,0.25309,0.30864,200,100,fcr,34,162,10,1,random
2774,AGR,5,"2026-07-16 05:27:49",36.6,0.636173,3.31772,4.8788,0.58287879,0.08194546,0.531698,0.075318,0.3913,0.29193,0.31677,200,100,fcr,34,161,10,1,random
2775,AGR,6,"2026-07-16 05:27:56",43.7,0.647664,3.47384,4.8788,0.59742424,0.07860909,0.528574,0.071254,0.3913,0.29193,0.31677,200,100,fcr,34,161,10,1,random
2776,AGR,7,"2026-07-16 05:28:05",52.4,0.66053,3.61889,4.8485,0.60257575,0.09150606,0.58253,0.080994,0.35625,0.325,0.31875,200,100,fcr,34,160,10,1,random
2777,AGR,8,"2026-07-16 05:28:13",61.1,0.670821,3.73185,4.8485,0.60348485,0.10090606,0.598932,0.09507,0.35,0.35625,0.29375,200,100,fcr,34,160,10,1,random
2778,AGR,9,"2026-07-16 05:28:22",70.2,0.681009,3.87886,4.8485,0.63287879,0.06812424,0.692766,0.065407,0.33125,0.39375,0.275,200,100,fcr,34,160,10,1,random
2779,AGR,10,"2026-07-16 05:28:31",79,0.689515,3.98419,4.8485,0.63575757,0.07762121,0.782138,0.073891,0.31875,0.4125,0.26875,200,100,fcr,34,160,10,1,random
2780,AGR,11,"2026-07-16 05:28:40",88.2,0.698988,4.10472,4.8485,0.65363636,0.07085455,0.831348,0.060234,0.26875,0.4875,0.24375,200,100,fcr,34,160,10,1,random
2781,AGR,12,"2026-07-16 05:28:49",97.2,0.706436,4.19217,4.8485,0.66287879,0.06658788,0.873294,0.058365,0.25,0.49375,0.25625,200,100,fcr,34,160,10,1,random
2782,AGR,13,"2026-07-16 05:28:58",106.1,0.716506,4.3016,4.8485,0.66939393,0.06931818,0.871415,0.060853,0.20625,0.56875,0.225,200,100,fcr,34,160,10,1,random
2783,AGR,14,"2026-07-16 05:29:07",115.2,0.722733,4.3738,4.8485,0.66651515,0.08227273,0.917698,0.075279,0.2125,0.59375,0.19375,200,100,fcr,34,160,10,1,random
2784,AGR,15,"2026-07-16 05:29:16",124.2,0.727636,4.45824,4.8485,0.67924243,0.06704545,1.03386,0.064593,0.18125,0.65,0.16875,200,100,fcr,34,160,10,1,random
2785,AGR,16,"2026-07-16 05:29:25",133.2,0.733391,4.53683,4.8485,0.66833333,0.09156667,1.10684,0.086535,0.14375,0.71875,0.1375,200,100,fcr,34,160,10,1,random
2786,AGR,17,"2026-07-16 05:29:34",142.3,0.737391,4.59273,4.8485,0.67348485,0.09114242,1.16006,0.085148,0.10625,0.7875,0.10625,200,100,fcr,34,160,10,1,random
2787,AGR,18,"2026-07-16 05:29:44",151.4,0.741036,4.62653,4.8485,0.67969696,0.08843939,1.20263,0.081378,0.1,0.81875,0.08125,200,100,fcr,34,160,10,1,random
2788,AGR,19,"2026-07-16 05:29:53",160.8,0.744382,4.66257,4.8485,0.69,0.07844243,1.39881,0.072025,0.0875,0.8375,0.075,200,100,fcr,34,160,10,1,random
2789,AGR,20,"2026-07-16 05:30:03",170.6,0.747027,4.698,4.8485,0.68863636,0.08352727,1.37991,0.077551,0.0625,0.875,0.0625,200,100,fcr,34,160,10,1,random
2790,RANDOM,1,"2026-07-16 05:30:13",5.2,0.554836,2.58513,4.9394,0.56166667,-0.01051818,0.383571,-0.011571,0.53374,0.19018,0.27607,200,100,fcr,34,163,10,1,random
2791,RANDOM,2,"2026-07-16 05:30:17",9.6,0.55607,2.59421,4.8788,0.55318182,0.00597576,0.400387,0.006108,0.53416,0.18012,0.28571,200,100,fcr,34,161,10,1,random
2792,RANDOM,3,"2026-07-16 05:30:21",13.9,0.556042,2.58074,4.7273,0.55757576,-0.00026667,0.395131,-0.000714,0.53205,0.17308,0.29487,200,100,fcr,34,156,10,1,random
2793,RANDOM,4,"2026-07-16 05:30:26",18.3,0.559951,2.60593,4.6667,0.56075758,-0.00160909,0.407514,-0.00209,0.50649,0.21429,0.27922,200,100,fcr,34,154,10,1,random
2794,RANDOM,5,"2026-07-16 05:30:32",24.3,0.560633,2.61211,4.6667,0.5580303,0.00317879,0.45641,0.006096,0.51299,0.18831,0.2987,200,100,fcr,34,154,10,1,random
2795,RANDOM,6,"2026-07-16 05:30:36",28.6,0.558667,2.58644,4.6364,0.56257576,-0.00284545,0.426712,-0.002629,0.52288,0.18301,0.29412,200,100,fcr,34,153,10,1,random
2796,RANDOM,7,"2026-07-16 05:30:42",34.8,0.558788,2.58881,4.6364,0.55636364,-0.00084849,0.447643,0.006514,0.52941,0.18301,0.28758,200,100,fcr,34,153,10,1,random
2797,RANDOM,8,"2026-07-16 05:30:48",40.9,0.560409,2.60352,4.5758,0.57287879,-0.02559091,0.469019,-0.02113,0.51656,0.19868,0.28477,200,100,fcr,34,151,10,1,random
2798,RANDOM,9,"2026-07-16 05:30:55",47.3,0.559785,2.59559,4.5758,0.55984848,0.00058788,0.475408,0.002816,0.50993,0.19868,0.29139,200,100,fcr,34,151,10,1,random
2799,RANDOM,10,"2026-07-16 05:31:01",53.5,0.558464,2.58287,4.5455,0.56151515,-0.00100303,0.454186,-0.002432,0.54,0.18667,0.27333,200,100,fcr,34,150,10,1,random
2800,RANDOM,11,"2026-07-16 05:31:07",59.8,0.558818,2.58192,4.5455,0.55318182,0.00932727,0.50704,0.012124,0.52667,0.19333,0.28,200,100,fcr,34,150,10,1,random
2801,RANDOM,12,"2026-07-16 05:31:13",66,0.558424,2.57199,4.5455,0.56227273,-0.01033333,0.491943,-0.003774,0.52,0.19333,0.28667,200,100,fcr,34,150,10,1,random
2802,RANDOM,13,"2026-07-16 05:31:20",72.2,0.5536,2.54714,4.5455,0.55393939,0.00153333,0.467011,0.006422,0.50667,0.22,0.27333,200,100,fcr,34,150,10,1,random
2803,RANDOM,14,"2026-07-16 05:31:26",78.3,0.554945,2.55809,4.5455,0.55545454,-0.00500909,0.485438,-0.000077,0.48667,0.22,0.29333,200,100,fcr,34,150,10,1,random
2804,RANDOM,15,"2026-07-16 05:31:32",84.6,0.558642,2.56662,4.5152,0.54257576,0.02755152,0.443254,0.027711,0.47651,0.22148,0.30201,200,100,fcr,34,149,10,1,random
2805,RANDOM,16,"2026-07-16 05:31:38",90.9,0.556024,2.54807,4.4545,0.55469697,-0.00144242,0.425058,0.006551,0.46259,0.2381,0.29932,200,100,fcr,34,147,10,1,random
2806,RANDOM,17,"2026-07-16 05:31:45",97.1,0.556394,2.54985,4.4545,0.55681818,-0.00317576,0.433208,0.000952,0.46939,0.2449,0.28571,200,100,fcr,34,147,10,1,random
2807,RANDOM,18,"2026-07-16 05:31:51",103.3,0.554403,2.54169,4.4242,0.56030303,-0.00809394,0.454437,-0.006761,0.4726,0.22603,0.30137,200,100,fcr,34,146,10,1,random
2808,RANDOM,19,"2026-07-16 05:31:57",109.6,0.554336,2.5364,4.3939,0.56030303,-0.01059697,0.430875,-0.008466,0.48276,0.22759,0.28966,200,100,fcr,34,145,10,1,random
2809,RANDOM,20,"2026-07-16 05:32:03",116,0.552142,2.52317,4.3939,0.5480303,0.01243636,0.452178,0.012409,0.47586,0.21379,0.31034,200,100,fcr,34,145,10,1,random
2810,OI,1,"2026-07-16 05:32:20",4.9,0.585988,2.77752,5.0606,0.59030303,-0.0062,0.467799,-0.029994,0.50898,0.18563,0.30539,200,100,fcr,35,167,10,1,random
2811,OI,2,"2026-07-16 05:32:24",9.5,0.610839,2.98211,5.0303,0.61727273,-0.01273939,0.461223,-0.027866,0.46386,0.22892,0.30723,200,100,fcr,35,166,10,1,random
2812,OI,3,"2026-07-16 05:32:29",14,0.635833,3.20083,4.9394,0.63742424,-0.00211212,0.534322,-0.019268,0.41104,0.31902,0.26994,200,100,fcr,35,163,10,1,random
2813,OI,4,"2026-07-16 05:32:33",18.5,0.655976,3.3929,4.9091,0.6589394,-0.00584848,0.658603,-0.017362,0.3642,0.33333,0.30247,200,100,fcr,35,162,10,1,random
2814,OI,5,"2026-07-16 05:32:40",24.8,0.676318,3.58087,4.8788,0.68787878,-0.01799697,0.654283,-0.029501,0.34161,0.37888,0.2795,200,100,fcr,35,161,10,1,random
2815,OI,6,"2026-07-16 05:32:44",29.6,0.692533,3.74718,4.8788,0.69924242,-0.00847576,0.770367,-0.019047,0.29814,0.44099,0.26087,200,100,fcr,35,161,10,1,random
2816,OI,7,"2026-07-16 05:32:51",35.9,0.706288,3.92986,4.8788,0.70151515,0.00774848,0.824787,-0.000686,0.2795,0.49689,0.2236,200,100,fcr,35,161,10,1,random
2817,OI,8,"2026-07-16 05:32:57",42.1,0.718179,4.09962,4.8788,0.72742424,-0.01395151,0.984956,-0.019373,0.24224,0.55901,0.19876,200,100,fcr,35,161,10,1,random
2818,OI,9,"2026-07-16 05:33:03",48.6,0.729006,4.28237,4.8788,0.74151515,-0.01836061,1.07145,-0.022555,0.20497,0.58385,0.21118,200,100,fcr,35,161,10,1,random
2819,OI,10,"2026-07-16 05:33:10",55.3,0.737309,4.40717,4.8788,0.73848485,-0.00263333,1.05589,-0.005137,0.16149,0.67702,0.16149,200,100,fcr,35,161,10,1,random
2820,OI,11,"2026-07-16 05:33:16",61.7,0.742276,4.51791,4.8788,0.74742424,-0.00741212,1.12943,-0.008366,0.14907,0.75155,0.09938,200,100,fcr,35,161,10,1,random
2821,OI,12,"2026-07-16 05:33:23",68.2,0.746676,4.5962,4.8788,0.75045454,-0.00633636,1.72063,-0.006202,0.09938,0.77019,0.13043,200,100,fcr,35,161,10,1,random
2822,OI,13,"2026-07-16 05:33:29",74.7,0.750645,4.66225,4.8788,0.75469696,-0.0048,1.22072,-0.005762,0.06832,0.84472,0.08696,200,100,fcr,35,161,10,1,random
2823,OI,14,"2026-07-16 05:33:36",81.3,0.752467,4.70053,4.8788,0.74848485,0.00500606,1.37643,0.005567,0.0559,0.87578,0.06832,200,100,fcr,35,161,10,1,random
2824,OI,15,"2026-07-16 05:33:43",87.8,0.754594,4.75696,4.8788,0.76287878,-0.01066061,1.53959,-0.010657,0.04348,0.91925,0.03727,200,100,fcr,35,161,10,1,random
2825,OI,16,"2026-07-16 05:33:49",94.5,0.755439,4.76972,4.8788,0.75424242,0.00095455,1.83238,0.002656,0.03727,0.91925,0.04348,200,100,fcr,35,161,10,1,random
2826,OI,17,"2026-07-16 05:33:56",101.2,0.755148,4.78107,4.8788,0.76393939,-0.01457576,2.03358,-0.009897,0.01863,0.93789,0.04348,200,100,fcr,35,161,10,1,random
2827,OI,18,"2026-07-16 05:34:03",107.8,0.755745,4.79193,4.8788,0.76378788,-0.0115,1.53349,-0.009519,0.02484,0.9441,0.03106,200,100,fcr,35,161,10,1,random
2828,OI,19,"2026-07-16 05:34:09",114.5,0.755645,4.79125,4.8788,0.75484848,0.00008485,1.77845,0.002647,0.03106,0.95652,0.01242,200,100,fcr,35,161,10,1,random
2829,OI,20,"2026-07-16 05:34:16",121.1,0.755045,4.77102,4.8788,0.76318182,-0.01176364,2.20993,-0.009624,0.01863,0.92547,0.0559,200,100,fcr,35,161,10,1,random
2830,IR,1,"2026-07-16 05:34:25",5.5,0.566648,2.62076,5.0909,0.6330303,-0.11785455,0.409364,-0.126094,0.55952,0.15476,0.28571,200,100,fcr,35,168,10,1,random
2831,IR,2,"2026-07-16 05:34:31",10.7,0.574533,2.65693,5.0606,0.64757576,-0.12837576,0.41995,-0.133363,0.52695,0.19162,0.28144,200,100,fcr,35,167,10,1,random
2832,IR,3,"2026-07-16 05:34:36",15.7,0.580997,2.69431,5,0.65257576,-0.12019091,0.428007,-0.127924,0.52727,0.17576,0.29697,200,100,fcr,35,165,10,1,random
2833,IR,4,"2026-07-16 05:34:41",20.8,0.588333,2.7236,4.9091,0.65454545,-0.11047576,0.425236,-0.118055,0.52469,0.16049,0.31481,200,100,fcr,35,162,10,1,random
2834,IR,5,"2026-07-16 05:34:48",27.8,0.595012,2.76947,4.8182,0.66424243,-0.11573939,0.40459,-0.121122,0.50314,0.1761,0.32075,200,100,fcr,35,159,10,1,random
2835,IR,6,"2026-07-16 05:34:53",33,0.602439,2.82879,4.8182,0.67212121,-0.11620303,0.414381,-0.120522,0.49686,0.18239,0.32075,200,100,fcr,35,159,10,1,random
2836,IR,7,"2026-07-16 05:35:00",39.9,0.609215,2.87438,4.7879,0.67893939,-0.11497273,0.428075,-0.118851,0.5,0.17089,0.32911,200,100,fcr,35,158,10,1,random
2837,IR,8,"2026-07-16 05:35:07",46.7,0.611964,2.88005,4.7576,0.67560606,-0.10314242,0.427809,-0.105194,0.49045,0.17197,0.33758,200,100,fcr,35,157,10,1,random
2838,IR,9,"2026-07-16 05:35:14",53.9,0.618821,2.92464,4.6667,0.69075757,-0.11731818,0.432127,-0.121121,0.47403,0.2013,0.32468,200,100,fcr,35,154,10,1,random
2839,IR,10,"2026-07-16 05:35:21",61.2,0.623333,2.95033,4.6364,0.69545455,-0.11378788,0.472191,-0.118386,0.45752,0.20261,0.33987,200,100,fcr,35,153,10,1,random
2840,IR,11,"2026-07-16 05:35:28",68.4,0.629594,3.00181,4.6364,0.70045454,-0.11189091,0.461297,-0.11663,0.44444,0.22876,0.3268,200,100,fcr,35,153,10,1,random
2841,IR,12,"2026-07-16 05:35:35",75.6,0.633949,3.03926,4.6364,0.70757576,-0.11798788,0.489673,-0.119021,0.44444,0.22222,0.33333,200,100,fcr,35,153,10,1,random
2842,IR,13,"2026-07-16 05:35:43",82.8,0.638197,3.07845,4.6061,0.71,-0.11586667,0.493618,-0.115114,0.42763,0.23684,0.33553,200,100,fcr,35,152,10,1,random
2843,IR,14,"2026-07-16 05:35:50",89.9,0.644349,3.13375,4.6061,0.71924243,-0.11864242,0.513555,-0.120405,0.43421,0.23684,0.32895,200,100,fcr,35,152,10,1,random
2844,IR,15,"2026-07-16 05:35:57",97.1,0.648461,3.17113,4.5758,0.72439394,-0.12339394,0.542798,-0.119557,0.41722,0.24503,0.33775,200,100,fcr,35,151,10,1,random
2845,IR,16,"2026-07-16 05:36:04",104.3,0.652336,3.19285,4.5758,0.73151515,-0.12611212,0.523357,-0.123663,0.41722,0.2649,0.31788,200,100,fcr,35,151,10,1,random
2846,IR,17,"2026-07-16 05:36:11",111.5,0.65497,3.20568,4.5758,0.73636363,-0.12883939,0.580508,-0.125497,0.39735,0.25166,0.35099,200,100,fcr,35,151,10,1,random
2847,IR,18,"2026-07-16 05:36:19",118.7,0.658133,3.22509,4.5758,0.73681818,-0.12443333,0.520334,-0.120794,0.39735,0.2649,0.33775,200,100,fcr,35,151,10,1,random
2848,IR,19,"2026-07-16 05:36:26",125.9,0.661618,3.24732,4.5758,0.7360606,-0.11776364,0.549958,-0.114437,0.39073,0.27815,0.33113,200,100,fcr,35,151,10,1,random
2849,IR,20,"2026-07-16 05:36:33",133,0.665061,3.29247,4.5455,0.7419697,-0.11848788,0.572497,-0.117698,0.37333,0.29333,0.33333,200,100,fcr,35,150,10,1,random
2850,AGR,1,"2026-07-16 05:36:44",7,0.576139,2.73535,5,0.52757576,0.07614242,0.435037,0.070731,0.50909,0.19394,0.29697,200,100,fcr,35,165,10,1,random
2851,AGR,2,"2026-07-16 05:36:51",13.8,0.594594,2.88132,4.9394,0.55621212,0.05742121,0.434522,0.05282,0.47853,0.22699,0.29448,200,100,fcr,35,163,10,1,random
2852,AGR,3,"2026-07-16 05:36:57",20.6,0.609994,3.03255,4.9091,0.57060606,0.06406364,0.48137,0.055843,0.47531,0.21605,0.30864,200,100,fcr,35,162,10,1,random
2853,AGR,4,"2026-07-16 05:37:04",27.3,0.627615,3.20086,4.9091,0.58606061,0.06221515,0.523003,0.055246,0.45679,0.21605,0.32716,200,100,fcr,35,162,10,1,random
2854,AGR,5,"2026-07-16 05:37:13",35.8,0.644385,3.36353,4.9091,0.59242425,0.07742727,0.520918,0.070875,0.42593,0.25926,0.31481,200,100,fcr,35,162,10,1,random
2855,AGR,6,"2026-07-16 05:37:20",42.8,0.655788,3.50338,4.9091,0.61106061,0.06550303,0.574389,0.061719,0.38889,0.27778,0.33333,200,100,fcr,35,162,10,1,random
2856,AGR,7,"2026-07-16 05:37:28",51.5,0.669248,3.63828,4.8788,0.6219697,0.07194545,0.586136,0.063002,0.37267,0.30435,0.32298,200,100,fcr,35,161,10,1,random
2857,AGR,8,"2026-07-16 05:37:37",60.2,0.680236,3.76777,4.8485,0.62060606,0.09170303,0.646803,0.082293,0.325,0.3625,0.3125,200,100,fcr,35,160,10,1,random
2858,AGR,9,"2026-07-16 05:37:46",69.2,0.690027,3.87665,4.8485,0.63939394,0.07736061,0.670998,0.068457,0.31875,0.39375,0.2875,200,100,fcr,35,160,10,1,random
2859,AGR,10,"2026-07-16 05:37:55",78.1,0.701909,4.0187,4.8485,0.65833333,0.06137576,0.745823,0.055839,0.2875,0.425,0.2875,200,100,fcr,35,160,10,1,random
2860,AGR,11,"2026-07-16 05:38:04",87.1,0.710661,4.13829,4.8485,0.65333334,0.08194242,0.766048,0.076486,0.25625,0.475,0.26875,200,100,fcr,35,160,10,1,random
2861,AGR,12,"2026-07-16 05:38:13",96.2,0.719758,4.26476,4.8485,0.67045454,0.07379091,0.829772,0.063864,0.21875,0.56875,0.2125,200,100,fcr,35,160,10,1,random
2862,AGR,13,"2026-07-16 05:38:22",105.2,0.727555,4.36698,4.8485,0.67878788,0.06974545,0.956899,0.063323,0.19375,0.6,0.20625,200,100,fcr,35,160,10,1,random
2863,AGR,14,"2026-07-16 05:38:31",114.3,0.734448,4.46267,4.8485,0.68227273,0.07227576,0.998462,0.068128,0.15625,0.7,0.14375,200,100,fcr,35,160,10,1,random
2864,AGR,15,"2026-07-16 05:38:40",123.4,0.739524,4.52765,4.8485,0.69030303,0.07144545,1.15322,0.064637,0.1375,0.7125,0.15,200,100,fcr,35,160,10,1,random
2865,AGR,16,"2026-07-16 05:38:49",132.4,0.744027,4.58791,4.8485,0.68575758,0.08127576,1.16816,0.076675,0.13125,0.7375,0.13125,200,100,fcr,35,160,10,1,random
2866,AGR,17,"2026-07-16 05:38:58",141.5,0.748694,4.6487,4.8485,0.6960606,0.0749303,1.30359,0.068679,0.1,0.81875,0.08125,200,100,fcr,35,160,10,1,random
2867,AGR,18,"2026-07-16 05:39:07",150.6,0.752024,4.70453,4.8485,0.69409091,0.08114242,1.6654,0.075941,0.05625,0.8875,0.05625,200,100,fcr,35,160,10,1,random
2868,AGR,19,"2026-07-16 05:39:17",159.7,0.75313,4.73042,4.8485,0.69833333,0.07580909,1.51424,0.07283,0.03125,0.90625,0.0625,200,100,fcr,35,160,10,1,random
2869,AGR,20,"2026-07-16 05:39:26",168.8,0.754561,4.75407,4.8485,0.68484849,0.09577879,1.29764,0.092325,0.0375,0.91875,0.04375,200,100,fcr,35,160,10,1,random
2870,RANDOM,1,"2026-07-16 05:39:35",4.9,0.553248,2.55285,5.0909,0.55090909,0.00395758,0.391496,0.008621,0.55357,0.15476,0.29167,200,100,fcr,35,168,10,1,random
2871,RANDOM,2,"2026-07-16 05:39:40",9.3,0.554212,2.55208,5.0606,0.54848485,0.01227879,0.368818,0.011049,0.56886,0.13174,0.2994,200,100,fcr,35,167,10,1,random
2872,RANDOM,3,"2026-07-16 05:39:44",13.9,0.55217,2.5413,5,0.56212121,-0.01943939,0.362049,-0.013758,0.56364,0.12727,0.30909,200,100,fcr,35,165,10,1,random
2873,RANDOM,4,"2026-07-16 05:39:49",18.5,0.553839,2.56438,4.8788,0.54545454,0.01302727,0.350903,0.015831,0.54658,0.13665,0.31677,200,100,fcr,35,161,10,1,random
2874,RANDOM,5,"2026-07-16 05:39:55",24.8,0.555573,2.56422,4.8485,0.55666667,0.00098485,0.350525,-0.00062,0.54375,0.15,0.30625,200,100,fcr,35,160,10,1,random
2875,RANDOM,6,"2026-07-16 05:40:00",29.4,0.554658,2.55478,4.7879,0.55833333,-0.01439394,0.361619,-0.003248,0.55063,0.14557,0.3038,200,100,fcr,35,158,10,1,random
2876,RANDOM,7,"2026-07-16 05:40:07",36.9,0.552045,2.52633,4.7576,0.5539394,-0.00673636,0.37323,0.001105,0.54777,0.15287,0.29936,200,100,fcr,35,157,10,1,random
2877,RANDOM,8,"2026-07-16 05:40:14",43.9,0.553785,2.55678,4.7576,0.54424243,0.01628788,0.383755,0.017838,0.52866,0.16561,0.30573,200,100,fcr,35,157,10,1,random
2878,RANDOM,9,"2026-07-16 05:40:21",50.4,0.55243,2.54949,4.7576,0.53969697,0.02197879,0.367868,0.027374,0.5414,0.15924,0.29936,200,100,fcr,35,157,10,1,random
2879,RANDOM,10,"2026-07-16 05:40:27",57.1,0.550036,2.53595,4.7576,0.54833333,0.00478182,0.374173,0.008051,0.5414,0.15287,0.30573,200,100,fcr,35,157,10,1,random
2880,RANDOM,11,"2026-07-16 05:40:34",63.6,0.547321,2.52823,4.7576,0.54909091,-0.00312424,0.358057,0.001256,0.5414,0.15287,0.30573,200,100,fcr,35,157,10,1,random
2881,RANDOM,12,"2026-07-16 05:40:40",70.1,0.546539,2.52734,4.7273,0.54560606,-0.00531515,0.355508,0.004791,0.53846,0.15385,0.30769,200,100,fcr,35,156,10,1,random
2882,RANDOM,13,"2026-07-16 05:40:47",76.7,0.546018,2.52576,4.697,0.54727273,-0.00599394,0.356834,0.000912,0.54194,0.14839,0.30968,200,100,fcr,35,155,10,1,random
2883,RANDOM,14,"2026-07-16 05:40:53",83.3,0.544948,2.51679,4.6061,0.55712121,-0.01957576,0.355809,-0.018712,0.53289,0.18421,0.28289,200,100,fcr,35,152,10,1,random
2884,RANDOM,15,"2026-07-16 05:41:00",89.8,0.543748,2.50727,4.5758,0.54924242,-0.01089697,0.405586,-0.006663,0.54967,0.15232,0.29801,200,100,fcr,35,151,10,1,random
2885,RANDOM,16,"2026-07-16 05:41:06",96.3,0.542703,2.50803,4.5455,0.54636364,-0.00990909,0.39955,-0.003639,0.54,0.17333,0.28667,200,100,fcr,35,150,10,1,random
2886,RANDOM,17,"2026-07-16 05:41:13",103,0.546039,2.51191,4.5455,0.54530303,-0.00126364,0.427911,0.000979,0.54667,0.17333,0.28,200,100,fcr,35,150,10,1,random
2887,RANDOM,18,"2026-07-16 05:41:20",109.6,0.543121,2.50002,4.4848,0.55045454,-0.0130697,0.43859,-0.008203,0.5473,0.17568,0.27703,200,100,fcr,35,148,10,1,random
2888,RANDOM,19,"2026-07-16 05:41:26",116.3,0.543836,2.49282,4.4545,0.54636364,-0.00416364,0.447218,-0.002928,0.53061,0.17007,0.29932,200,100,fcr,35,147,10,1,random
2889,RANDOM,20,"2026-07-16 05:41:33",123,0.542576,2.48717,4.4242,0.53742424,0.01264242,0.412422,0.014029,0.5411,0.16438,0.29452,200,100,fcr,35,146,10,1,random
2890,OI,1,"2026-07-16 05:42:49",5.4,0.577873,2.72599,5.0909,0.58393939,-0.01142727,0.448054,-0.035015,0.5119,0.19048,0.29762,200,100,fcr,36,168,10,1,random
2891,OI,2,"2026-07-16 05:42:54",10.4,0.604036,2.94161,5.0606,0.60121212,0.00519394,0.464497,-0.013013,0.45509,0.25749,0.28743,200,100,fcr,36,167,10,1,random
2892,OI,3,"2026-07-16 05:42:59",15.3,0.628076,3.11377,5.0606,0.61272727,0.0261303,0.530336,0.00783,0.42515,0.28743,0.28743,200,100,fcr,36,167,10,1,random
2893,OI,4,"2026-07-16 05:43:04",20.2,0.651561,3.3268,5.0606,0.65939394,-0.01383636,0.589412,-0.027113,0.38922,0.34731,0.26347,200,100,fcr,36,167,10,1,random
2894,OI,5,"2026-07-16 05:43:09",25.1,0.669415,3.52248,5.0606,0.66484849,0.00784848,0.687043,-0.004169,0.34132,0.38323,0.27545,200,100,fcr,36,167,10,1,random
2895,OI,6,"2026-07-16 05:43:14",30.1,0.687397,3.72951,5.0303,0.69727272,-0.01415152,0.687559,-0.024671,0.31325,0.40361,0.28313,200,100,fcr,36,166,10,1,random
2896,OI,7,"2026-07-16 05:43:20",36.7,0.700624,3.88891,5.0303,0.7,-0.00112121,0.711762,-0.006463,0.28916,0.46988,0.24096,200,100,fcr,36,166,10,1,random
2897,OI,8,"2026-07-16 05:43:27",43.4,0.712964,4.02785,5.0303,0.70681819,0.00786667,0.84575,0.002266,0.26506,0.44578,0.28916,200,100,fcr,36,166,10,1,random
2898,OI,9,"2026-07-16 05:43:34",50.2,0.724151,4.18158,5.0303,0.71757576,0.00955758,0.777463,0.003707,0.23494,0.53614,0.22892,200,100,fcr,36,166,10,1,random
2899,OI,10,"2026-07-16 05:43:41",57.2,0.733706,4.31105,5.0303,0.74015152,-0.00825455,0.923831,-0.013465,0.21084,0.59639,0.19277,200,100,fcr,36,166,10,1,random
2900,OI,11,"2026-07-16 05:43:47",63.9,0.742,4.46953,5.0303,0.74515152,-0.00880909,1.00956,-0.008116,0.19277,0.63253,0.1747,200,100,fcr,36,166,10,1,random
2901,OI,12,"2026-07-16 05:43:54",70.8,0.748745,4.59585,5.0303,0.75272727,-0.00575152,1.16261,-0.008002,0.16867,0.69277,0.13855,200,100,fcr,36,166,10,1,random
2902,OI,13,"2026-07-16 05:44:01",77.7,0.752088,4.67144,5.0303,0.76181818,-0.0134697,1.35834,-0.013201,0.13855,0.71084,0.1506,200,100,fcr,36,166,10,1,random
2903,OI,14,"2026-07-16 05:44:08",84.9,0.755545,4.76202,5.0303,0.7569697,-0.00368788,1.27674,-0.002488,0.11446,0.78313,0.10241,200,100,fcr,36,166,10,1,random
2904,OI,15,"2026-07-16 05:44:15",91.9,0.757842,4.81084,5.0303,0.76136364,-0.00492727,1.71593,-0.0044,0.09639,0.81325,0.09036,200,100,fcr,36,166,10,1,random
2905,OI,16,"2026-07-16 05:44:22",98.8,0.760161,4.86145,5.0303,0.7690909,-0.01145152,1.62643,-0.01131,0.06024,0.86145,0.07831,200,100,fcr,36,166,10,1,random
2906,OI,17,"2026-07-16 05:44:29",105.9,0.761879,4.90431,5.0303,0.76893939,-0.00943636,1.54725,-0.008788,0.04217,0.90964,0.04819,200,100,fcr,36,166,10,1,random
2907,OI,18,"2026-07-16 05:44:36",113,0.761836,4.90965,5.0303,0.76787879,-0.00730606,1.75829,-0.006448,0.03614,0.92771,0.03614,200,100,fcr,36,166,10,1,random
2908,OI,19,"2026-07-16 05:44:43",119.9,0.762288,4.90325,5.0303,0.76878788,-0.0105697,1.80346,-0.006883,0.04819,0.89157,0.06024,200,100,fcr,36,166,10,1,random
2909,OI,20,"2026-07-16 05:44:50",126.9,0.762645,4.92025,5.0303,0.76833333,-0.00502727,1.99102,-0.005535,0.04217,0.93373,0.0241,200,100,fcr,36,166,10,1,random
2910,IR,1,"2026-07-16 05:44:59",4.8,0.559761,2.58507,4.9697,0.62424243,-0.11176061,0.393607,-0.125366,0.52439,0.20122,0.27439,200,100,fcr,36,164,10,1,random
2911,IR,2,"2026-07-16 05:45:03",9.2,0.567079,2.61863,4.9394,0.64151515,-0.12490303,0.412399,-0.137364,0.52761,0.17178,0.30061,200,100,fcr,36,163,10,1,random
2912,IR,3,"2026-07-16 05:45:08",13.6,0.579667,2.68918,4.9394,0.65878788,-0.13491515,0.398722,-0.147096,0.51534,0.18405,0.30061,200,100,fcr,36,163,10,1,random
2913,IR,4,"2026-07-16 05:45:12",18,0.589485,2.74565,4.8788,0.65863637,-0.11452727,0.411714,-0.124952,0.50932,0.19876,0.29193,200,100,fcr,36,161,10,1,random
2914,IR,5,"2026-07-16 05:45:18",24,0.597727,2.80177,4.8485,0.66893939,-0.11807273,0.471764,-0.125227,0.4875,0.2125,0.3,200,100,fcr,36,160,10,1,random
2915,IR,6,"2026-07-16 05:45:23",28.6,0.603061,2.83642,4.8182,0.67545455,-0.12103636,0.461008,-0.123518,0.47799,0.20126,0.32075,200,100,fcr,36,159,10,1,random
2916,IR,7,"2026-07-16 05:45:29",34.9,0.61017,2.89908,4.8182,0.69484849,-0.13752424,0.443331,-0.143777,0.49686,0.1761,0.32704,200,100,fcr,36,159,10,1,random
2917,IR,8,"2026-07-16 05:45:35",41.2,0.615409,2.92816,4.8182,0.68454545,-0.11581212,0.456493,-0.115817,0.47799,0.19497,0.32704,200,100,fcr,36,159,10,1,random
2918,IR,9,"2026-07-16 05:45:42",47.6,0.621524,2.97369,4.8182,0.69878788,-0.12308485,0.471339,-0.128707,0.46541,0.20755,0.32704,200,100,fcr,36,159,10,1,random
2919,IR,10,"2026-07-16 05:45:48",54,0.625427,2.9962,4.8182,0.70984848,-0.13608485,0.47539,-0.137232,0.45283,0.22642,0.32075,200,100,fcr,36,159,10,1,random
2920,IR,11,"2026-07-16 05:45:54",60.4,0.628509,3.01894,4.8182,0.70075758,-0.1135303,0.48774,-0.116567,0.46541,0.21384,0.32075,200,100,fcr,36,159,10,1,random
2921,IR,12,"2026-07-16 05:46:01",66.9,0.636,3.07249,4.7273,0.70772728,-0.11617879,0.506351,-0.118114,0.44872,0.21154,0.33974,200,100,fcr,36,156,10,1,random
2922,IR,13,"2026-07-16 05:46:07",73.2,0.643948,3.13203,4.7273,0.7230303,-0.12359091,0.494612,-0.128531,0.42949,0.23077,0.33974,200,100,fcr,36,156,10,1,random
2923,IR,14,"2026-07-16 05:46:14",79.7,0.650058,3.15228,4.7273,0.72848485,-0.12489394,0.491654,-0.124447,0.44231,0.21795,0.33974,200,100,fcr,36,156,10,1,random
2924,IR,15,"2026-07-16 05:46:20",86.1,0.653049,3.15995,4.7273,0.72893939,-0.11690606,0.508636,-0.117896,0.44231,0.21154,0.34615,200,100,fcr,36,156,10,1,random
2925,IR,16,"2026-07-16 05:46:27",92.6,0.657448,3.20155,4.7273,0.73969697,-0.12583333,0.51844,-0.127861,0.41667,0.25,0.33333,200,100,fcr,36,156,10,1,random
2926,IR,17,"2026-07-16 05:46:33",99,0.661067,3.23858,4.697,0.73848485,-0.12015758,0.532557,-0.119216,0.43871,0.21935,0.34194,200,100,fcr,36,155,10,1,random
2927,IR,18,"2026-07-16 05:46:39",105.5,0.662842,3.25033,4.697,0.74272727,-0.12223333,0.520558,-0.121098,0.43226,0.22581,0.34194,200,100,fcr,36,155,10,1,random
2928,IR,19,"2026-07-16 05:46:46",111.9,0.665539,3.26694,4.6061,0.73909091,-0.11371515,0.524833,-0.111834,0.42763,0.23026,0.34211,200,100,fcr,36,152,10,1,random
2929,IR,20,"2026-07-16 05:46:52",118.4,0.668291,3.29332,4.6061,0.73924242,-0.10788788,0.558242,-0.107673,0.42105,0.24342,0.33553,200,100,fcr,36,152,10,1,random
2930,AGR,1,"2026-07-16 05:47:01",7.7,0.570109,2.70319,5.0303,0.53045454,0.06676364,0.426993,0.054243,0.53012,0.18675,0.28313,200,100,fcr,36,166,10,1,random
2931,AGR,2,"2026-07-16 05:47:08",15,0.59077,2.87532,5,0.55060606,0.06216364,0.466312,0.05429,0.49697,0.19394,0.30909,200,100,fcr,36,165,10,1,random
2932,AGR,3,"2026-07-16 05:47:16",22.2,0.606255,3.02483,4.9697,0.54681818,0.10037576,0.462126,0.08915,0.46951,0.22561,0.30488,200,100,fcr,36,164,10,1,random
2933,AGR,4,"2026-07-16 05:47:23",29.4,0.621191,3.18445,4.9394,0.58,0.06285758,0.49983,0.057826,0.42945,0.25767,0.31288,200,100,fcr,36,163,10,1,random
2934,AGR,5,"2026-07-16 05:47:32",38.4,0.636009,3.36088,4.9394,0.59621212,0.06709091,0.511317,0.054336,0.39877,0.28221,0.31902,200,100,fcr,36,163,10,1,random
2935,AGR,6,"2026-07-16 05:47:39",45.7,0.65,3.50025,4.9394,0.59272727,0.08525758,0.523467,0.080407,0.37423,0.31288,0.31288,200,100,fcr,36,163,10,1,random
2936,AGR,7,"2026-07-16 05:47:48",54.7,0.661667,3.63201,4.9394,0.6040909,0.08651818,0.557632,0.080562,0.34969,0.34356,0.30675,200,100,fcr,36,163,10,1,random
2937,AGR,8,"2026-07-16 05:47:57",63.8,0.675915,3.76235,4.9394,0.63015152,0.06819091,0.608895,0.060073,0.33129,0.34356,0.32515,200,100,fcr,36,163,10,1,random
2938,AGR,9,"2026-07-16 05:48:06",73,0.686082,3.88257,4.9394,0.62772727,0.08383636,0.619847,0.079702,0.30675,0.3865,0.30675,200,100,fcr,36,163,10,1,random
2939,AGR,10,"2026-07-16 05:48:16",82.3,0.696779,3.98148,4.9394,0.64212121,0.07611818,0.675763,0.072699,0.28221,0.46012,0.25767,200,100,fcr,36,163,10,1,random
2940,AGR,11,"2026-07-16 05:48:25",91.7,0.705294,4.08751,4.9394,0.64621213,0.08509394,0.781737,0.079593,0.27607,0.45399,0.26994,200,100,fcr,36,163,10,1,random
2941,AGR,12,"2026-07-16 05:48:34",101.1,0.711549,4.16632,4.9394,0.65878788,0.07577879,0.791658,0.071363,0.25153,0.5092,0.23926,200,100,fcr,36,163,10,1,random
2942,AGR,13,"2026-07-16 05:48:44",110.5,0.720321,4.25342,4.9394,0.66924242,0.07312424,0.852172,0.066686,0.23926,0.53374,0.22699,200,100,fcr,36,163,10,1,random
2943,AGR,14,"2026-07-16 05:48:53",119.9,0.727182,4.34245,4.9394,0.67984849,0.06926667,0.922905,0.062258,0.22699,0.56442,0.20859,200,100,fcr,36,163,10,1,random
2944,AGR,15,"2026-07-16 05:49:03",129.5,0.733861,4.43249,4.9394,0.67727273,0.07935455,0.993821,0.074176,0.19018,0.6319,0.17791,200,100,fcr,36,163,10,1,random
2945,AGR,16,"2026-07-16 05:49:13",139.4,0.738551,4.51272,4.9394,0.68666667,0.07549091,1.05227,0.068396,0.14724,0.68712,0.16564,200,100,fcr,36,163,10,1,random
2946,AGR,17,"2026-07-16 05:49:23",149.2,0.743882,4.59478,4.9394,0.69484848,0.07110303,1.07509,0.063621,0.14724,0.70552,0.14724,200,100,fcr,36,163,10,1,random
2947,AGR,18,"2026-07-16 05:49:32",158.9,0.746915,4.63559,4.9394,0.68909091,0.08123636,1.14612,0.076613,0.12883,0.74847,0.1227,200,100,fcr,36,163,10,1,random
2948,AGR,19,"2026-07-16 05:49:42",168.7,0.7515,4.70955,4.9394,0.69954545,0.07012727,1.26185,0.067336,0.09816,0.81595,0.08589,200,100,fcr,36,163,10,1,random
2949,AGR,20,"2026-07-16 05:49:52",178.4,0.754809,4.74649,4.9091,0.68515151,0.0968303,1.44939,0.091317,0.07407,0.85802,0.0679,200,100,fcr,36,162,10,1,random
2950,RANDOM,1,"2026-07-16 05:50:00",4.6,0.547864,2.53158,5.0909,0.55469697,-0.00650606,0.379401,-0.011065,0.56548,0.1369,0.29762,200,100,fcr,36,168,10,1,random
2951,RANDOM,2,"2026-07-16 05:50:05",9.6,0.549503,2.55396,4.9091,0.54318182,0.01083636,0.357598,0.011847,0.54938,0.16049,0.29012,200,100,fcr,36,162,10,1,random
2952,RANDOM,3,"2026-07-16 05:50:10",14.5,0.547345,2.55667,4.8182,0.55242424,-0.01403333,0.384463,-0.005318,0.55975,0.14465,0.2956,200,100,fcr,36,159,10,1,random
2953,RANDOM,4,"2026-07-16 05:50:15",19,0.547103,2.58432,4.7576,0.54666666,0.00443636,0.394575,0.003486,0.54777,0.15287,0.29936,200,100,fcr,36,157,10,1,random
2954,RANDOM,5,"2026-07-16 05:50:21",25.1,0.540515,2.54997,4.697,0.54530303,-0.0098,0.37984,-0.00015,0.54194,0.16774,0.29032,200,100,fcr,36,155,10,1,random
2955,RANDOM,6,"2026-07-16 05:50:25",29.4,0.544048,2.58081,4.6667,0.54151515,0.00238485,0.430149,0.003765,0.53247,0.18831,0.27922,200,100,fcr,36,154,10,1,random
2956,RANDOM,7,"2026-07-16 05:50:31",35.5,0.541694,2.57693,4.6061,0.54727273,-0.01529091,0.440203,-0.005724,0.51974,0.20395,0.27632,200,100,fcr,36,152,10,1,random
2957,RANDOM,8,"2026-07-16 05:50:37",41.5,0.541767,2.57646,4.5758,0.53863636,0.00704848,0.446823,0.007165,0.51656,0.19868,0.28477,200,100,fcr,36,151,10,1,random
2958,RANDOM,9,"2026-07-16 05:50:43",47.6,0.544303,2.58275,4.5455,0.53818182,0.01372121,0.437313,0.010877,0.52,0.19333,0.28667,200,100,fcr,36,150,10,1,random
2959,RANDOM,10,"2026-07-16 05:50:50",53.9,0.53817,2.54639,4.5455,0.54348485,-0.0067303,0.426909,-0.001664,0.52,0.18667,0.29333,200,100,fcr,36,150,10,1,random
2960,RANDOM,11,"2026-07-16 05:50:56",60.1,0.535942,2.52417,4.5152,0.53515151,0.00231212,0.423849,0.005469,0.51007,0.20805,0.28188,200,100,fcr,36,149,10,1,random
2961,RANDOM,12,"2026-07-16 05:51:02",66.3,0.536721,2.53277,4.4545,0.5330303,0.00314848,0.43803,0.008468,0.51701,0.19048,0.29252,200,100,fcr,36,147,10,1,random
2962,RANDOM,13,"2026-07-16 05:51:08",72.5,0.532758,2.51999,4.4545,0.54424242,-0.02141212,0.433085,-0.014625,0.5034,0.20408,0.29252,200,100,fcr,36,147,10,1,random
2963,RANDOM,14,"2026-07-16 05:51:14",78.6,0.532173,2.52068,4.4545,0.53651515,-0.01251818,0.430061,-0.005655,0.51701,0.20408,0.27891,200,100,fcr,36,147,10,1,random
2964,RANDOM,15,"2026-07-16 05:51:21",84.9,0.530318,2.51574,4.4242,0.53454546,-0.00935455,0.451859,-0.003909,0.52055,0.18493,0.29452,200,100,fcr,36,146,10,1,random
2965,RANDOM,16,"2026-07-16 05:51:27",91.2,0.528982,2.5163,4.3939,0.52712121,0.01037576,0.42974,0.006957,0.52414,0.1931,0.28276,200,100,fcr,36,145,10,1,random
2966,RANDOM,17,"2026-07-16 05:51:33",97.4,0.529515,2.52955,4.3636,0.53136364,-0.00769394,0.454157,-0.001618,0.50694,0.20139,0.29167,200,100,fcr,36,144,10,1,random
2967,RANDOM,18,"2026-07-16 05:51:39",103.7,0.526418,2.53331,4.3333,0.52909091,-0.00011212,0.439462,0,0.51049,0.2028,0.28671,200,100,fcr,36,143,10,1,random
2968,RANDOM,19,"2026-07-16 05:51:46",109.9,0.527436,2.53035,4.303,0.53181818,-0.0086,0.455628,-0.006343,0.51408,0.19014,0.29577,200,100,fcr,36,142,10,1,random
2969,RANDOM,20,"2026-07-16 05:51:52",116.2,0.525485,2.51342,4.2121,0.52833333,-0.00717576,0.43,-0.001056,0.51079,0.18705,0.30216,200,100,fcr,36,139,10,1,random
2970,OI,1,"2026-07-16 05:52:10",4.9,0.584418,2.76824,4.9394,0.59242424,-0.0082,0.437021,-0.03713,0.48466,0.22086,0.29448,200,100,fcr,37,163,10,1,random
2971,OI,2,"2026-07-16 05:52:15",9.2,0.607388,2.95422,4.9394,0.62363636,-0.02519394,0.480411,-0.043149,0.43558,0.28221,0.28221,200,100,fcr,37,163,10,1,random
2972,OI,3,"2026-07-16 05:52:19",13.5,0.631276,3.1971,4.9091,0.62454545,0.00924242,0.551394,-0.003949,0.40123,0.31481,0.28395,200,100,fcr,37,162,10,1,random
2973,OI,4,"2026-07-16 05:52:23",17.7,0.651551,3.40585,4.8788,0.65893939,-0.00599697,0.625809,-0.024599,0.35404,0.38509,0.26087,200,100,fcr,37,161,10,1,random
2974,OI,5,"2026-07-16 05:52:29",23.8,0.669245,3.58372,4.8788,0.69181818,-0.03315758,0.708328,-0.044948,0.32298,0.3913,0.28571,200,100,fcr,37,161,10,1,random
2975,OI,6,"2026-07-16 05:52:34",28.1,0.686212,3.77045,4.8788,0.69045455,-0.00686061,0.698873,-0.01605,0.28571,0.45342,0.26087,200,100,fcr,37,161,10,1,random
2976,OI,7,"2026-07-16 05:52:40",34.2,0.700464,3.93889,4.8788,0.70742424,-0.00933939,0.767232,-0.01785,0.27329,0.45342,0.27329,200,100,fcr,37,161,10,1,random
2977,OI,8,"2026-07-16 05:52:46",40.4,0.712361,4.10267,4.8788,0.7180303,-0.00884545,0.807499,-0.014025,0.25466,0.52795,0.21739,200,100,fcr,37,161,10,1,random
2978,OI,9,"2026-07-16 05:52:52",46.7,0.722809,4.24839,4.8788,0.72,0.00353636,1.00187,-0.001202,0.19876,0.59627,0.20497,200,100,fcr,37,161,10,1,random
2979,OI,10,"2026-07-16 05:52:59",53.1,0.731748,4.38828,4.8788,0.72924243,0.00517576,0.990831,-0.000701,0.15528,0.70186,0.14286,200,100,fcr,37,161,10,1,random
2980,OI,11,"2026-07-16 05:53:05",59.3,0.739212,4.49371,4.8788,0.74666667,-0.00936364,1.14908,-0.013423,0.14286,0.68944,0.1677,200,100,fcr,37,161,10,1,random
2981,OI,12,"2026-07-16 05:53:11",65.7,0.745203,4.57508,4.8788,0.7410606,0.00555455,1.15623,0.003528,0.1118,0.73913,0.14907,200,100,fcr,37,161,10,1,random
2982,OI,13,"2026-07-16 05:53:17",71.9,0.7499,4.65294,4.8788,0.74621212,0.00404545,1.16234,0.00343,0.06832,0.8323,0.09938,200,100,fcr,37,161,10,1,random
2983,OI,14,"2026-07-16 05:53:24",78.3,0.752679,4.69638,4.8788,0.74863636,0.00655758,1.24891,0.005375,0.0559,0.85714,0.08696,200,100,fcr,37,161,10,1,random
2984,OI,15,"2026-07-16 05:53:30",84.8,0.754936,4.75141,4.8788,0.76151515,-0.00682424,1.3426,-0.008569,0.03727,0.92547,0.03727,200,100,fcr,37,161,10,1,random
2985,OI,16,"2026-07-16 05:53:37",91.1,0.755536,4.75288,4.8788,0.765,-0.01362424,2.0097,-0.011462,0.06211,0.86957,0.06832,200,100,fcr,37,161,10,1,random
2986,OI,17,"2026-07-16 05:53:43",97.6,0.756988,4.78608,4.8788,0.76378788,-0.00845152,1.95631,-0.007828,0.01863,0.9441,0.03727,200,100,fcr,37,161,10,1,random
2987,OI,18,"2026-07-16 05:53:49",103.9,0.757309,4.78848,4.8788,0.76272727,-0.00608788,1.47069,-0.005628,0.03727,0.93168,0.03106,200,100,fcr,37,161,10,1,random
2988,OI,19,"2026-07-16 05:53:56",110.2,0.757794,4.79725,4.8788,0.75393939,0.00763333,2.57017,0.005918,0.01863,0.96273,0.01863,200,100,fcr,37,161,10,1,random
2989,OI,20,"2026-07-16 05:54:02",116.6,0.756824,4.79475,4.8788,0.76318182,-0.0103303,1.74212,-0.006992,0.03727,0.93168,0.03106,200,100,fcr,37,161,10,1,random
2990,IR,1,"2026-07-16 05:54:12",5.1,0.560924,2.60493,5,0.62075758,-0.10125758,0.382696,-0.111869,0.53333,0.19394,0.27273,200,100,fcr,37,165,10,1,random
2991,IR,2,"2026-07-16 05:54:17",9.8,0.570215,2.67116,4.8788,0.64757576,-0.13151515,0.424189,-0.142885,0.52795,0.18012,0.29193,200,100,fcr,37,161,10,1,random
2992,IR,3,"2026-07-16 05:54:22",14.9,0.580785,2.73173,4.7879,0.64803031,-0.11101818,0.420277,-0.124595,0.53165,0.16456,0.3038,200,100,fcr,37,158,10,1,random
2993,IR,4,"2026-07-16 05:54:26",19.6,0.588591,2.76844,4.7576,0.66348485,-0.12682727,0.429843,-0.133401,0.50318,0.19108,0.30573,200,100,fcr,37,157,10,1,random
2994,IR,5,"2026-07-16 05:54:33",25.9,0.598942,2.83965,4.7576,0.67242424,-0.1268303,0.434133,-0.131041,0.48408,0.20382,0.3121,200,100,fcr,37,157,10,1,random
2995,IR,6,"2026-07-16 05:54:37",30.6,0.605424,2.89802,4.7576,0.67984848,-0.12017273,0.437003,-0.127521,0.48408,0.19108,0.32484,200,100,fcr,37,157,10,1,random
2996,IR,7,"2026-07-16 05:54:44",36.9,0.610348,2.9337,4.7576,0.6810606,-0.11837576,0.428886,-0.119405,0.47771,0.19108,0.33121,200,100,fcr,37,157,10,1,random
2997,IR,8,"2026-07-16 05:54:50",43.3,0.615552,2.97253,4.6667,0.68621212,-0.11833636,0.426574,-0.11803,0.48052,0.17532,0.34416,200,100,fcr,37,154,10,1,random
2998,IR,9,"2026-07-16 05:54:57",49.9,0.6194,2.98298,4.6061,0.69818182,-0.12690606,0.431741,-0.129284,0.44737,0.19737,0.35526,200,100,fcr,37,152,10,1,random
2999,IR,10,"2026-07-16 05:55:04",57,0.620561,3.00076,4.6061,0.69242424,-0.11846061,0.422417,-0.115697,0.46711,0.17763,0.35526,200,100,fcr,37,152,10,1,random
3000,IR,11,"2026-07-16 05:55:11",63.8,0.625118,3.02011,4.6061,0.7019697,-0.12517576,0.433681,-0.125815,0.45395,0.19737,0.34868,200,100,fcr,37,152,10,1,random
3001,IR,12,"2026-07-16 05:55:17",70.7,0.629685,3.04193,4.6061,0.69909091,-0.11538788,0.458481,-0.112703,0.46053,0.18421,0.35526,200,100,fcr,37,152,10,1,random
3002,IR,13,"2026-07-16 05:55:24",77.5,0.631979,3.05823,4.6061,0.70484848,-0.11734242,0.450411,-0.116231,0.44079,0.19079,0.36842,200,100,fcr,37,152,10,1,random
3003,IR,14,"2026-07-16 05:55:31",84.1,0.636103,3.08379,4.6061,0.71530303,-0.12794546,0.443359,-0.126876,0.45395,0.19079,0.35526,200,100,fcr,37,152,10,1,random
3004,IR,15,"2026-07-16 05:55:38",90.8,0.640121,3.10741,4.5758,0.71545454,-0.11922727,0.474502,-0.120174,0.43709,0.21192,0.35099,200,100,fcr,37,151,10,1,random
3005,IR,16,"2026-07-16 05:55:44",97.7,0.643915,3.13451,4.5758,0.71696969,-0.11813636,0.491842,-0.11562,0.43046,0.23179,0.33775,200,100,fcr,37,151,10,1,random
3006,IR,17,"2026-07-16 05:55:51",104.4,0.647467,3.18254,4.5455,0.72560606,-0.12205152,0.513879,-0.122354,0.40667,0.24,0.35333,200,100,fcr,37,150,10,1,random
3007,IR,18,"2026-07-16 05:55:58",111.1,0.650027,3.19754,4.5152,0.72621212,-0.11640303,0.510509,-0.118725,0.39597,0.27517,0.32886,200,100,fcr,37,149,10,1,random
3008,IR,19,"2026-07-16 05:56:04",117.7,0.65553,3.26315,4.5152,0.73212121,-0.11699697,0.551648,-0.120323,0.39597,0.28188,0.32215,200,100,fcr,37,149,10,1,random
3009,IR,20,"2026-07-16 05:56:11",124.5,0.65773,3.28409,4.5152,0.74045454,-0.12842121,0.566009,-0.126632,0.39597,0.26174,0.34228,200,100,fcr,37,149,10,1,random
3010,AGR,1,"2026-07-16 05:56:23",7.3,0.574621,2.71299,4.9697,0.53,0.08212727,0.405821,0.064255,0.51829,0.18293,0.29878,200,100,fcr,37,164,10,1,random
3011,AGR,2,"2026-07-16 05:56:30",14.2,0.591245,2.87281,4.9394,0.53318182,0.09317879,0.431946,0.088359,0.4908,0.21472,0.29448,200,100,fcr,37,163,10,1,random
3012,AGR,3,"2026-07-16 05:56:37",21.4,0.608927,3.03806,4.9394,0.55651515,0.08320303,0.475726,0.075204,0.46626,0.23926,0.29448,200,100,fcr,37,163,10,1,random
3013,AGR,4,"2026-07-16 05:56:44",28.3,0.62517,3.22378,4.9394,0.5819697,0.0675,0.525894,0.059433,0.42331,0.26994,0.30675,200,100,fcr,37,163,10,1,random
3014,AGR,5,"2026-07-16 05:56:53",37.1,0.642885,3.38712,4.9394,0.60272727,0.06383636,0.528389,0.05186,0.41104,0.2638,0.32515,200,100,fcr,37,163,10,1,random
3015,AGR,6,"2026-07-16 05:57:00",44.2,0.653652,3.53295,4.9394,0.60772727,0.06535152,0.549891,0.064873,0.37423,0.30061,0.32515,200,100,fcr,37,163,10,1,random
3016,AGR,7,"2026-07-16 05:57:08",52.9,0.666139,3.68396,4.9394,0.62848485,0.05549394,0.558421,0.049222,0.3681,0.32515,0.30675,200,100,fcr,37,163,10,1,random
3017,AGR,8,"2026-07-16 05:57:17",62,0.679482,3.81379,4.9394,0.62106061,0.0845697,0.637251,0.078917,0.34356,0.32515,0.33129,200,100,fcr,37,163,10,1,random
3018,AGR,9,"2026-07-16 05:57:26",71,0.688242,3.91843,4.9394,0.62757576,0.08895152,0.610733,0.083349,0.31902,0.38037,0.30061,200,100,fcr,37,163,10,1,random
3019,AGR,10,"2026-07-16 05:57:36",80.3,0.699464,4.02813,4.9394,0.65833333,0.0625303,0.737018,0.052687,0.30061,0.43558,0.2638,200,100,fcr,37,163,10,1,random
3020,AGR,11,"2026-07-16 05:57:45",89.5,0.707779,4.12637,4.9394,0.65121212,0.07817576,0.811041,0.075943,0.25153,0.47853,0.26994,200,100,fcr,37,163,10,1,random
3021,AGR,12,"2026-07-16 05:57:54",99,0.715997,4.23775,4.9394,0.65772728,0.08411212,0.77758,0.077615,0.25153,0.5092,0.23926,200,100,fcr,37,163,10,1,random
3022,AGR,13,"2026-07-16 05:58:04",108.4,0.724845,4.3471,4.9394,0.66363637,0.08667273,0.887228,0.080473,0.20245,0.58282,0.21472,200,100,fcr,37,163,10,1,random
3023,AGR,14,"2026-07-16 05:58:13",117.8,0.731927,4.4322,4.9394,0.675,0.08218182,0.919308,0.074682,0.18405,0.64417,0.17178,200,100,fcr,37,163,10,1,random
3024,AGR,15,"2026-07-16 05:58:23",127.3,0.737609,4.51131,4.9394,0.69287879,0.06284849,1.04664,0.058411,0.1227,0.70552,0.17178,200,100,fcr,37,163,10,1,random
3025,AGR,16,"2026-07-16 05:58:32",136.7,0.74257,4.58023,4.9394,0.68909091,0.07577576,0.949376,0.070008,0.11043,0.7362,0.15337,200,100,fcr,37,163,10,1,random
3026,AGR,17,"2026-07-16 05:58:43",147.3,0.746451,4.62145,4.9394,0.68287879,0.0889303,1.00243,0.083812,0.11043,0.77301,0.11656,200,100,fcr,37,163,10,1,random
3027,AGR,18,"2026-07-16 05:58:52",156.9,0.750864,4.68895,4.9394,0.68954546,0.08532121,1.18674,0.079927,0.11656,0.78528,0.09816,200,100,fcr,37,163,10,1,random
3028,AGR,19,"2026-07-16 05:59:02",166.4,0.753485,4.72263,4.9394,0.69181818,0.08751515,1.36232,0.081157,0.09816,0.79141,0.11043,200,100,fcr,37,163,10,1,random
3029,AGR,20,"2026-07-16 05:59:11",175.9,0.7564,4.77177,4.9394,0.69621212,0.08494546,1.28369,0.078781,0.08589,0.84049,0.07362,200,100,fcr,37,163,10,1,random
3030,RANDOM,1,"2026-07-16 05:59:21",4.9,0.553455,2.56042,5.0303,0.54439394,0.01353636,0.37218,0.018723,0.54819,0.1747,0.27711,200,100,fcr,37,166,10,1,random
3031,RANDOM,2,"2026-07-16 05:59:26",9.3,0.552955,2.55265,4.9394,0.56075757,-0.01662727,0.396742,-0.011728,0.54601,0.18405,0.26994,200,100,fcr,37,163,10,1,random
3032,RANDOM,3,"2026-07-16 05:59:30",13.8,0.550803,2.54808,4.8485,0.55833333,-0.01107273,0.404593,-0.009466,0.5375,0.1875,0.275,200,100,fcr,37,160,10,1,random
3033,RANDOM,4,"2026-07-16 05:59:35",18.3,0.550221,2.56041,4.8182,0.55075757,0.00183636,0.404626,0.001563,0.52201,0.20126,0.27673,200,100,fcr,37,159,10,1,random
3034,RANDOM,5,"2026-07-16 05:59:41",24.6,0.549536,2.5636,4.8182,0.55530303,-0.00673939,0.396867,-0.007426,0.53459,0.19497,0.27044,200,100,fcr,37,159,10,1,random
3035,RANDOM,6,"2026-07-16 05:59:46",29.4,0.549258,2.56636,4.7879,0.53954545,0.02399394,0.416307,0.019878,0.5443,0.17089,0.28481,200,100,fcr,37,158,10,1,random
3036,RANDOM,7,"2026-07-16 05:59:52",35.7,0.548882,2.55602,4.7576,0.54818182,0.00215151,0.393177,0.003787,0.5414,0.16561,0.29299,200,100,fcr,37,157,10,1,random
3037,RANDOM,8,"2026-07-16 05:59:58",41.9,0.549482,2.54862,4.697,0.55757575,-0.01552424,0.383389,-0.012838,0.52903,0.18065,0.29032,200,100,fcr,37,155,10,1,random
3038,RANDOM,9,"2026-07-16 06:00:05",48.8,0.549439,2.55319,4.6364,0.55212121,-0.00702727,0.394294,-0.002723,0.53595,0.17647,0.28758,200,100,fcr,37,153,10,1,random
3039,RANDOM,10,"2026-07-16 06:00:13",56.8,0.549921,2.55553,4.5455,0.55287879,-0.00314849,0.414883,-0.003306,0.52667,0.20667,0.26667,200,100,fcr,37,150,10,1,random
3040,RANDOM,11,"2026-07-16 06:00:20",63.4,0.548924,2.56216,4.4545,0.56136364,-0.02004848,0.479529,-0.019592,0.5102,0.21088,0.27891,200,100,fcr,37,147,10,1,random
3041,RANDOM,12,"2026-07-16 06:00:26",70,0.546318,2.54091,4.4545,0.54257576,0.00399394,0.456267,0.011532,0.52381,0.19728,0.27891,200,100,fcr,37,147,10,1,random
3042,RANDOM,13,"2026-07-16 06:00:33",76.5,0.551039,2.56371,4.4545,0.54924243,-0.00021818,0.474158,0.000392,0.4966,0.23129,0.27211,200,100,fcr,37,147,10,1,random
3043,RANDOM,14,"2026-07-16 06:00:39",83,0.552085,2.57085,4.4242,0.555,-0.00617273,0.475362,-0.003684,0.5,0.22603,0.27397,200,100,fcr,37,146,10,1,random
3044,RANDOM,15,"2026-07-16 06:00:46",89.6,0.549024,2.54245,4.3939,0.54681819,-0.00130303,0.468724,0.008427,0.51034,0.21379,0.27586,200,100,fcr,37,145,10,1,random
3045,RANDOM,16,"2026-07-16 06:00:53",96.2,0.549494,2.54253,4.3333,0.54863636,0.00632727,0.473631,0.003125,0.4965,0.21678,0.28671,200,100,fcr,37,143,10,1,random
3046,RANDOM,17,"2026-07-16 06:00:59",102.9,0.550988,2.55796,4.2727,0.54924242,-0.00086667,0.464269,0.003119,0.48227,0.20567,0.31206,200,100,fcr,37,141,10,1,random
3047,RANDOM,18,"2026-07-16 06:01:06",109.6,0.547576,2.53248,4.2121,0.55651515,-0.01866667,0.420268,-0.010385,0.51079,0.15827,0.33094,200,100,fcr,37,139,10,1,random
3048,RANDOM,19,"2026-07-16 06:01:13",116.3,0.544464,2.50446,4.2121,0.54833333,-0.00090909,0.405898,-0.00249,0.5036,0.17266,0.32374,200,100,fcr,37,139,10,1,random
3049,RANDOM,20,"2026-07-16 06:01:19",122.9,0.547333,2.51517,4.2121,0.55575757,-0.01782727,0.414515,-0.015543,0.51799,0.15108,0.33094,200,100,fcr,37,139,10,1,random
3050,OI,1,"2026-07-16 06:01:37",5.4,0.582185,2.75797,5.0303,0.58787878,-0.00969697,0.441447,-0.030007,0.51205,0.21084,0.27711,200,100,fcr,38,166,10,1,random
3051,OI,2,"2026-07-16 06:01:42",10.4,0.604739,2.93065,5,0.61015152,-0.00765455,0.520206,-0.024851,0.46667,0.24848,0.28485,200,100,fcr,38,165,10,1,random
3052,OI,3,"2026-07-16 06:01:47",15.3,0.627927,3.11914,4.9697,0.62727273,0.00153333,0.57012,-0.014452,0.43293,0.28049,0.28659,200,100,fcr,38,164,10,1,random
3053,OI,4,"2026-07-16 06:01:51",20.1,0.648097,3.29301,4.9091,0.65363636,-0.00504545,0.608363,-0.022084,0.37037,0.35802,0.2716,200,100,fcr,38,162,10,1,random
3054,OI,5,"2026-07-16 06:01:58",26.8,0.666079,3.46099,4.9091,0.66787879,-0.00280606,0.662737,-0.013665,0.34568,0.39506,0.25926,200,100,fcr,38,162,10,1,random
3055,OI,6,"2026-07-16 06:02:03",31.8,0.682567,3.62489,4.8788,0.68181819,-0.00081818,0.72455,-0.008723,0.31056,0.41615,0.27329,200,100,fcr,38,161,10,1,random
3056,OI,7,"2026-07-16 06:02:10",38.6,0.697812,3.7798,4.8788,0.70075757,-0.00749697,0.756554,-0.012919,0.28571,0.47205,0.24224,200,100,fcr,38,161,10,1,random
3057,OI,8,"2026-07-16 06:02:16",45.2,0.7111,3.93263,4.8788,0.71530303,-0.00609697,0.861216,-0.013239,0.24845,0.52174,0.22981,200,100,fcr,38,161,10,1,random
3058,OI,9,"2026-07-16 06:02:23",52,0.722233,4.10334,4.8788,0.725,-0.00350606,0.936215,-0.009341,0.20497,0.61491,0.18012,200,100,fcr,38,161,10,1,random
3059,OI,10,"2026-07-16 06:02:30",58.9,0.731385,4.22877,4.8788,0.73015151,-0.00004848,1.06508,-0.002524,0.18634,0.63354,0.18012,200,100,fcr,38,161,10,1,random
3060,OI,11,"2026-07-16 06:02:37",65.8,0.738809,4.36094,4.8788,0.73984849,-0.00100606,1.10944,-0.004747,0.18012,0.67081,0.14907,200,100,fcr,38,161,10,1,random
3061,OI,12,"2026-07-16 06:02:44",72.7,0.745682,4.48798,4.8788,0.75787879,-0.01629394,1.25394,-0.019168,0.14907,0.7205,0.13043,200,100,fcr,38,161,10,1,random
3062,OI,13,"2026-07-16 06:02:51",79.6,0.750512,4.59207,4.8788,0.75378788,-0.00411515,1.37098,-0.005735,0.13043,0.75776,0.1118,200,100,fcr,38,161,10,1,random
3063,OI,14,"2026-07-16 06:02:58",86.3,0.753173,4.68464,4.8788,0.75121212,0.00290303,1.65381,0.002486,0.08696,0.8323,0.08075,200,100,fcr,38,161,10,1,random
3064,OI,15,"2026-07-16 06:03:05",93.3,0.754494,4.73595,4.8788,0.75666667,-0.00170606,1.80965,-0.002559,0.04348,0.89441,0.06211,200,100,fcr,38,161,10,1,random
3065,OI,16,"2026-07-16 06:03:11",100.2,0.755721,4.75509,4.8788,0.76015152,-0.00507879,1.77018,-0.004307,0.04348,0.89441,0.06211,200,100,fcr,38,161,10,1,random
3066,OI,17,"2026-07-16 06:03:18",107,0.756024,4.78211,4.8788,0.75818182,-0.0026697,1.97833,-0.001197,0.03106,0.92547,0.04348,200,100,fcr,38,161,10,1,random
3067,OI,18,"2026-07-16 06:03:25",114.1,0.756536,4.78363,4.8788,0.76742424,-0.01471515,2.13386,-0.012639,0.04348,0.91925,0.03727,200,100,fcr,38,161,10,1,random
3068,OI,19,"2026-07-16 06:03:32",121,0.757491,4.7964,4.8788,0.75333333,0.00511818,2.15231,0.006732,0.03106,0.93168,0.03727,200,100,fcr,38,161,10,1,random
3069,OI,20,"2026-07-16 06:03:39",128.1,0.757845,4.80598,4.8788,0.76136363,-0.00494545,2.1657,-0.003585,0.01242,0.97516,0.01242,200,100,fcr,38,161,10,1,random
3070,IR,1,"2026-07-16 06:03:49",5.3,0.562591,2.6204,5.0606,0.62954546,-0.11406061,0.395385,-0.124512,0.53293,0.18563,0.28144,200,100,fcr,38,167,10,1,random
3071,IR,2,"2026-07-16 06:03:54",10.2,0.571176,2.65684,5,0.63424242,-0.10923333,0.410998,-0.117012,0.53333,0.18788,0.27879,200,100,fcr,38,165,10,1,random
3072,IR,3,"2026-07-16 06:03:59",15.2,0.578518,2.69858,5,0.64515152,-0.11302121,0.434286,-0.120692,0.52727,0.17576,0.29697,200,100,fcr,38,165,10,1,random
3073,IR,4,"2026-07-16 06:04:04",20,0.587403,2.74898,4.9091,0.65621212,-0.11361818,0.413013,-0.124129,0.50617,0.19136,0.30247,200,100,fcr,38,162,10,1,random
3074,IR,5,"2026-07-16 06:04:10",26.6,0.596361,2.78955,4.8485,0.66575757,-0.11558788,0.426354,-0.123382,0.50625,0.2,0.29375,200,100,fcr,38,160,10,1,random
3075,IR,6,"2026-07-16 06:04:15",31.6,0.599491,2.80087,4.8485,0.67787879,-0.12982727,0.461344,-0.13224,0.51875,0.19375,0.2875,200,100,fcr,38,160,10,1,random
3076,IR,7,"2026-07-16 06:04:22",38.4,0.608239,2.85398,4.7879,0.68196969,-0.12302424,0.482617,-0.128133,0.51266,0.18987,0.29747,200,100,fcr,38,158,10,1,random
3077,IR,8,"2026-07-16 06:04:29",45,0.614303,2.89128,4.7576,0.68560606,-0.11716061,0.489792,-0.120388,0.49682,0.19108,0.3121,200,100,fcr,38,157,10,1,random
3078,IR,9,"2026-07-16 06:04:35",51.8,0.619779,2.91751,4.7273,0.69045454,-0.11380303,0.485077,-0.11774,0.46795,0.24359,0.28846,200,100,fcr,38,156,10,1,random
3079,IR,10,"2026-07-16 06:04:42",58.5,0.62597,2.96425,4.7273,0.69833333,-0.11806061,0.526519,-0.119739,0.45513,0.25641,0.28846,200,100,fcr,38,156,10,1,random
3080,IR,11,"2026-07-16 06:04:49",65.3,0.63077,3.00518,4.7273,0.70818182,-0.12558182,0.535546,-0.12532,0.45513,0.23718,0.30769,200,100,fcr,38,156,10,1,random
3081,IR,12,"2026-07-16 06:04:56",72.2,0.635227,3.04715,4.7273,0.70984849,-0.11790909,0.507094,-0.120108,0.4359,0.26923,0.29487,200,100,fcr,38,156,10,1,random
3082,IR,13,"2026-07-16 06:05:03",79,0.639445,3.06937,4.7273,0.71090909,-0.11296667,0.564807,-0.114454,0.44231,0.27564,0.28205,200,100,fcr,38,156,10,1,random
3083,IR,14,"2026-07-16 06:05:09",85.9,0.646336,3.1331,4.7273,0.73121212,-0.13321212,0.600791,-0.136041,0.42308,0.26923,0.30769,200,100,fcr,38,156,10,1,random
3084,IR,15,"2026-07-16 06:05:16",92.8,0.649012,3.16763,4.7273,0.72515151,-0.12060909,0.537907,-0.118725,0.42949,0.22436,0.34615,200,100,fcr,38,156,10,1,random
3085,IR,16,"2026-07-16 06:05:23",99.8,0.65243,3.19415,4.697,0.7239394,-0.11305455,0.490657,-0.11118,0.42581,0.23226,0.34194,200,100,fcr,38,155,10,1,random
3086,IR,17,"2026-07-16 06:05:30",106.9,0.653827,3.20368,4.697,0.73621212,-0.12845758,0.518092,-0.126122,0.41935,0.22581,0.35484,200,100,fcr,38,155,10,1,random
3087,IR,18,"2026-07-16 06:05:37",113.7,0.658627,3.24906,4.697,0.73893939,-0.12395454,0.497135,-0.125023,0.4,0.24516,0.35484,200,100,fcr,38,155,10,1,random
3088,IR,19,"2026-07-16 06:05:44",120.6,0.660227,3.27319,4.6667,0.74333333,-0.12973333,0.494564,-0.126242,0.38961,0.27922,0.33117,200,100,fcr,38,154,10,1,random
3089,IR,20,"2026-07-16 06:05:51",127.4,0.662252,3.28328,4.6667,0.73772727,-0.1178697,0.542184,-0.114809,0.38312,0.28571,0.33117,200,100,fcr,38,154,10,1,random
3090,AGR,1,"2026-07-16 06:06:02",7.5,0.578276,2.73127,4.9091,0.53545455,0.07022121,0.421882,0.059387,0.51235,0.20988,0.27778,200,100,fcr,38,162,10,1,random
3091,AGR,2,"2026-07-16 06:06:09",14.4,0.5961,2.88572,4.8182,0.54181818,0.08809697,0.488241,0.080426,0.47799,0.20755,0.31447,200,100,fcr,38,159,10,1,random
3092,AGR,3,"2026-07-16 06:06:16",21.5,0.614021,3.04029,4.8182,0.57166666,0.06610303,0.467937,0.057759,0.44025,0.25157,0.30818,200,100,fcr,38,159,10,1,random
3093,AGR,4,"2026-07-16 06:06:23",28.6,0.63363,3.23532,4.8182,0.5869697,0.07076364,0.51789,0.06202,0.42767,0.26415,0.30818,200,100,fcr,38,159,10,1,random
3094,AGR,5,"2026-07-16 06:06:32",37.4,0.646748,3.36442,4.8182,0.60318181,0.06376667,0.547288,0.059566,0.40252,0.28302,0.31447,200,100,fcr,38,159,10,1,random
3095,AGR,6,"2026-07-16 06:06:39",44.5,0.658621,3.50504,4.8182,0.60590909,0.07969091,0.57036,0.073446,0.39623,0.28931,0.31447,200,100,fcr,38,159,10,1,random
3096,AGR,7,"2026-07-16 06:06:48",53.3,0.670361,3.63,4.7879,0.61818182,0.07789697,0.638375,0.071909,0.34177,0.36076,0.29747,200,100,fcr,38,158,10,1,random
3097,AGR,8,"2026-07-16 06:06:57",62.1,0.681564,3.75375,4.7576,0.62606061,0.08054849,0.688138,0.076064,0.31847,0.35032,0.33121,200,100,fcr,38,157,10,1,random
3098,AGR,9,"2026-07-16 06:07:06",71,0.691694,3.86345,4.7576,0.64348485,0.07009697,0.653726,0.064612,0.29299,0.41401,0.29299,200,100,fcr,38,157,10,1,random
3099,AGR,10,"2026-07-16 06:07:15",80.2,0.699918,3.96731,4.7576,0.64378788,0.08516667,0.723151,0.076291,0.27389,0.43312,0.29299,200,100,fcr,38,157,10,1,random
3100,AGR,11,"2026-07-16 06:07:24",89.4,0.7092,4.08275,4.7576,0.65863636,0.07172121,0.759498,0.066753,0.22293,0.52229,0.25478,200,100,fcr,38,157,10,1,random
3101,AGR,12,"2026-07-16 06:07:33",98.8,0.716667,4.18811,4.7576,0.66060606,0.08067576,0.833765,0.074545,0.19108,0.59873,0.21019,200,100,fcr,38,157,10,1,random
3102,AGR,13,"2026-07-16 06:07:43",108.3,0.723524,4.29348,4.7576,0.66075757,0.08873636,0.898336,0.084019,0.15924,0.64968,0.19108,200,100,fcr,38,157,10,1,random
3103,AGR,14,"2026-07-16 06:07:53",118.4,0.730042,4.38838,4.7576,0.68484849,0.06256364,0.978497,0.059154,0.15924,0.70701,0.13376,200,100,fcr,38,157,10,1,random
3104,AGR,15,"2026-07-16 06:08:03",128.3,0.73513,4.45405,4.7576,0.68909091,0.06565151,1.20612,0.060522,0.15287,0.71338,0.13376,200,100,fcr,38,157,10,1,random
3105,AGR,16,"2026-07-16 06:08:13",138.1,0.740312,4.5225,4.7576,0.68666666,0.07469091,1.29469,0.070705,0.12739,0.78981,0.0828,200,100,fcr,38,157,10,1,random
3106,AGR,17,"2026-07-16 06:08:23",148.4,0.743479,4.55986,4.7576,0.68,0.08878788,1.56503,0.084521,0.12739,0.80255,0.07006,200,100,fcr,38,157,10,1,random
3107,AGR,18,"2026-07-16 06:08:34",159.2,0.746488,4.60857,4.7576,0.69242424,0.07531515,1.77316,0.071516,0.07643,0.87898,0.04459,200,100,fcr,38,157,10,1,random
3108,AGR,19,"2026-07-16 06:08:43",168.7,0.748809,4.63968,4.7576,0.68666667,0.08778182,1.92044,0.082246,0.0828,0.88535,0.03185,200,100,fcr,38,157,10,1,random
3109,AGR,20,"2026-07-16 06:08:54",178.9,0.750127,4.66523,4.7576,0.69015151,0.08337576,2.38858,0.080231,0.04459,0.92994,0.02548,200,100,fcr,38,157,10,1,random
3110,RANDOM,1,"2026-07-16 06:09:04",5.8,0.555545,2.58267,5,0.56515151,-0.01838182,0.382732,-0.014653,0.55152,0.17576,0.27273,200,100,fcr,38,165,10,1,random
3111,RANDOM,2,"2026-07-16 06:09:10",11.9,0.552115,2.56633,4.9091,0.55712122,-0.01104242,0.40101,-0.003798,0.55556,0.16049,0.28395,200,100,fcr,38,162,10,1,random
3112,RANDOM,3,"2026-07-16 06:09:15",16.4,0.552539,2.57953,4.8182,0.55378788,-0.00268182,0.399074,-0.000098,0.55975,0.14465,0.2956,200,100,fcr,38,159,10,1,random
3113,RANDOM,4,"2026-07-16 06:09:20",21.2,0.554367,2.59724,4.7879,0.55606061,-0.00312424,0.399889,-0.002512,0.53165,0.17722,0.29114,200,100,fcr,38,158,10,1,random
3114,RANDOM,5,"2026-07-16 06:09:27",28.6,0.553058,2.60062,4.7576,0.55575758,-0.00266364,0.393535,-0.001962,0.52229,0.17197,0.30573,200,100,fcr,38,157,10,1,random
3115,RANDOM,6,"2026-07-16 06:09:32",33.4,0.551518,2.57967,4.7273,0.54363636,0.02161212,0.36804,0.018138,0.53846,0.15385,0.30769,200,100,fcr,38,156,10,1,random
3116,RANDOM,7,"2026-07-16 06:09:38",39.9,0.554115,2.59764,4.6667,0.56242424,-0.01331515,0.381565,-0.015798,0.53896,0.14935,0.31169,200,100,fcr,38,154,10,1,random
3117,RANDOM,8,"2026-07-16 06:09:46",47.5,0.553718,2.58622,4.5758,0.55,0.00750303,0.379003,0.009178,0.54305,0.15232,0.30464,200,100,fcr,38,151,10,1,random
3118,RANDOM,9,"2026-07-16 06:09:52",54,0.553567,2.58037,4.5152,0.55484848,-0.00312813,0.399317,-0.000075,0.52349,0.18121,0.2953,200,100,fcr,38,149,10,1,random
3119,RANDOM,10,"2026-07-16 06:09:59",60.8,0.555006,2.5804,4.5152,0.5589394,-0.00864375,0.448507,-0.005552,0.5302,0.1745,0.2953,200,100,fcr,38,149,10,1,random
3120,RANDOM,11,"2026-07-16 06:10:07",68.7,0.555688,2.58259,4.5152,0.56409091,-0.01982812,0.452227,-0.013733,0.51007,0.19463,0.2953,200,100,fcr,38,149,10,1,random
3121,RANDOM,12,"2026-07-16 06:10:14",76.1,0.557539,2.59728,4.4545,0.555,0.00544688,0.452151,0.005237,0.51701,0.16327,0.31973,200,100,fcr,38,147,10,1,random
3122,RANDOM,13,"2026-07-16 06:10:21",82.9,0.551852,2.5873,4.4545,0.55484849,-0.0063625,0.416156,0.002318,0.5102,0.18367,0.30612,200,100,fcr,38,147,10,1,random
3123,RANDOM,14,"2026-07-16 06:10:28",89.6,0.551361,2.58682,4.3333,0.55454546,-0.00749063,0.431413,-0.00271,0.48951,0.21678,0.29371,200,100,fcr,38,143,10,1,random
3124,RANDOM,15,"2026-07-16 06:10:36",97.8,0.550118,2.58469,4.2727,0.54196969,0.01285,0.461488,0.018278,0.49645,0.1844,0.31915,200,100,fcr,38,141,10,1,random
3125,RANDOM,16,"2026-07-16 06:10:43",104.8,0.549042,2.60119,4.2727,0.56106061,-0.02285625,0.440604,-0.019084,0.48936,0.19149,0.31915,200,100,fcr,38,141,10,1,random
3126,RANDOM,17,"2026-07-16 06:10:51",112.6,0.551088,2.60941,4.2727,0.55984848,-0.00882813,0.440555,-0.015879,0.49645,0.19149,0.31206,200,100,fcr,38,141,10,1,random
3127,RANDOM,18,"2026-07-16 06:10:58",120.1,0.546042,2.57847,4.2727,0.55121212,-0.0071875,0.444268,-0.001857,0.48227,0.21277,0.30496,200,100,fcr,38,141,10,1,random
3128,RANDOM,19,"2026-07-16 06:11:07",128.2,0.540461,2.53216,4.2121,0.55181818,-0.02645,0.437575,-0.01341,0.48921,0.20863,0.30216,200,100,fcr,38,139,10,1,random
3129,RANDOM,20,"2026-07-16 06:11:14",135.8,0.541976,2.5318,4.1818,0.54848485,-0.01662813,0.449591,-0.010511,0.49275,0.19565,0.31159,200,100,fcr,38,138,10,1,random
3130,OI,1,"2026-07-16 06:11:38",7.8,0.582506,2.74332,5,0.59833333,-0.02985455,0.449118,-0.050039,0.50303,0.19394,0.30303,200,100,fcr,39,165,10,1,random
3131,OI,2,"2026-07-16 06:11:43",13.3,0.608073,2.93615,4.9394,0.61469697,-0.00855758,0.463457,-0.028767,0.44785,0.25767,0.29448,200,100,fcr,39,163,10,1,random
3132,OI,3,"2026-07-16 06:11:48",18.7,0.629252,3.12555,4.9394,0.63469697,-0.00925758,0.537556,-0.023406,0.41104,0.28221,0.30675,200,100,fcr,39,163,10,1,random
3133,OI,4,"2026-07-16 06:11:54",24.2,0.650333,3.33988,4.9394,0.65560606,-0.00998182,0.561569,-0.022317,0.3681,0.3681,0.2638,200,100,fcr,39,163,10,1,random
3134,OI,5,"2026-07-16 06:12:01",31.1,0.670512,3.54765,4.9091,0.67727273,-0.00926364,0.689087,-0.022788,0.35802,0.35802,0.28395,200,100,fcr,39,162,10,1,random
3135,OI,6,"2026-07-16 06:12:08",37.8,0.687867,3.73012,4.8788,0.70393939,-0.01848182,0.7178,-0.033537,0.31056,0.43478,0.25466,200,100,fcr,39,161,10,1,random
3136,OI,7,"2026-07-16 06:12:15",45.1,0.702136,3.92296,4.8788,0.70621212,-0.00483333,0.820774,-0.013579,0.26708,0.45963,0.27329,200,100,fcr,39,161,10,1,random
3137,OI,8,"2026-07-16 06:12:22",52,0.714958,4.07883,4.8788,0.71136364,0.00462424,0.798068,-0.001937,0.22981,0.53416,0.23602,200,100,fcr,39,161,10,1,random
3138,OI,9,"2026-07-16 06:12:30",59.9,0.725627,4.23132,4.8788,0.72606061,-0.00027576,0.891907,-0.006081,0.21739,0.57764,0.20497,200,100,fcr,39,161,10,1,random
3139,OI,10,"2026-07-16 06:12:37",67,0.734915,4.36819,4.8788,0.73469697,-0.00079091,1.04833,-0.004154,0.18012,0.65217,0.1677,200,100,fcr,39,161,10,1,random
3140,OI,11,"2026-07-16 06:12:44",74.6,0.742315,4.48589,4.8788,0.73712121,0.00764242,1.18313,0.003919,0.14286,0.71429,0.14286,200,100,fcr,39,161,10,1,random
3141,OI,12,"2026-07-16 06:12:53",83.5,0.749206,4.58057,4.8788,0.74863636,0.00196364,1.23446,-0.0017,0.13043,0.77019,0.09938,200,100,fcr,39,161,10,1,random
3142,OI,13,"2026-07-16 06:13:01",91.4,0.75353,4.65521,4.8788,0.76030303,-0.00777576,1.46845,-0.010302,0.09938,0.82609,0.07453,200,100,fcr,39,161,10,1,random
3143,OI,14,"2026-07-16 06:13:08",98.6,0.757558,4.72244,4.8788,0.75984849,-0.00346667,1.79033,-0.003576,0.06211,0.87578,0.06211,200,100,fcr,39,161,10,1,random
3144,OI,15,"2026-07-16 06:13:15",105.8,0.759548,4.75363,4.8788,0.7580303,0.00216364,1.70276,0.002367,0.04348,0.91304,0.04348,200,100,fcr,39,161,10,1,random
3145,OI,16,"2026-07-16 06:13:23",113.1,0.760121,4.78007,4.8788,0.75075758,0.01091818,2.30422,0.013092,0.02484,0.9441,0.03106,200,100,fcr,39,161,10,1,random
3146,OI,17,"2026-07-16 06:13:31",121.2,0.760424,4.78665,4.8788,0.75772728,0.00490909,1.8827,0.004659,0.01242,0.96273,0.02484,200,100,fcr,39,161,10,1,random
3147,OI,18,"2026-07-16 06:13:38",128.5,0.760115,4.78606,4.8788,0.76454546,-0.00449394,1.37542,-0.004782,0.03106,0.93789,0.03106,200,100,fcr,39,161,10,1,random
3148,OI,19,"2026-07-16 06:13:46",136,0.760158,4.79469,4.8788,0.76575758,-0.00856061,2.15261,-0.005996,0.01863,0.93789,0.04348,200,100,fcr,39,161,10,1,random
3149,OI,20,"2026-07-16 06:13:53",143.2,0.760694,4.79809,4.8788,0.77136363,-0.01526364,1.58063,-0.012871,0.01863,0.95652,0.02484,200,100,fcr,39,161,10,1,random
3150,IR,1,"2026-07-16 06:14:03",5.8,0.559964,2.58012,4.9394,0.62454545,-0.11089394,0.392206,-0.120831,0.54601,0.16564,0.28834,200,100,fcr,39,163,10,1,random
3151,IR,2,"2026-07-16 06:14:08",11.1,0.566088,2.61556,4.8788,0.64242424,-0.13201515,0.405666,-0.139449,0.52174,0.19255,0.28571,200,100,fcr,39,161,10,1,random
3152,IR,3,"2026-07-16 06:14:14",16.6,0.57327,2.65704,4.7879,0.63878788,-0.11186364,0.423027,-0.119179,0.53797,0.1519,0.31013,200,100,fcr,39,158,10,1,random
3153,IR,4,"2026-07-16 06:14:20",22.6,0.578185,2.67555,4.7273,0.64257576,-0.10745758,0.401975,-0.114928,0.51923,0.17308,0.30769,200,100,fcr,39,156,10,1,random
3154,IR,5,"2026-07-16 06:14:27",30.3,0.584355,2.71092,4.6667,0.65893939,-0.12364848,0.420646,-0.132262,0.52597,0.16234,0.31169,200,100,fcr,39,154,10,1,random
3155,IR,6,"2026-07-16 06:14:33",35.8,0.588161,2.73593,4.6061,0.65333334,-0.11047273,0.426265,-0.11263,0.5,0.19079,0.30921,200,100,fcr,39,152,10,1,random
3156,IR,7,"2026-07-16 06:14:40",43.2,0.597767,2.80358,4.5455,0.67409091,-0.12738788,0.457494,-0.135049,0.48,0.21333,0.30667,200,100,fcr,39,150,10,1,random
3157,IR,8,"2026-07-16 06:14:47",50.4,0.602285,2.83407,4.5455,0.67515152,-0.1236,0.470403,-0.123745,0.46667,0.21333,0.32,200,100,fcr,39,150,10,1,random
3158,IR,9,"2026-07-16 06:14:55",58.1,0.611658,2.89554,4.5455,0.68803031,-0.12206364,0.4675,-0.131813,0.46,0.22667,0.31333,200,100,fcr,39,150,10,1,random
3159,IR,10,"2026-07-16 06:15:03",66.4,0.618512,2.9449,4.5152,0.69060606,-0.1153303,0.496356,-0.12135,0.45638,0.22819,0.31544,200,100,fcr,39,149,10,1,random
3160,IR,11,"2026-07-16 06:15:11",73.9,0.622364,2.97375,4.5152,0.70045454,-0.12526667,0.50831,-0.127345,0.46309,0.20805,0.32886,200,100,fcr,39,149,10,1,random
3161,IR,12,"2026-07-16 06:15:19",81.5,0.626921,2.9978,4.5152,0.70515151,-0.12731212,0.490481,-0.12726,0.45638,0.21477,0.32886,200,100,fcr,39,149,10,1,random
3162,IR,13,"2026-07-16 06:15:26",89.1,0.629791,3.02463,4.5152,0.70348484,-0.12020303,0.499629,-0.118623,0.42953,0.24161,0.32886,200,100,fcr,39,149,10,1,random
3163,IR,14,"2026-07-16 06:15:34",96.6,0.633906,3.06768,4.4848,0.71075758,-0.12442424,0.504742,-0.123887,0.39865,0.27703,0.32432,200,100,fcr,39,148,10,1,random
3164,IR,15,"2026-07-16 06:15:42",105,0.636012,3.07081,4.4848,0.70469697,-0.11272121,0.508343,-0.108515,0.41892,0.26351,0.31757,200,100,fcr,39,148,10,1,random
3165,IR,16,"2026-07-16 06:15:50",112.6,0.640658,3.10278,4.4545,0.70969697,-0.11269091,0.548847,-0.110654,0.40136,0.28571,0.31293,200,100,fcr,39,147,10,1,random
3166,IR,17,"2026-07-16 06:15:57",120.2,0.645318,3.12903,4.4545,0.72848485,-0.13248182,0.56026,-0.132038,0.39456,0.28571,0.31973,200,100,fcr,39,147,10,1,random
3167,IR,18,"2026-07-16 06:16:06",129,0.651385,3.18214,4.3939,0.72363636,-0.11373636,0.571069,-0.115034,0.3931,0.27586,0.33103,200,100,fcr,39,145,10,1,random
3168,IR,19,"2026-07-16 06:16:13",136.4,0.653864,3.2062,4.3636,0.73303031,-0.12246364,0.565518,-0.122232,0.40972,0.27083,0.31944,200,100,fcr,39,144,10,1,random
3169,IR,20,"2026-07-16 06:16:21",143.7,0.657206,3.23088,4.3636,0.74181818,-0.13286667,0.629486,-0.130262,0.40972,0.24306,0.34722,200,100,fcr,39,144,10,1,random
3170,AGR,1,"2026-07-16 06:16:32",7.9,0.573152,2.69357,4.8788,0.52484848,0.08155758,0.424391,0.071425,0.49689,0.21118,0.29193,200,100,fcr,39,161,10,1,random
3171,AGR,2,"2026-07-16 06:16:40",15.2,0.590755,2.83049,4.8182,0.5480303,0.06900606,0.439457,0.061296,0.4717,0.2327,0.2956,200,100,fcr,39,159,10,1,random
3172,AGR,3,"2026-07-16 06:16:47",22.4,0.606697,2.9924,4.7576,0.56560606,0.06962121,0.473009,0.05858,0.45223,0.24841,0.29936,200,100,fcr,39,157,10,1,random
3173,AGR,4,"2026-07-16 06:16:54",29.8,0.619915,3.12209,4.7576,0.57939394,0.06633333,0.512044,0.057282,0.41401,0.29936,0.28662,200,100,fcr,39,157,10,1,random
3174,AGR,5,"2026-07-16 06:17:04",39.6,0.636,3.29459,4.7576,0.58575757,0.07500303,0.559343,0.069975,0.3949,0.29299,0.3121,200,100,fcr,39,157,10,1,random
3175,AGR,6,"2026-07-16 06:17:14",49.3,0.648827,3.44638,4.7576,0.595,0.08187576,0.558376,0.0758,0.38217,0.29936,0.31847,200,100,fcr,39,157,10,1,random
3176,AGR,7,"2026-07-16 06:17:24",59.2,0.659506,3.58127,4.7576,0.61575757,0.06159697,0.565225,0.060487,0.35032,0.3121,0.33758,200,100,fcr,39,157,10,1,random
3177,AGR,8,"2026-07-16 06:17:33",68.7,0.668851,3.70008,4.7273,0.62257576,0.06715758,0.555694,0.064913,0.32051,0.37179,0.30769,200,100,fcr,39,156,10,1,random
3178,AGR,9,"2026-07-16 06:17:43",78.2,0.679,3.83324,4.7273,0.62333333,0.08972727,0.669165,0.076625,0.30128,0.41026,0.28846,200,100,fcr,39,156,10,1,random
3179,AGR,10,"2026-07-16 06:17:52",87.6,0.6884,3.94301,4.7273,0.63575758,0.07845758,0.73245,0.071449,0.27564,0.44872,0.27564,200,100,fcr,39,156,10,1,random
3180,AGR,11,"2026-07-16 06:18:02",97.2,0.697233,4.05005,4.7273,0.64954546,0.06729697,0.785155,0.063667,0.23077,0.53846,0.23077,200,100,fcr,39,156,10,1,random
3181,AGR,12,"2026-07-16 06:18:11",107,0.702382,4.11244,4.7273,0.63560606,0.09873939,0.852412,0.09301,0.23077,0.57051,0.19872,200,100,fcr,39,156,10,1,random
3182,AGR,13,"2026-07-16 06:18:21",116.5,0.707224,4.182,4.7273,0.64909091,0.08423939,0.959114,0.080425,0.21154,0.58974,0.19872,200,100,fcr,39,156,10,1,random
3183,AGR,14,"2026-07-16 06:18:30",125.7,0.713521,4.24822,4.7273,0.65606061,0.08434545,0.977086,0.077732,0.16667,0.66667,0.16667,200,100,fcr,39,156,10,1,random
3184,AGR,15,"2026-07-16 06:18:40",135.1,0.719518,4.32233,4.7273,0.67015151,0.07272121,0.993633,0.065906,0.15385,0.72436,0.12179,200,100,fcr,39,156,10,1,random
3185,AGR,16,"2026-07-16 06:18:49",144.5,0.723258,4.37788,4.7273,0.66893939,0.07416667,1.15603,0.07375,0.13462,0.73718,0.12821,200,100,fcr,39,156,10,1,random
3186,AGR,17,"2026-07-16 06:18:58",153.9,0.728233,4.42257,4.7273,0.67,0.08021818,1.20234,0.078146,0.12821,0.76923,0.10256,200,100,fcr,39,156,10,1,random
3187,AGR,18,"2026-07-16 06:19:08",163.2,0.732203,4.47289,4.7273,0.66545454,0.09765758,1.30743,0.090124,0.08974,0.80769,0.10256,200,100,fcr,39,156,10,1,random
3188,AGR,19,"2026-07-16 06:19:17",172.6,0.735745,4.50602,4.7273,0.68181818,0.07667576,1.13494,0.072214,0.07692,0.82051,0.10256,200,100,fcr,39,156,10,1,random
3189,AGR,20,"2026-07-16 06:19:27",182.1,0.738782,4.54482,4.7273,0.67666666,0.08759697,1.14501,0.083184,0.05128,0.89744,0.05128,200,100,fcr,39,156,10,1,random
3190,RANDOM,1,"2026-07-16 06:19:35",4.6,0.553018,2.54442,4.9697,0.56121212,-0.01525455,0.38185,-0.013037,0.55488,0.15854,0.28659,200,100,fcr,39,164,10,1,random
3191,RANDOM,2,"2026-07-16 06:19:40",8.8,0.557797,2.58061,4.8788,0.56212121,-0.00870909,0.398544,-0.009876,0.52795,0.17391,0.29814,200,100,fcr,39,161,10,1,random
3192,RANDOM,3,"2026-07-16 06:19:44",13.1,0.554961,2.56616,4.8485,0.55757576,-0.00595758,0.370677,-0.0001,0.525,0.1875,0.2875,200,100,fcr,39,160,10,1,random
3193,RANDOM,4,"2026-07-16 06:19:48",17.4,0.552406,2.55677,4.7576,0.55954546,-0.01130909,0.396655,-0.008504,0.51592,0.17834,0.30573,200,100,fcr,39,157,10,1,random
3194,RANDOM,5,"2026-07-16 06:19:54",23.4,0.554651,2.56283,4.6061,0.55484849,0.00045151,0.371076,0.000068,0.51974,0.19079,0.28947,200,100,fcr,39,152,10,1,random
3195,RANDOM,6,"2026-07-16 06:19:58",27.7,0.549491,2.53405,4.5758,0.55424242,-0.00424242,0.424199,-0.002969,0.50993,0.2053,0.28477,200,100,fcr,39,151,10,1,random
3196,RANDOM,7,"2026-07-16 06:20:05",34.8,0.548409,2.52995,4.5152,0.55560606,-0.00924848,0.428493,-0.01003,0.51678,0.19463,0.28859,200,100,fcr,39,149,10,1,random
3197,RANDOM,8,"2026-07-16 06:20:12",41.8,0.545945,2.52518,4.4848,0.54651515,-0.00736061,0.436469,0.003424,0.52027,0.18243,0.2973,200,100,fcr,39,148,10,1,random
3198,RANDOM,9,"2026-07-16 06:20:19",48.2,0.539285,2.49867,4.4545,0.54712121,-0.0139625,0.41621,-0.005464,0.51701,0.19048,0.29252,200,100,fcr,39,147,10,1,random
3199,RANDOM,10,"2026-07-16 06:20:25",54.5,0.540436,2.50973,4.4242,0.53757575,0.00436875,0.464317,0.006644,0.5,0.21918,0.28082,200,100,fcr,39,146,10,1,random
3200,RANDOM,11,"2026-07-16 06:20:32",60.8,0.536897,2.50488,4.3636,0.54393939,-0.01312188,0.467981,-0.007787,0.5,0.20833,0.29167,200,100,fcr,39,144,10,1,random
3201,RANDOM,12,"2026-07-16 06:20:38",67.1,0.535361,2.4917,4.3636,0.52484848,0.02455938,0.465268,0.024784,0.52083,0.1875,0.29167,200,100,fcr,39,144,10,1,random
3202,RANDOM,13,"2026-07-16 06:20:44",73.4,0.533824,2.48021,4.2727,0.53484848,-0.00514062,0.46657,0.001765,0.51773,0.1844,0.29787,200,100,fcr,39,141,10,1,random
3203,RANDOM,14,"2026-07-16 06:20:50",79.7,0.533982,2.48963,4.2727,0.53590909,-0.00335312,0.474311,-0.00081,0.51773,0.1773,0.30496,200,100,fcr,39,141,10,1,random
3204,RANDOM,15,"2026-07-16 06:20:57",85.9,0.531988,2.47139,4.2424,0.53636364,-0.0118875,0.462706,-0.003756,0.51429,0.19286,0.29286,200,100,fcr,39,140,10,1,random
3205,RANDOM,16,"2026-07-16 06:21:03",92.3,0.5346,2.47955,4.2424,0.5360606,-0.00151875,0.492184,-0.00271,0.50714,0.20714,0.28571,200,100,fcr,39,140,10,1,random
3206,RANDOM,17,"2026-07-16 06:21:09",98.5,0.537755,2.48233,4.2424,0.53363636,0.0084375,0.49605,0.006822,0.5,0.19286,0.30714,200,100,fcr,39,140,10,1,random
3207,RANDOM,18,"2026-07-16 06:21:16",104.9,0.539324,2.48483,4.1212,0.54090909,-0.00355312,0.462888,-0.002367,0.49265,0.19118,0.31618,200,100,fcr,39,136,10,1,random
3208,RANDOM,19,"2026-07-16 06:21:22",111.2,0.539633,2.47038,4.1212,0.53954545,0.0034375,0.461054,0.001597,0.49265,0.20588,0.30147,200,100,fcr,39,136,10,1,random
3209,RANDOM,20,"2026-07-16 06:21:28",117.5,0.538412,2.46131,4.0909,0.52651515,0.02477188,0.47923,0.025802,0.4963,0.21481,0.28889,200,100,fcr,39,135,10,1,random
3210,OI,1,"2026-07-16 06:21:45",5.6,0.580867,2.74971,5,0.58924243,-0.01219697,0.454259,-0.034091,0.49697,0.21818,0.28485,200,100,fcr,40,165,10,1,random
3211,OI,2,"2026-07-16 06:21:50",10.8,0.605309,2.93565,4.9394,0.6080303,-0.00625455,0.493083,-0.02222,0.46012,0.25767,0.28221,200,100,fcr,40,163,10,1,random
3212,OI,3,"2026-07-16 06:21:55",16,0.630573,3.16597,4.9394,0.63030303,-0.0005,0.56544,-0.01707,0.42945,0.29448,0.27607,200,100,fcr,40,163,10,1,random
3213,OI,4,"2026-07-16 06:22:00",21,0.650694,3.34216,4.9091,0.65121212,-0.00160303,0.65832,-0.013452,0.35185,0.35185,0.2963,200,100,fcr,40,162,10,1,random
3214,OI,5,"2026-07-16 06:22:07",27.9,0.668727,3.53316,4.9091,0.65833334,0.01437273,0.622125,0.004829,0.32099,0.37654,0.30247,200,100,fcr,40,162,10,1,random
3215,OI,6,"2026-07-16 06:22:12",33.2,0.684124,3.70531,4.9091,0.68530303,-0.00441212,0.643066,-0.010473,0.2963,0.44444,0.25926,200,100,fcr,40,162,10,1,random
3216,OI,7,"2026-07-16 06:22:20",40.2,0.6991,3.8612,4.8788,0.71287879,-0.02125455,0.79136,-0.028482,0.26087,0.48447,0.25466,200,100,fcr,40,161,10,1,random
3217,OI,8,"2026-07-16 06:22:26",47.1,0.711452,4.00424,4.8485,0.71560606,-0.00764848,0.832442,-0.012316,0.24375,0.55,0.20625,200,100,fcr,40,160,10,1,random
3218,OI,9,"2026-07-16 06:22:33",54.2,0.720903,4.13413,4.8485,0.72060607,-0.00209394,0.971016,-0.004132,0.2125,0.58125,0.20625,200,100,fcr,40,160,10,1,random
3219,OI,10,"2026-07-16 06:22:41",61.3,0.730709,4.27985,4.8485,0.73636364,-0.00627879,0.965713,-0.012313,0.2,0.6125,0.1875,200,100,fcr,40,160,10,1,random
3220,OI,11,"2026-07-16 06:22:48",68.4,0.738027,4.41582,4.8485,0.74136364,-0.00533939,1.13334,-0.007458,0.18125,0.66875,0.15,200,100,fcr,40,160,10,1,random
3221,OI,12,"2026-07-16 06:22:55",75.5,0.743033,4.51722,4.8485,0.75545454,-0.01660606,1.24764,-0.018234,0.13125,0.73125,0.1375,200,100,fcr,40,160,10,1,random
3222,OI,13,"2026-07-16 06:23:02",82.6,0.747803,4.60489,4.8485,0.74727273,-0.00000909,1.26053,-0.000896,0.09375,0.825,0.08125,200,100,fcr,40,160,10,1,random
3223,OI,14,"2026-07-16 06:23:09",89.8,0.751709,4.66895,4.8485,0.75560606,-0.00729697,1.50404,-0.005944,0.06875,0.85,0.08125,200,100,fcr,40,160,10,1,random
3224,OI,15,"2026-07-16 06:23:16",96.9,0.753885,4.71122,4.8485,0.74363636,0.0137697,1.46034,0.013789,0.05625,0.90625,0.0375,200,100,fcr,40,160,10,1,random
3225,OI,16,"2026-07-16 06:23:23",104.2,0.75637,4.74565,4.8485,0.75181818,0.00534242,2.15834,0.006504,0.05,0.90625,0.04375,200,100,fcr,40,160,10,1,random
3226,OI,17,"2026-07-16 06:23:31",111.3,0.757203,4.75953,4.8485,0.7580303,-0.00127576,2.38574,0.000065,0.01875,0.93125,0.05,200,100,fcr,40,160,10,1,random
3227,OI,18,"2026-07-16 06:23:38",118.4,0.757582,4.7623,4.8485,0.76621212,-0.01087273,1.36872,-0.009778,0.01875,0.94375,0.0375,200,100,fcr,40,160,10,1,random
3228,OI,19,"2026-07-16 06:23:45",125.6,0.757452,4.75877,4.8485,0.7619697,-0.00437879,1.53299,-0.004249,0.03125,0.93125,0.0375,200,100,fcr,40,160,10,1,random
3229,OI,20,"2026-07-16 06:23:53",133.2,0.757624,4.76245,4.8485,0.7689394,-0.01437273,2.1294,-0.013531,0.0375,0.95,0.0125,200,100,fcr,40,160,10,1,random
3230,IR,1,"2026-07-16 06:24:04",6.8,0.563521,2.62216,5.0606,0.62575757,-0.10539697,0.406256,-0.117904,0.53293,0.16168,0.30539,200,100,fcr,40,167,10,1,random
3231,IR,2,"2026-07-16 06:24:09",11.5,0.571052,2.6636,4.9697,0.64348485,-0.1250303,0.377103,-0.132381,0.5,0.19512,0.30488,200,100,fcr,40,164,10,1,random
3232,IR,3,"2026-07-16 06:24:16",18.3,0.576112,2.69251,4.9091,0.64742424,-0.11916364,0.381898,-0.126862,0.51235,0.17901,0.30864,200,100,fcr,40,162,10,1,random
3233,IR,4,"2026-07-16 06:24:21",23.4,0.583621,2.75301,4.8182,0.66151515,-0.12881212,0.402075,-0.138966,0.4717,0.22013,0.30818,200,100,fcr,40,159,10,1,random
3234,IR,5,"2026-07-16 06:24:28",30.3,0.589488,2.79321,4.7576,0.65257576,-0.10479091,0.41736,-0.110836,0.47771,0.22293,0.29936,200,100,fcr,40,157,10,1,random
3235,IR,6,"2026-07-16 06:24:33",35.8,0.598588,2.86563,4.6667,0.67681818,-0.13264848,0.46211,-0.13819,0.46104,0.23377,0.30519,200,100,fcr,40,154,10,1,random
3236,IR,7,"2026-07-16 06:24:40",42.6,0.6059,2.91098,4.6667,0.67939394,-0.12128182,0.472548,-0.126385,0.44805,0.22727,0.32468,200,100,fcr,40,154,10,1,random
3237,IR,8,"2026-07-16 06:24:47",49.5,0.612797,2.94638,4.6667,0.68060606,-0.11371515,0.457778,-0.114997,0.43506,0.25325,0.31169,200,100,fcr,40,154,10,1,random
3238,IR,9,"2026-07-16 06:24:54",56.3,0.617591,2.97207,4.6364,0.70212121,-0.13759697,0.465408,-0.139892,0.45098,0.23529,0.31373,200,100,fcr,40,153,10,1,random
3239,IR,10,"2026-07-16 06:25:01",63.5,0.623551,3.02558,4.6364,0.69590909,-0.12048485,0.495135,-0.120019,0.44444,0.20915,0.34641,200,100,fcr,40,153,10,1,random
3240,IR,11,"2026-07-16 06:25:08",70.6,0.629427,3.0648,4.6364,0.70166667,-0.11451515,0.464891,-0.118802,0.43137,0.24183,0.3268,200,100,fcr,40,153,10,1,random
3241,IR,12,"2026-07-16 06:25:15",77.8,0.634833,3.09118,4.6364,0.70378788,-0.10874849,0.504322,-0.112181,0.41176,0.2549,0.33333,200,100,fcr,40,153,10,1,random
3242,IR,13,"2026-07-16 06:25:22",84.8,0.640291,3.13288,4.6061,0.71151515,-0.11597879,0.491104,-0.114251,0.41447,0.25,0.33553,200,100,fcr,40,152,10,1,random
3243,IR,14,"2026-07-16 06:25:29",92,0.64077,3.13181,4.6061,0.71727273,-0.12407879,0.504275,-0.118345,0.40132,0.26974,0.32895,200,100,fcr,40,152,10,1,random
3244,IR,15,"2026-07-16 06:25:37",99.1,0.640451,3.12025,4.5758,0.71287879,-0.11999697,0.505127,-0.111908,0.4106,0.27152,0.31788,200,100,fcr,40,151,10,1,random
3245,IR,16,"2026-07-16 06:25:44",106.4,0.646739,3.16075,4.5152,0.72333333,-0.11962424,0.568015,-0.122623,0.39597,0.28188,0.32215,200,100,fcr,40,149,10,1,random
3246,IR,17,"2026-07-16 06:25:51",113.6,0.650858,3.19432,4.5152,0.72969697,-0.12340606,0.580643,-0.123372,0.37584,0.31544,0.30872,200,100,fcr,40,149,10,1,random
3247,IR,18,"2026-07-16 06:25:58",120.8,0.654555,3.21914,4.4848,0.73151515,-0.12127879,0.604936,-0.119508,0.37162,0.29054,0.33784,200,100,fcr,40,148,10,1,random
3248,IR,19,"2026-07-16 06:26:05",128,0.658548,3.23626,4.4545,0.73787879,-0.12827576,0.559868,-0.122513,0.38776,0.27891,0.33333,200,100,fcr,40,147,10,1,random
3249,IR,20,"2026-07-16 06:26:13",135.2,0.660664,3.24755,4.4545,0.73515152,-0.11758182,0.579606,-0.113321,0.38776,0.28571,0.32653,200,100,fcr,40,147,10,1,random
3250,AGR,1,"2026-07-16 06:26:25",8.4,0.573303,2.70418,4.9697,0.52348485,0.08225455,0.4261,0.074414,0.52439,0.18293,0.29268,200,100,fcr,40,164,10,1,random
3251,AGR,2,"2026-07-16 06:26:32",15.8,0.591324,2.87933,4.9091,0.54969697,0.06819394,0.450172,0.05954,0.47531,0.24074,0.28395,200,100,fcr,40,162,10,1,random
3252,AGR,3,"2026-07-16 06:26:40",23.5,0.610048,3.05724,4.9091,0.56924242,0.06279091,0.505061,0.05514,0.45062,0.24691,0.30247,200,100,fcr,40,162,10,1,random
3253,AGR,4,"2026-07-16 06:26:48",31,0.623136,3.19322,4.8788,0.56954545,0.08413333,0.504817,0.078374,0.4472,0.24845,0.30435,200,100,fcr,40,161,10,1,random
3254,AGR,5,"2026-07-16 06:26:57",40.5,0.637273,3.32507,4.8485,0.59151516,0.07066364,0.544508,0.063384,0.4125,0.3,0.2875,200,100,fcr,40,160,10,1,random
3255,AGR,6,"2026-07-16 06:27:05",48.1,0.648945,3.43741,4.8485,0.58727273,0.09791818,0.594016,0.089115,0.39375,0.30625,0.3,200,100,fcr,40,160,10,1,random
3256,AGR,7,"2026-07-16 06:27:14",57.2,0.661745,3.57231,4.8485,0.61075757,0.08242727,0.597176,0.07005,0.36875,0.3375,0.29375,200,100,fcr,40,160,10,1,random
3257,AGR,8,"2026-07-16 06:27:23",66.6,0.670185,3.70095,4.8485,0.61575758,0.0823697,0.638735,0.077209,0.3375,0.36875,0.29375,200,100,fcr,40,160,10,1,random
3258,AGR,9,"2026-07-16 06:27:32",75.9,0.681561,3.83618,4.8485,0.62939394,0.07561818,0.666365,0.070747,0.33125,0.39375,0.275,200,100,fcr,40,160,10,1,random
3259,AGR,10,"2026-07-16 06:27:42",85.4,0.69133,3.94895,4.8485,0.63515151,0.08449394,0.757044,0.076059,0.3,0.45625,0.24375,200,100,fcr,40,160,10,1,random
3260,AGR,11,"2026-07-16 06:27:51",94.9,0.701727,4.08724,4.8485,0.65181817,0.07205758,0.854143,0.065523,0.26875,0.49375,0.2375,200,100,fcr,40,160,10,1,random
3261,AGR,12,"2026-07-16 06:28:01",104.4,0.710239,4.20258,4.8485,0.66181818,0.07237879,0.875845,0.063869,0.25,0.54375,0.20625,200,100,fcr,40,160,10,1,random
3262,AGR,13,"2026-07-16 06:28:10",113.8,0.717864,4.29888,4.8485,0.665,0.07464848,0.994181,0.070214,0.225,0.5875,0.1875,200,100,fcr,40,160,10,1,random
3263,AGR,14,"2026-07-16 06:28:20",123.2,0.724724,4.39283,4.8485,0.67772727,0.06646364,1.06463,0.061709,0.1875,0.65625,0.15625,200,100,fcr,40,160,10,1,random
3264,AGR,15,"2026-07-16 06:28:29",132.6,0.731821,4.47559,4.8485,0.66181819,0.09704546,1.15359,0.092729,0.15625,0.70625,0.1375,200,100,fcr,40,160,10,1,random
3265,AGR,16,"2026-07-16 06:28:39",142,0.737315,4.54275,4.8485,0.68954545,0.0684697,1.19858,0.062631,0.125,0.75625,0.11875,200,100,fcr,40,160,10,1,random
3266,AGR,17,"2026-07-16 06:28:48",151.5,0.741894,4.60567,4.8485,0.68212121,0.08579697,1.2321,0.078844,0.11875,0.775,0.10625,200,100,fcr,40,160,10,1,random
3267,AGR,18,"2026-07-16 06:28:58",161,0.745836,4.65912,4.8485,0.69015152,0.07973939,1.41972,0.073415,0.1125,0.8375,0.05,200,100,fcr,40,160,10,1,random
3268,AGR,19,"2026-07-16 06:29:07",170.3,0.74813,4.69075,4.8485,0.68075757,0.09344848,2.03099,0.089727,0.05625,0.9,0.04375,200,100,fcr,40,160,10,1,random
3269,AGR,20,"2026-07-16 06:29:16",179.7,0.749606,4.72175,4.8485,0.69227272,0.07684849,1.64831,0.07653,0.0375,0.94375,0.01875,200,100,fcr,40,160,10,1,random
3270,RANDOM,1,"2026-07-16 06:29:27",5.2,0.555061,2.57717,4.9394,0.55712121,-0.00478182,0.398355,-0.001417,0.52761,0.19018,0.28221,200,100,fcr,40,163,10,1,random
3271,RANDOM,2,"2026-07-16 06:29:32",9.9,0.558185,2.58692,4.8788,0.55772727,-0.00100909,0.393051,0.000021,0.52795,0.19255,0.2795,200,100,fcr,40,161,10,1,random
3272,RANDOM,3,"2026-07-16 06:29:37",14.7,0.561327,2.60576,4.8485,0.55212121,0.01822424,0.413028,0.016069,0.53125,0.1875,0.28125,200,100,fcr,40,160,10,1,random
3273,RANDOM,4,"2026-07-16 06:29:41",19.3,0.563864,2.62082,4.7273,0.55863636,0.0069303,0.419207,0.009731,0.53846,0.16667,0.29487,200,100,fcr,40,156,10,1,random
3274,RANDOM,5,"2026-07-16 06:29:48",25.8,0.563391,2.61137,4.6667,0.56545455,-0.00711515,0.412064,-0.000983,0.53247,0.16883,0.2987,200,100,fcr,40,154,10,1,random
3275,RANDOM,6,"2026-07-16 06:29:52",30.6,0.5636,2.5989,4.6061,0.56060606,0.0068,0.418866,0.007797,0.53289,0.17105,0.29605,200,100,fcr,40,152,10,1,random
3276,RANDOM,7,"2026-07-16 06:29:59",37,0.564224,2.59726,4.6061,0.56681818,-0.00490303,0.434108,-0.003689,0.51974,0.18421,0.29605,200,100,fcr,40,152,10,1,random
3277,RANDOM,8,"2026-07-16 06:30:07",44.9,0.568552,2.6144,4.5758,0.57454545,-0.01222424,0.436395,-0.012286,0.52318,0.17219,0.30464,200,100,fcr,40,151,10,1,random
3278,RANDOM,9,"2026-07-16 06:30:14",52.6,0.572145,2.62798,4.5152,0.56984848,0.00443939,0.43084,0.003277,0.51678,0.16779,0.31544,200,100,fcr,40,149,10,1,random
3279,RANDOM,10,"2026-07-16 06:30:21",59.4,0.571748,2.61971,4.5152,0.56712121,0.0077303,0.419667,0.010251,0.51007,0.1745,0.31544,200,100,fcr,40,149,10,1,random
3280,RANDOM,11,"2026-07-16 06:30:28",66.1,0.570764,2.61348,4.5152,0.575,-0.00708788,0.411877,-0.00502,0.52349,0.1745,0.30201,200,100,fcr,40,149,10,1,random
3281,RANDOM,12,"2026-07-16 06:30:35",72.7,0.573412,2.6325,4.5152,0.57393939,-0.00296667,0.448662,-0.000904,0.52349,0.1745,0.30201,200,100,fcr,40,149,10,1,random
3282,RANDOM,13,"2026-07-16 06:30:41",79.3,0.577033,2.64927,4.4848,0.57969697,-0.00706061,0.461634,-0.006039,0.50676,0.17568,0.31757,200,100,fcr,40,148,10,1,random
3283,RANDOM,14,"2026-07-16 06:30:48",86.1,0.575909,2.64097,4.4848,0.57727273,-0.0039697,0.421346,0.000534,0.51351,0.16216,0.32432,200,100,fcr,40,148,10,1,random
3284,RANDOM,15,"2026-07-16 06:30:55",93,0.572903,2.62509,4.4545,0.57378788,-0.00409697,0.416472,0.002492,0.51701,0.16327,0.31973,200,100,fcr,40,147,10,1,random
3285,RANDOM,16,"2026-07-16 06:31:02",99.8,0.571742,2.61952,4.4545,0.57030303,0.00413939,0.414579,0.005423,0.53061,0.15646,0.31293,200,100,fcr,40,147,10,1,random
3286,RANDOM,17,"2026-07-16 06:31:09",106.7,0.570558,2.61658,4.4242,0.57045454,0.00048788,0.428705,0.003104,0.52055,0.17808,0.30137,200,100,fcr,40,146,10,1,random
3287,RANDOM,18,"2026-07-16 06:31:15",113.4,0.564055,2.5884,4.4242,0.56833334,-0.00789091,0.435909,0.001459,0.50685,0.19178,0.30137,200,100,fcr,40,146,10,1,random
3288,RANDOM,19,"2026-07-16 06:31:22",120.1,0.565415,2.58958,4.3939,0.56439394,-0.00002424,0.434974,0.003481,0.52414,0.17931,0.29655,200,100,fcr,40,145,10,1,random
3289,RANDOM,20,"2026-07-16 06:31:29",127,0.567094,2.59475,4.3939,0.56530303,0.00011818,0.455748,0.004147,0.51034,0.18621,0.30345,200,100,fcr,40,145,10,1,random
3290,OI,1,"2026-07-16 06:37:41",5.3,0.580424,2.74734,4.9394,0.58151515,0.00036667,0.439579,-0.023224,0.5092,0.19018,0.30061,200,100,fcr,41,163,10,1,random
3291,OI,2,"2026-07-16 06:37:45",9.9,0.605739,2.9527,4.9091,0.61530303,-0.01319697,0.484088,-0.034343,0.46296,0.25309,0.28395,200,100,fcr,41,162,10,1,random
3292,OI,3,"2026-07-16 06:37:50",14.7,0.627645,3.14248,4.9091,0.63409091,-0.01281212,0.568961,-0.024954,0.41358,0.32099,0.26543,200,100,fcr,41,162,10,1,random
3293,OI,4,"2026-07-16 06:37:55",19.5,0.650042,3.34918,4.8788,0.65212122,-0.00184242,0.655376,-0.017815,0.37888,0.34783,0.27329,200,100,fcr,41,161,10,1,random
3294,OI,5,"2026-07-16 06:38:01",25.9,0.667591,3.52513,4.8788,0.66530303,0.00486061,0.698993,-0.006821,0.34783,0.37888,0.27329,200,100,fcr,41,161,10,1,random
3295,OI,6,"2026-07-16 06:38:06",31,0.68297,3.69291,4.8788,0.68212122,0.00065152,0.723688,-0.007657,0.29814,0.4472,0.25466,200,100,fcr,41,161,10,1,random
3296,OI,7,"2026-07-16 06:38:13",37.4,0.697782,3.84764,4.8788,0.69515151,0.00158485,0.828446,-0.004726,0.2795,0.49068,0.22981,200,100,fcr,41,161,10,1,random
3297,OI,8,"2026-07-16 06:38:20",44.2,0.710488,4.01303,4.8788,0.72348485,-0.0171697,0.936026,-0.025228,0.23602,0.54037,0.2236,200,100,fcr,41,161,10,1,random
3298,OI,9,"2026-07-16 06:38:26",50.8,0.71967,4.14648,4.8788,0.73015151,-0.01318788,0.93358,-0.018676,0.2236,0.55901,0.21739,200,100,fcr,41,161,10,1,random
3299,OI,10,"2026-07-16 06:38:33",57.5,0.729515,4.30252,4.8788,0.73621212,-0.00927576,1.02308,-0.013743,0.17391,0.65217,0.17391,200,100,fcr,41,161,10,1,random
3300,OI,11,"2026-07-16 06:38:39",64.2,0.738333,4.43017,4.8788,0.73772727,0.00014848,1.09952,-0.003259,0.14286,0.71429,0.14286,200,100,fcr,41,161,10,1,random
3301,OI,12,"2026-07-16 06:38:46",70.9,0.745015,4.54218,4.8788,0.74242424,0.00423333,1.3306,0.000857,0.12422,0.77019,0.10559,200,100,fcr,41,161,10,1,random
3302,OI,13,"2026-07-16 06:38:53",77.5,0.750018,4.62303,4.8788,0.75257576,-0.00178182,1.52349,-0.004967,0.10559,0.78882,0.10559,200,100,fcr,41,161,10,1,random
3303,OI,14,"2026-07-16 06:38:59",84.1,0.752821,4.68989,4.8788,0.7560606,-0.00282727,1.6437,-0.004278,0.07453,0.84472,0.08075,200,100,fcr,41,161,10,1,random
3304,OI,15,"2026-07-16 06:39:06",90.9,0.754412,4.74338,4.8788,0.76015151,-0.00780606,1.71328,-0.007143,0.03727,0.90683,0.0559,200,100,fcr,41,161,10,1,random
3305,OI,16,"2026-07-16 06:39:13",97.8,0.754203,4.75938,4.8788,0.75621212,-0.00223939,1.86529,-0.001052,0.04348,0.91925,0.03727,200,100,fcr,41,161,10,1,random
3306,OI,17,"2026-07-16 06:39:20",104.6,0.755712,4.77475,4.8788,0.76287879,-0.00853939,2.67444,-0.008729,0.02484,0.93789,0.03727,200,100,fcr,41,161,10,1,random
3307,OI,18,"2026-07-16 06:39:27",111.4,0.756027,4.79114,4.8788,0.76060606,-0.00759091,1.61094,-0.005038,0.02484,0.9441,0.03106,200,100,fcr,41,161,10,1,random
3308,OI,19,"2026-07-16 06:39:34",118.3,0.756173,4.79348,4.8788,0.75681818,-0.00076667,1.60182,0.000229,0.03106,0.9441,0.02484,200,100,fcr,41,161,10,1,random
3309,OI,20,"2026-07-16 06:39:40",125,0.755739,4.79605,4.8788,0.75969697,-0.00452727,1.95227,-0.003997,0.03106,0.9441,0.02484,200,100,fcr,41,161,10,1,random
3310,IR,1,"2026-07-16 06:39:49",4.8,0.559703,2.59177,4.9697,0.62878788,-0.11944848,0.38366,-0.130157,0.54878,0.15854,0.29268,200,100,fcr,41,164,10,1,random
3311,IR,2,"2026-07-16 06:39:54",9.3,0.56687,2.62499,4.8182,0.63681818,-0.11922727,0.390848,-0.129022,0.54717,0.14465,0.30818,200,100,fcr,41,159,10,1,random
3312,IR,3,"2026-07-16 06:39:58",13.7,0.57427,2.65275,4.8182,0.65212121,-0.13383636,0.39882,-0.140956,0.54088,0.14465,0.31447,200,100,fcr,41,159,10,1,random
3313,IR,4,"2026-07-16 06:40:03",18.6,0.582094,2.70239,4.7879,0.65424242,-0.1211,0.398589,-0.129789,0.50633,0.17089,0.32278,200,100,fcr,41,158,10,1,random
3314,IR,5,"2026-07-16 06:40:08",23.7,0.588648,2.74667,4.7879,0.66166666,-0.1238,0.392398,-0.129205,0.49367,0.17089,0.33544,200,100,fcr,41,158,10,1,random
3315,IR,6,"2026-07-16 06:40:13",28.6,0.59847,2.79502,4.7576,0.6689394,-0.11923939,0.391026,-0.125455,0.46497,0.21656,0.31847,200,100,fcr,41,157,10,1,random
3316,IR,7,"2026-07-16 06:40:19",34.7,0.604118,2.84489,4.7273,0.67969697,-0.12356667,0.423003,-0.128637,0.49359,0.16667,0.33974,200,100,fcr,41,156,10,1,random
3317,IR,8,"2026-07-16 06:40:25",40.9,0.610142,2.87323,4.697,0.68590909,-0.12588182,0.407558,-0.128199,0.46452,0.19355,0.34194,200,100,fcr,41,155,10,1,random
3318,IR,9,"2026-07-16 06:40:32",47.3,0.615164,2.89756,4.6061,0.69363636,-0.12845454,0.40616,-0.130415,0.47368,0.19079,0.33553,200,100,fcr,41,152,10,1,random
3319,IR,10,"2026-07-16 06:40:38",53.9,0.622427,2.96283,4.5758,0.6989394,-0.12417576,0.459793,-0.127881,0.46358,0.19205,0.34437,200,100,fcr,41,151,10,1,random
3320,IR,11,"2026-07-16 06:40:45",60.2,0.627352,2.99925,4.5758,0.7039394,-0.12503636,0.457476,-0.125147,0.45033,0.19868,0.35099,200,100,fcr,41,151,10,1,random
3321,IR,12,"2026-07-16 06:40:51",66.8,0.631585,3.02611,4.5758,0.70151515,-0.11131212,0.454539,-0.112653,0.43709,0.21854,0.34437,200,100,fcr,41,151,10,1,random
3322,IR,13,"2026-07-16 06:40:58",73.3,0.631509,3.03375,4.5455,0.70863636,-0.12481818,0.453058,-0.120859,0.42,0.22667,0.35333,200,100,fcr,41,150,10,1,random
3323,IR,14,"2026-07-16 06:41:04",79.7,0.634145,3.07577,4.4545,0.70757575,-0.11632121,0.448478,-0.116676,0.40136,0.2449,0.35374,200,100,fcr,41,147,10,1,random
3324,IR,15,"2026-07-16 06:41:11",86.2,0.63603,3.09571,4.4242,0.71378787,-0.12505152,0.463749,-0.122964,0.39726,0.26712,0.33562,200,100,fcr,41,146,10,1,random
3325,IR,16,"2026-07-16 06:41:18",93,0.639406,3.12107,4.4242,0.72257576,-0.1313697,0.496287,-0.132027,0.40411,0.25342,0.34247,200,100,fcr,41,146,10,1,random
3326,IR,17,"2026-07-16 06:41:24",99.6,0.641967,3.14882,4.4242,0.71606061,-0.11708788,0.493419,-0.116387,0.38356,0.27397,0.34247,200,100,fcr,41,146,10,1,random
3327,IR,18,"2026-07-16 06:41:31",106.1,0.643979,3.14929,4.4242,0.72666667,-0.12745455,0.498017,-0.129141,0.39041,0.27397,0.33562,200,100,fcr,41,146,10,1,random
3328,IR,19,"2026-07-16 06:41:37",112.6,0.647209,3.1598,4.3939,0.72742424,-0.12323333,0.527585,-0.125729,0.37931,0.27586,0.34483,200,100,fcr,41,145,10,1,random
3329,IR,20,"2026-07-16 06:41:44",119.1,0.65043,3.18436,4.3939,0.73651515,-0.13617879,0.515393,-0.133685,0.3931,0.26207,0.34483,200,100,fcr,41,145,10,1,random
3330,AGR,1,"2026-07-16 06:41:53",7.8,0.573,2.71758,4.9697,0.52454545,0.07712727,0.41229,0.071167,0.52439,0.18293,0.29268,200,100,fcr,41,164,10,1,random
3331,AGR,2,"2026-07-16 06:42:00",15.1,0.589733,2.88003,4.9091,0.54575758,0.06833333,0.444761,0.064857,0.48765,0.21605,0.2963,200,100,fcr,41,162,10,1,random
3332,AGR,3,"2026-07-16 06:42:07",22.5,0.605579,3.03347,4.8182,0.55318182,0.09409091,0.478367,0.076934,0.46541,0.2327,0.30189,200,100,fcr,41,159,10,1,random
3333,AGR,4,"2026-07-16 06:42:14",29.7,0.621682,3.20242,4.8182,0.57348485,0.07262727,0.509243,0.068418,0.42138,0.26415,0.31447,200,100,fcr,41,159,10,1,random
3334,AGR,5,"2026-07-16 06:42:24",38.9,0.635497,3.35908,4.8182,0.57772727,0.09293939,0.527696,0.083415,0.40252,0.27673,0.32075,200,100,fcr,41,159,10,1,random
3335,AGR,6,"2026-07-16 06:42:31",46.4,0.648933,3.51403,4.8182,0.6019697,0.07162424,0.568807,0.064923,0.3522,0.33333,0.31447,200,100,fcr,41,159,10,1,random
3336,AGR,7,"2026-07-16 06:42:41",55.8,0.660409,3.64834,4.8182,0.61242424,0.07128788,0.585242,0.066362,0.32075,0.35849,0.32075,200,100,fcr,41,159,10,1,random
3337,AGR,8,"2026-07-16 06:42:50",65.1,0.671764,3.76612,4.7879,0.61287879,0.08913636,0.59191,0.082015,0.31646,0.38608,0.29747,200,100,fcr,41,158,10,1,random
3338,AGR,9,"2026-07-16 06:43:00",75.1,0.682267,3.86485,4.7879,0.62333333,0.08937879,0.67628,0.080985,0.29114,0.43671,0.27215,200,100,fcr,41,158,10,1,random
3339,AGR,10,"2026-07-16 06:43:09",84.8,0.691491,3.96926,4.7879,0.62742424,0.09484849,0.717052,0.087845,0.28481,0.44937,0.26582,200,100,fcr,41,158,10,1,random
3340,AGR,11,"2026-07-16 06:43:19",94.3,0.699136,4.07227,4.7879,0.64651515,0.07602121,0.774999,0.071739,0.25949,0.5,0.24051,200,100,fcr,41,158,10,1,random
3341,AGR,12,"2026-07-16 06:43:29",104,0.7058,4.14984,4.7879,0.64863636,0.08313939,0.833301,0.078214,0.24684,0.52532,0.22785,200,100,fcr,41,158,10,1,random
3342,AGR,13,"2026-07-16 06:43:39",113.8,0.710403,4.21317,4.7879,0.65151515,0.08369697,0.884457,0.08123,0.22152,0.55696,0.22152,200,100,fcr,41,158,10,1,random
3343,AGR,14,"2026-07-16 06:43:48",123.4,0.716924,4.28338,4.7879,0.6530303,0.08801515,0.911247,0.086361,0.20253,0.61392,0.18354,200,100,fcr,41,158,10,1,random
3344,AGR,15,"2026-07-16 06:43:58",133.1,0.722342,4.37165,4.7879,0.6730303,0.06989697,1.01282,0.066033,0.16456,0.68354,0.1519,200,100,fcr,41,158,10,1,random
3345,AGR,16,"2026-07-16 06:44:07",142.7,0.727173,4.44024,4.7879,0.66454545,0.08675758,1.06572,0.084187,0.13291,0.73418,0.13291,200,100,fcr,41,158,10,1,random
3346,AGR,17,"2026-07-16 06:44:17",152.5,0.731494,4.50718,4.7879,0.68030303,0.07269394,1.08569,0.06844,0.12025,0.77848,0.10127,200,100,fcr,41,158,10,1,random
3347,AGR,18,"2026-07-16 06:44:27",162.3,0.736597,4.56462,4.7879,0.67878788,0.07930606,1.24159,0.076538,0.09494,0.82911,0.07595,200,100,fcr,41,158,10,1,random
3348,AGR,19,"2026-07-16 06:44:37",171.9,0.740015,4.60851,4.7879,0.685,0.07841515,1.27052,0.073264,0.06962,0.87342,0.05696,200,100,fcr,41,158,10,1,random
3349,AGR,20,"2026-07-16 06:44:46",181.7,0.742952,4.63366,4.7879,0.68651515,0.08270606,1.35254,0.074902,0.05696,0.87342,0.06962,200,100,fcr,41,158,10,1,random
3350,RANDOM,1,"2026-07-16 06:44:55",4.9,0.546785,2.5282,4.7879,0.54151515,0.01518485,0.368127,0.015926,0.5443,0.1519,0.3038,200,100,fcr,41,158,10,1,random
3351,RANDOM,2,"2026-07-16 06:45:00",9.5,0.547818,2.54616,4.6667,0.54621212,0.00071818,0.373327,0.004046,0.53247,0.16883,0.2987,200,100,fcr,41,154,10,1,random
3352,RANDOM,3,"2026-07-16 06:45:04",14.2,0.5466,2.53652,4.6364,0.55454545,-0.01449091,0.390788,-0.010492,0.54248,0.15686,0.30065,200,100,fcr,41,153,10,1,random
3353,RANDOM,4,"2026-07-16 06:45:09",18.8,0.547676,2.54316,4.6364,0.53378788,0.02613636,0.394806,0.026159,0.52941,0.16993,0.30065,200,100,fcr,41,153,10,1,random
3354,RANDOM,5,"2026-07-16 06:45:15",25,0.545036,2.524,4.5758,0.53333334,0.02056364,0.38607,0.026158,0.5298,0.16556,0.30464,200,100,fcr,41,151,10,1,random
3355,RANDOM,6,"2026-07-16 06:45:20",29.7,0.544606,2.52897,4.5455,0.53833334,0.00982727,0.388168,0.014226,0.52,0.18667,0.29333,200,100,fcr,41,150,10,1,random
3356,RANDOM,7,"2026-07-16 06:45:26",36.1,0.541712,2.52246,4.5152,0.54515152,-0.00598788,0.400274,-0.001416,0.50336,0.20134,0.2953,200,100,fcr,41,149,10,1,random
3357,RANDOM,8,"2026-07-16 06:45:33",42.5,0.541858,2.53216,4.4545,0.54363636,-0.00493333,0.39929,-0.000709,0.51701,0.16327,0.31973,200,100,fcr,41,147,10,1,random
3358,RANDOM,9,"2026-07-16 06:45:39",49.2,0.5429,2.53322,4.4545,0.54727273,-0.00786667,0.379183,-0.006025,0.52381,0.15646,0.31973,200,100,fcr,41,147,10,1,random
3359,RANDOM,10,"2026-07-16 06:45:46",55.8,0.54457,2.53391,4.3939,0.54378788,0.00037879,0.386,0.002209,0.51724,0.17931,0.30345,200,100,fcr,41,145,10,1,random
3360,RANDOM,11,"2026-07-16 06:45:53",62.3,0.5423,2.53152,4.3636,0.53984849,0.00780606,0.397714,0.008867,0.52083,0.16667,0.3125,200,100,fcr,41,144,10,1,random
3361,RANDOM,12,"2026-07-16 06:45:59",69,0.542661,2.52188,4.3333,0.54590909,-0.00380303,0.394525,-0.003742,0.52448,0.15385,0.32168,200,100,fcr,41,143,10,1,random
3362,RANDOM,13,"2026-07-16 06:46:06",75.5,0.544503,2.51742,4.303,0.54318182,0.00007576,0.39265,0.002913,0.53521,0.14789,0.3169,200,100,fcr,41,142,10,1,random
3363,RANDOM,14,"2026-07-16 06:46:12",82.3,0.547776,2.53299,4.2424,0.54454546,0.0028697,0.413321,0.005514,0.52857,0.14286,0.32857,200,100,fcr,41,140,10,1,random
3364,RANDOM,15,"2026-07-16 06:46:19",89,0.546727,2.53535,4.2424,0.55045455,-0.01141212,0.401329,-0.003951,0.52857,0.13571,0.33571,200,100,fcr,41,140,10,1,random
3365,RANDOM,16,"2026-07-16 06:46:26",95.6,0.544624,2.51714,4.2424,0.53893939,0.01056364,0.392265,0.014369,0.5,0.17857,0.32143,200,100,fcr,41,140,10,1,random
3366,RANDOM,17,"2026-07-16 06:46:32",102.2,0.544858,2.51947,4.2424,0.55484849,-0.0157697,0.400361,-0.016439,0.51429,0.17857,0.30714,200,100,fcr,41,140,10,1,random
3367,RANDOM,18,"2026-07-16 06:46:39",108.9,0.551309,2.54342,4.2424,0.5419697,0.01458788,0.419583,0.013318,0.49286,0.17857,0.32857,200,100,fcr,41,140,10,1,random
3368,RANDOM,19,"2026-07-16 06:46:46",115.6,0.551745,2.54309,4.2424,0.54439394,0.0126,0.382179,0.01478,0.49286,0.18571,0.32143,200,100,fcr,41,140,10,1,random
3369,RANDOM,20,"2026-07-16 06:46:52",122.2,0.551903,2.52969,4.2424,0.55484848,-0.00753939,0.405587,-0.003009,0.49286,0.18571,0.32143,200,100,fcr,41,140,10,1,random
3370,OI,1,"2026-07-16 06:47:10",5.3,0.582206,2.74879,5.0303,0.58954546,-0.01449394,0.448162,-0.034012,0.51205,0.21687,0.27108,200,100,fcr,42,166,10,1,random
3371,OI,2,"2026-07-16 06:47:14",10.1,0.610845,2.97268,4.9394,0.61075758,0.00093636,0.53561,-0.019682,0.47239,0.23926,0.28834,200,100,fcr,42,163,10,1,random
3372,OI,3,"2026-07-16 06:47:19",15,0.633409,3.17302,4.9091,0.62727272,0.00792121,0.570837,-0.005117,0.4321,0.24691,0.32099,200,100,fcr,42,162,10,1,random
3373,OI,4,"2026-07-16 06:47:24",19.8,0.653712,3.3888,4.9091,0.65363636,0.00260606,0.566636,-0.012357,0.38272,0.2963,0.32099,200,100,fcr,42,162,10,1,random
3374,OI,5,"2026-07-16 06:47:31",27,0.672533,3.59633,4.9091,0.67454546,-0.00461818,0.602827,-0.014306,0.35802,0.33333,0.30864,200,100,fcr,42,162,10,1,random
3375,OI,6,"2026-07-16 06:47:36",32,0.688245,3.78156,4.9091,0.69969697,-0.01921818,0.691598,-0.025583,0.31481,0.40123,0.28395,200,100,fcr,42,162,10,1,random
3376,OI,7,"2026-07-16 06:47:43",38.5,0.702582,3.94367,4.9091,0.71121212,-0.01321818,0.786667,-0.020101,0.25926,0.46296,0.27778,200,100,fcr,42,162,10,1,random
3377,OI,8,"2026-07-16 06:47:49",44.9,0.714921,4.08625,4.9091,0.715,0.00135152,0.81224,-0.006468,0.24074,0.5,0.25926,200,100,fcr,42,162,10,1,random
3378,OI,9,"2026-07-16 06:47:56",51.6,0.726061,4.21992,4.9091,0.73166667,-0.00715152,0.891495,-0.013359,0.2037,0.59259,0.2037,200,100,fcr,42,162,10,1,random
3379,OI,10,"2026-07-16 06:48:03",58.3,0.73527,4.36738,4.9091,0.73969697,-0.00430909,1.02641,-0.010573,0.16049,0.66667,0.17284,200,100,fcr,42,162,10,1,random
3380,OI,11,"2026-07-16 06:48:09",64.9,0.742409,4.47946,4.9091,0.74621212,-0.00551515,1.12084,-0.008034,0.1358,0.69136,0.17284,200,100,fcr,42,162,10,1,random
3381,OI,12,"2026-07-16 06:48:16",71.5,0.748694,4.58651,4.9091,0.75545455,-0.01023939,1.13686,-0.011529,0.09877,0.77778,0.12346,200,100,fcr,42,162,10,1,random
3382,OI,13,"2026-07-16 06:48:22",78,0.753282,4.66482,4.9091,0.75378788,0.0007,1.20698,-0.002285,0.09259,0.82099,0.08642,200,100,fcr,42,162,10,1,random
3383,OI,14,"2026-07-16 06:48:29",84.8,0.756473,4.72012,4.9091,0.75606061,-0.00255455,1.74744,0.000431,0.0679,0.8642,0.0679,200,100,fcr,42,162,10,1,random
3384,OI,15,"2026-07-16 06:48:36",91.4,0.75807,4.75294,4.9091,0.76454546,-0.00713939,1.61298,-0.007981,0.06173,0.87037,0.0679,200,100,fcr,42,162,10,1,random
3385,OI,16,"2026-07-16 06:48:42",98.1,0.759406,4.78408,4.9091,0.75681818,0.00499394,1.75962,0.004464,0.04938,0.89506,0.05556,200,100,fcr,42,162,10,1,random
3386,OI,17,"2026-07-16 06:48:49",104.8,0.760521,4.82413,4.9091,0.75924243,0.00231515,1.90767,0.002475,0.03086,0.94444,0.02469,200,100,fcr,42,162,10,1,random
3387,OI,18,"2026-07-16 06:48:56",111.5,0.760652,4.81579,4.9091,0.77378788,-0.01806364,2.85121,-0.016135,0.04321,0.92593,0.03086,200,100,fcr,42,162,10,1,random
3388,OI,19,"2026-07-16 06:49:02",118.2,0.761133,4.82592,4.9091,0.75939394,0.00123333,2.65455,0.003533,0.00617,0.96296,0.03086,200,100,fcr,42,162,10,1,random
3389,OI,20,"2026-07-16 06:49:09",124.9,0.759782,4.79764,4.9091,0.7539394,0.00908485,1.20221,0.009889,0.03704,0.92593,0.03704,200,100,fcr,42,162,10,1,random
3390,IR,1,"2026-07-16 06:49:15",5.4,0.564436,2.62719,5.0303,0.6330303,-0.11596061,0.399963,-0.129914,0.53614,0.18675,0.27711,200,100,fcr,42,166,10,1,random
3391,IR,2,"2026-07-16 06:49:20",10.4,0.575461,2.68603,4.9394,0.64863636,-0.12599091,0.428391,-0.13651,0.52147,0.20245,0.27607,200,100,fcr,42,163,10,1,random
3392,IR,3,"2026-07-16 06:49:26",15.4,0.579645,2.70441,4.9091,0.65606061,-0.12651818,0.441849,-0.134646,0.53704,0.17284,0.29012,200,100,fcr,42,162,10,1,random
3393,IR,4,"2026-07-16 06:49:30",20.4,0.588588,2.76435,4.8788,0.65757576,-0.11485454,0.444102,-0.124464,0.50932,0.20497,0.28571,200,100,fcr,42,161,10,1,random
3394,IR,5,"2026-07-16 06:49:37",27.1,0.593179,2.79015,4.8788,0.66409091,-0.11825151,0.462867,-0.122281,0.50932,0.20497,0.28571,200,100,fcr,42,161,10,1,random
3395,IR,6,"2026-07-16 06:49:42",32.1,0.597976,2.8283,4.8182,0.66909091,-0.11973333,0.465509,-0.122471,0.50314,0.21384,0.28302,200,100,fcr,42,159,10,1,random
3396,IR,7,"2026-07-16 06:49:49",39.2,0.604358,2.86506,4.7879,0.66590909,-0.10368485,0.486238,-0.10596,0.5,0.1962,0.3038,200,100,fcr,42,158,10,1,random
3397,IR,8,"2026-07-16 06:49:56",45.9,0.608761,2.88688,4.7576,0.68363637,-0.12542121,0.454756,-0.125628,0.50955,0.19108,0.29936,200,100,fcr,42,157,10,1,random
3398,IR,9,"2026-07-16 06:50:03",53.1,0.614036,2.89481,4.697,0.70030303,-0.14070909,0.479326,-0.143704,0.48387,0.20645,0.30968,200,100,fcr,42,155,10,1,random
3399,IR,10,"2026-07-16 06:50:11",61.1,0.620276,2.92874,4.6667,0.69530303,-0.12070909,0.468956,-0.12479,0.48052,0.22727,0.29221,200,100,fcr,42,154,10,1,random
3400,IR,11,"2026-07-16 06:50:18",68.2,0.627309,2.97141,4.6364,0.71015151,-0.13470909,0.524476,-0.136981,0.47712,0.19608,0.3268,200,100,fcr,42,153,10,1,random
3401,IR,12,"2026-07-16 06:50:25",75.3,0.632021,3.01393,4.6364,0.69606061,-0.10612727,0.474352,-0.104201,0.46405,0.21569,0.32026,200,100,fcr,42,153,10,1,random
3402,IR,13,"2026-07-16 06:50:33",82.5,0.631058,2.99615,4.6061,0.69681818,-0.10719091,0.483453,-0.102437,0.44737,0.23684,0.31579,200,100,fcr,42,152,10,1,random
3403,IR,14,"2026-07-16 06:50:40",89.6,0.633861,3.02114,4.6061,0.71015152,-0.12399697,0.504413,-0.121748,0.44737,0.23684,0.31579,200,100,fcr,42,152,10,1,random
3404,IR,15,"2026-07-16 06:50:47",96.6,0.6362,3.03425,4.6061,0.71166666,-0.1204303,0.511269,-0.120101,0.44737,0.23684,0.31579,200,100,fcr,42,152,10,1,random
3405,IR,16,"2026-07-16 06:50:54",103.6,0.639106,3.0435,4.6061,0.70909091,-0.11244545,0.527718,-0.110868,0.42763,0.25,0.32237,200,100,fcr,42,152,10,1,random
3406,IR,17,"2026-07-16 06:51:01",110.8,0.643727,3.08073,4.5758,0.72045455,-0.12251818,0.50823,-0.122299,0.40397,0.27152,0.3245,200,100,fcr,42,151,10,1,random
3407,IR,18,"2026-07-16 06:51:08",118.1,0.65037,3.12021,4.5758,0.72090909,-0.11297576,0.513287,-0.112999,0.41722,0.25828,0.3245,200,100,fcr,42,151,10,1,random
3408,IR,19,"2026-07-16 06:51:15",125.3,0.651794,3.12012,4.5455,0.72212121,-0.10896061,0.524007,-0.108217,0.42667,0.24,0.33333,200,100,fcr,42,150,10,1,random
3409,IR,20,"2026-07-16 06:51:23",132.5,0.654591,3.15663,4.5152,0.72818181,-0.11392424,0.532365,-0.113674,0.42282,0.22819,0.34899,200,100,fcr,42,149,10,1,random
3410,AGR,1,"2026-07-16 06:51:31",8,0.575482,2.7157,5.0303,0.53378788,0.06698485,0.424428,0.058167,0.5241,0.18675,0.28916,200,100,fcr,42,166,10,1,random
3411,AGR,2,"2026-07-16 06:51:39",15.7,0.597158,2.88795,5,0.56106061,0.0537697,0.45788,0.046702,0.47273,0.21818,0.30909,200,100,fcr,42,165,10,1,random
3412,AGR,3,"2026-07-16 06:51:47",23.2,0.612994,3.06009,5,0.57681818,0.05685758,0.447738,0.049563,0.47273,0.21212,0.31515,200,100,fcr,42,165,10,1,random
3413,AGR,4,"2026-07-16 06:51:54",31,0.625612,3.19688,4.9697,0.58318181,0.06517879,0.479415,0.060746,0.44512,0.2439,0.31098,200,100,fcr,42,164,10,1,random
3414,AGR,5,"2026-07-16 06:52:04",40.2,0.638667,3.37039,4.9394,0.59590909,0.06410303,0.537566,0.059642,0.41718,0.27607,0.30675,200,100,fcr,42,163,10,1,random
3415,AGR,6,"2026-07-16 06:52:11",47.8,0.6512,3.49833,4.9394,0.60803031,0.0647697,0.563498,0.059217,0.39877,0.29448,0.30675,200,100,fcr,42,163,10,1,random
3416,AGR,7,"2026-07-16 06:52:20",57,0.66297,3.64566,4.9394,0.61560606,0.07279697,0.586009,0.064724,0.37423,0.30675,0.31902,200,100,fcr,42,163,10,1,random
3417,AGR,8,"2026-07-16 06:52:30",66.4,0.67577,3.79464,4.9394,0.64060606,0.05063636,0.609804,0.044745,0.34969,0.34969,0.30061,200,100,fcr,42,163,10,1,random
3418,AGR,9,"2026-07-16 06:52:40",76.2,0.685673,3.93011,4.8788,0.63651516,0.07532727,0.69763,0.067145,0.29814,0.42236,0.2795,200,100,fcr,42,161,10,1,random
3419,AGR,10,"2026-07-16 06:52:49",86,0.698709,4.06952,4.8788,0.64909092,0.06819091,0.777493,0.064309,0.26087,0.49068,0.24845,200,100,fcr,42,161,10,1,random
3420,AGR,11,"2026-07-16 06:52:59",95.7,0.707342,4.17,4.8788,0.64878788,0.08398485,0.848877,0.078984,0.24224,0.52795,0.22981,200,100,fcr,42,161,10,1,random
3421,AGR,12,"2026-07-16 06:53:09",105.6,0.713848,4.2696,4.8788,0.66575757,0.06881818,0.912893,0.064363,0.2236,0.57764,0.19876,200,100,fcr,42,161,10,1,random
3422,AGR,13,"2026-07-16 06:53:19",115.1,0.72243,4.35922,4.8788,0.67348485,0.07361212,1.0312,0.063427,0.18012,0.64596,0.17391,200,100,fcr,42,161,10,1,random
3423,AGR,14,"2026-07-16 06:53:28",124.7,0.727691,4.42702,4.8788,0.67712122,0.07563939,1.03902,0.067594,0.1677,0.65839,0.17391,200,100,fcr,42,161,10,1,random
3424,AGR,15,"2026-07-16 06:53:38",134.4,0.732524,4.49716,4.8788,0.6759091,0.07908182,1.05242,0.07544,0.14907,0.69565,0.15528,200,100,fcr,42,161,10,1,random
3425,AGR,16,"2026-07-16 06:53:48",144.1,0.736103,4.54645,4.8788,0.68469697,0.07213939,1.10812,0.068682,0.11801,0.74534,0.13665,200,100,fcr,42,161,10,1,random
3426,AGR,17,"2026-07-16 06:53:57",153.9,0.73937,4.59965,4.8788,0.67833333,0.08546364,1.11314,0.0818,0.11801,0.77019,0.1118,200,100,fcr,42,161,10,1,random
3427,AGR,18,"2026-07-16 06:54:07",163.8,0.743236,4.64345,4.8788,0.69257575,0.07209697,1.24272,0.067044,0.08075,0.82609,0.09317,200,100,fcr,42,161,10,1,random
3428,AGR,19,"2026-07-16 06:54:17",173.7,0.746564,4.68485,4.8788,0.69636364,0.06808485,1.26196,0.066437,0.06211,0.88199,0.0559,200,100,fcr,42,161,10,1,random
3429,AGR,20,"2026-07-16 06:54:27",183.4,0.748491,4.71201,4.8788,0.69590909,0.07501212,1.47963,0.070001,0.04348,0.91925,0.03727,200,100,fcr,42,161,10,1,random
3430,RANDOM,1,"2026-07-16 06:54:36",5.4,0.552506,2.53421,4.9697,0.55787878,-0.00977879,0.377783,-0.005306,0.54878,0.16463,0.28659,200,100,fcr,42,164,10,1,random
3431,RANDOM,2,"2026-07-16 06:54:41",9.9,0.549018,2.52366,4.8182,0.54772727,0.00047879,0.368339,0.007748,0.55346,0.15723,0.28931,200,100,fcr,42,159,10,1,random
3432,RANDOM,3,"2026-07-16 06:54:45",14.5,0.550461,2.52921,4.7879,0.56136364,-0.01951212,0.388095,-0.019471,0.5443,0.16456,0.29114,200,100,fcr,42,158,10,1,random
3433,RANDOM,4,"2026-07-16 06:54:50",19.2,0.548048,2.51753,4.6667,0.54651515,0.00777879,0.384277,0.006998,0.52597,0.18182,0.29221,200,100,fcr,42,154,10,1,random
3434,RANDOM,5,"2026-07-16 06:54:56",25.6,0.547855,2.52935,4.6061,0.55015151,-0.00243333,0.398377,-0.000949,0.52632,0.18421,0.28947,200,100,fcr,42,152,10,1,random
3435,RANDOM,6,"2026-07-16 06:55:01",30.3,0.547991,2.53637,4.6061,0.54772728,0.00175152,0.411269,0.003146,0.53289,0.17763,0.28947,200,100,fcr,42,152,10,1,random
3436,RANDOM,7,"2026-07-16 06:55:08",36.8,0.548212,2.55305,4.6061,0.55348485,-0.0089697,0.413953,-0.006445,0.53947,0.17105,0.28947,200,100,fcr,42,152,10,1,random
3437,RANDOM,8,"2026-07-16 06:55:14",43.2,0.546788,2.55359,4.5152,0.54969698,-0.00114545,0.415353,-0.001767,0.53691,0.16779,0.2953,200,100,fcr,42,149,10,1,random
3438,RANDOM,9,"2026-07-16 06:55:21",49.9,0.5433,2.54193,4.4848,0.5469697,-0.01029697,0.413041,-0.001527,0.52703,0.17568,0.2973,200,100,fcr,42,148,10,1,random
3439,RANDOM,10,"2026-07-16 06:55:27",56.6,0.541276,2.53409,4.4848,0.54530303,-0.00008182,0.413458,-0.003054,0.53378,0.17568,0.29054,200,100,fcr,42,148,10,1,random
3440,RANDOM,11,"2026-07-16 06:55:34",63.1,0.54453,2.55257,4.4545,0.55166667,-0.01614545,0.432471,-0.013584,0.53061,0.17007,0.29932,200,100,fcr,42,147,10,1,random
3441,RANDOM,12,"2026-07-16 06:55:41",69.8,0.548151,2.58667,4.4242,0.56439394,-0.02793636,0.430973,-0.030341,0.5137,0.18493,0.30137,200,100,fcr,42,146,10,1,random
3442,RANDOM,13,"2026-07-16 06:55:47",76.4,0.544873,2.57069,4.4242,0.54848485,-0.00928182,0.423589,-0.000928,0.5274,0.17123,0.30137,200,100,fcr,42,146,10,1,random
3443,RANDOM,14,"2026-07-16 06:55:54",83,0.542555,2.56374,4.3636,0.54818182,-0.01061515,0.434629,-0.005447,0.53472,0.15972,0.30556,200,100,fcr,42,144,10,1,random
3444,RANDOM,15,"2026-07-16 06:56:00",89.7,0.540988,2.56359,4.3636,0.53287878,0.01517576,0.433393,0.018958,0.53472,0.15278,0.3125,200,100,fcr,42,144,10,1,random
3445,RANDOM,16,"2026-07-16 06:56:08",97.2,0.538964,2.55512,4.3636,0.54984849,-0.0209697,0.421693,-0.016034,0.52083,0.18056,0.29861,200,100,fcr,42,144,10,1,random
3446,RANDOM,17,"2026-07-16 06:56:16",105,0.536909,2.54358,4.303,0.53636364,0.00025758,0.43462,0.004612,0.52113,0.16197,0.3169,200,100,fcr,42,142,10,1,random
3447,RANDOM,18,"2026-07-16 06:56:23",112.6,0.536373,2.53775,4.2727,0.53484849,0.01095455,0.422099,0.005142,0.51064,0.1773,0.31206,200,100,fcr,42,141,10,1,random
3448,RANDOM,19,"2026-07-16 06:56:31",120.3,0.536391,2.53311,4.2424,0.53924243,-0.00951212,0.429794,-0.003113,0.50714,0.19286,0.3,200,100,fcr,42,140,10,1,random
3449,RANDOM,20,"2026-07-16 06:56:38",127.6,0.535279,2.53227,4.2424,0.53484849,-0.0004303,0.437993,0.004434,0.48571,0.20714,0.30714,200,100,fcr,42,140,10,1,random
3450,OI,1,"2026-07-16 06:56:58",5.4,0.586027,2.78912,4.9697,0.58181818,0.00476061,0.488753,-0.017731,0.5061,0.18902,0.30488,200,100,fcr,43,164,10,1,random
3451,OI,2,"2026-07-16 06:57:02",10.1,0.612933,2.98463,4.9697,0.61439394,-0.00181515,0.476096,-0.021468,0.46951,0.2378,0.29268,200,100,fcr,43,164,10,1,random
3452,OI,3,"2026-07-16 06:57:07",15,0.634545,3.19045,4.9697,0.64242424,-0.01226061,0.5363,-0.026818,0.40244,0.29878,0.29878,200,100,fcr,43,164,10,1,random
3453,OI,4,"2026-07-16 06:57:12",19.8,0.655955,3.37125,4.9394,0.65712121,0.00289091,0.571144,-0.015185,0.38037,0.33742,0.28221,200,100,fcr,43,163,10,1,random
3454,OI,5,"2026-07-16 06:57:17",24.6,0.673561,3.58822,4.9091,0.68166667,-0.00982727,0.670334,-0.022596,0.33333,0.40123,0.26543,200,100,fcr,43,162,10,1,random
3455,OI,6,"2026-07-16 06:57:22",29.4,0.688873,3.77128,4.9091,0.69045455,-0.00091818,0.76931,-0.011071,0.30864,0.4321,0.25926,200,100,fcr,43,162,10,1,random
3456,OI,7,"2026-07-16 06:57:28",36,0.7021,3.9424,4.9091,0.695,0.0103,0.789774,0.002449,0.28395,0.51235,0.2037,200,100,fcr,43,162,10,1,random
3457,OI,8,"2026-07-16 06:57:35",42.7,0.716185,4.12076,4.9091,0.73090909,-0.02215455,0.976192,-0.028342,0.24074,0.54938,0.20988,200,100,fcr,43,162,10,1,random
3458,OI,9,"2026-07-16 06:57:42",49.5,0.726539,4.26318,4.9091,0.72651515,0.00063636,1.02478,-0.004864,0.2037,0.61111,0.18519,200,100,fcr,43,162,10,1,random
3459,OI,10,"2026-07-16 06:57:49",56.3,0.7354,4.36638,4.9091,0.74787879,-0.01848485,1.09951,-0.021099,0.1358,0.66667,0.19753,200,100,fcr,43,162,10,1,random
3460,OI,11,"2026-07-16 06:57:56",63.3,0.742112,4.48081,4.9091,0.74060607,0.00301818,0.961838,-0.000339,0.16667,0.67284,0.16049,200,100,fcr,43,162,10,1,random
3461,OI,12,"2026-07-16 06:58:03",70.2,0.749921,4.59122,4.9091,0.7580303,-0.00923636,1.16861,-0.013712,0.11111,0.74691,0.14198,200,100,fcr,43,162,10,1,random
3462,OI,13,"2026-07-16 06:58:10",77.3,0.752867,4.65733,4.9091,0.76590909,-0.01697273,1.136,-0.017524,0.11728,0.77778,0.10494,200,100,fcr,43,162,10,1,random
3463,OI,14,"2026-07-16 06:58:17",84.5,0.754779,4.70686,4.9091,0.74833333,0.00882424,1.48859,0.009167,0.09259,0.83333,0.07407,200,100,fcr,43,162,10,1,random
3464,OI,15,"2026-07-16 06:58:24",91.6,0.757058,4.76359,4.9091,0.75954545,-0.00366667,1.74288,-0.002958,0.06173,0.88272,0.05556,200,100,fcr,43,162,10,1,random
3465,OI,16,"2026-07-16 06:58:31",98.8,0.759258,4.80288,4.9091,0.76742424,-0.0112,1.81695,-0.010633,0.03086,0.94444,0.02469,200,100,fcr,43,162,10,1,random
3466,OI,17,"2026-07-16 06:58:38",105.8,0.759458,4.8036,4.9091,0.75681818,0.00219091,1.92512,0.004944,0.03704,0.91358,0.04938,200,100,fcr,43,162,10,1,random
3467,OI,18,"2026-07-16 06:58:45",112.7,0.760727,4.82669,4.9091,0.76015151,0.00268485,1.93074,0.00186,0.03086,0.95062,0.01852,200,100,fcr,43,162,10,1,random
3468,OI,19,"2026-07-16 06:58:52",119.5,0.760782,4.81871,4.9091,0.75651514,0.00613333,2.23023,0.006544,0.01852,0.91975,0.06173,200,100,fcr,43,162,10,1,random
3469,OI,20,"2026-07-16 06:58:59",126.7,0.760227,4.82097,4.9091,0.75924243,0.00009697,1.27634,0.003295,0.06173,0.91975,0.01852,200,100,fcr,43,162,10,1,random
3470,IR,1,"2026-07-16 06:59:11",5.4,0.56207,2.6152,5,0.62575758,-0.10627879,0.435124,-0.119433,0.53939,0.18182,0.27879,200,100,fcr,43,165,10,1,random
3471,IR,2,"2026-07-16 06:59:16",10.1,0.570079,2.66229,4.9697,0.6419697,-0.1234303,0.418066,-0.131836,0.53049,0.17683,0.29268,200,100,fcr,43,164,10,1,random
3472,IR,3,"2026-07-16 06:59:21",15.1,0.579215,2.69698,4.9091,0.64939393,-0.12230606,0.417027,-0.128165,0.51852,0.19136,0.29012,200,100,fcr,43,162,10,1,random
3473,IR,4,"2026-07-16 06:59:26",19.9,0.588979,2.76588,4.8788,0.66181818,-0.12367273,0.436281,-0.131533,0.52174,0.17391,0.30435,200,100,fcr,43,161,10,1,random
3474,IR,5,"2026-07-16 06:59:30",24.8,0.596855,2.82562,4.8182,0.66818182,-0.12164849,0.447759,-0.125661,0.50943,0.19497,0.2956,200,100,fcr,43,159,10,1,random
3475,IR,6,"2026-07-16 06:59:36",29.9,0.603867,2.8662,4.7576,0.67378788,-0.1171303,0.486903,-0.121458,0.50318,0.18471,0.3121,200,100,fcr,43,157,10,1,random
3476,IR,7,"2026-07-16 06:59:42",36.6,0.61063,2.90688,4.7576,0.69469696,-0.13552727,0.483085,-0.14274,0.50955,0.18471,0.30573,200,100,fcr,43,157,10,1,random
3477,IR,8,"2026-07-16 06:59:49",43.7,0.61597,2.93202,4.7576,0.68636364,-0.11248788,0.504329,-0.117929,0.48408,0.21019,0.30573,200,100,fcr,43,157,10,1,random
3478,IR,9,"2026-07-16 06:59:57",50.9,0.623439,2.98753,4.7273,0.69818182,-0.12100606,0.508616,-0.124849,0.46795,0.21154,0.32051,200,100,fcr,43,156,10,1,random
3479,IR,10,"2026-07-16 07:00:04",58.7,0.6302,3.04117,4.7273,0.69954545,-0.11079697,0.502064,-0.114279,0.48077,0.19872,0.32051,200,100,fcr,43,156,10,1,random
3480,IR,11,"2026-07-16 07:00:12",66.3,0.636342,3.06338,4.7273,0.71727273,-0.12824546,0.522473,-0.131084,0.44872,0.23077,0.32051,200,100,fcr,43,156,10,1,random
3481,IR,12,"2026-07-16 07:00:19",73.6,0.642388,3.10607,4.7273,0.71545455,-0.11665758,0.528861,-0.118086,0.44231,0.24359,0.3141,200,100,fcr,43,156,10,1,random
3482,IR,13,"2026-07-16 07:00:26",80.8,0.643503,3.1145,4.6667,0.72121212,-0.12170303,0.547919,-0.120384,0.43506,0.24675,0.31818,200,100,fcr,43,154,10,1,random
3483,IR,14,"2026-07-16 07:00:34",87.9,0.645818,3.12668,4.6667,0.72454545,-0.12607273,0.53601,-0.123031,0.44805,0.23377,0.31818,200,100,fcr,43,154,10,1,random
3484,IR,15,"2026-07-16 07:00:41",95.2,0.653445,3.19508,4.6667,0.7230303,-0.11069394,0.561185,-0.111657,0.43506,0.25974,0.30519,200,100,fcr,43,154,10,1,random
3485,IR,16,"2026-07-16 07:00:48",102.1,0.656688,3.22731,4.6667,0.73636364,-0.12728788,0.58928,-0.122761,0.42857,0.25974,0.31169,200,100,fcr,43,154,10,1,random
3486,IR,17,"2026-07-16 07:00:55",109,0.6593,3.23864,4.6364,0.73454546,-0.11692727,0.59355,-0.114953,0.4183,0.2549,0.3268,200,100,fcr,43,153,10,1,random
3487,IR,18,"2026-07-16 07:01:03",117.6,0.665233,3.29047,4.6061,0.74439394,-0.12545758,0.585316,-0.122778,0.41447,0.25,0.33553,200,100,fcr,43,152,10,1,random
3488,IR,19,"2026-07-16 07:01:11",125.5,0.667821,3.31962,4.6061,0.74939394,-0.12771818,0.595415,-0.123234,0.41447,0.25,0.33553,200,100,fcr,43,152,10,1,random
3489,IR,20,"2026-07-16 07:01:19",133,0.67197,3.35798,4.5758,0.7530303,-0.12425151,0.613032,-0.122663,0.36424,0.33113,0.30464,200,100,fcr,43,151,10,1,random
3490,AGR,1,"2026-07-16 07:01:28",8.2,0.572964,2.72501,4.9697,0.52272727,0.07579697,0.458663,0.075663,0.52439,0.20122,0.27439,200,100,fcr,43,164,10,1,random
3491,AGR,2,"2026-07-16 07:01:36",15.9,0.591982,2.8865,4.9697,0.54772727,0.06823333,0.475361,0.063204,0.4878,0.22561,0.28659,200,100,fcr,43,164,10,1,random
3492,AGR,3,"2026-07-16 07:01:44",23.9,0.610294,3.06122,4.8182,0.55772727,0.08008485,0.497619,0.07532,0.45283,0.24528,0.30189,200,100,fcr,43,159,10,1,random
3493,AGR,4,"2026-07-16 07:01:51",31.5,0.623003,3.2208,4.8182,0.57454545,0.0820697,0.53175,0.070818,0.42767,0.27044,0.30189,200,100,fcr,43,159,10,1,random
3494,AGR,5,"2026-07-16 07:02:00",40.5,0.636024,3.37123,4.8182,0.57742424,0.09059091,0.552331,0.085331,0.39623,0.30189,0.30189,200,100,fcr,43,159,10,1,random
3495,AGR,6,"2026-07-16 07:02:08",47.9,0.648503,3.51289,4.8182,0.60666667,0.06560909,0.590772,0.057842,0.38365,0.30818,0.30818,200,100,fcr,43,159,10,1,random
3496,AGR,7,"2026-07-16 07:02:17",56.9,0.659855,3.64681,4.7879,0.61651515,0.06781212,0.626749,0.059593,0.3481,0.40506,0.24684,200,100,fcr,43,158,10,1,random
3497,AGR,8,"2026-07-16 07:02:26",66.1,0.670321,3.76398,4.7879,0.61893939,0.07637576,0.771671,0.0708,0.31013,0.43038,0.25949,200,100,fcr,43,158,10,1,random
3498,AGR,9,"2026-07-16 07:02:35",75.5,0.678645,3.86222,4.7576,0.61515152,0.09423333,0.773187,0.089421,0.27389,0.49682,0.2293,200,100,fcr,43,157,10,1,random
3499,AGR,10,"2026-07-16 07:02:45",84.9,0.687642,3.97028,4.7576,0.63227272,0.08071212,0.813739,0.076045,0.24841,0.51592,0.23567,200,100,fcr,43,157,10,1,random
3500,AGR,11,"2026-07-16 07:02:54",94.3,0.697682,4.11979,4.7576,0.64757576,0.07333333,0.8237,0.066879,0.19108,0.6242,0.18471,200,100,fcr,43,157,10,1,random
3501,AGR,12,"2026-07-16 07:03:04",103.8,0.703694,4.18946,4.7576,0.64545454,0.08239394,0.882444,0.080244,0.19745,0.6051,0.19745,200,100,fcr,43,157,10,1,random
3502,AGR,13,"2026-07-16 07:03:13",113.2,0.710636,4.25594,4.7576,0.65136364,0.08673636,0.900185,0.080254,0.17834,0.63694,0.18471,200,100,fcr,43,157,10,1,random
3503,AGR,14,"2026-07-16 07:03:22",122.5,0.717488,4.32558,4.7576,0.66348485,0.07639091,0.952564,0.072139,0.13376,0.66879,0.19745,200,100,fcr,43,157,10,1,random
3504,AGR,15,"2026-07-16 07:03:32",131.9,0.722882,4.39162,4.7576,0.67318182,0.07267879,0.880569,0.066614,0.14013,0.73248,0.12739,200,100,fcr,43,157,10,1,random
3505,AGR,16,"2026-07-16 07:03:41",141.3,0.727927,4.46243,4.7576,0.67742425,0.07367879,1.08625,0.067261,0.13376,0.75796,0.10828,200,100,fcr,43,157,10,1,random
3506,AGR,17,"2026-07-16 07:03:51",150.8,0.732073,4.51839,4.7576,0.67166667,0.08549697,1.17027,0.081192,0.08917,0.82166,0.08917,200,100,fcr,43,157,10,1,random
3507,AGR,18,"2026-07-16 07:04:00",160.2,0.73463,4.55208,4.7576,0.68151515,0.07446364,1.14398,0.071906,0.0828,0.83439,0.0828,200,100,fcr,43,157,10,1,random
3508,AGR,19,"2026-07-16 07:04:09",169.6,0.737939,4.5783,4.7576,0.66984849,0.09394242,1.23497,0.091207,0.07006,0.87261,0.05732,200,100,fcr,43,157,10,1,random
3509,AGR,20,"2026-07-16 07:04:19",178.9,0.741039,4.60455,4.7576,0.67242424,0.09838182,1.34839,0.091748,0.05732,0.89809,0.04459,200,100,fcr,43,157,10,1,random
3510,RANDOM,1,"2026-07-16 07:04:29",5.3,0.552118,2.57045,4.9091,0.55469697,0.00033333,0.417633,-0.001398,0.53086,0.19753,0.2716,200,100,fcr,43,162,10,1,random
3511,RANDOM,2,"2026-07-16 07:04:33",10.1,0.550012,2.55558,4.8485,0.54681818,0.00393636,0.406974,0.009685,0.5375,0.1875,0.275,200,100,fcr,43,160,10,1,random
3512,RANDOM,3,"2026-07-16 07:04:38",14.7,0.551161,2.56638,4.697,0.56106061,-0.01828182,0.414315,-0.016796,0.51613,0.20645,0.27742,200,100,fcr,43,155,10,1,random
3513,RANDOM,4,"2026-07-16 07:04:43",19.3,0.549964,2.57099,4.6667,0.545,0.01143636,0.415251,0.012474,0.52597,0.18831,0.28571,200,100,fcr,43,154,10,1,random
3514,RANDOM,5,"2026-07-16 07:04:49",25.6,0.55067,2.58449,4.6667,0.55075757,-0.00275455,0.420423,0.001043,0.53247,0.16234,0.30519,200,100,fcr,43,154,10,1,random
3515,RANDOM,6,"2026-07-16 07:04:54",30.5,0.552433,2.59176,4.6061,0.55106061,0.0030303,0.390816,0.003184,0.52632,0.17763,0.29605,200,100,fcr,43,152,10,1,random
3516,RANDOM,7,"2026-07-16 07:05:00",36.8,0.552,2.58975,4.5758,0.55712121,-0.00930606,0.431676,-0.00657,0.53642,0.16556,0.29801,200,100,fcr,43,151,10,1,random
3517,RANDOM,8,"2026-07-16 07:05:06",42.9,0.551455,2.59121,4.5758,0.56318182,-0.01989091,0.433884,-0.018789,0.52318,0.19205,0.28477,200,100,fcr,43,151,10,1,random
3518,RANDOM,9,"2026-07-16 07:05:13",49.4,0.552451,2.60664,4.5455,0.54818182,0.01234849,0.461649,0.009076,0.48667,0.23333,0.28,200,100,fcr,43,150,10,1,random
3519,RANDOM,10,"2026-07-16 07:05:19",55.9,0.548688,2.59367,4.5152,0.5589394,-0.02328182,0.455139,-0.013123,0.49664,0.20805,0.2953,200,100,fcr,43,149,10,1,random
3520,RANDOM,11,"2026-07-16 07:05:26",62.4,0.549333,2.59722,4.5152,0.55545454,-0.01237879,0.43739,-0.009901,0.50336,0.20805,0.28859,200,100,fcr,43,149,10,1,random
3521,RANDOM,12,"2026-07-16 07:05:32",69,0.545882,2.57001,4.5152,0.54303031,0.00211818,0.442807,0.010052,0.50336,0.19463,0.30201,200,100,fcr,43,149,10,1,random
3522,RANDOM,13,"2026-07-16 07:05:39",75.5,0.544764,2.55229,4.5152,0.55075757,-0.00317273,0.422031,-0.007849,0.52349,0.1745,0.30201,200,100,fcr,43,149,10,1,random
3523,RANDOM,14,"2026-07-16 07:05:45",82,0.544694,2.547,4.4545,0.54121212,0.0085303,0.430371,0.008762,0.5034,0.19728,0.29932,200,100,fcr,43,147,10,1,random
3524,RANDOM,15,"2026-07-16 07:05:52",88.5,0.543697,2.54352,4.4242,0.54,0.00673636,0.433544,0.00946,0.49315,0.20548,0.30137,200,100,fcr,43,146,10,1,random
3525,RANDOM,16,"2026-07-16 07:05:58",95.1,0.547376,2.55112,4.3939,0.54787879,-0.00537576,0.436652,-0.001212,0.50345,0.2,0.29655,200,100,fcr,43,145,10,1,random
3526,RANDOM,17,"2026-07-16 07:06:05",101.7,0.543688,2.5334,4.3333,0.54075757,-0.00106667,0.441053,0.010898,0.53147,0.15385,0.31469,200,100,fcr,43,143,10,1,random
3527,RANDOM,18,"2026-07-16 07:06:12",108.3,0.541048,2.50773,4.303,0.55166667,-0.01880606,0.427841,-0.014106,0.52113,0.16901,0.30986,200,100,fcr,43,142,10,1,random
3528,RANDOM,19,"2026-07-16 07:06:18",114.8,0.53817,2.49788,4.2727,0.53227273,0.0114303,0.438567,0.016196,0.51773,0.1844,0.29787,200,100,fcr,43,141,10,1,random
3529,RANDOM,20,"2026-07-16 07:06:25",121.5,0.535612,2.48949,4.2424,0.53530303,0.00454545,0.444053,0.005751,0.52143,0.16429,0.31429,200,100,fcr,43,140,10,1,random
3530,OI,1,"2026-07-16 07:06:44",5.5,0.580282,2.72777,5,0.58348485,-0.00584242,0.450281,-0.029263,0.52121,0.17576,0.30303,200,100,fcr,44,165,10,1,random
3531,OI,2,"2026-07-16 07:06:49",10.6,0.605567,2.89881,4.9091,0.60439394,0.00133939,0.457298,-0.017005,0.49383,0.2037,0.30247,200,100,fcr,44,162,10,1,random
3532,OI,3,"2026-07-16 07:06:54",15.5,0.632142,3.09666,4.8485,0.63378788,-0.00052727,0.541533,-0.020978,0.44375,0.26875,0.2875,200,100,fcr,44,160,10,1,random
3533,OI,4,"2026-07-16 07:06:59",20.4,0.652309,3.29185,4.8485,0.64833333,0.00656667,0.633998,-0.00697,0.3625,0.375,0.2625,200,100,fcr,44,160,10,1,random
3534,OI,5,"2026-07-16 07:07:06",27.4,0.671015,3.49285,4.8485,0.6719697,-0.00240606,0.703073,-0.012844,0.325,0.4,0.275,200,100,fcr,44,160,10,1,random
3535,OI,6,"2026-07-16 07:07:12",33.3,0.686345,3.65114,4.8485,0.68772727,0.00030606,0.721456,-0.010841,0.30625,0.46875,0.225,200,100,fcr,44,160,10,1,random
3536,OI,7,"2026-07-16 07:07:19",40.2,0.701042,3.79813,4.8485,0.71636363,-0.01995758,0.860844,-0.030087,0.275,0.50625,0.21875,200,100,fcr,44,160,10,1,random
3537,OI,8,"2026-07-16 07:07:25",46.8,0.715409,3.97879,4.8182,0.72272727,-0.0117303,0.909208,-0.018273,0.2327,0.55346,0.21384,200,100,fcr,44,159,10,1,random
3538,OI,9,"2026-07-16 07:07:32",53.7,0.727282,4.14293,4.8182,0.72681818,0.00110606,1.0099,-0.005355,0.22642,0.59748,0.1761,200,100,fcr,44,159,10,1,random
3539,OI,10,"2026-07-16 07:07:39",60.7,0.736782,4.30211,4.8182,0.73181818,0.00713939,1.19567,0.002317,0.18239,0.65409,0.16352,200,100,fcr,44,159,10,1,random
3540,OI,11,"2026-07-16 07:07:46",67.5,0.744606,4.42735,4.8182,0.7469697,-0.00164242,1.24032,-0.005874,0.15723,0.69182,0.15094,200,100,fcr,44,159,10,1,random
3541,OI,12,"2026-07-16 07:07:53",74.5,0.750194,4.53843,4.8182,0.75803031,-0.01064242,1.32838,-0.012242,0.09434,0.83019,0.07547,200,100,fcr,44,159,10,1,random
3542,OI,13,"2026-07-16 07:08:00",81.7,0.753627,4.6131,4.8182,0.75484849,-0.00102121,1.68031,-0.002348,0.07547,0.84277,0.08176,200,100,fcr,44,159,10,1,random
3543,OI,14,"2026-07-16 07:08:07",88.6,0.755997,4.68408,4.8182,0.75348484,0.00274545,1.6942,0.003514,0.04403,0.91195,0.04403,200,100,fcr,44,159,10,1,random
3544,OI,15,"2026-07-16 07:08:14",95.8,0.756142,4.69948,4.8182,0.75363636,0.00385758,2.17656,0.004529,0.0566,0.91195,0.03145,200,100,fcr,44,159,10,1,random
3545,OI,16,"2026-07-16 07:08:21",102.7,0.756258,4.71498,4.8182,0.76409091,-0.0095697,2.86363,-0.008888,0.03145,0.91824,0.05031,200,100,fcr,44,159,10,1,random
3546,OI,17,"2026-07-16 07:08:29",110.5,0.756336,4.72242,4.8182,0.76590909,-0.01380303,1.61664,-0.010942,0.04403,0.90566,0.05031,200,100,fcr,44,159,10,1,random
3547,OI,18,"2026-07-16 07:08:36",117.3,0.757279,4.73837,4.8182,0.76257576,-0.00683636,1.98099,-0.005558,0.02516,0.94969,0.02516,200,100,fcr,44,159,10,1,random
3548,OI,19,"2026-07-16 07:08:43",124.3,0.756927,4.72716,4.8182,0.75060606,0.01166061,2.27625,0.009925,0.04403,0.92453,0.03145,200,100,fcr,44,159,10,1,random
3549,OI,20,"2026-07-16 07:08:50",131.3,0.757567,4.74663,4.8182,0.75984849,-0.00167273,2.65205,-0.002342,0.00629,0.98742,0.00629,200,100,fcr,44,159,10,1,random
3550,IR,1,"2026-07-16 07:08:57",5.8,0.560424,2.59696,5,0.62439394,-0.11055758,0.39887,-0.12354,0.54545,0.16364,0.29091,200,100,fcr,44,165,10,1,random
3551,IR,2,"2026-07-16 07:09:01",10.6,0.568915,2.63491,4.9091,0.63863636,-0.11908788,0.396083,-0.129379,0.53704,0.16667,0.2963,200,100,fcr,44,162,10,1,random
3552,IR,3,"2026-07-16 07:09:07",15.8,0.578576,2.67512,4.8485,0.65545455,-0.13313333,0.415005,-0.140754,0.53125,0.15625,0.3125,200,100,fcr,44,160,10,1,random
3553,IR,4,"2026-07-16 07:09:12",20.7,0.587852,2.72635,4.8182,0.65863636,-0.12163333,0.408207,-0.127365,0.50943,0.18868,0.30189,200,100,fcr,44,159,10,1,random
3554,IR,5,"2026-07-16 07:09:18",27.3,0.595382,2.76312,4.8182,0.66424242,-0.11291212,0.423549,-0.121435,0.49686,0.21384,0.28931,200,100,fcr,44,159,10,1,random
3555,IR,6,"2026-07-16 07:09:23",32.2,0.598879,2.80192,4.7879,0.67424243,-0.12445151,0.450883,-0.127558,0.49367,0.1962,0.31013,200,100,fcr,44,158,10,1,random
3556,IR,7,"2026-07-16 07:09:30",38.8,0.604079,2.8268,4.7879,0.67727273,-0.12519091,0.432369,-0.12463,0.5,0.18987,0.31013,200,100,fcr,44,158,10,1,random
3557,IR,8,"2026-07-16 07:09:37",45.7,0.608915,2.86235,4.7879,0.67439394,-0.10494849,0.44788,-0.110705,0.48101,0.18987,0.32911,200,100,fcr,44,158,10,1,random
3558,IR,9,"2026-07-16 07:09:44",52.8,0.615188,2.90212,4.7879,0.6919697,-0.12629697,0.427607,-0.129314,0.49367,0.17722,0.32911,200,100,fcr,44,158,10,1,random
3559,IR,10,"2026-07-16 07:09:51",60,0.623182,2.96376,4.7879,0.69333333,-0.11455152,0.453853,-0.118142,0.47468,0.20253,0.32278,200,100,fcr,44,158,10,1,random
3560,IR,11,"2026-07-16 07:09:58",67.2,0.626288,2.99963,4.7576,0.70272727,-0.12158485,0.456082,-0.123234,0.43312,0.23567,0.33121,200,100,fcr,44,157,10,1,random
3561,IR,12,"2026-07-16 07:10:05",74.6,0.632721,3.04099,4.697,0.70878788,-0.11974848,0.446729,-0.12444,0.41935,0.23226,0.34839,200,100,fcr,44,155,10,1,random
3562,IR,13,"2026-07-16 07:10:13",82.5,0.636397,3.06664,4.697,0.70696969,-0.11338182,0.427084,-0.113037,0.43871,0.21935,0.34194,200,100,fcr,44,155,10,1,random
3563,IR,14,"2026-07-16 07:10:21",89.9,0.640512,3.09188,4.697,0.71424242,-0.11455455,0.460975,-0.117205,0.43226,0.2129,0.35484,200,100,fcr,44,155,10,1,random
3564,IR,15,"2026-07-16 07:10:28",97.4,0.644306,3.12645,4.697,0.72212121,-0.12149697,0.437615,-0.122799,0.43226,0.21935,0.34839,200,100,fcr,44,155,10,1,random
3565,IR,16,"2026-07-16 07:10:37",105.8,0.649003,3.16293,4.6667,0.72227273,-0.1127697,0.466295,-0.115738,0.42208,0.23377,0.34416,200,100,fcr,44,154,10,1,random
3566,IR,17,"2026-07-16 07:10:44",113.2,0.651982,3.18288,4.6364,0.73227273,-0.12399394,0.475118,-0.124403,0.40523,0.22876,0.36601,200,100,fcr,44,153,10,1,random
3567,IR,18,"2026-07-16 07:10:52",121.5,0.657658,3.24038,4.6364,0.7369697,-0.12286061,0.453484,-0.124292,0.39869,0.24837,0.35294,200,100,fcr,44,153,10,1,random
3568,IR,19,"2026-07-16 07:11:00",129.2,0.661718,3.26276,4.6364,0.74257576,-0.12539697,0.491678,-0.124743,0.37908,0.29412,0.3268,200,100,fcr,44,153,10,1,random
3569,IR,20,"2026-07-16 07:11:07",136.5,0.664652,3.29782,4.6364,0.74742424,-0.12766061,0.543457,-0.126284,0.36601,0.32026,0.31373,200,100,fcr,44,153,10,1,random
3570,AGR,1,"2026-07-16 07:11:17",8.1,0.568567,2.66225,5.0606,0.52621212,0.06460909,0.414635,0.061763,0.53892,0.17964,0.28144,200,100,fcr,44,167,10,1,random
3571,AGR,2,"2026-07-16 07:11:25",15.7,0.584336,2.7859,5,0.54363636,0.06412424,0.444059,0.059963,0.52121,0.18182,0.29697,200,100,fcr,44,165,10,1,random
3572,AGR,3,"2026-07-16 07:11:32",22.9,0.601024,2.94817,5,0.56075758,0.06330909,0.467774,0.056692,0.49697,0.19394,0.30909,200,100,fcr,44,165,10,1,random
3573,AGR,4,"2026-07-16 07:11:39",30.2,0.620397,3.11572,5,0.57318182,0.07807879,0.479941,0.064214,0.46667,0.21212,0.32121,200,100,fcr,44,165,10,1,random
3574,AGR,5,"2026-07-16 07:11:48",39.3,0.635418,3.2811,5,0.58121212,0.08323636,0.500848,0.077848,0.4303,0.23636,0.33333,200,100,fcr,44,165,10,1,random
3575,AGR,6,"2026-07-16 07:11:56",46.8,0.653158,3.47948,5,0.61469697,0.05922727,0.522639,0.048387,0.42424,0.26061,0.31515,200,100,fcr,44,165,10,1,random
3576,AGR,7,"2026-07-16 07:12:05",55.8,0.664555,3.62505,5,0.61227273,0.0811,0.607431,0.073016,0.39394,0.29697,0.30909,200,100,fcr,44,165,10,1,random
3577,AGR,8,"2026-07-16 07:12:14",65,0.677352,3.76759,4.9697,0.63515151,0.06468485,0.661718,0.055393,0.33537,0.35366,0.31098,200,100,fcr,44,164,10,1,random
3578,AGR,9,"2026-07-16 07:12:23",74.6,0.689691,3.88625,4.9697,0.63939394,0.07558485,0.653964,0.066506,0.31098,0.41463,0.27439,200,100,fcr,44,164,10,1,random
3579,AGR,10,"2026-07-16 07:12:33",84.1,0.700618,4.01432,4.9394,0.66030303,0.05975455,0.729021,0.051797,0.29448,0.46626,0.23926,200,100,fcr,44,163,10,1,random
3580,AGR,11,"2026-07-16 07:12:42",93.3,0.711558,4.14862,4.9394,0.66545455,0.06665152,0.861269,0.059522,0.25767,0.5092,0.23313,200,100,fcr,44,163,10,1,random
3581,AGR,12,"2026-07-16 07:12:52",102.8,0.721042,4.26567,4.9394,0.67484849,0.06921212,0.885626,0.059576,0.23313,0.53374,0.23313,200,100,fcr,44,163,10,1,random
3582,AGR,13,"2026-07-16 07:13:01",112.2,0.728345,4.35587,4.9394,0.66924243,0.08437576,0.884754,0.07792,0.22086,0.57669,0.20245,200,100,fcr,44,163,10,1,random
3583,AGR,14,"2026-07-16 07:13:11",122.1,0.734815,4.44192,4.9394,0.68015152,0.07579697,1.01238,0.071582,0.18405,0.60736,0.20859,200,100,fcr,44,163,10,1,random
3584,AGR,15,"2026-07-16 07:13:21",131.7,0.740797,4.53267,4.9394,0.69818182,0.05994849,0.999804,0.054868,0.17178,0.66871,0.15951,200,100,fcr,44,163,10,1,random
3585,AGR,16,"2026-07-16 07:13:31",142.1,0.746261,4.6192,4.9394,0.68651515,0.08454848,1.2089,0.077682,0.13497,0.7362,0.12883,200,100,fcr,44,163,10,1,random
3586,AGR,17,"2026-07-16 07:13:41",151.7,0.749567,4.66749,4.9394,0.69348485,0.07749394,1.21995,0.073714,0.1227,0.7546,0.1227,200,100,fcr,44,163,10,1,random
3587,AGR,18,"2026-07-16 07:13:50",161.3,0.752442,4.71424,4.9394,0.67939394,0.10106061,1.22678,0.096215,0.09816,0.81595,0.08589,200,100,fcr,44,163,10,1,random
3588,AGR,19,"2026-07-16 07:14:00",171.1,0.755488,4.76768,4.9394,0.69151515,0.09044242,1.37077,0.083813,0.07975,0.8589,0.06135,200,100,fcr,44,163,10,1,random
3589,AGR,20,"2026-07-16 07:14:10",180.7,0.758106,4.80898,4.9394,0.69348484,0.09044545,1.58314,0.084623,0.04294,0.91411,0.04294,200,100,fcr,44,163,10,1,random
3590,RANDOM,1,"2026-07-16 07:14:20",6,0.544558,2.51648,4.9697,0.54196969,0.00317576,0.375821,0.010582,0.55488,0.15854,0.28659,200,100,fcr,44,164,10,1,random
3591,RANDOM,2,"2026-07-16 07:14:24",10.6,0.545894,2.53368,4.8788,0.54409091,0.00791818,0.380155,0.005118,0.53416,0.19255,0.27329,200,100,fcr,44,161,10,1,random
3592,RANDOM,3,"2026-07-16 07:14:29",15.2,0.544594,2.5225,4.7879,0.54363636,0.00038788,0.397518,0.004654,0.51899,0.22152,0.25949,200,100,fcr,44,158,10,1,random
3593,RANDOM,4,"2026-07-16 07:14:34",20,0.541455,2.52332,4.7576,0.53757575,0.00802121,0.443826,0.01192,0.52229,0.21656,0.26115,200,100,fcr,44,157,10,1,random
3594,RANDOM,5,"2026-07-16 07:14:41",27.2,0.535279,2.49095,4.697,0.53712122,-0.00424848,0.434122,0.004802,0.55484,0.17419,0.27097,200,100,fcr,44,155,10,1,random
3595,RANDOM,6,"2026-07-16 07:14:47",33.1,0.531076,2.46668,4.6061,0.53621212,-0.00963333,0.428737,-0.003263,0.54605,0.17105,0.28289,200,100,fcr,44,152,10,1,random
3596,RANDOM,7,"2026-07-16 07:14:53",39.4,0.532818,2.47434,4.5758,0.54515152,-0.02039394,0.428681,-0.022179,0.54305,0.15894,0.29801,200,100,fcr,44,151,10,1,random
3597,RANDOM,8,"2026-07-16 07:15:00",45.7,0.533042,2.47662,4.5455,0.53621212,-0.00556061,0.41084,-0.004528,0.52667,0.18,0.29333,200,100,fcr,44,150,10,1,random
3598,RANDOM,9,"2026-07-16 07:15:06",52.2,0.532973,2.48754,4.4848,0.54045454,-0.01536364,0.414566,-0.012093,0.52703,0.16892,0.30405,200,100,fcr,44,148,10,1,random
3599,RANDOM,10,"2026-07-16 07:15:14",60.1,0.5334,2.48956,4.4545,0.53333333,0.00389091,0.407325,0.002149,0.51701,0.18367,0.29932,200,100,fcr,44,147,10,1,random
3600,RANDOM,11,"2026-07-16 07:15:21",66.6,0.536212,2.5111,4.4242,0.54060606,-0.01232424,0.415183,-0.008561,0.50685,0.19863,0.29452,200,100,fcr,44,146,10,1,random
3601,RANDOM,12,"2026-07-16 07:15:27",73.3,0.533682,2.51067,4.3939,0.54287879,-0.01623636,0.423559,-0.013042,0.50345,0.1931,0.30345,200,100,fcr,44,145,10,1,random
3602,RANDOM,13,"2026-07-16 07:15:34",80.1,0.532715,2.51077,4.3636,0.54409092,-0.0210625,0.409917,-0.017612,0.51389,0.19444,0.29167,200,100,fcr,44,144,10,1,random
3603,RANDOM,14,"2026-07-16 07:15:41",86.7,0.53067,2.48803,4.303,0.52363636,0.01933437,0.460347,0.01669,0.52113,0.1831,0.29577,200,100,fcr,44,142,10,1,random
3604,RANDOM,15,"2026-07-16 07:15:47",93.2,0.527479,2.47031,4.2727,0.52757576,0.00260937,0.458173,0.004862,0.52482,0.1844,0.29078,200,100,fcr,44,141,10,1,random
3605,RANDOM,16,"2026-07-16 07:15:54",99.8,0.525909,2.45992,4.2424,0.53287879,-0.0140625,0.476469,-0.009314,0.54286,0.17143,0.28571,200,100,fcr,44,140,10,1,random
3606,RANDOM,17,"2026-07-16 07:16:00",106.4,0.525755,2.43431,4.2424,0.53303031,-0.02184063,0.489927,-0.010188,0.54286,0.15,0.30714,200,100,fcr,44,140,10,1,random
3607,RANDOM,18,"2026-07-16 07:16:07",112.9,0.528573,2.45221,4.1818,0.52787879,0.00152813,0.447567,0.001128,0.53623,0.15217,0.31159,200,100,fcr,44,138,10,1,random
3608,RANDOM,19,"2026-07-16 07:16:13",119.3,0.523721,2.44446,4.1818,0.52469697,0.00199687,0.442132,0.005623,0.52899,0.16667,0.30435,200,100,fcr,44,138,10,1,random
3609,RANDOM,20,"2026-07-16 07:16:20",125.8,0.526073,2.46087,4.1515,0.52742424,-0.0099625,0.45524,-0.002574,0.54015,0.15328,0.30657,200,100,fcr,44,137,10,1,random
3610,OI,1,"2026-07-16 07:16:40",5.6,0.581767,2.75758,5.0909,0.58242424,0.00027576,0.47293,-0.022379,0.5,0.22024,0.27976,200,100,fcr,45,168,10,1,random
3611,OI,2,"2026-07-16 07:16:45",10.6,0.608364,2.96455,5.0303,0.61984848,-0.0208697,0.500246,-0.038076,0.45783,0.28916,0.25301,200,100,fcr,45,166,10,1,random
3612,OI,3,"2026-07-16 07:16:51",17.3,0.633594,3.17052,5.0303,0.62181818,0.01376667,0.622144,0.001936,0.42169,0.27711,0.3012,200,100,fcr,45,166,10,1,random
3613,OI,4,"2026-07-16 07:16:59",24.9,0.654521,3.35073,5,0.66287879,-0.0130303,0.574497,-0.026505,0.38788,0.35152,0.26061,200,100,fcr,45,165,10,1,random
3614,OI,5,"2026-07-16 07:17:08",34,0.677161,3.56852,4.9697,0.68242424,-0.0104303,0.746507,-0.02221,0.35366,0.39024,0.2561,200,100,fcr,45,164,10,1,random
3615,OI,6,"2026-07-16 07:17:16",41.5,0.696642,3.7774,4.9697,0.69272728,0.00302727,0.791933,-0.005311,0.31098,0.42073,0.26829,200,100,fcr,45,164,10,1,random
3616,OI,7,"2026-07-16 07:17:25",50.7,0.710418,3.94765,4.9394,0.70621212,0.00670606,0.794734,-0.001747,0.2638,0.49693,0.23926,200,100,fcr,45,163,10,1,random
3617,OI,8,"2026-07-16 07:17:32",58.1,0.723161,4.12945,4.9394,0.72181818,0.00273333,0.880077,-0.004262,0.2454,0.54601,0.20859,200,100,fcr,45,163,10,1,random
3618,OI,9,"2026-07-16 07:17:39",65.1,0.733012,4.28109,4.9394,0.73106061,0.00296364,1.0072,-0.002009,0.20859,0.60123,0.19018,200,100,fcr,45,163,10,1,random
3619,OI,10,"2026-07-16 07:17:46",71.9,0.741252,4.40603,4.9394,0.73954546,0.00376061,1.08146,-0.001317,0.17791,0.62577,0.19632,200,100,fcr,45,163,10,1,random
3620,OI,11,"2026-07-16 07:17:53",78.7,0.747473,4.51833,4.9394,0.74924242,-0.00331515,1.05437,-0.004842,0.13497,0.68712,0.17791,200,100,fcr,45,163,10,1,random
3621,OI,12,"2026-07-16 07:18:00",85.6,0.75163,4.61208,4.9394,0.76333334,-0.01654242,1.09523,-0.016525,0.09816,0.79755,0.10429,200,100,fcr,45,163,10,1,random
3622,OI,13,"2026-07-16 07:18:07",92.6,0.755382,4.67962,4.9394,0.76030303,-0.00639394,1.3403,-0.007147,0.09816,0.79755,0.10429,200,100,fcr,45,163,10,1,random
3623,OI,14,"2026-07-16 07:18:14",99.4,0.758579,4.75261,4.9394,0.75818182,-0.00004242,1.49238,-0.000096,0.07975,0.86503,0.05521,200,100,fcr,45,163,10,1,random
3624,OI,15,"2026-07-16 07:18:20",106.3,0.760127,4.79418,4.9394,0.76303031,-0.0009303,2.20992,-0.003197,0.05521,0.88957,0.05521,200,100,fcr,45,163,10,1,random
3625,OI,16,"2026-07-16 07:18:27",113.2,0.76067,4.81912,4.9394,0.75954546,0.00085758,1.94576,0.002952,0.0184,0.94479,0.03681,200,100,fcr,45,163,10,1,random
3626,OI,17,"2026-07-16 07:18:34",120.1,0.760303,4.80678,4.9394,0.76227273,-0.00292424,1.4802,-0.000622,0.03067,0.90798,0.06135,200,100,fcr,45,163,10,1,random
3627,OI,18,"2026-07-16 07:18:41",126.9,0.760252,4.81431,4.9394,0.76909091,-0.01199697,1.43903,-0.009828,0.03681,0.91411,0.04908,200,100,fcr,45,163,10,1,random
3628,OI,19,"2026-07-16 07:18:48",133.8,0.762024,4.83204,4.9394,0.76999999,-0.01113939,1.88034,-0.009541,0.02454,0.94479,0.03067,200,100,fcr,45,163,10,1,random
3629,OI,20,"2026-07-16 07:18:55",140.7,0.76223,4.83104,4.9394,0.76393939,-0.00330909,1.99758,-0.00089,0.03067,0.94479,0.02454,200,100,fcr,45,163,10,1,random
3630,IR,1,"2026-07-16 07:19:05",5.5,0.567691,2.64251,5.0909,0.63333333,-0.11623636,0.427598,-0.128056,0.55952,0.15476,0.28571,200,100,fcr,45,168,10,1,random
3631,IR,2,"2026-07-16 07:19:10",10.5,0.577461,2.68618,4.9697,0.64575758,-0.1134,0.417785,-0.12619,0.54268,0.17073,0.28659,200,100,fcr,45,164,10,1,random
3632,IR,3,"2026-07-16 07:19:15",15.4,0.5865,2.73612,4.9091,0.655,-0.11483636,0.438163,-0.123629,0.52469,0.19136,0.28395,200,100,fcr,45,162,10,1,random
3633,IR,4,"2026-07-16 07:19:20",20.4,0.594391,2.78367,4.8485,0.66454545,-0.11731212,0.459881,-0.123559,0.51875,0.18125,0.3,200,100,fcr,45,160,10,1,random
3634,IR,5,"2026-07-16 07:19:26",27.1,0.604297,2.85207,4.8182,0.68469697,-0.12979091,0.453463,-0.14027,0.48428,0.20755,0.30818,200,100,fcr,45,159,10,1,random
3635,IR,6,"2026-07-16 07:19:31",32.1,0.610412,2.88502,4.7879,0.68787879,-0.12493939,0.442883,-0.1306,0.48101,0.18987,0.32911,200,100,fcr,45,158,10,1,random
3636,IR,7,"2026-07-16 07:19:39",39.3,0.619139,2.93011,4.7576,0.68757576,-0.10926061,0.427473,-0.117164,0.47134,0.21656,0.3121,200,100,fcr,45,157,10,1,random
3637,IR,8,"2026-07-16 07:19:46",46.4,0.624321,2.9737,4.7576,0.70287878,-0.12716061,0.465887,-0.129081,0.48408,0.20382,0.3121,200,100,fcr,45,157,10,1,random
3638,IR,9,"2026-07-16 07:19:53",53.4,0.630448,3.01988,4.7576,0.70560606,-0.11910606,0.487948,-0.123261,0.46497,0.21656,0.31847,200,100,fcr,45,157,10,1,random
3639,IR,10,"2026-07-16 07:20:00",60.8,0.633709,3.03748,4.7273,0.71818181,-0.13470606,0.471255,-0.135196,0.44231,0.24359,0.3141,200,100,fcr,45,156,10,1,random
3640,IR,11,"2026-07-16 07:20:08",68.9,0.6384,3.05783,4.7273,0.71045454,-0.11382424,0.496664,-0.115628,0.44872,0.23718,0.3141,200,100,fcr,45,156,10,1,random
3641,IR,12,"2026-07-16 07:20:16",76.5,0.638667,3.0755,4.697,0.71075757,-0.11366364,0.507011,-0.111747,0.43871,0.23871,0.32258,200,100,fcr,45,155,10,1,random
3642,IR,13,"2026-07-16 07:20:23",83.6,0.646852,3.13941,4.697,0.73015151,-0.12962424,0.512725,-0.134589,0.42581,0.25161,0.32258,200,100,fcr,45,155,10,1,random
3643,IR,14,"2026-07-16 07:20:30",90.7,0.651276,3.16898,4.697,0.72439394,-0.11641515,0.526036,-0.11474,0.4129,0.25161,0.33548,200,100,fcr,45,155,10,1,random
3644,IR,15,"2026-07-16 07:20:37",97.8,0.658415,3.23704,4.697,0.73257576,-0.1137,0.509767,-0.117608,0.41935,0.25161,0.32903,200,100,fcr,45,155,10,1,random
3645,IR,16,"2026-07-16 07:20:44",104.8,0.66457,3.28421,4.697,0.74424242,-0.12360909,0.547746,-0.123874,0.4,0.27097,0.32903,200,100,fcr,45,155,10,1,random
3646,IR,17,"2026-07-16 07:20:51",111.9,0.66853,3.30331,4.6667,0.75075758,-0.12749697,0.544447,-0.125104,0.40909,0.26623,0.32468,200,100,fcr,45,154,10,1,random
3647,IR,18,"2026-07-16 07:20:58",118.9,0.670882,3.32779,4.6364,0.75348484,-0.12757879,0.550233,-0.124076,0.39869,0.26797,0.33333,200,100,fcr,45,153,10,1,random
3648,IR,19,"2026-07-16 07:21:05",126,0.675164,3.38349,4.5758,0.74242424,-0.10094848,0.571032,-0.10202,0.39073,0.2649,0.34437,200,100,fcr,45,151,10,1,random
3649,IR,20,"2026-07-16 07:21:12",132.9,0.677024,3.39406,4.5758,0.74969697,-0.11249697,0.557281,-0.10794,0.37748,0.29801,0.3245,200,100,fcr,45,151,10,1,random
3650,AGR,1,"2026-07-16 07:21:23",7.2,0.580612,2.76046,5.0303,0.54227273,0.06157879,0.462325,0.047771,0.50602,0.18675,0.30723,200,100,fcr,45,166,10,1,random
3651,AGR,2,"2026-07-16 07:21:30",13.9,0.597076,2.95201,5.0303,0.55681818,0.0719,0.432223,0.057348,0.4759,0.22892,0.29518,200,100,fcr,45,166,10,1,random
3652,AGR,3,"2026-07-16 07:21:37",20.7,0.612248,3.13248,5,0.56909091,0.06385152,0.489393,0.061454,0.44848,0.24848,0.30303,200,100,fcr,45,165,10,1,random
3653,AGR,4,"2026-07-16 07:21:44",27.7,0.627973,3.2874,4.9394,0.58272727,0.06880909,0.512409,0.062136,0.41104,0.27607,0.31288,200,100,fcr,45,163,10,1,random
3654,AGR,5,"2026-07-16 07:21:53",36.5,0.642127,3.43613,4.9091,0.5980303,0.06666667,0.529865,0.060576,0.39506,0.28395,0.32099,200,100,fcr,45,162,10,1,random
3655,AGR,6,"2026-07-16 07:22:00",43.6,0.654691,3.594,4.8788,0.59287878,0.09702424,0.584198,0.087349,0.35404,0.32298,0.32298,200,100,fcr,45,161,10,1,random
3656,AGR,7,"2026-07-16 07:22:09",52.3,0.665327,3.71801,4.8788,0.60575757,0.08676061,0.590249,0.08429,0.3354,0.37267,0.29193,200,100,fcr,45,161,10,1,random
3657,AGR,8,"2026-07-16 07:22:17",61.2,0.678676,3.85141,4.8788,0.62121212,0.08819091,0.675733,0.077419,0.31677,0.3913,0.29193,200,100,fcr,45,161,10,1,random
3658,AGR,9,"2026-07-16 07:22:27",70.4,0.687539,3.96761,4.8788,0.62863636,0.08689394,0.68082,0.081071,0.29814,0.39752,0.30435,200,100,fcr,45,161,10,1,random
3659,AGR,10,"2026-07-16 07:22:36",79.6,0.697855,4.07651,4.8788,0.64469697,0.07962727,0.707322,0.071116,0.26087,0.47826,0.26087,200,100,fcr,45,161,10,1,random
3660,AGR,11,"2026-07-16 07:22:45",88.9,0.708361,4.19283,4.8788,0.66121212,0.06969091,0.798596,0.061191,0.21118,0.54037,0.24845,200,100,fcr,45,161,10,1,random
3661,AGR,12,"2026-07-16 07:22:54",97.9,0.71573,4.26197,4.8788,0.65318181,0.09014848,0.794311,0.084122,0.21739,0.5528,0.22981,200,100,fcr,45,161,10,1,random
3662,AGR,13,"2026-07-16 07:23:03",106.9,0.723188,4.34425,4.8788,0.66727273,0.08070909,0.884006,0.073915,0.20497,0.57764,0.21739,200,100,fcr,45,161,10,1,random
3663,AGR,14,"2026-07-16 07:23:12",116.1,0.729227,4.42848,4.8788,0.6810606,0.06993939,0.976147,0.063284,0.19255,0.63975,0.1677,200,100,fcr,45,161,10,1,random
3664,AGR,15,"2026-07-16 07:23:21",125.1,0.735106,4.50372,4.8788,0.67378788,0.08775758,1.14207,0.081072,0.1677,0.70186,0.13043,200,100,fcr,45,161,10,1,random
3665,AGR,16,"2026-07-16 07:23:31",134.3,0.740591,4.58721,4.8788,0.67909091,0.0848303,1.32654,0.080831,0.14286,0.74534,0.1118,200,100,fcr,45,161,10,1,random
3666,AGR,17,"2026-07-16 07:23:40",143.4,0.7443,4.63278,4.8788,0.68893939,0.07845455,1.34524,0.073133,0.1118,0.78882,0.09938,200,100,fcr,45,161,10,1,random
3667,AGR,18,"2026-07-16 07:23:49",152.5,0.748145,4.69019,4.8788,0.69045454,0.08120606,1.40265,0.075525,0.08696,0.86335,0.04969,200,100,fcr,45,161,10,1,random
3668,AGR,19,"2026-07-16 07:23:58",161.7,0.750848,4.72069,4.8788,0.69030303,0.08436061,1.7414,0.079803,0.0559,0.87578,0.06832,200,100,fcr,45,161,10,1,random
3669,AGR,20,"2026-07-16 07:24:07",170.8,0.752518,4.74863,4.8788,0.69833333,0.07537576,1.33392,0.07196,0.0559,0.88199,0.06211,200,100,fcr,45,161,10,1,random
3670,RANDOM,1,"2026-07-16 07:24:15",4.7,0.557139,2.5938,4.9697,0.56227272,-0.00894242,0.412332,-0.010293,0.54878,0.17073,0.28049,200,100,fcr,45,164,10,1,random
3671,RANDOM,2,"2026-07-16 07:24:20",9,0.557912,2.60123,4.8788,0.56106061,-0.00488182,0.412535,-0.00382,0.54037,0.19876,0.26087,200,100,fcr,45,161,10,1,random
3672,RANDOM,3,"2026-07-16 07:24:24",13.4,0.557824,2.60475,4.8485,0.55621212,0.00213939,0.442569,0.00514,0.525,0.19375,0.28125,200,100,fcr,45,160,10,1,random
3673,RANDOM,4,"2026-07-16 07:24:28",17.7,0.555418,2.60735,4.7879,0.56424242,-0.01527273,0.420306,-0.011181,0.51899,0.1962,0.28481,200,100,fcr,45,158,10,1,random
3674,RANDOM,5,"2026-07-16 07:24:35",23.8,0.555379,2.599,4.7273,0.55621212,-0.0027303,0.414784,0.001523,0.51923,0.21154,0.26923,200,100,fcr,45,156,10,1,random
3675,RANDOM,6,"2026-07-16 07:24:39",28.4,0.557252,2.61389,4.697,0.55954545,-0.00406667,0.451374,-0.002686,0.52903,0.2,0.27097,200,100,fcr,45,155,10,1,random
3676,RANDOM,7,"2026-07-16 07:24:45",34.6,0.559339,2.61051,4.6364,0.55348485,0.01032727,0.461637,0.011091,0.52941,0.16993,0.30065,200,100,fcr,45,153,10,1,random
3677,RANDOM,8,"2026-07-16 07:24:51",40.7,0.559621,2.60864,4.5758,0.55454545,0.00813939,0.427932,0.011624,0.52318,0.18543,0.29139,200,100,fcr,45,151,10,1,random
3678,RANDOM,9,"2026-07-16 07:24:58",47.2,0.559855,2.61046,4.5758,0.56712121,-0.01563636,0.44374,-0.010936,0.52318,0.17881,0.29801,200,100,fcr,45,151,10,1,random
3679,RANDOM,10,"2026-07-16 07:25:05",54.1,0.559648,2.62444,4.5758,0.56818182,-0.01733636,0.434984,-0.012892,0.52318,0.18543,0.29139,200,100,fcr,45,151,10,1,random
3680,RANDOM,11,"2026-07-16 07:25:11",60.6,0.552985,2.59029,4.5758,0.55272727,-0.00309394,0.440302,0.00793,0.52318,0.16556,0.31126,200,100,fcr,45,151,10,1,random
3681,RANDOM,12,"2026-07-16 07:25:18",67,0.553542,2.58815,4.5152,0.55090909,0.00507576,0.400936,0.006264,0.51007,0.20134,0.28859,200,100,fcr,45,149,10,1,random
3682,RANDOM,13,"2026-07-16 07:25:24",73.6,0.554239,2.60277,4.4242,0.55757576,-0.00570303,0.442901,-0.004594,0.49315,0.21918,0.28767,200,100,fcr,45,146,10,1,random
3683,RANDOM,14,"2026-07-16 07:25:31",80.1,0.549909,2.57241,4.3939,0.54954546,0.00076061,0.440659,0.006766,0.48966,0.2069,0.30345,200,100,fcr,45,145,10,1,random
3684,RANDOM,15,"2026-07-16 07:25:37",86.5,0.550706,2.57102,4.3939,0.55409091,-0.01178485,0.418915,-0.005073,0.50345,0.1931,0.30345,200,100,fcr,45,145,10,1,random
3685,RANDOM,16,"2026-07-16 07:25:44",92.9,0.549627,2.57125,4.3636,0.55439394,-0.00567576,0.43845,-0.005272,0.5,0.20139,0.29861,200,100,fcr,45,144,10,1,random
3686,RANDOM,17,"2026-07-16 07:25:50",99.4,0.549606,2.56913,4.303,0.55363637,-0.01177273,0.452967,-0.004923,0.5,0.19718,0.30282,200,100,fcr,45,142,10,1,random
3687,RANDOM,18,"2026-07-16 07:25:57",105.8,0.550367,2.55818,4.303,0.54848485,0.01125455,0.463057,0.004831,0.49296,0.20423,0.30282,200,100,fcr,45,142,10,1,random
3688,RANDOM,19,"2026-07-16 07:26:03",112.3,0.548415,2.53331,4.2727,0.55075758,-0.0039303,0.456541,0.000026,0.51064,0.19149,0.29787,200,100,fcr,45,141,10,1,random
3689,RANDOM,20,"2026-07-16 07:26:10",118.9,0.546327,2.53217,4.2727,0.5480303,-0.00074848,0.467363,0.001753,0.49645,0.21277,0.29078,200,100,fcr,45,141,10,1,random
3690,OI,1,"2026-07-16 22:39:44",4.6,0.581612,2.74682,5.0606,0.59,-0.01165152,0.457371,-0.039084,0.50299,0.20958,0.28743,200,100,fcr,46,167,10,1,random
3691,OI,2,"2026-07-16 22:39:48",8.9,0.608342,2.94295,4.9697,0.59060606,0.03063636,0.481031,0.01052,0.46951,0.2378,0.29268,200,100,fcr,46,164,10,1,random
3692,OI,3,"2026-07-16 22:39:52",13.3,0.632648,3.14386,4.9394,0.6369697,-0.00864545,0.54511,-0.023057,0.41718,0.30061,0.28221,200,100,fcr,46,163,10,1,random
3693,OI,4,"2026-07-16 22:39:57",17.7,0.652548,3.32466,4.8788,0.65757576,-0.00794242,0.624498,-0.020848,0.38509,0.35404,0.26087,200,100,fcr,46,161,10,1,random
3694,OI,5,"2026-07-16 22:40:03",24.3,0.671779,3.52618,4.8182,0.66393939,0.01194545,0.725772,-0.000067,0.33333,0.40252,0.26415,200,100,fcr,46,159,10,1,random
3695,OI,6,"2026-07-16 22:40:08",29.5,0.690315,3.72918,4.8182,0.69833333,-0.01359091,0.775517,-0.022288,0.30818,0.42767,0.26415,200,100,fcr,46,159,10,1,random
3696,OI,7,"2026-07-16 22:40:15",36.2,0.705885,3.90894,4.8182,0.70166667,0.00532121,0.83618,-0.002943,0.28302,0.46541,0.25157,200,100,fcr,46,159,10,1,random
3697,OI,8,"2026-07-16 22:40:21",42.3,0.718709,4.06627,4.8182,0.71318182,0.00952727,0.920772,0.000996,0.25157,0.5283,0.22013,200,100,fcr,46,159,10,1,random
3698,OI,9,"2026-07-16 22:40:28",48.8,0.728636,4.21292,4.8182,0.73287879,-0.0085303,1.02897,-0.010814,0.23899,0.57233,0.18868,200,100,fcr,46,159,10,1,random
3699,OI,10,"2026-07-16 22:40:34",55.3,0.735733,4.32034,4.8182,0.74666666,-0.01459091,1.21407,-0.017764,0.14465,0.72327,0.13208,200,100,fcr,46,159,10,1,random
3700,OI,11,"2026-07-16 22:40:41",61.7,0.743291,4.46407,4.8182,0.74984848,-0.01019394,1.21065,-0.011784,0.12579,0.71698,0.15723,200,100,fcr,46,159,10,1,random
3701,OI,12,"2026-07-16 22:40:47",68,0.748118,4.55146,4.8182,0.75075758,-0.00393939,1.16602,-0.004605,0.09434,0.79874,0.10692,200,100,fcr,46,159,10,1,random
3702,OI,13,"2026-07-16 22:40:53",74.5,0.750309,4.62111,4.8182,0.75242425,-0.00154242,1.39045,-0.002772,0.07547,0.84906,0.07547,200,100,fcr,46,159,10,1,random
3703,OI,14,"2026-07-16 22:41:00",80.8,0.753309,4.69507,4.8182,0.75530303,-0.00297879,1.80262,-0.002908,0.04403,0.93082,0.02516,200,100,fcr,46,159,10,1,random
3704,OI,15,"2026-07-16 22:41:06",87.3,0.753542,4.70523,4.8182,0.75212121,0.00191515,2.32477,0.002906,0.05031,0.90566,0.04403,200,100,fcr,46,159,10,1,random
3705,OI,16,"2026-07-16 22:41:13",93.6,0.753667,4.71046,4.8182,0.74893939,0.00662424,2.35177,0.007682,0.02516,0.9434,0.03145,200,100,fcr,46,159,10,1,random
3706,OI,17,"2026-07-16 22:41:19",100,0.753273,4.70582,4.8182,0.75560606,-0.00265151,1.75754,-0.001489,0.03145,0.91824,0.05031,200,100,fcr,46,159,10,1,random
3707,OI,18,"2026-07-16 22:41:25",106.5,0.754794,4.724,4.8182,0.76060606,-0.00702121,1.8752,-0.006909,0.02516,0.93082,0.04403,200,100,fcr,46,159,10,1,random
3708,OI,19,"2026-07-16 22:41:32",112.8,0.754221,4.72574,4.8182,0.75439394,0.00054848,1.70907,0.00133,0.03145,0.93082,0.03774,200,100,fcr,46,159,10,1,random
3709,OI,20,"2026-07-16 22:41:38",119.3,0.754294,4.71955,4.8182,0.76121212,-0.00696061,2.13889,-0.00787,0.03774,0.92453,0.03774,200,100,fcr,46,159,10,1,random
3710,IR,1,"2026-07-16 22:41:48",5.3,0.56017,2.60151,5.0606,0.62242424,-0.10740303,0.406847,-0.119058,0.52695,0.1976,0.27545,200,100,fcr,46,167,10,1,random
3711,IR,2,"2026-07-16 22:41:53",10.1,0.570655,2.66416,4.9697,0.64151515,-0.12249394,0.421667,-0.132646,0.5,0.22561,0.27439,200,100,fcr,46,164,10,1,random
3712,IR,3,"2026-07-16 22:41:57",14.9,0.584224,2.72961,4.8485,0.65439394,-0.1212,0.440143,-0.131254,0.49375,0.21875,0.2875,200,100,fcr,46,160,10,1,random
3713,IR,4,"2026-07-16 22:42:02",19.6,0.592979,2.76971,4.8485,0.6630303,-0.11511515,0.444523,-0.12489,0.4875,0.2125,0.3,200,100,fcr,46,160,10,1,random
3714,IR,5,"2026-07-16 22:42:09",26.3,0.600333,2.81522,4.8182,0.66909091,-0.10881212,0.438643,-0.119939,0.48428,0.20755,0.30818,200,100,fcr,46,159,10,1,random
3715,IR,6,"2026-07-16 22:42:14",31.2,0.609227,2.86488,4.7879,0.68378788,-0.12447576,0.454284,-0.128843,0.46835,0.20886,0.32278,200,100,fcr,46,158,10,1,random
3716,IR,7,"2026-07-16 22:42:20",37.7,0.617394,2.92302,4.7879,0.68333333,-0.10519091,0.448663,-0.112646,0.46835,0.20886,0.32278,200,100,fcr,46,158,10,1,random
3717,IR,8,"2026-07-16 22:42:27",44.4,0.622679,2.96702,4.7273,0.70257576,-0.12613333,0.458139,-0.131815,0.46154,0.21795,0.32051,200,100,fcr,46,156,10,1,random
3718,IR,9,"2026-07-16 22:42:34",51.2,0.625767,2.98423,4.697,0.70075758,-0.11920909,0.469048,-0.121272,0.45161,0.23226,0.31613,200,100,fcr,46,155,10,1,random
3719,IR,10,"2026-07-16 22:42:41",58.1,0.630973,3.02374,4.6667,0.70227273,-0.11750909,0.500478,-0.116476,0.44156,0.24026,0.31818,200,100,fcr,46,154,10,1,random
3720,IR,11,"2026-07-16 22:42:47",64.9,0.636333,3.058,4.5758,0.71651515,-0.12849091,0.510413,-0.1296,0.42384,0.25828,0.31788,200,100,fcr,46,151,10,1,random
3721,IR,12,"2026-07-16 22:42:54",71.7,0.641521,3.10042,4.5455,0.72166667,-0.12884546,0.529123,-0.12827,0.40667,0.28667,0.30667,200,100,fcr,46,150,10,1,random
3722,IR,13,"2026-07-16 22:43:01",78.6,0.647197,3.15263,4.5455,0.72106061,-0.11854545,0.559827,-0.117938,0.38,0.29333,0.32667,200,100,fcr,46,150,10,1,random
3723,IR,14,"2026-07-16 22:43:08",85.5,0.650145,3.17642,4.5455,0.73121212,-0.12694242,0.522745,-0.126079,0.38667,0.29333,0.32,200,100,fcr,46,150,10,1,random
3724,IR,15,"2026-07-16 22:43:15",92.3,0.6533,3.19216,4.5455,0.73530303,-0.12978182,0.537814,-0.127144,0.40667,0.26,0.33333,200,100,fcr,46,150,10,1,random
3725,IR,16,"2026-07-16 22:43:22",99.1,0.658385,3.22561,4.5152,0.73439394,-0.12204242,0.538102,-0.118588,0.38255,0.27517,0.34228,200,100,fcr,46,149,10,1,random
3726,IR,17,"2026-07-16 22:43:29",106.1,0.661142,3.24618,4.5152,0.74075758,-0.12572424,0.525496,-0.1216,0.37584,0.28859,0.33557,200,100,fcr,46,149,10,1,random
3727,IR,18,"2026-07-16 22:43:35",112.9,0.662612,3.25613,4.5152,0.73727272,-0.11530303,0.539622,-0.112733,0.38926,0.28859,0.32215,200,100,fcr,46,149,10,1,random
3728,IR,19,"2026-07-16 22:43:42",119.8,0.667345,3.30884,4.5152,0.74893939,-0.12578182,0.59231,-0.125225,0.36913,0.30872,0.32215,200,100,fcr,46,149,10,1,random
3729,IR,20,"2026-07-16 22:43:49",126.8,0.669082,3.3384,4.4848,0.74636363,-0.11823939,0.581177,-0.115931,0.33784,0.33784,0.32432,200,100,fcr,46,148,10,1,random
3730,AGR,1,"2026-07-16 22:43:58",7.1,0.571285,2.69375,5.0303,0.52424243,0.07510303,0.430674,0.069103,0.51205,0.19277,0.29518,200,100,fcr,46,166,10,1,random
3731,AGR,2,"2026-07-16 22:44:05",14,0.589803,2.84114,5,0.53424242,0.08911818,0.427287,0.083024,0.47273,0.23636,0.29091,200,100,fcr,46,165,10,1,random
3732,AGR,3,"2026-07-16 22:44:12",21.3,0.606997,3.00952,4.9091,0.56757576,0.06823636,0.472915,0.054437,0.4321,0.25309,0.31481,200,100,fcr,46,162,10,1,random
3733,AGR,4,"2026-07-16 22:44:19",28.5,0.619521,3.14356,4.9091,0.56424242,0.08653636,0.470668,0.082302,0.4321,0.23457,0.33333,200,100,fcr,46,162,10,1,random
3734,AGR,5,"2026-07-16 22:44:28",37,0.633797,3.30131,4.8788,0.58772727,0.07046667,0.480447,0.064254,0.40994,0.25466,0.3354,200,100,fcr,46,161,10,1,random
3735,AGR,6,"2026-07-16 22:44:35",44,0.646464,3.44248,4.8788,0.59348485,0.08301818,0.515018,0.074878,0.38509,0.29193,0.32298,200,100,fcr,46,161,10,1,random
3736,AGR,7,"2026-07-16 22:44:44",52.8,0.661127,3.59876,4.8485,0.60636363,0.0832,0.569002,0.074697,0.36875,0.31875,0.3125,200,100,fcr,46,160,10,1,random
3737,AGR,8,"2026-07-16 22:44:52",61.4,0.670655,3.70961,4.8485,0.61287878,0.08779697,0.632581,0.081501,0.3375,0.34375,0.31875,200,100,fcr,46,160,10,1,random
3738,AGR,9,"2026-07-16 22:45:01",70.3,0.681767,3.84905,4.8485,0.62545455,0.08062121,0.637982,0.076835,0.3125,0.38125,0.30625,200,100,fcr,46,160,10,1,random
3739,AGR,10,"2026-07-16 22:45:10",79.6,0.693352,3.97503,4.8485,0.64333333,0.07245758,0.706354,0.066389,0.275,0.44375,0.28125,200,100,fcr,46,160,10,1,random
3740,AGR,11,"2026-07-16 22:45:19",88.7,0.701967,4.09421,4.8485,0.65196969,0.07250303,0.741919,0.067039,0.28125,0.45,0.26875,200,100,fcr,46,160,10,1,random
3741,AGR,12,"2026-07-16 22:45:29",97.9,0.708839,4.19718,4.8485,0.65984848,0.07235758,0.812681,0.065981,0.25,0.5125,0.2375,200,100,fcr,46,160,10,1,random
3742,AGR,13,"2026-07-16 22:45:38",107,0.716315,4.29645,4.8485,0.66393939,0.0721697,0.869895,0.069731,0.2125,0.6,0.1875,200,100,fcr,46,160,10,1,random
3743,AGR,14,"2026-07-16 22:45:47",115.9,0.72197,4.3724,4.8485,0.65893939,0.09261212,0.99458,0.08484,0.2,0.61875,0.18125,200,100,fcr,46,160,10,1,random
3744,AGR,15,"2026-07-16 22:45:55",124.7,0.728745,4.44698,4.8485,0.66242424,0.09212424,1.0702,0.087853,0.16875,0.6625,0.16875,200,100,fcr,46,160,10,1,random
3745,AGR,16,"2026-07-16 22:46:04",133.7,0.735727,4.51506,4.8485,0.68545454,0.07011818,1.116,0.065304,0.1375,0.7375,0.125,200,100,fcr,46,160,10,1,random
3746,AGR,17,"2026-07-16 22:46:13",142.7,0.740342,4.58064,4.8485,0.69015152,0.07188485,1.22613,0.065962,0.10625,0.8,0.09375,200,100,fcr,46,160,10,1,random
3747,AGR,18,"2026-07-16 22:46:22",151.8,0.74453,4.63649,4.8485,0.68621212,0.08538182,1.35071,0.076855,0.09375,0.825,0.08125,200,100,fcr,46,160,10,1,random
3748,AGR,19,"2026-07-16 22:46:31",160.7,0.74707,4.66895,4.8485,0.68242424,0.08882121,1.40118,0.086013,0.0875,0.8375,0.075,200,100,fcr,46,160,10,1,random
3749,AGR,20,"2026-07-16 22:46:41",169.8,0.74927,4.69972,4.8485,0.68742425,0.08952121,1.43506,0.082205,0.06875,0.86875,0.0625,200,100,fcr,46,160,10,1,random
3750,RANDOM,1,"2026-07-16 22:47:03",4.9,0.549179,2.53652,5.0909,0.55166667,-0.00449394,0.387788,-0.001681,0.54762,0.18452,0.26786,200,100,fcr,46,168,10,1,random
3751,RANDOM,2,"2026-07-16 22:47:08",9.5,0.550336,2.53192,5.0606,0.54939394,-0.00575758,0.394167,0.00256,0.53892,0.19162,0.26946,200,100,fcr,46,167,10,1,random
3752,RANDOM,3,"2026-07-16 22:47:13",14.1,0.548591,2.51702,4.9394,0.5539394,-0.01267273,0.393755,-0.005154,0.55828,0.15337,0.28834,200,100,fcr,46,163,10,1,random
3753,RANDOM,4,"2026-07-16 22:47:17",18.9,0.550573,2.5282,4.7879,0.55803031,-0.01232121,0.395727,-0.01304,0.51899,0.18987,0.29114,200,100,fcr,46,158,10,1,random
3754,RANDOM,5,"2026-07-16 22:47:24",25.2,0.550142,2.51496,4.7576,0.5480303,0.0058,0.384314,0.006274,0.51592,0.20382,0.28025,200,100,fcr,46,157,10,1,random
3755,RANDOM,6,"2026-07-16 22:47:28",29.9,0.54813,2.52731,4.697,0.54545455,0.00897576,0.400972,0.00966,0.52903,0.19355,0.27742,200,100,fcr,46,155,10,1,random
3756,RANDOM,7,"2026-07-16 22:47:35",36.3,0.543355,2.49423,4.6667,0.54181818,0.00133939,0.40218,0.009349,0.52597,0.18831,0.28571,200,100,fcr,46,154,10,1,random
3757,RANDOM,8,"2026-07-16 22:47:41",42.7,0.545567,2.50938,4.6667,0.54045455,0.00885758,0.401761,0.009296,0.53247,0.18831,0.27922,200,100,fcr,46,154,10,1,random
3758,RANDOM,9,"2026-07-16 22:47:48",49.3,0.54367,2.50498,4.6061,0.54545455,-0.00489697,0.419831,0.000282,0.53289,0.16447,0.30263,200,100,fcr,46,152,10,1,random
3759,RANDOM,10,"2026-07-16 22:47:55",56,0.545936,2.5259,4.5758,0.5569697,-0.01999394,0.385794,-0.020882,0.5298,0.17881,0.29139,200,100,fcr,46,151,10,1,random
3760,RANDOM,11,"2026-07-16 22:48:01",62.6,0.544627,2.52489,4.5758,0.55106061,-0.00512121,0.408905,-0.008673,0.53642,0.17881,0.28477,200,100,fcr,46,151,10,1,random
3761,RANDOM,12,"2026-07-16 22:48:08",69.3,0.542506,2.51392,4.5455,0.53939394,0.00814242,0.425268,0.010762,0.55333,0.18,0.26667,200,100,fcr,46,150,10,1,random
3762,RANDOM,13,"2026-07-16 22:48:14",75.9,0.540997,2.49486,4.4848,0.54196969,-0.0033303,0.461887,0.001881,0.54054,0.18243,0.27703,200,100,fcr,46,148,10,1,random
3763,RANDOM,14,"2026-07-16 22:48:21",82.5,0.537285,2.48244,4.4545,0.52863636,0.01966061,0.440159,0.022069,0.55102,0.17007,0.27891,200,100,fcr,46,147,10,1,random
3764,RANDOM,15,"2026-07-16 22:48:28",89.1,0.539715,2.49506,4.4242,0.54257576,-0.0087303,0.45232,-0.006196,0.53425,0.19178,0.27397,200,100,fcr,46,146,10,1,random
3765,RANDOM,16,"2026-07-16 22:48:34",95.8,0.538827,2.48883,4.4242,0.54681818,-0.00905152,0.453843,-0.011382,0.52055,0.19863,0.28082,200,100,fcr,46,146,10,1,random
3766,RANDOM,17,"2026-07-16 22:48:41",102.6,0.539315,2.49048,4.4242,0.54121212,-0.00904545,0.443818,-0.001572,0.5274,0.19178,0.28082,200,100,fcr,46,146,10,1,random
3767,RANDOM,18,"2026-07-16 22:48:48",109.5,0.535218,2.45082,4.3939,0.5239394,0.02033636,0.44311,0.02856,0.53793,0.17241,0.28966,200,100,fcr,46,145,10,1,random
3768,RANDOM,19,"2026-07-16 22:48:55",116.2,0.538397,2.48438,4.3939,0.54378788,-0.0054697,0.428687,-0.010135,0.52414,0.17931,0.29655,200,100,fcr,46,145,10,1,random
3769,RANDOM,20,"2026-07-16 22:49:01",123,0.536658,2.48057,4.3939,0.53424243,0.00669394,0.415405,0.00755,0.51724,0.1931,0.28966,200,100,fcr,46,145,10,1,random
3770,OI,1,"2026-07-16 22:49:24",5.6,0.584955,2.76313,4.9697,0.58484849,-0.00096667,0.455433,-0.022745,0.4939,0.21951,0.28659,200,100,fcr,47,164,10,1,random
3771,OI,2,"2026-07-16 22:49:29",10.6,0.610373,2.97041,4.9394,0.61484848,-0.01253333,0.494063,-0.025135,0.45399,0.25153,0.29448,200,100,fcr,47,163,10,1,random
3772,OI,3,"2026-07-16 22:49:34",16.1,0.633452,3.17542,4.9394,0.64136363,-0.01370303,0.543683,-0.028007,0.40491,0.33742,0.25767,200,100,fcr,47,163,10,1,random
3773,OI,4,"2026-07-16 22:49:39",21.3,0.654982,3.39426,4.9394,0.66560605,-0.01847273,0.674089,-0.030632,0.37423,0.32515,0.30061,200,100,fcr,47,163,10,1,random
3774,OI,5,"2026-07-16 22:49:46",28.2,0.670718,3.55611,4.9394,0.66166666,0.01531212,0.630561,0.004722,0.34969,0.32515,0.32515,200,100,fcr,47,163,10,1,random
3775,OI,6,"2026-07-16 22:49:51",33.4,0.683479,3.72445,4.9091,0.68893939,-0.00555152,0.638748,-0.015121,0.27778,0.48148,0.24074,200,100,fcr,47,162,10,1,random
3776,OI,7,"2026-07-16 22:49:58",40.2,0.697209,3.90561,4.9091,0.69575758,0.00034545,0.79385,-0.005779,0.25926,0.50617,0.23457,200,100,fcr,47,162,10,1,random
3777,OI,8,"2026-07-16 22:50:06",48.2,0.711058,4.08021,4.9091,0.71030303,0.00099394,0.872508,-0.006405,0.22222,0.56173,0.21605,200,100,fcr,47,162,10,1,random
3778,OI,9,"2026-07-16 22:50:14",56.3,0.721633,4.23657,4.9091,0.72606061,-0.00801212,0.909953,-0.011452,0.18519,0.62346,0.19136,200,100,fcr,47,162,10,1,random
3779,OI,10,"2026-07-16 22:50:21",63.4,0.731385,4.37971,4.9091,0.72560606,0.01013333,0.977512,0.003207,0.18519,0.66049,0.15432,200,100,fcr,47,162,10,1,random
3780,OI,11,"2026-07-16 22:50:29",70.8,0.739406,4.50293,4.9091,0.73636363,0.00524545,1.16372,0.000429,0.12346,0.75309,0.12346,200,100,fcr,47,162,10,1,random
3781,OI,12,"2026-07-16 22:50:36",78.2,0.747024,4.60206,4.9091,0.75045454,-0.00712121,1.19699,-0.007794,0.11728,0.75309,0.12963,200,100,fcr,47,162,10,1,random
3782,OI,13,"2026-07-16 22:50:43",85.2,0.751458,4.65806,4.9091,0.75030303,0.00359091,1.36377,0.001149,0.09259,0.79012,0.11728,200,100,fcr,47,162,10,1,random
3783,OI,14,"2026-07-16 22:50:50",92.4,0.754694,4.722,4.9091,0.76212121,-0.01031212,1.47635,-0.00961,0.0679,0.89506,0.03704,200,100,fcr,47,162,10,1,random
3784,OI,15,"2026-07-16 22:50:57",99.4,0.756606,4.75501,4.9091,0.75651515,0.00073939,2.17456,0.000418,0.04321,0.89506,0.06173,200,100,fcr,47,162,10,1,random
3785,OI,16,"2026-07-16 22:51:04",106.4,0.757985,4.78332,4.9091,0.74606061,0.01725152,1.53971,0.01654,0.04321,0.91358,0.04321,200,100,fcr,47,162,10,1,random
3786,OI,17,"2026-07-16 22:51:12",113.8,0.758567,4.78431,4.9091,0.76439394,-0.00734545,2.18796,-0.006549,0.04321,0.88889,0.0679,200,100,fcr,47,162,10,1,random
3787,OI,18,"2026-07-16 22:51:19",121,0.759318,4.81396,4.9091,0.76045455,-0.00147879,1.70853,-0.000348,0.01852,0.94444,0.03704,200,100,fcr,47,162,10,1,random
3788,OI,19,"2026-07-16 22:51:26",128.2,0.759579,4.80675,4.9091,0.76636363,-0.01139091,1.60361,-0.007681,0.02469,0.9321,0.04321,200,100,fcr,47,162,10,1,random
3789,OI,20,"2026-07-16 22:51:33",135.3,0.75903,4.79682,4.9091,0.76984848,-0.01505152,1.72917,-0.01273,0.01852,0.91975,0.06173,200,100,fcr,47,162,10,1,random
3790,IR,1,"2026-07-16 22:51:43",5.8,0.560361,2.59433,4.9697,0.62833333,-0.11409697,0.394881,-0.126134,0.52439,0.18902,0.28659,200,100,fcr,47,164,10,1,random
3791,IR,2,"2026-07-16 22:51:48",10.9,0.572427,2.66183,4.8485,0.63621212,-0.10858788,0.410817,-0.121471,0.5125,0.2,0.2875,200,100,fcr,47,160,10,1,random
3792,IR,3,"2026-07-16 22:51:54",16,0.580312,2.71545,4.7879,0.6480303,-0.11381818,0.439119,-0.122646,0.51266,0.18354,0.3038,200,100,fcr,47,158,10,1,random
3793,IR,4,"2026-07-16 22:51:59",21,0.588561,2.76799,4.7576,0.65727273,-0.11635455,0.438101,-0.123097,0.49682,0.18471,0.31847,200,100,fcr,47,157,10,1,random
3794,IR,5,"2026-07-16 22:52:05",27.8,0.598288,2.82025,4.7273,0.66939394,-0.11788182,0.427345,-0.126084,0.47436,0.22436,0.30128,200,100,fcr,47,156,10,1,random
3795,IR,6,"2026-07-16 22:52:11",33.1,0.605452,2.86837,4.7273,0.6819697,-0.12636364,0.482697,-0.13138,0.45513,0.23718,0.30769,200,100,fcr,47,156,10,1,random
3796,IR,7,"2026-07-16 22:52:17",39.9,0.612521,2.91716,4.6667,0.69090909,-0.12753636,0.484333,-0.133354,0.46753,0.23377,0.2987,200,100,fcr,47,154,10,1,random
3797,IR,8,"2026-07-16 22:52:25",47.1,0.615667,2.92021,4.6364,0.69787879,-0.13659697,0.528018,-0.135075,0.44444,0.24837,0.30719,200,100,fcr,47,153,10,1,random
3798,IR,9,"2026-07-16 22:52:32",54.3,0.6207,2.96669,4.5758,0.69772728,-0.1292303,0.519363,-0.127422,0.42384,0.2649,0.31126,200,100,fcr,47,151,10,1,random
3799,IR,10,"2026-07-16 22:52:39",61.4,0.625136,2.99365,4.5758,0.6960606,-0.11646364,0.522564,-0.11612,0.43709,0.23841,0.3245,200,100,fcr,47,151,10,1,random
3800,IR,11,"2026-07-16 22:52:46",68.5,0.629048,3.00722,4.5758,0.70227273,-0.11982727,0.501872,-0.118567,0.44371,0.23179,0.3245,200,100,fcr,47,151,10,1,random
3801,IR,12,"2026-07-16 22:52:53",75.6,0.631885,3.02233,4.5758,0.70893939,-0.12555152,0.50907,-0.123288,0.41722,0.25828,0.3245,200,100,fcr,47,151,10,1,random
3802,IR,13,"2026-07-16 22:53:00",82.8,0.635594,3.04262,4.5758,0.71348484,-0.12509091,0.510221,-0.124652,0.43709,0.2649,0.29801,200,100,fcr,47,151,10,1,random
3803,IR,14,"2026-07-16 22:53:08",90,0.639873,3.07937,4.5758,0.72015151,-0.12719091,0.573865,-0.128214,0.40397,0.30464,0.29139,200,100,fcr,47,151,10,1,random
3804,IR,15,"2026-07-16 22:53:15",97.1,0.641627,3.08906,4.5152,0.71984848,-0.12332727,0.581012,-0.122412,0.41611,0.30201,0.28188,200,100,fcr,47,149,10,1,random
3805,IR,16,"2026-07-16 22:53:22",104.3,0.643788,3.09942,4.4848,0.71666667,-0.1155,0.615306,-0.114212,0.41216,0.2973,0.29054,200,100,fcr,47,148,10,1,random
3806,IR,17,"2026-07-16 22:53:29",111.6,0.646594,3.11803,4.4545,0.73015151,-0.13140909,0.600578,-0.13052,0.42177,0.2517,0.32653,200,100,fcr,47,147,10,1,random
3807,IR,18,"2026-07-16 22:53:36",118.8,0.649527,3.14085,4.4545,0.72757576,-0.12305152,0.559322,-0.121671,0.42177,0.26531,0.31293,200,100,fcr,47,147,10,1,random
3808,IR,19,"2026-07-16 22:53:44",126,0.653764,3.17098,4.4242,0.73015152,-0.11925758,0.602224,-0.119285,0.41096,0.27397,0.31507,200,100,fcr,47,146,10,1,random
3809,IR,20,"2026-07-16 22:53:51",133.3,0.655712,3.18091,4.3636,0.73348485,-0.12379697,0.598809,-0.119066,0.39583,0.29861,0.30556,200,100,fcr,47,144,10,1,random
3810,AGR,1,"2026-07-16 22:54:02",7.5,0.575903,2.71988,4.9697,0.53378788,0.07079697,0.425368,0.058376,0.4878,0.21341,0.29878,200,100,fcr,47,164,10,1,random
3811,AGR,2,"2026-07-16 22:54:09",14.5,0.596012,2.89941,4.9394,0.54818182,0.07801818,0.430916,0.067782,0.48466,0.20245,0.31288,200,100,fcr,47,163,10,1,random
3812,AGR,3,"2026-07-16 22:54:17",21.8,0.613461,3.08549,4.8788,0.56954545,0.07174848,0.455886,0.06102,0.4472,0.21739,0.3354,200,100,fcr,47,161,10,1,random
3813,AGR,4,"2026-07-16 22:54:24",28.9,0.632733,3.26991,4.8485,0.58363636,0.07520606,0.472525,0.06585,0.4125,0.25,0.3375,200,100,fcr,47,160,10,1,random
3814,AGR,5,"2026-07-16 22:54:33",37.9,0.645009,3.43083,4.8485,0.59378788,0.0793303,0.500699,0.072537,0.39375,0.275,0.33125,200,100,fcr,47,160,10,1,random
3815,AGR,6,"2026-07-16 22:54:40",45.3,0.658597,3.59172,4.8485,0.61227273,0.06587273,0.558479,0.062811,0.36875,0.29375,0.3375,200,100,fcr,47,160,10,1,random
3816,AGR,7,"2026-07-16 22:54:49",54.4,0.671594,3.73103,4.8485,0.6110606,0.09034242,0.584859,0.083058,0.36875,0.31875,0.3125,200,100,fcr,47,160,10,1,random
3817,AGR,8,"2026-07-16 22:54:58",63.4,0.683851,3.85747,4.8485,0.64136363,0.06455455,0.683948,0.055453,0.3375,0.38125,0.28125,200,100,fcr,47,160,10,1,random
3818,AGR,9,"2026-07-16 22:55:08",72.7,0.695276,3.98833,4.8485,0.62969697,0.09777273,0.769787,0.08851,0.33125,0.4,0.26875,200,100,fcr,47,160,10,1,random
3819,AGR,10,"2026-07-16 22:55:17",82.1,0.70633,4.12098,4.8485,0.64409091,0.08949697,0.860322,0.082558,0.3125,0.41875,0.26875,200,100,fcr,47,160,10,1,random
3820,AGR,11,"2026-07-16 22:55:26",91.6,0.713067,4.22635,4.8485,0.65681818,0.08009394,0.884608,0.075843,0.2875,0.45625,0.25625,200,100,fcr,47,160,10,1,random
3821,AGR,12,"2026-07-16 22:55:34",98.9,0.720327,4.31408,4.8485,0.66515151,0.07991818,0.928797,0.07327,0.24375,0.5125,0.24375,200,100,fcr,47,160,10,1,random
3822,AGR,13,"2026-07-16 22:55:41",106.3,0.726606,4.41089,4.8485,0.68,0.0655697,0.933394,0.06137,0.18125,0.61875,0.2,200,100,fcr,47,160,10,1,random
3823,AGR,14,"2026-07-16 22:55:48",113.5,0.732536,4.4848,4.8485,0.67530303,0.08242727,0.996769,0.075598,0.1375,0.70625,0.15625,200,100,fcr,47,160,10,1,random
3824,AGR,15,"2026-07-16 22:55:56",120.8,0.735373,4.53085,4.8485,0.66818182,0.09687576,1.03688,0.090449,0.125,0.73125,0.14375,200,100,fcr,47,160,10,1,random
3825,AGR,16,"2026-07-16 22:56:03",128.1,0.740327,4.5899,4.8485,0.68196969,0.08296667,1.1511,0.077049,0.0875,0.7875,0.125,200,100,fcr,47,160,10,1,random
3826,AGR,17,"2026-07-16 22:56:10",135.5,0.743373,4.63589,4.8485,0.67984849,0.0891,1.12813,0.084374,0.1,0.825,0.075,200,100,fcr,47,160,10,1,random
3827,AGR,18,"2026-07-16 22:56:18",142.9,0.746639,4.67541,4.8485,0.69484848,0.07348485,1.53446,0.068256,0.0875,0.85,0.0625,200,100,fcr,47,160,10,1,random
3828,AGR,19,"2026-07-16 22:56:25",150.2,0.748797,4.70568,4.8485,0.69242424,0.07653333,1.71258,0.074755,0.075,0.89375,0.03125,200,100,fcr,47,160,10,1,random
3829,AGR,20,"2026-07-16 22:56:32",157.6,0.750333,4.72785,4.8485,0.68469697,0.09236061,2.48621,0.087306,0.04375,0.90625,0.05,200,100,fcr,47,160,10,1,random
3830,RANDOM,1,"2026-07-16 22:56:42",4.8,0.551236,2.53068,4.9697,0.55893939,-0.01745455,0.379143,-0.009257,0.54268,0.16463,0.29268,200,100,fcr,47,164,10,1,random
3831,RANDOM,2,"2026-07-16 22:56:47",9.2,0.547755,2.5051,4.9091,0.56287879,-0.02146061,0.358944,-0.022181,0.55556,0.15432,0.29012,200,100,fcr,47,162,10,1,random
3832,RANDOM,3,"2026-07-16 22:56:51",13.6,0.548067,2.49408,4.8485,0.56015152,-0.0202,0.366153,-0.020364,0.575,0.1375,0.2875,200,100,fcr,47,160,10,1,random
3833,RANDOM,4,"2026-07-16 22:56:55",17.9,0.548342,2.50476,4.8182,0.54939394,-0.00772121,0.384383,-0.000134,0.55975,0.14465,0.2956,200,100,fcr,47,159,10,1,random
3834,RANDOM,5,"2026-07-16 22:57:01",24,0.547121,2.50169,4.7879,0.55348485,-0.01389697,0.3778,-0.008217,0.55063,0.13924,0.31013,200,100,fcr,47,158,10,1,random
3835,RANDOM,6,"2026-07-16 22:57:06",28.7,0.547485,2.50978,4.7273,0.54333334,0.00760909,0.362721,0.00881,0.52564,0.17308,0.30128,200,100,fcr,47,156,10,1,random
3836,RANDOM,7,"2026-07-16 22:57:12",35,0.548921,2.52788,4.6667,0.54454546,0.00571818,0.376798,0.009,0.53247,0.16883,0.2987,200,100,fcr,47,154,10,1,random
3837,RANDOM,8,"2026-07-16 22:57:19",41.3,0.542885,2.49981,4.6667,0.5419697,-0.00097879,0.380056,0.009259,0.53896,0.16234,0.2987,200,100,fcr,47,154,10,1,random
3838,RANDOM,9,"2026-07-16 22:57:25",47.8,0.543803,2.50378,4.5758,0.54863636,-0.01251212,0.385205,-0.007902,0.54305,0.15232,0.30464,200,100,fcr,47,151,10,1,random
3839,RANDOM,10,"2026-07-16 22:57:32",54.3,0.543412,2.50288,4.4848,0.55,-0.01697576,0.386404,-0.009578,0.53378,0.16216,0.30405,200,100,fcr,47,148,10,1,random
3840,RANDOM,11,"2026-07-16 22:57:38",60.9,0.542436,2.49389,4.4242,0.54212121,-0.00059091,0.402398,0.003969,0.5411,0.15753,0.30137,200,100,fcr,47,146,10,1,random
3841,RANDOM,12,"2026-07-16 22:57:45",67.3,0.540206,2.49053,4.4242,0.53727273,0.0022,0.413573,0.009107,0.53425,0.15068,0.31507,200,100,fcr,47,146,10,1,random
3842,RANDOM,13,"2026-07-16 22:57:51",73.9,0.541227,2.50075,4.4242,0.54166666,-0.00364242,0.392461,0.000781,0.5274,0.16438,0.30822,200,100,fcr,47,146,10,1,random
3843,RANDOM,14,"2026-07-16 22:57:58",80.4,0.540421,2.51336,4.3939,0.54818182,-0.01435152,0.406625,-0.012141,0.51724,0.17931,0.30345,200,100,fcr,47,145,10,1,random
3844,RANDOM,15,"2026-07-16 22:58:04",86.8,0.536,2.47905,4.3333,0.53818182,-0.00111212,0.404375,0.002452,0.51748,0.16783,0.31469,200,100,fcr,47,143,10,1,random
3845,RANDOM,16,"2026-07-16 22:58:11",93.3,0.5337,2.46881,4.2424,0.53575757,-0.00466667,0.392046,0.000052,0.51429,0.17143,0.31429,200,100,fcr,47,140,10,1,random
3846,RANDOM,17,"2026-07-16 22:58:17",99.8,0.531945,2.44518,4.2121,0.53333333,-0.00484242,0.404865,0.001266,0.53237,0.14388,0.32374,200,100,fcr,47,139,10,1,random
3847,RANDOM,18,"2026-07-16 22:58:24",106.3,0.533697,2.44581,4.1818,0.53469697,-0.00650909,0.394682,-0.00114,0.52899,0.13768,0.33333,200,100,fcr,47,138,10,1,random
3848,RANDOM,19,"2026-07-16 22:58:30",112.8,0.532936,2.44593,4.1818,0.52939394,0.00621515,0.384709,0.009626,0.5,0.18116,0.31884,200,100,fcr,47,138,10,1,random
3849,RANDOM,20,"2026-07-16 22:58:37",119.4,0.534018,2.44446,4.1818,0.53515151,-0.00426667,0.399381,-0.000809,0.49275,0.18116,0.32609,200,100,fcr,47,138,10,1,random
3850,OI,1,"2026-07-16 22:58:54",5.4,0.577052,2.72856,4.9091,0.57333333,0.00548485,0.430383,-0.014664,0.49383,0.20988,0.2963,200,100,fcr,48,162,10,1,random
3851,OI,2,"2026-07-16 22:58:59",10.5,0.601649,2.9045,4.8182,0.6169697,-0.02156364,0.486032,-0.043101,0.44654,0.26415,0.28931,200,100,fcr,48,159,10,1,random
3852,OI,3,"2026-07-16 22:59:04",15.3,0.627115,3.09862,4.7879,0.6169697,0.02260303,0.594859,-0.000547,0.41772,0.31013,0.27215,200,100,fcr,48,158,10,1,random
3853,OI,4,"2026-07-16 22:59:09",20.3,0.647752,3.2969,4.7879,0.64848485,-0.00103636,0.678614,-0.014409,0.38608,0.36076,0.25316,200,100,fcr,48,158,10,1,random
3854,OI,5,"2026-07-16 22:59:16",27,0.666239,3.47986,4.7879,0.67136364,-0.00763939,0.784677,-0.019326,0.34177,0.38608,0.27215,200,100,fcr,48,158,10,1,random
3855,OI,6,"2026-07-16 22:59:21",31.9,0.682315,3.66512,4.7879,0.68484848,-0.00393939,0.771055,-0.012756,0.32278,0.41772,0.25949,200,100,fcr,48,158,10,1,random
3856,OI,7,"2026-07-16 22:59:27",38.6,0.696882,3.83383,4.7879,0.70060606,-0.00639394,0.839637,-0.013366,0.25316,0.49367,0.25316,200,100,fcr,48,158,10,1,random
3857,OI,8,"2026-07-16 22:59:34",45.3,0.709382,3.98253,4.7879,0.70954545,0.00012727,0.838109,-0.006716,0.22152,0.56329,0.21519,200,100,fcr,48,158,10,1,random
3858,OI,9,"2026-07-16 22:59:41",52.2,0.718882,4.12152,4.7879,0.72333333,-0.0068697,0.91868,-0.011149,0.18987,0.61392,0.1962,200,100,fcr,48,158,10,1,random
3859,OI,10,"2026-07-16 22:59:48",59.2,0.728327,4.26295,4.7879,0.73530304,-0.0134,0.989311,-0.014111,0.1519,0.68354,0.16456,200,100,fcr,48,158,10,1,random
3860,OI,11,"2026-07-16 22:59:55",66.1,0.737373,4.39498,4.7879,0.74090909,-0.00483636,1.08089,-0.008795,0.12658,0.72785,0.14557,200,100,fcr,48,158,10,1,random
3861,OI,12,"2026-07-16 23:00:02",73.5,0.742,4.49042,4.7879,0.74924242,-0.01344242,1.19069,-0.010956,0.08861,0.82278,0.08861,200,100,fcr,48,158,10,1,random
3862,OI,13,"2026-07-16 23:00:11",81.9,0.744433,4.56367,4.7879,0.74772727,-0.0049303,1.34942,-0.004338,0.08228,0.82911,0.08861,200,100,fcr,48,158,10,1,random
3863,OI,14,"2026-07-16 23:00:18",89,0.746215,4.60916,4.7879,0.74924242,-0.00392424,1.44907,-0.003415,0.06962,0.86076,0.06962,200,100,fcr,48,158,10,1,random
3864,OI,15,"2026-07-16 23:00:25",96,0.747879,4.65079,4.7879,0.75030303,0.00013333,1.64309,-0.002647,0.0443,0.89241,0.06329,200,100,fcr,48,158,10,1,random
3865,OI,16,"2026-07-16 23:00:32",102.9,0.749612,4.69171,4.7879,0.74287878,0.00872727,1.60421,0.009554,0.03797,0.94937,0.01266,200,100,fcr,48,158,10,1,random
3866,OI,17,"2026-07-16 23:00:39",109.8,0.750064,4.68913,4.7879,0.75454545,-0.00623939,2.43697,-0.005487,0.03165,0.93038,0.03797,200,100,fcr,48,158,10,1,random
3867,OI,18,"2026-07-16 23:00:46",116.7,0.750421,4.69661,4.7879,0.74727273,0.00351818,2.07903,0.005559,0.02532,0.94304,0.03165,200,100,fcr,48,158,10,1,random
3868,OI,19,"2026-07-16 23:00:52",123.6,0.750545,4.68967,4.7879,0.76151515,-0.01482424,2.08791,-0.013167,0.02532,0.94304,0.03165,200,100,fcr,48,158,10,1,random
3869,OI,20,"2026-07-16 23:00:59",130.5,0.750442,4.70274,4.7879,0.76030303,-0.01317879,2.1344,-0.011828,0.02532,0.94937,0.02532,200,100,fcr,48,158,10,1,random
3870,IR,1,"2026-07-16 23:01:08",5.2,0.55837,2.57496,4.9091,0.61939394,-0.10770606,0.377685,-0.117833,0.54321,0.16049,0.2963,200,100,fcr,48,162,10,1,random
3871,IR,2,"2026-07-16 23:01:12",10.1,0.56793,2.63085,4.8182,0.63409091,-0.1151,0.391955,-0.124051,0.54088,0.15094,0.30818,200,100,fcr,48,159,10,1,random
3872,IR,3,"2026-07-16 23:01:17",15,0.574518,2.6676,4.7879,0.63227273,-0.09568485,0.397707,-0.104842,0.51899,0.18354,0.29747,200,100,fcr,48,158,10,1,random
3873,IR,4,"2026-07-16 23:01:22",19.8,0.581767,2.70705,4.7273,0.64848485,-0.11104242,0.42626,-0.119466,0.50641,0.1859,0.30769,200,100,fcr,48,156,10,1,random
3874,IR,5,"2026-07-16 23:01:29",26.4,0.587052,2.73785,4.7273,0.65909091,-0.12261212,0.426033,-0.12596,0.48718,0.21154,0.30128,200,100,fcr,48,156,10,1,random
3875,IR,6,"2026-07-16 23:01:34",31.2,0.5965,2.80241,4.7273,0.66954545,-0.12233636,0.451296,-0.130003,0.48077,0.21795,0.30128,200,100,fcr,48,156,10,1,random
3876,IR,7,"2026-07-16 23:01:40",37.8,0.6001,2.82297,4.7273,0.67621212,-0.12359091,0.460864,-0.128829,0.46795,0.23077,0.30128,200,100,fcr,48,156,10,1,random
3877,IR,8,"2026-07-16 23:01:47",44.3,0.605082,2.8559,4.697,0.68424242,-0.13161818,0.466432,-0.133975,0.44516,0.23871,0.31613,200,100,fcr,48,155,10,1,random
3878,IR,9,"2026-07-16 23:01:53",50.9,0.609803,2.88725,4.6667,0.6869697,-0.12595758,0.444155,-0.129476,0.44805,0.25974,0.29221,200,100,fcr,48,154,10,1,random
3879,IR,10,"2026-07-16 23:02:00",57.5,0.615285,2.93956,4.6364,0.69318182,-0.12328485,0.493266,-0.130245,0.43137,0.26144,0.30719,200,100,fcr,48,153,10,1,random
3880,IR,11,"2026-07-16 23:02:06",64.1,0.620636,2.9725,4.6061,0.69636363,-0.12208485,0.486233,-0.125163,0.42763,0.27632,0.29605,200,100,fcr,48,152,10,1,random
3881,IR,12,"2026-07-16 23:02:13",70.8,0.62543,2.99049,4.6061,0.70469698,-0.1287,0.507968,-0.129692,0.42763,0.27632,0.29605,200,100,fcr,48,152,10,1,random
3882,IR,13,"2026-07-16 23:02:20",77.5,0.628952,3.00765,4.5758,0.69984849,-0.11304848,0.522682,-0.114587,0.43046,0.27152,0.29801,200,100,fcr,48,151,10,1,random
3883,IR,14,"2026-07-16 23:02:27",84.7,0.631021,3.02587,4.5758,0.71166667,-0.12881818,0.534849,-0.128801,0.42384,0.2649,0.31126,200,100,fcr,48,151,10,1,random
3884,IR,15,"2026-07-16 23:02:34",91.4,0.636506,3.0615,4.5758,0.71045455,-0.11915758,0.527755,-0.119554,0.39735,0.30464,0.29801,200,100,fcr,48,151,10,1,random
3885,IR,16,"2026-07-16 23:02:41",98.2,0.640873,3.09737,4.5758,0.72242424,-0.13050303,0.545884,-0.129575,0.38411,0.30464,0.31126,200,100,fcr,48,151,10,1,random
3886,IR,17,"2026-07-16 23:02:47",105,0.644876,3.12615,4.5152,0.72772727,-0.13088485,0.527689,-0.130885,0.39597,0.2953,0.30872,200,100,fcr,48,149,10,1,random
3887,IR,18,"2026-07-16 23:02:55",112.4,0.646794,3.1326,4.4848,0.72166667,-0.1178,0.548419,-0.116669,0.38514,0.32432,0.29054,200,100,fcr,48,148,10,1,random
3888,IR,19,"2026-07-16 23:03:03",120.5,0.651882,3.16662,4.4848,0.73030303,-0.12472121,0.591706,-0.123698,0.35811,0.32432,0.31757,200,100,fcr,48,148,10,1,random
3889,IR,20,"2026-07-16 23:03:10",128,0.655951,3.20208,4.4545,0.73212121,-0.11934849,0.53347,-0.118309,0.36054,0.34014,0.29932,200,100,fcr,48,147,10,1,random
3890,AGR,1,"2026-07-16 23:03:19",7.6,0.569088,2.6842,4.9091,0.53030303,0.06779091,0.398503,0.054461,0.51235,0.17901,0.30864,200,100,fcr,48,162,10,1,random
3891,AGR,2,"2026-07-16 23:03:26",14.8,0.587542,2.84183,4.7879,0.53909091,0.07731515,0.415227,0.071642,0.48734,0.18987,0.32278,200,100,fcr,48,158,10,1,random
3892,AGR,3,"2026-07-16 23:03:33",22,0.603191,2.98564,4.7576,0.55424242,0.07657576,0.441737,0.071688,0.46497,0.19745,0.33758,200,100,fcr,48,157,10,1,random
3893,AGR,4,"2026-07-16 23:03:41",29.1,0.619545,3.13302,4.7273,0.5619697,0.08932424,0.446861,0.082986,0.44872,0.23718,0.3141,200,100,fcr,48,156,10,1,random
3894,AGR,5,"2026-07-16 23:03:50",38.1,0.635412,3.29263,4.697,0.58984849,0.07367576,0.536955,0.062192,0.40645,0.25806,0.33548,200,100,fcr,48,155,10,1,random
3895,AGR,6,"2026-07-16 23:03:57",45.5,0.648945,3.43322,4.697,0.59742425,0.0745303,0.530504,0.071757,0.38065,0.29677,0.32258,200,100,fcr,48,155,10,1,random
3896,AGR,7,"2026-07-16 23:04:06",54.6,0.66407,3.58582,4.697,0.60772727,0.0890697,0.586733,0.076566,0.35484,0.35484,0.29032,200,100,fcr,48,155,10,1,random
3897,AGR,8,"2026-07-16 23:04:15",63.9,0.678358,3.74469,4.697,0.63651515,0.06211818,0.692826,0.054083,0.32258,0.38065,0.29677,200,100,fcr,48,155,10,1,random
3898,AGR,9,"2026-07-16 23:04:25",73.1,0.688573,3.87701,4.697,0.63651515,0.07602424,0.704004,0.070544,0.26452,0.44516,0.29032,200,100,fcr,48,155,10,1,random
3899,AGR,10,"2026-07-16 23:04:34",82.4,0.695627,3.96993,4.697,0.64045455,0.08369394,0.714395,0.075952,0.25806,0.47097,0.27097,200,100,fcr,48,155,10,1,random
3900,AGR,11,"2026-07-16 23:04:43",91.6,0.705042,4.08309,4.697,0.65272727,0.07789091,0.806241,0.069754,0.22581,0.54839,0.22581,200,100,fcr,48,155,10,1,random
3901,AGR,12,"2026-07-16 23:04:52",101,0.710555,4.15896,4.697,0.65469697,0.08209091,0.886505,0.076663,0.2,0.6129,0.1871,200,100,fcr,48,155,10,1,random
3902,AGR,13,"2026-07-16 23:05:02",110.2,0.71777,4.23284,4.6667,0.66348485,0.08042424,0.977721,0.072393,0.17532,0.64286,0.18182,200,100,fcr,48,154,10,1,random
3903,AGR,14,"2026-07-16 23:05:11",119.5,0.725949,4.31123,4.6667,0.67212121,0.07727576,1.02603,0.070358,0.16234,0.68831,0.14935,200,100,fcr,48,154,10,1,random
3904,AGR,15,"2026-07-16 23:05:20",129,0.731845,4.3844,4.6667,0.67742424,0.07486061,1.11637,0.071954,0.13636,0.74675,0.11688,200,100,fcr,48,154,10,1,random
3905,AGR,16,"2026-07-16 23:05:30",138.4,0.735964,4.43422,4.6667,0.67348485,0.0895606,1.2572,0.083311,0.11039,0.7987,0.09091,200,100,fcr,48,154,10,1,random
3906,AGR,17,"2026-07-16 23:05:39",148,0.740182,4.47414,4.6667,0.67818182,0.0875697,1.40481,0.082342,0.0974,0.81818,0.08442,200,100,fcr,48,154,10,1,random
3907,AGR,18,"2026-07-16 23:05:49",157.3,0.743806,4.51812,4.6667,0.68924242,0.07511212,1.45088,0.072153,0.07792,0.86364,0.05844,200,100,fcr,48,154,10,1,random
3908,AGR,19,"2026-07-16 23:05:58",166.8,0.746703,4.54839,4.6667,0.68151515,0.09142121,1.80729,0.086407,0.04545,0.8961,0.05844,200,100,fcr,48,154,10,1,random
3909,AGR,20,"2026-07-16 23:06:08",176.3,0.747555,4.55606,4.6667,0.67712121,0.09672121,1.33267,0.094534,0.06494,0.8961,0.03896,200,100,fcr,48,154,10,1,random
3910,RANDOM,1,"2026-07-16 23:06:18",5.2,0.551588,2.55264,4.7879,0.55742424,-0.00959091,0.368628,-0.011328,0.55063,0.16456,0.28481,200,100,fcr,48,158,10,1,random
3911,RANDOM,2,"2026-07-16 23:06:23",9.9,0.548997,2.53813,4.7879,0.55166667,-0.0117,0.427386,0.000294,0.53797,0.18987,0.27215,200,100,fcr,48,158,10,1,random
3912,RANDOM,3,"2026-07-16 23:06:27",14.6,0.547733,2.52856,4.697,0.54378788,0.00348182,0.432528,0.010557,0.54194,0.18065,0.27742,200,100,fcr,48,155,10,1,random
3913,RANDOM,4,"2026-07-16 23:06:32",19.3,0.551879,2.54821,4.6364,0.5439394,0.01298485,0.444909,0.012798,0.52941,0.18954,0.28105,200,100,fcr,48,153,10,1,random
3914,RANDOM,5,"2026-07-16 23:06:39",25.8,0.55183,2.54223,4.5758,0.5569697,-0.00681515,0.44626,-0.006898,0.55629,0.15894,0.28477,200,100,fcr,48,151,10,1,random
3915,RANDOM,6,"2026-07-16 23:06:43",30.7,0.552633,2.54084,4.5455,0.5430303,0.01540606,0.457469,0.019573,0.54,0.16,0.3,200,100,fcr,48,150,10,1,random
3916,RANDOM,7,"2026-07-16 23:06:50",37.3,0.547179,2.50742,4.5152,0.5610606,-0.02643333,0.428352,-0.017205,0.52349,0.18121,0.2953,200,100,fcr,48,149,10,1,random
3917,RANDOM,8,"2026-07-16 23:06:56",43.6,0.548391,2.52835,4.5152,0.55,-0.00504848,0.439784,-0.001078,0.52349,0.18792,0.28859,200,100,fcr,48,149,10,1,random
3918,RANDOM,9,"2026-07-16 23:07:03",50.2,0.550967,2.54458,4.4545,0.54575758,0.00768182,0.438103,0.009435,0.54422,0.17007,0.28571,200,100,fcr,48,147,10,1,random
3919,RANDOM,10,"2026-07-16 23:07:10",56.9,0.552533,2.56461,4.4242,0.55833334,-0.00669697,0.472249,-0.009413,0.5274,0.17808,0.29452,200,100,fcr,48,146,10,1,random
3920,RANDOM,11,"2026-07-16 23:07:16",63.7,0.551652,2.56229,4.3636,0.55272727,-0.00014242,0.456817,0.00165,0.51389,0.18056,0.30556,200,100,fcr,48,144,10,1,random
3921,RANDOM,12,"2026-07-16 23:07:23",70.5,0.550206,2.54951,4.3636,0.55651515,-0.01480909,0.440513,-0.007478,0.50694,0.20139,0.29167,200,100,fcr,48,144,10,1,random
3922,RANDOM,13,"2026-07-16 23:07:30",77.6,0.550776,2.54601,4.3636,0.55409091,-0.00866061,0.457936,-0.00443,0.49306,0.20139,0.30556,200,100,fcr,48,144,10,1,random
3923,RANDOM,14,"2026-07-16 23:07:37",84.3,0.550118,2.54086,4.3333,0.54939394,0.00258485,0.432703,0.003611,0.5035,0.2028,0.29371,200,100,fcr,48,143,10,1,random
3924,RANDOM,15,"2026-07-16 23:07:44",91.1,0.551176,2.53535,4.3333,0.55575758,-0.01214849,0.455506,-0.007434,0.52448,0.18881,0.28671,200,100,fcr,48,143,10,1,random
3925,RANDOM,16,"2026-07-16 23:07:51",97.9,0.550388,2.53454,4.303,0.55515152,-0.00555152,0.467921,-0.005423,0.51408,0.1831,0.30282,200,100,fcr,48,142,10,1,random
3926,RANDOM,17,"2026-07-16 23:07:57",104.8,0.552791,2.55005,4.303,0.56181818,-0.01328182,0.453026,-0.016516,0.49296,0.19718,0.30986,200,100,fcr,48,142,10,1,random
3927,RANDOM,18,"2026-07-16 23:08:04",111.6,0.552888,2.55452,4.303,0.55121212,0.00461212,0.436742,0.004643,0.48592,0.21831,0.29577,200,100,fcr,48,142,10,1,random
3928,RANDOM,19,"2026-07-16 23:08:11",118.5,0.552639,2.53783,4.2727,0.54318182,0.0191697,0.45547,0.019128,0.48936,0.19858,0.31206,200,100,fcr,48,141,10,1,random
3929,RANDOM,20,"2026-07-16 23:08:18",125.3,0.555148,2.54585,4.2727,0.55106061,0.00008182,0.434492,0.00721,0.49645,0.1773,0.32624,200,100,fcr,48,141,10,1,random
3930,OI,1,"2026-07-16 23:08:52",4.9,0.582445,2.77319,5.0303,0.58893939,-0.01207576,0.463006,-0.032784,0.50602,0.21687,0.27711,200,100,fcr,49,166,10,1,random
3931,OI,2,"2026-07-16 23:08:57",9.4,0.607473,2.96047,4.9394,0.60969697,-0.00389697,0.520081,-0.021899,0.48466,0.21472,0.30061,200,100,fcr,49,163,10,1,random
3932,OI,3,"2026-07-16 23:09:01",14,0.630288,3.15678,4.9091,0.64272727,-0.01749697,0.542265,-0.0352,0.41975,0.29012,0.29012,200,100,fcr,49,162,10,1,random
3933,OI,4,"2026-07-16 23:09:06",18.5,0.651673,3.35255,4.8788,0.66560606,-0.02354242,0.610949,-0.035681,0.37267,0.35404,0.27329,200,100,fcr,49,161,10,1,random
3934,OI,5,"2026-07-16 23:09:12",24.8,0.671358,3.53486,4.8788,0.68015151,-0.01485758,0.708462,-0.025629,0.3354,0.40994,0.25466,200,100,fcr,49,161,10,1,random
3935,OI,6,"2026-07-16 23:09:17",29.5,0.688309,3.71721,4.8788,0.68030303,0.01067879,0.777204,0.001762,0.29193,0.46584,0.24224,200,100,fcr,49,161,10,1,random
3936,OI,7,"2026-07-16 23:09:23",35.9,0.701497,3.84932,4.8788,0.71348485,-0.01591515,0.813938,-0.024368,0.26087,0.50311,0.23602,200,100,fcr,49,161,10,1,random
3937,OI,8,"2026-07-16 23:09:29",42.1,0.713845,4.01362,4.8788,0.71636364,-0.00284242,0.854207,-0.010234,0.22981,0.54037,0.22981,200,100,fcr,49,161,10,1,random
3938,OI,9,"2026-07-16 23:09:36",48.5,0.72363,4.13829,4.8788,0.72666667,-0.00226364,0.920453,-0.008875,0.21118,0.57764,0.21118,200,100,fcr,49,161,10,1,random
3939,OI,10,"2026-07-16 23:09:42",54.9,0.733942,4.27575,4.8788,0.73,0.01011818,1.00318,0.000621,0.18012,0.6087,0.21118,200,100,fcr,49,161,10,1,random
3940,OI,11,"2026-07-16 23:09:49",61.4,0.740233,4.39341,4.8788,0.74651515,-0.00966667,1.03916,-0.010488,0.14286,0.7205,0.13665,200,100,fcr,49,161,10,1,random
3941,OI,12,"2026-07-16 23:09:55",67.8,0.745552,4.50142,4.8788,0.74787879,-0.00339697,1.16246,-0.005098,0.14286,0.75776,0.09938,200,100,fcr,49,161,10,1,random
3942,OI,13,"2026-07-16 23:10:02",74.5,0.750818,4.5726,4.8788,0.77106061,-0.02619091,1.48345,-0.028383,0.1118,0.79503,0.09317,200,100,fcr,49,161,10,1,random
3943,OI,14,"2026-07-16 23:10:09",82.3,0.754082,4.67491,4.8788,0.76727273,-0.01810909,1.58644,-0.017972,0.06832,0.85714,0.07453,200,100,fcr,49,161,10,1,random
3944,OI,15,"2026-07-16 23:10:16",89.2,0.756588,4.72762,4.8788,0.75954546,-0.00200303,1.51911,-0.00397,0.06211,0.8882,0.04969,200,100,fcr,49,161,10,1,random
3945,OI,16,"2026-07-16 23:10:23",95.7,0.757161,4.74736,4.8788,0.75969697,-0.00250909,2.15151,-0.00222,0.03727,0.92547,0.03727,200,100,fcr,49,161,10,1,random
3946,OI,17,"2026-07-16 23:10:30",102.4,0.75763,4.75858,4.8788,0.77121212,-0.01779697,2.29632,-0.016936,0.03106,0.92547,0.04348,200,100,fcr,49,161,10,1,random
3947,OI,18,"2026-07-16 23:10:36",109,0.75703,4.75472,4.8788,0.75636363,-0.00047273,1.72665,0.002869,0.03106,0.90062,0.06832,200,100,fcr,49,161,10,1,random
3948,OI,19,"2026-07-16 23:10:43",115.4,0.757248,4.76497,4.8788,0.75378788,0.00482121,1.41098,0.006084,0.03106,0.91304,0.0559,200,100,fcr,49,161,10,1,random
3949,OI,20,"2026-07-16 23:10:49",122.1,0.758594,4.7705,4.8788,0.76075758,-0.00339394,1.89509,-0.001289,0.02484,0.92547,0.04969,200,100,fcr,49,161,10,1,random
3950,IR,1,"2026-07-16 23:10:59",5.1,0.557376,2.58183,4.9697,0.62530303,-0.11948485,0.398401,-0.123004,0.53659,0.20122,0.2622,200,100,fcr,49,164,10,1,random
3951,IR,2,"2026-07-16 23:11:03",9.7,0.568076,2.63528,4.9394,0.64181818,-0.12274849,0.432248,-0.138159,0.55215,0.15951,0.28834,200,100,fcr,49,163,10,1,random
3952,IR,3,"2026-07-16 23:11:08",14.3,0.581042,2.71955,4.8788,0.6480303,-0.11455152,0.425286,-0.125683,0.51553,0.18012,0.30435,200,100,fcr,49,161,10,1,random
3953,IR,4,"2026-07-16 23:11:13",19,0.586415,2.73975,4.8485,0.65969697,-0.12166667,0.406044,-0.128332,0.525,0.16875,0.30625,200,100,fcr,49,160,10,1,random
3954,IR,5,"2026-07-16 23:11:19",25.5,0.592761,2.76854,4.8485,0.675,-0.13656061,0.419198,-0.143376,0.525,0.16875,0.30625,200,100,fcr,49,160,10,1,random
3955,IR,6,"2026-07-16 23:11:24",30.3,0.602415,2.81785,4.8485,0.67712121,-0.11857273,0.438533,-0.131692,0.51875,0.18125,0.3,200,100,fcr,49,160,10,1,random
3956,IR,7,"2026-07-16 23:11:30",36.6,0.607791,2.84081,4.7879,0.6819697,-0.12281212,0.462142,-0.125728,0.50633,0.18354,0.31013,200,100,fcr,49,158,10,1,random
3957,IR,8,"2026-07-16 23:11:37",43,0.611964,2.86227,4.7879,0.68969697,-0.12778485,0.457978,-0.129502,0.50633,0.18987,0.3038,200,100,fcr,49,158,10,1,random
3958,IR,9,"2026-07-16 23:11:43",49.7,0.617603,2.89431,4.7576,0.69757576,-0.13347879,0.477956,-0.133027,0.48408,0.20382,0.3121,200,100,fcr,49,157,10,1,random
3959,IR,10,"2026-07-16 23:11:50",56.3,0.623573,2.94362,4.697,0.69575758,-0.11638182,0.48498,-0.119818,0.48387,0.1871,0.32903,200,100,fcr,49,155,10,1,random
3960,IR,11,"2026-07-16 23:11:56",62.9,0.627682,2.96261,4.697,0.70954545,-0.13298182,0.480518,-0.13273,0.45806,0.22581,0.31613,200,100,fcr,49,155,10,1,random
3961,IR,12,"2026-07-16 23:12:03",69.4,0.63173,2.98334,4.6667,0.7069697,-0.12399394,0.496855,-0.121775,0.44156,0.21429,0.34416,200,100,fcr,49,154,10,1,random
3962,IR,13,"2026-07-16 23:12:10",76.2,0.637261,3.02746,4.6364,0.71696969,-0.12628788,0.460462,-0.128499,0.42484,0.28105,0.29412,200,100,fcr,49,153,10,1,random
3963,IR,14,"2026-07-16 23:12:17",83.1,0.641858,3.07615,4.6061,0.72045455,-0.12204546,0.567443,-0.125404,0.40132,0.29605,0.30263,200,100,fcr,49,152,10,1,random
3964,IR,15,"2026-07-16 23:12:23",89.7,0.642218,3.0976,4.6061,0.72212122,-0.1267303,0.534845,-0.123801,0.38816,0.30263,0.30921,200,100,fcr,49,152,10,1,random
3965,IR,16,"2026-07-16 23:12:30",96.5,0.646924,3.12333,4.6061,0.71333334,-0.10490303,0.526536,-0.105518,0.40789,0.28289,0.30921,200,100,fcr,49,152,10,1,random
3966,IR,17,"2026-07-16 23:12:37",103.4,0.649936,3.16014,4.5758,0.72242424,-0.11319394,0.552882,-0.113086,0.39735,0.30464,0.29801,200,100,fcr,49,151,10,1,random
3967,IR,18,"2026-07-16 23:12:44",110,0.655018,3.19376,4.5758,0.73015152,-0.11701515,0.578711,-0.117804,0.39073,0.28477,0.3245,200,100,fcr,49,151,10,1,random
3968,IR,19,"2026-07-16 23:12:50",116.7,0.660161,3.22728,4.5152,0.73893939,-0.12354242,0.535464,-0.1225,0.37584,0.2953,0.32886,200,100,fcr,49,149,10,1,random
3969,IR,20,"2026-07-16 23:12:57",123.4,0.661645,3.25117,4.5152,0.74560606,-0.13101818,0.535313,-0.126969,0.38255,0.28188,0.33557,200,100,fcr,49,149,10,1,random
3970,AGR,1,"2026-07-16 23:13:06",7.1,0.57387,2.71844,5.0909,0.51393939,0.09283333,0.434909,0.092024,0.52381,0.18452,0.29167,200,100,fcr,49,168,10,1,random
3971,AGR,2,"2026-07-16 23:13:13",13.8,0.593055,2.88579,5.0606,0.55969697,0.05616061,0.437176,0.04509,0.50898,0.19162,0.2994,200,100,fcr,49,167,10,1,random
3972,AGR,3,"2026-07-16 23:13:20",20.7,0.612945,3.07918,5.0303,0.56469697,0.07562424,0.477676,0.06683,0.4759,0.20482,0.31928,200,100,fcr,49,166,10,1,random
3973,AGR,4,"2026-07-16 23:13:27",27.5,0.631203,3.25975,5.0303,0.58590909,0.0650303,0.500069,0.061388,0.43976,0.22892,0.33133,200,100,fcr,49,166,10,1,random
3974,AGR,5,"2026-07-16 23:13:33",34.3,0.643727,3.38001,5,0.58818182,0.08463636,0.511747,0.079072,0.40606,0.27273,0.32121,200,100,fcr,49,165,10,1,random
3975,AGR,6,"2026-07-16 23:13:40",41.3,0.660267,3.57406,4.9697,0.61787879,0.06152424,0.557855,0.055135,0.40244,0.27439,0.32317,200,100,fcr,49,164,10,1,random
3976,AGR,7,"2026-07-16 23:13:49",50.1,0.675779,3.75172,4.9697,0.63318182,0.06526667,0.613728,0.05402,0.35976,0.32317,0.31707,200,100,fcr,49,164,10,1,random
3977,AGR,8,"2026-07-16 23:13:58",59.1,0.686082,3.88142,4.9697,0.63878788,0.06865152,0.653011,0.063502,0.34756,0.35366,0.29878,200,100,fcr,49,164,10,1,random
3978,AGR,9,"2026-07-16 23:14:07",68,0.69657,4.01415,4.9697,0.65,0.07223636,0.720562,0.061865,0.31707,0.40244,0.28049,200,100,fcr,49,164,10,1,random
3979,AGR,10,"2026-07-16 23:14:16",77.1,0.703303,4.1172,4.9697,0.64575758,0.08501818,0.75997,0.07888,0.27439,0.4878,0.2378,200,100,fcr,49,164,10,1,random
3980,AGR,11,"2026-07-16 23:14:25",86.2,0.711191,4.23262,4.9697,0.66454545,0.06973333,0.866843,0.061844,0.2561,0.51829,0.22561,200,100,fcr,49,164,10,1,random
3981,AGR,12,"2026-07-16 23:14:34",95.2,0.718339,4.34148,4.9697,0.67409091,0.06607273,0.896867,0.058362,0.21341,0.58537,0.20122,200,100,fcr,49,164,10,1,random
3982,AGR,13,"2026-07-16 23:14:43",104.2,0.727397,4.43838,4.9697,0.66651515,0.08984242,0.931071,0.079597,0.18902,0.61585,0.19512,200,100,fcr,49,164,10,1,random
3983,AGR,14,"2026-07-16 23:14:52",113.1,0.731773,4.51117,4.9697,0.67469697,0.07980606,0.993387,0.076123,0.15854,0.70122,0.14024,200,100,fcr,49,164,10,1,random
3984,AGR,15,"2026-07-16 23:15:01",122.3,0.737085,4.58321,4.9394,0.67757576,0.08457576,1.10019,0.07868,0.13497,0.76687,0.09816,200,100,fcr,49,163,10,1,random
3985,AGR,16,"2026-07-16 23:15:11",131.4,0.741067,4.62494,4.9394,0.68121212,0.08301515,1.25303,0.079351,0.1227,0.77301,0.10429,200,100,fcr,49,163,10,1,random
3986,AGR,17,"2026-07-16 23:15:20",140.6,0.745327,4.66565,4.9394,0.67469697,0.09966667,1.23748,0.09326,0.09816,0.80368,0.09816,200,100,fcr,49,163,10,1,random
3987,AGR,18,"2026-07-16 23:15:29",149.7,0.748664,4.71117,4.9394,0.67257576,0.10571515,1.28912,0.100643,0.08589,0.83436,0.07975,200,100,fcr,49,163,10,1,random
3988,AGR,19,"2026-07-16 23:15:38",158.9,0.751897,4.75331,4.9394,0.68969697,0.08567879,1.29248,0.081916,0.06748,0.86503,0.06748,200,100,fcr,49,163,10,1,random
3989,AGR,20,"2026-07-16 23:15:47",168.1,0.754464,4.78721,4.9394,0.69712121,0.08070909,1.29119,0.075296,0.05521,0.8773,0.06748,200,100,fcr,49,163,10,1,random
3990,RANDOM,1,"2026-07-16 23:15:56",4.9,0.556439,2.59095,5,0.56530303,-0.01712121,0.400268,-0.016167,0.52121,0.2,0.27879,200,100,fcr,49,165,10,1,random
3991,RANDOM,2,"2026-07-16 23:16:01",9.4,0.556967,2.59672,5,0.55878788,-0.00098788,0.392301,-0.001441,0.52121,0.2,0.27879,200,100,fcr,49,165,10,1,random
3992,RANDOM,3,"2026-07-16 23:16:05",14,0.555248,2.57827,4.9091,0.55045454,0.01962727,0.389901,0.012568,0.52469,0.2037,0.2716,200,100,fcr,49,162,10,1,random
3993,RANDOM,4,"2026-07-16 23:16:10",18.5,0.549951,2.54587,4.8485,0.54545455,0.00222424,0.400488,0.015279,0.54375,0.175,0.28125,200,100,fcr,49,160,10,1,random
3994,RANDOM,5,"2026-07-16 23:16:16",24.9,0.553418,2.55935,4.8182,0.55515151,-0.00335455,0.400768,-0.004507,0.55975,0.16352,0.27673,200,100,fcr,49,159,10,1,random
3995,RANDOM,6,"2026-07-16 23:16:21",29.6,0.551185,2.54376,4.7273,0.55106061,-0.00389091,0.414179,0.004336,0.55128,0.16667,0.28205,200,100,fcr,49,156,10,1,random
3996,RANDOM,7,"2026-07-16 23:16:27",35.9,0.549024,2.54289,4.697,0.55863636,-0.02298182,0.423002,-0.013809,0.55484,0.16774,0.27742,200,100,fcr,49,155,10,1,random
3997,RANDOM,8,"2026-07-16 23:16:34",42.1,0.548252,2.53875,4.6667,0.54590909,0.00607273,0.435603,0.008038,0.52597,0.19481,0.27922,200,100,fcr,49,154,10,1,random
3998,RANDOM,9,"2026-07-16 23:16:40",48.6,0.54663,2.52769,4.5758,0.54984849,-0.00242727,0.420859,-0.002055,0.52318,0.18543,0.29139,200,100,fcr,49,151,10,1,random
3999,RANDOM,10,"2026-07-16 23:16:47",55.2,0.546094,2.51766,4.5758,0.54848485,-0.00656667,0.419508,-0.002161,0.52318,0.15894,0.31788,200,100,fcr,49,151,10,1,random
4000,RANDOM,11,"2026-07-16 23:16:53",61.8,0.546188,2.51113,4.5455,0.55469697,-0.01156364,0.375497,-0.012776,0.54,0.14,0.32,200,100,fcr,49,150,10,1,random
4001,RANDOM,12,"2026-07-16 23:17:00",68.5,0.546218,2.50539,4.5152,0.55,-0.00931212,0.383044,-0.003908,0.55034,0.14765,0.30201,200,100,fcr,49,149,10,1,random
4002,RANDOM,13,"2026-07-16 23:17:06",75.1,0.543867,2.49407,4.4545,0.54939393,-0.01179394,0.409279,-0.00613,0.53741,0.14286,0.31973,200,100,fcr,49,147,10,1,random
4003,RANDOM,14,"2026-07-16 23:17:13",81.6,0.543261,2.48242,4.4545,0.55212121,-0.01597576,0.38081,-0.012992,0.53741,0.15646,0.30612,200,100,fcr,49,147,10,1,random
4004,RANDOM,15,"2026-07-16 23:17:20",88.2,0.543121,2.47863,4.4242,0.55106061,-0.02165152,0.402694,-0.012421,0.5137,0.18493,0.30137,200,100,fcr,49,146,10,1,random
4005,RANDOM,16,"2026-07-16 23:17:26",94.8,0.539685,2.46042,4.4242,0.54378788,-0.00748485,0.400312,-0.001267,0.5411,0.15753,0.30137,200,100,fcr,49,146,10,1,random
4006,RANDOM,17,"2026-07-16 23:17:33",101.5,0.541239,2.46691,4.4242,0.545,-0.00838788,0.405611,-0.005761,0.53425,0.16438,0.30137,200,100,fcr,49,146,10,1,random
4007,RANDOM,18,"2026-07-16 23:17:39",108.1,0.540612,2.4678,4.4242,0.54560606,-0.0063,0.408657,-0.006295,0.5411,0.17123,0.28767,200,100,fcr,49,146,10,1,random
4008,RANDOM,19,"2026-07-16 23:17:46",114.8,0.538082,2.45455,4.3333,0.54469697,-0.01078788,0.427494,-0.007511,0.53846,0.13986,0.32168,200,100,fcr,49,143,10,1,random
4009,RANDOM,20,"2026-07-16 23:17:53",121.4,0.538091,2.44895,4.3333,0.53681818,0.00782424,0.386222,0.003896,0.55245,0.14685,0.3007,200,100,fcr,49,143,10,1,random
4010,OI,1,"2026-07-16 23:18:09",4.8,0.578164,2.75357,5,0.58166667,-0.00760606,0.438025,-0.026541,0.50303,0.20606,0.29091,200,100,fcr,50,165,10,1,random
4011,OI,2,"2026-07-16 23:18:13",9.3,0.603709,2.95906,4.9697,0.61212121,-0.01020303,0.479634,-0.032427,0.46951,0.2378,0.29268,200,100,fcr,50,164,10,1,random
4012,OI,3,"2026-07-16 23:18:18",13.7,0.628006,3.15788,4.9697,0.635,-0.01117273,0.525442,-0.028362,0.42073,0.28049,0.29878,200,100,fcr,50,164,10,1,random
4013,OI,4,"2026-07-16 23:18:22",18.1,0.650712,3.37587,4.9394,0.65409091,-0.00647576,0.579224,-0.02061,0.39264,0.33129,0.27607,200,100,fcr,50,163,10,1,random
4014,OI,5,"2026-07-16 23:18:29",24.3,0.670552,3.57215,4.9394,0.66924243,0.00566364,0.701195,-0.010586,0.37423,0.31902,0.30675,200,100,fcr,50,163,10,1,random
4015,OI,6,"2026-07-16 23:18:33",28.8,0.684815,3.74704,4.9394,0.68075757,0.00445455,0.686753,-0.001596,0.31902,0.39877,0.28221,200,100,fcr,50,163,10,1,random
4016,OI,7,"2026-07-16 23:18:39",35,0.698976,3.92024,4.9394,0.69742424,-0.00095758,0.756816,-0.006196,0.27607,0.46012,0.2638,200,100,fcr,50,163,10,1,random
4017,OI,8,"2026-07-16 23:18:45",41.2,0.712179,4.08107,4.9394,0.7219697,-0.01388485,0.79573,-0.021109,0.25153,0.53374,0.21472,200,100,fcr,50,163,10,1,random
4018,OI,9,"2026-07-16 23:18:52",47.7,0.724636,4.20987,4.9091,0.72242424,0.00091818,0.971176,-0.003326,0.2284,0.61111,0.16049,200,100,fcr,50,162,10,1,random
4019,OI,10,"2026-07-16 23:18:58",54.2,0.735185,4.36612,4.9091,0.74833334,-0.0190303,1.22747,-0.023561,0.19136,0.68519,0.12346,200,100,fcr,50,162,10,1,random
4020,OI,11,"2026-07-16 23:19:05",60.7,0.744345,4.50532,4.9091,0.75015152,-0.00978788,1.39544,-0.011805,0.14815,0.73457,0.11728,200,100,fcr,50,162,10,1,random
4021,OI,12,"2026-07-16 23:19:11",67.2,0.751209,4.62112,4.9091,0.76333333,-0.01771515,1.36275,-0.018598,0.11111,0.79012,0.09877,200,100,fcr,50,162,10,1,random
4022,OI,13,"2026-07-16 23:19:18",73.9,0.755221,4.7005,4.9091,0.75030303,0.00662424,1.53009,0.00564,0.09259,0.81481,0.09259,200,100,fcr,50,162,10,1,random
4023,OI,14,"2026-07-16 23:19:25",80.4,0.758397,4.78425,4.9091,0.77060606,-0.01903939,1.60027,-0.016577,0.05556,0.88889,0.05556,200,100,fcr,50,162,10,1,random
4024,OI,15,"2026-07-16 23:19:31",86.9,0.758942,4.8019,4.9091,0.7719697,-0.01671818,2.07051,-0.015885,0.03704,0.90741,0.05556,200,100,fcr,50,162,10,1,random
4025,OI,16,"2026-07-16 23:19:38",93.5,0.759558,4.81811,4.9091,0.76136363,-0.00164242,1.61232,-0.00102,0.03704,0.93827,0.02469,200,100,fcr,50,162,10,1,random
4026,OI,17,"2026-07-16 23:19:44",100.1,0.759482,4.80936,4.9091,0.77666667,-0.02191212,2.71722,-0.021432,0.03704,0.9321,0.03086,200,100,fcr,50,162,10,1,random
4027,OI,18,"2026-07-16 23:19:51",106.5,0.760397,4.82716,4.9091,0.75939394,0.00060909,2.13627,0.002415,0.01852,0.95062,0.03086,200,100,fcr,50,162,10,1,random
4028,OI,19,"2026-07-16 23:19:57",113.1,0.760003,4.83364,4.9091,0.75636363,0.00485152,1.8594,0.006086,0.02469,0.96914,0.00617,200,100,fcr,50,162,10,1,random
4029,OI,20,"2026-07-16 23:20:04",120.3,0.758394,4.79763,4.9091,0.76878788,-0.01795152,2.17924,-0.011714,0.04321,0.90123,0.05556,200,100,fcr,50,162,10,1,random
4030,IR,1,"2026-07-16 23:20:12",5.8,0.562379,2.58807,5.0303,0.63439394,-0.124,0.38935,-0.137571,0.54217,0.1747,0.28313,200,100,fcr,50,166,10,1,random
4031,IR,2,"2026-07-16 23:20:17",10.7,0.571794,2.64444,4.9697,0.63530303,-0.10838485,0.406007,-0.118229,0.51829,0.18293,0.29878,200,100,fcr,50,164,10,1,random
4032,IR,3,"2026-07-16 23:20:21",15.6,0.582061,2.68929,4.9091,0.6530303,-0.11847879,0.398394,-0.129988,0.51852,0.18519,0.2963,200,100,fcr,50,162,10,1,random
4033,IR,4,"2026-07-16 23:20:27",20.8,0.590809,2.74112,4.9091,0.66136363,-0.1211303,0.435827,-0.126076,0.49383,0.20988,0.2963,200,100,fcr,50,162,10,1,random
4034,IR,5,"2026-07-16 23:20:33",27.6,0.595661,2.7755,4.8788,0.66606061,-0.12059394,0.434355,-0.12107,0.47205,0.21739,0.31056,200,100,fcr,50,161,10,1,random
4035,IR,6,"2026-07-16 23:20:39",32.8,0.602712,2.81625,4.8788,0.68106061,-0.13050606,0.417609,-0.135461,0.45963,0.22981,0.31056,200,100,fcr,50,161,10,1,random
4036,IR,7,"2026-07-16 23:20:45",39.6,0.607733,2.85849,4.7879,0.67424242,-0.10997576,0.420109,-0.112776,0.46835,0.23418,0.29747,200,100,fcr,50,158,10,1,random
4037,IR,8,"2026-07-16 23:20:52",46.2,0.612867,2.89311,4.6667,0.69030303,-0.12704849,0.475215,-0.129659,0.44805,0.24675,0.30519,200,100,fcr,50,154,10,1,random
4038,IR,9,"2026-07-16 23:20:59",53.1,0.618136,2.93251,4.6667,0.69666667,-0.12801212,0.476342,-0.130487,0.43506,0.25974,0.30519,200,100,fcr,50,154,10,1,random
4039,IR,10,"2026-07-16 23:21:06",60.1,0.621839,2.96704,4.6667,0.69530303,-0.1187697,0.484476,-0.120431,0.44156,0.26623,0.29221,200,100,fcr,50,154,10,1,random
4040,IR,11,"2026-07-16 23:21:13",67.1,0.628042,3.01173,4.6667,0.70484848,-0.12341515,0.527627,-0.126839,0.42857,0.25974,0.31169,200,100,fcr,50,154,10,1,random
4041,IR,12,"2026-07-16 23:21:20",74.2,0.630288,3.03373,4.5758,0.70969697,-0.13069091,0.503188,-0.126816,0.40397,0.29139,0.30464,200,100,fcr,50,151,10,1,random
4042,IR,13,"2026-07-16 23:21:27",81.2,0.637333,3.07372,4.5758,0.71060606,-0.11881818,0.536434,-0.119847,0.40397,0.30464,0.29139,200,100,fcr,50,151,10,1,random
4043,IR,14,"2026-07-16 23:21:34",88.1,0.640655,3.10542,4.5758,0.71787879,-0.12055455,0.558805,-0.12218,0.4106,0.25828,0.33113,200,100,fcr,50,151,10,1,random
4044,IR,15,"2026-07-16 23:21:41",95,0.646027,3.11896,4.5455,0.72439394,-0.12339394,0.511614,-0.124712,0.42,0.24,0.34,200,100,fcr,50,150,10,1,random
4045,IR,16,"2026-07-16 23:21:48",102,0.647761,3.11919,4.5455,0.72712121,-0.12760303,0.501856,-0.122868,0.42,0.24667,0.33333,200,100,fcr,50,150,10,1,random
4046,IR,17,"2026-07-16 23:21:55",109,0.649661,3.12167,4.5455,0.72863636,-0.1264697,0.521707,-0.121818,0.4,0.28,0.32,200,100,fcr,50,150,10,1,random
4047,IR,18,"2026-07-16 23:22:02",116,0.65343,3.15474,4.5455,0.72393939,-0.11194545,0.554699,-0.110066,0.39333,0.27333,0.33333,200,100,fcr,50,150,10,1,random
4048,IR,19,"2026-07-16 23:22:09",122.9,0.656682,3.18143,4.5455,0.73712121,-0.12622727,0.530858,-0.124382,0.38667,0.27333,0.34,200,100,fcr,50,150,10,1,random
4049,IR,20,"2026-07-16 23:22:16",129.9,0.660364,3.21008,4.5152,0.74575758,-0.13372727,0.523921,-0.131391,0.38255,0.26846,0.34899,200,100,fcr,50,149,10,1,random
4050,AGR,1,"2026-07-16 23:22:28",7.8,0.57303,2.70328,4.9394,0.52787879,0.07369091,0.414801,0.064459,0.52147,0.19018,0.28834,200,100,fcr,50,163,10,1,random
4051,AGR,2,"2026-07-16 23:22:35",14.9,0.588573,2.8509,4.9091,0.54181819,0.07189697,0.451151,0.070035,0.51235,0.19136,0.2963,200,100,fcr,50,162,10,1,random
4052,AGR,3,"2026-07-16 23:22:42",22.4,0.605985,3.01554,4.8788,0.55681819,0.07171212,0.490074,0.070963,0.47205,0.23602,0.29193,200,100,fcr,50,161,10,1,random
4053,AGR,4,"2026-07-16 23:22:50",29.6,0.620203,3.16991,4.8182,0.57757576,0.06763333,0.525155,0.060514,0.44025,0.25786,0.30189,200,100,fcr,50,159,10,1,random
4054,AGR,5,"2026-07-16 23:22:59",38.5,0.633382,3.31052,4.8182,0.58378788,0.07293333,0.544042,0.071098,0.42767,0.27044,0.30189,200,100,fcr,50,159,10,1,random
4055,AGR,6,"2026-07-16 23:23:06",45.9,0.649264,3.47157,4.8182,0.59666667,0.08318485,0.596609,0.072084,0.38994,0.32704,0.28302,200,100,fcr,50,159,10,1,random
4056,AGR,7,"2026-07-16 23:23:15",55,0.660336,3.58999,4.8182,0.61515151,0.06881818,0.644734,0.062706,0.38994,0.31447,0.2956,200,100,fcr,50,159,10,1,random
4057,AGR,8,"2026-07-16 23:23:24",64,0.674206,3.73611,4.8182,0.63227273,0.06345758,0.689513,0.054478,0.33962,0.38365,0.27673,200,100,fcr,50,159,10,1,random
4058,AGR,9,"2026-07-16 23:23:33",73.3,0.684361,3.85281,4.8182,0.63545455,0.07291212,0.734077,0.066375,0.2956,0.43396,0.27044,200,100,fcr,50,159,10,1,random
4059,AGR,10,"2026-07-16 23:23:43",82.7,0.693845,3.968,4.8182,0.64954545,0.06463636,0.744385,0.059201,0.26415,0.48428,0.25157,200,100,fcr,50,159,10,1,random
4060,AGR,11,"2026-07-16 23:23:52",92.1,0.701721,4.06202,4.8182,0.65090909,0.07307879,0.783576,0.068989,0.23899,0.52201,0.23899,200,100,fcr,50,159,10,1,random
4061,AGR,12,"2026-07-16 23:24:01",101.4,0.710224,4.17196,4.8182,0.64863636,0.08978485,0.824474,0.082738,0.21384,0.56604,0.22013,200,100,fcr,50,159,10,1,random
4062,AGR,13,"2026-07-16 23:24:11",110.8,0.718036,4.25894,4.7879,0.66090909,0.07780909,0.880882,0.076086,0.18987,0.62658,0.18354,200,100,fcr,50,158,10,1,random
4063,AGR,14,"2026-07-16 23:24:20",120.2,0.725724,4.34184,4.7879,0.67136364,0.07890606,0.976351,0.071226,0.18354,0.66456,0.1519,200,100,fcr,50,158,10,1,random
4064,AGR,15,"2026-07-16 23:24:30",129.7,0.733067,4.4199,4.7879,0.68757575,0.06739394,1.14778,0.058687,0.14557,0.71519,0.13924,200,100,fcr,50,158,10,1,random
4065,AGR,16,"2026-07-16 23:24:39",139.1,0.738921,4.48761,4.7879,0.67181819,0.09383939,1.17396,0.088757,0.12658,0.74684,0.12658,200,100,fcr,50,158,10,1,random
4066,AGR,17,"2026-07-16 23:24:49",148.8,0.743224,4.54612,4.7879,0.68666667,0.07956061,1.20159,0.074608,0.08861,0.81646,0.09494,200,100,fcr,50,158,10,1,random
4067,AGR,18,"2026-07-16 23:24:58",158.3,0.747151,4.59892,4.7879,0.69575758,0.07375152,1.25564,0.067493,0.05696,0.87975,0.06329,200,100,fcr,50,158,10,1,random
4068,AGR,19,"2026-07-16 23:25:08",167.8,0.750088,4.62568,4.7879,0.68924242,0.08269697,1.3039,0.080468,0.06329,0.87342,0.06329,200,100,fcr,50,158,10,1,random
4069,AGR,20,"2026-07-16 23:25:17",177.5,0.752345,4.65935,4.7879,0.7,0.07423939,1.43036,0.069125,0.03797,0.92405,0.03797,200,100,fcr,50,158,10,1,random
4070,RANDOM,1,"2026-07-16 23:25:26",4.6,0.555488,2.56762,5,0.55272727,0.00354848,0.383623,0.003201,0.54545,0.15758,0.29697,200,100,fcr,50,165,10,1,random
4071,RANDOM,2,"2026-07-16 23:25:30",8.9,0.554703,2.55532,4.8788,0.54939394,0.00918788,0.363692,0.012551,0.54658,0.16149,0.29193,200,100,fcr,50,161,10,1,random
4072,RANDOM,3,"2026-07-16 23:25:35",13.2,0.553918,2.55922,4.8485,0.55939394,-0.00731515,0.393909,-0.007016,0.5375,0.1625,0.3,200,100,fcr,50,160,10,1,random
4073,RANDOM,4,"2026-07-16 23:25:39",17.5,0.552985,2.56397,4.8485,0.55833333,-0.00738485,0.379934,-0.007031,0.525,0.16875,0.30625,200,100,fcr,50,160,10,1,random
4074,RANDOM,5,"2026-07-16 23:25:45",23.6,0.550045,2.54555,4.7576,0.54878788,0.00101515,0.3586,0.006976,0.52229,0.18471,0.29299,200,100,fcr,50,157,10,1,random
4075,RANDOM,6,"2026-07-16 23:25:49",28,0.55047,2.5334,4.7576,0.55681817,-0.01570909,0.379618,-0.010219,0.52866,0.19108,0.28025,200,100,fcr,50,157,10,1,random
4076,RANDOM,7,"2026-07-16 23:25:55",34,0.546655,2.51614,4.6667,0.54712121,0.0000303,0.404161,0.005495,0.53896,0.16234,0.2987,200,100,fcr,50,154,10,1,random
4077,RANDOM,8,"2026-07-16 23:26:01",40.1,0.545961,2.51488,4.6667,0.53848485,0.0171,0.390134,0.015968,0.51299,0.20779,0.27922,200,100,fcr,50,154,10,1,random
4078,RANDOM,9,"2026-07-16 23:26:08",46.4,0.545106,2.50754,4.6061,0.55242424,-0.01643939,0.405089,-0.010082,0.53289,0.16447,0.30263,200,100,fcr,50,152,10,1,random
4079,RANDOM,10,"2026-07-16 23:26:14",52.8,0.541579,2.47254,4.5758,0.54,0.00028182,0.374598,0.007115,0.53642,0.15894,0.30464,200,100,fcr,50,151,10,1,random
4080,RANDOM,11,"2026-07-16 23:26:21",59.2,0.540285,2.45845,4.4848,0.54999999,-0.01559091,0.37264,-0.014725,0.51351,0.18919,0.2973,200,100,fcr,50,148,10,1,random
4081,RANDOM,12,"2026-07-16 23:26:27",65.7,0.53763,2.44156,4.4545,0.53909091,-0.00612121,0.385566,0.001767,0.53741,0.15646,0.30612,200,100,fcr,50,147,10,1,random
4082,RANDOM,13,"2026-07-16 23:26:33",72,0.535088,2.44168,4.4545,0.53227273,0.01221515,0.368706,0.009681,0.52381,0.18367,0.29252,200,100,fcr,50,147,10,1,random
4083,RANDOM,14,"2026-07-16 23:26:40",78.4,0.539115,2.46014,4.3939,0.53666666,0.00554545,0.403034,0.003059,0.52414,0.17931,0.29655,200,100,fcr,50,145,10,1,random
4084,RANDOM,15,"2026-07-16 23:26:46",84.6,0.535994,2.45411,4.3636,0.52924243,0.01158788,0.40159,0.017435,0.51389,0.18056,0.30556,200,100,fcr,50,144,10,1,random
4085,RANDOM,16,"2026-07-16 23:26:52",91,0.529921,2.41895,4.3636,0.53757576,-0.01867273,0.377037,-0.0058,0.52778,0.16667,0.30556,200,100,fcr,50,144,10,1,random
4086,RANDOM,17,"2026-07-16 23:26:59",97.2,0.532724,2.4379,4.303,0.52878788,0.00679091,0.382622,0.007685,0.53521,0.16901,0.29577,200,100,fcr,50,142,10,1,random
4087,RANDOM,18,"2026-07-16 23:27:05",103.6,0.53233,2.42758,4.2727,0.53636363,-0.00859697,0.420758,-0.004141,0.51773,0.19149,0.29078,200,100,fcr,50,141,10,1,random
4088,RANDOM,19,"2026-07-16 23:27:11",109.9,0.533573,2.42504,4.2424,0.53742424,-0.0104303,0.431171,-0.005359,0.51429,0.19286,0.29286,200,100,fcr,50,140,10,1,random
4089,RANDOM,20,"2026-07-16 23:27:18",116.4,0.529921,2.38882,4.2424,0.53484848,-0.00682727,0.42399,-0.003767,0.52143,0.18571,0.29286,200,100,fcr,50,140,10,1,random
